time,open,high,low,close,55EMA,89EMA,200EMA,Volume
1390788000,558.48,559.89,556.17,559.89,,,,109581393
1391652000,558.85,563.7,555.89,561.68,,,,170070818
1391738400,564.81,566.98,557.93,558.81,,,,215845898
1391997600,558.79,566.94,558.59,566.94,,,,170709229
1392084000,570.13,572.47,563.81,563.81,,,,222363383
1392170400,566.08,572.95,563.96,572.95,,,,188007670
1392256800,574.7,577.86,572.26,576.53,,,,224246672
1392343200,576.65,580.32,574.44,576.72,,,,176809367
1392602400,574.47,578.4,571.9,575.1,,,,267417268
1392688800,576.12,581.24,574.76,581.24,,,,266591016
1392775200,584.71,586.22,581.39,586.22,,,,284643993
1392861600,586.84,589.88,569.23,575.63,,,,380061084
1392948000,574.95,579.39,567.88,576.11,,,,185761159
1393207200,577.9,584.02,575.29,584.02,,,,167197556
1393293600,581.85,593.81,581.85,593.78,,,,302114215
1393380000,599.03,599.55,591.18,598.59,,,,277685761
1393466400,597.46,605.68,593.28,593.28,,,,314992156
1393552800,594.5,597.77,588.22,594.39,,,,189333343
1393812000,593.74,594.08,578.02,578.02,,,,214664819
1393898400,571.87,576.54,567.73,574.14,,,,196280010
1393984800,574.14,581.45,574.14,580.43,,,,124635544
1394071200,580.87,584.84,579.8,583.43,,,,248258951
1394157600,584.97,588.15,584.34,585.97,,,,158549049
1394416800,586.7,589.96,585.95,589.16,,,,135063877
1394503200,590.14,594.59,587.33,593.38,,,,184299190
1394589600,596.8,601.51,595.21,595.21,,,,211008131
1394676000,595.36,600.64,593.82,600.64,,,,166517410
1394762400,601.41,605.32,598.9,601.79,,,,239833284
1395021600,605.66,606.66,602.71,605.5,,,,256715422
1395108000,605.1,610.17,602.85,606.79,,,,278379643
1395194400,606.76,613.92,606.65,613.92,,,,350478614
1395280800,615.44,616.41,607.55,608.77,,,,307346373
1395367200,608.77,618.16,608.77,611.84,,,,402096358
1395626400,618.6,620.67,615.32,619.86,,,,229623327
1395712800,620.33,622.4,613.8,613.8,,,,338092728
1395799200,615.7,616.36,597.81,599.04,,,,351960280
1395885600,600.17,603.17,592.94,602.89,,,,171441547
1395972000,605.29,609.13,603.5,607.53,,,,173830068
1396231200,607.53,609.71,602.93,602.93,,,,171013881
1396317600,602.28,603.72,591.22,593.13,,,,228216873
1396404000,593.91,595.63,582.94,590.78,,,,185843118
1396490400,593.71,600.31,592.79,598.08,,,,142597704
1396576800,598.17,600.23,595.97,600.21,,,,234423267
1396836000,601.85,606.75,601.74,605.31,,,,162799368
1396922400,605.94,607.63,603.52,604.88,,,,194518607
1397095200,604.88,609.06,601.36,603.14,,,,156192912
1397181600,599.16,601.47,596.39,599.28,,,,193271424
1397440800,601.59,601.59,594.91,594.91,,,,170157252
1397527200,594.55,596.61,583.02,583.02,,,,222979607
1397613600,580.41,581.94,564.88,572.46,,,,218114620
1397700000,576.97,580.98,574,578.78,,,,130030296
1397786400,578.24,578.24,560.35,560.35,,,,185009872
1398045600,559.28,563.27,552.82,552.82,,,,135188247
1398132000,553.91,567.25,551.25,567.25,,,,149434096
1398218400,566.97,571.42,563.76,565.63,588.0138181818181,,,106215350
1398304800,565.33,567.3,563.26,565.38,587.2054675324674,,,68943044
1398391200,565.78,572.13,565.78,571.41,586.6413436920221,,,92139013
1398650400,571.71,573.01,565,565,585.8684385601642,,,77399769
1398736800,563.25,568.18,563.03,567.71,585.2199228973012,,,50246898
1399255200,567.62,567.94,552.32,552.68,584.0577827938262,,,106706543
1399341600,551.47,551.47,533.62,543.7,582.6164334083323,,,186008173
1399428000,545.18,549.46,541.49,547.16,581.3501322151776,,,71216860
1399514400,537.81,537.81,513.99,516.87,579.0472703503499,,,333655758
1399600800,511.66,527.73,511.66,527.15,577.1937964092659,,,183261107
1399860000,520.2,520.2,499.62,504.63,574.6022322517922,,,166134959
1399946400,495,505.03,495,500.23,571.9460810999425,,,141304636
1400032800,496.87,518.62,496.8,518.62,570.041578203516,,,130395602
1400119200,518.13,525.68,502.46,512.86,567.9993789819619,,,177367897
1400205600,511.31,519.92,508.71,519.31,566.2604725897489,,,99771664
1400464800,520.26,527.15,516.17,526.44,564.8383128544008,,,126770275
1400551200,523.89,528.26,519.65,528.24,563.5312302524579,,,108495254
1400637600,528.84,535.73,524.17,535.09,562.5154720291558,,,136990166
1400724000,534.11,538.43,531.85,531.85,561.4202765995432,,,131637437
1400810400,532.46,535.41,530.36,532.5,560.3874095781309,,,73249943
1401069600,531.93,535.45,527.09,534.5,559.4628592360548,,,57991679
1401156000,534.51,542.84,533.37,542.78,558.8670428347671,,,137009525
1401242400,544.92,550.14,544.92,549.69,558.539291304954,,,118974832
1401328800,548.88,555.41,546.38,549.13,558.2032451869198,,,119094223
1401415200,548.98,552.73,547.63,551.53,557.9649150016727,,,89419118
1401674400,549.44,551.43,542.56,545.32,557.5133108944701,,,77108091
1401760800,545.36,548.36,543.18,546.47,557.1189069339533,,,61697980
1401847200,546.89,547.06,536.81,538.64,556.4589459720264,,,76988497
1401933600,537.51,540.21,533.88,537.92,555.7968407587398,,,43258866
1402020000,539.73,543.87,538.64,543.87,555.3708821602133,,,65665800
1402279200,543.87,550.51,542.53,546.94,555.06977922592,,,129955476
1402365600,546.04,547.79,544.11,544.15,554.6797871107086,,,76768554
1402452000,544.77,549.92,544.73,549.84,554.5069375710405,,,87010235
1402538400,550.4,552.01,547.47,550.97,554.3806183720748,,,102320733
1402624800,551.09,554.66,549.92,552.3,554.3063105730721,569.5689887640449,,83983176
1402884000,554.08,554.91,552,552.62,554.2460851954623,569.1923445692884,,91503236
1402970400,551.89,556.27,550.99,555.06,554.2751535813387,568.8782924677487,,100869649
1403056800,554.45,556.84,553.64,553.64,554.2524695248624,568.5396637462431,,103748109
1403143200,548.4,551.75,543.41,549.29,554.075238470403,568.111893440771,,108334771
1403229600,551.28,553.75,544.34,544.34,553.7275513821743,567.5836291420873,,191246648
1403488800,545.59,548.73,545.59,546.17,553.457638832811,567.1077707167076,,304655134
1403575200,545.97,549.46,545.13,548.47,553.2795088744963,566.6935980341141,,108986695
1403661600,548.74,554.29,548.74,553.58,553.2902407004071,566.4021847444671,,97759890
1403748000,553.72,557.15,552.4,555.36,553.3641606753926,566.1568028612568,,137588018
1403834400,554.93,556.05,552.79,552.79,553.3436549369857,565.8597627976733,,88253640
1404093600,553.1,554.87,551.77,551.77,553.2874529749505,565.546656957725,,100706807
1404180000,552.33,556.41,552.03,553.48,553.2943296544165,565.2785090253311,,95579189
1404266400,554.16,557.93,553.57,556.22,553.3988178810445,565.0772088247681,,177027546
1404352800,557.83,562.29,557.83,562.29,553.7163600995785,565.0152708508845,,186937457
1404439200,563.07,567.38,563.07,565.56,554.1393472388793,565.027375943087,,167853294
1404698400,569.19,572.83,568.89,570.5,554.7236562660621,565.1489898110184,,128935670
1404784800,571.39,572.25,566.52,569.97,555.2681685422742,565.2561233707736,,113846726
1404871200,570.02,572.01,569.4,570.64,555.8171625229073,565.3757650736453,,130277288
1404957600,570.02,570.02,560.84,563.69,556.0983352899464,565.3383036275643,,146322939
1405044000,562.47,564.44,559.35,562.34,556.321251886734,565.2716746580629,,80708604
1405303200,563.41,566.61,561.93,566.61,556.6887071764935,565.3014152212171,,108905783
1405389600,568.9,571.29,568.9,569.93,557.1616104916187,565.4042726607456,,268356439
1405476000,574.47,575.67,570.75,570.75,557.6469101169181,565.523066601618,,192412121
1405562400,569.57,571.42,567.29,570.06,558.0902347555996,565.6238873438042,,73869641
1405648800,569.4,577.02,569.02,577.02,558.7662978000425,565.8771342917197,,267251893
1405908000,576.57,582.44,574.97,577.51,559.4357157357553,566.1356424185703,,134621770
1405994400,576.92,577.68,572.92,574.6,559.9772973166212,566.3237392537133,,98342629
1406080800,575.7,575.74,571.72,573.56,560.4623938410275,566.4845450480752,,73526583
1406167200,572.82,578.61,572.82,578.19,561.0955226324194,566.7446662692291,,78617738
1406253600,578.81,580.98,573.85,573.85,561.5510396812615,566.9025625743574,,97895193
1406512800,572.33,572.45,561.76,563.51,561.6210025497878,566.8271722949272,,133191460
1406599200,563.77,566.69,561.17,566.69,561.8020381730097,566.8241240217066,,70905373
1406685600,565.17,568.31,562.98,562.98,561.8441082382593,566.7386990434464,,86376672
1406772000,562.84,569.66,562.46,569.27,562.1093186583215,566.7949501758143,,74443622
1406858400,568.33,569.2,565.78,567.67,562.3079144205243,566.8143957274629,,70613241
1407117600,564.75,571.17,564.75,570.74,562.609060334077,566.9016313779637,,59531625
1407204000,571.82,575.94,571.25,575.94,563.0851653221456,567.102484014009,,105513260
1407290400,576.29,579.53,574.63,576.42,563.5614094177832,567.3095399248087,,96386820
1407376800,574.19,577.36,573.06,577.36,564.0542162242909,567.5328834820352,,70711700
1407463200,577.37,579.35,574.26,575.93,564.4783513591377,567.7194860713233,,111452288
1407722400,573.98,576.2,571.28,572.63,564.7694816677399,567.8286086030718,,73990519
1407808800,571.86,575.63,569.98,573.1,565.0670001796063,567.9457506341146,,68427993
1407895200,572.7,577.57,572.7,577.57,565.5135358874776,568.1596228422453,,92448197
1407981600,578.66,581.82,578.11,581.1,566.0701953200677,568.4471867790843,,148677592
1408068000,581.1,581.31,577.52,577.52,566.4791169157795,568.6488048506602,,82175370
1408327200,578.85,581.02,576.76,579.1,566.929862740216,568.8810536317567,,157417266
1408413600,580.11,581.47,576.79,577.39,567.3034390709225,569.0701413288288,,154105061
1408500000,577.63,580.95,575.69,577.73,567.6758162469611,569.2625826326325,,101541904
1408586400,577.4,584.6,577.4,581.61,568.1734656667124,569.5369696852407,,179178194
1408672800,582.64,588.46,582.64,586.29,568.8204847500441,569.9092592477909,,188004067
1408932000,589.62,593.5,589.03,591.78,569.6404674375425,570.3952757089511,,231356845
1409018400,594.69,598.54,593.11,596.51,570.6000936004874,570.9756029154188,,215610976
1409104800,598.89,601.9,593.27,596.76,571.5343759718986,571.5485895172984,,161611410
1409191200,596.13,601.05,595.59,597.67,572.4677911157594,572.1290653058029,,199765899
1409277600,600.2,605.79,597.52,604.6,573.6153700044823,572.8506416323406,,239774791
1409709600,608.44,611.97,606.83,607.37,574.8208925043223,573.6177384849552,,235681412
1409796000,606.9,608.91,604.31,606.8,575.9630034863108,574.3551220741784,,204789470
1409882400,606.63,608.23,605.11,607.08,577.0743247903711,575.0823415836411,,164299438
1410141600,609.8,611.36,607.88,608.51,578.1970274764292,575.825178437338,,190312047
1410228000,608.5,608.55,591.76,595.21,578.8046336379853,576.2559522498416,,339025919
1410314400,594.43,597.97,585.58,596.93,579.4519681509144,576.7153755331784,,145521936
1410400800,598.62,600.83,595.39,597.21,580.086183574096,577.1708116324411,,114457695
1410487200,598.25,602.09,596.67,602.09,580.8720341607354,577.7245713739424,,114490482
1410746400,602.92,605.91,600.77,600.77,581.5826757978521,578.2366920100769,,159539152
1410832800,599.03,601.09,593.54,599.96,582.2390088050716,578.7194321876308,,191336385
1410919200,601.11,604.25,598.09,598.95,582.8358299191763,579.169000361239,,405491112
1411005600,598.7,600.9,591.27,592.4,583.1774074220629,579.4630225754337,,190740446
1411092000,591.79,595.06,588.74,588.92,583.382500014132,579.6731776293129,,253630534
1411351200,593.31,596.31,588.15,588.15,583.5527678707701,579.8615514597726,,203614591
1411437600,588.19,596.55,588.04,592.25,583.8633833039569,580.1368503162221,,172203788
1411524000,591.32,594.78,588.13,590,584.0825481859584,580.3560314203061,,179632270
1411610400,589.16,589.95,580.08,589.86,584.2888857507456,580.567230722077,,155410019
1411696800,592.05,592.99,587.17,587.17,584.391782688219,580.7139589282531,,175522816
1411956000,587.69,587.69,582.31,582.31,584.3174333064969,580.7494265076252,,155299082
1412042400,580.66,585.3,577.84,583.25,584.2793106884078,580.8049948074557,,190271411
1412128800,587.38,593.78,587.38,592.81,584.5839781638218,581.0717727006233,,213985952
1412215200,593.87,596.91,591.45,596.79,585.0199075151139,581.4210666406095,,210622553
1412301600,596.36,600.33,595.61,597.45,585.4638393895741,581.7772651597071,,261573582
1412560800,597.11,601.87,596.87,600.83,586.0126308399465,582.2006592672692,,219679011
1412647200,600.57,601.45,597.97,598.73,586.4668225956627,582.5679779502187,,168011681
1412733600,597.52,600.64,594.79,598.39,586.8926503601034,582.9195784402139,,242102468
1412820000,600.16,602.08,596.6,596.6,587.2393414186712,583.2235878082091,,220092690
1412906400,595.38,597.86,591.19,591.79,587.4018649394329,583.4139525235822,,153990379
1413165600,590.81,593.05,587.06,590.92,587.5275126201675,583.5807535786138,,169369707
1413252000,590.92,592.6,582.28,582.28,587.3401014551615,583.5518479435335,,129286059
1413338400,581.28,583.45,576.09,582.65,587.1725978317629,583.5318068781216,,175767734
1413424800,581.23,581.34,565.46,566.59,586.4375050520571,583.1553222808301,,247361758
1413511200,566.37,569.99,557.86,568.53,585.7979513001978,582.8303151190339,,162721750
1413770400,568.85,574.37,566.11,570.69,585.2583816109051,582.560530338611,,96713760
1413856800,570.54,575.88,569.8,574.97,584.8909394105156,582.3918518866418,,110409828
1413943200,576.55,579.91,576.11,578.76,584.6719772887114,582.3111440669386,,107127396
1414029600,577.49,579.33,572.38,572.38,584.2329780998289,582.0904519765622,,133892192
1414116000,571.6,574.41,567.58,571.4,583.7746574534065,581.8528863770831,,82333038
1414375200,568.31,570.39,558.29,558.29,582.8644911157849,581.3292666798146,,104708870
1414461600,556.82,563.39,556.82,561.92,582.1164735759354,580.8979496424854,,110368204
1414548000,563.22,570.52,563.22,570.5,581.701599519652,580.6668840948746,,92952099
1414634400,570.99,572.68,569.06,569.82,581.2772566796643,580.4258422260996,,110587706
1414720800,571.07,580.26,569.72,580.26,581.240926083962,580.4221568432973,,127740339
1414980000,584.71,587.06,583.63,585.17,581.3812501523919,580.5276644690018,,203152824
1415066400,582.80999756,585.57000732,581.25,581.25,581.3765626469493,580.5437163696906,,64529000
1415152800,580.44000244,584.38000488,575.97998047,579.66998291,581.3156133706296,580.5243000705864,,82645000
1415239200,580.14001465,583.08001709,578.53997803,580.04998779,581.2704124570357,580.5137597976844,,50589000
1415325600,581.10998535,585.20001221,579.52001953,584.72998047,581.3939684574988,580.6074535904025,,80048000
1415584800,586.35998535,589.11999512,585.54998779,585.54998779,581.5423977193739,580.7172876837269,,86062000
1415671200,585.78997803,589.03997803,584.44000244,584.64001465,581.6530268954676,580.8044593940886,,92472000
1415757600,585.70001221,586.84997559,583.59002686,584.91998291,581.7697038959866,580.8959154722199,,73921000
1415844000,585.66998291,587.32000732,582.63000488,582.63000488,581.8004289311299,580.9344507923928,,89932000
1415930400,581.9699707,581.9699707,576.38000488,581.34002686,581.7839860000181,580.9434635938952,,94944000
1416189600,582.63000488,583.94000244,580.76000977,580.76000977,581.7474154203746,580.9393868422532,,61297000
1416276000,580.66998291,581.15002441,573.15997314,573.15997314,581.4407210532185,580.766510982203,,78625000
1416362400,573.64001465,575.53997803,569.26000977,569.26000977,581.0056956502464,580.5108109552652,574.4051998047,84729000
1416448800,572.80999756,575.76000977,571.07000732,574.42999268,580.7708491155947,580.3756816602594,574.4054464999766,105113000
1416535200,574.85998535,576.52001953,569.79998779,569.79998779,580.3790326396806,580.1406662409203,574.3596210401759,98217000
1416794400,566.86999512,568.36999512,562.35998535,563.60998535,579.7801380936206,579.7733177766776,574.2526594910199,72653000
1416880800,565.25,570.35998535,565.25,569.26000977,579.4044192249199,579.5396887098625,574.2029813843432,59018000
1416967200,570.44000244,571.7800293,562.27001953,563.45001221,578.8346189743871,579.1821403431989,574.0959866661905,100445000
1417053600,562.64001465,563.36999512,558.03997803,563.36999512,578.2823109795876,578.8307593382389,573.9892603821488,69377000
1417140000,563.04998779,565.07000732,560.38000488,560.59002686,577.6504436896023,578.4254097276113,573.8559346754607,90943000
1417399200,561.85998535,565.47998047,561.83001709,562.71002197,577.1168571996164,578.0761788885533,573.7450300714263,75383000
1417485600,563.41998291,564.35998535,562.32000732,562.32000732,576.5883982753444,577.7260417425854,573.6313482530041,63619000
1417572000,563.41998291,568.47998047,563.41998291,566.97998047,576.2452404965821,577.4872403809724,573.5651654889941,73356000
1417658400,567.21002197,572.64001465,567.21002197,570.95001221,576.0561252006328,577.3419686438397,573.5391440633325,72840000
1417744800,571.85998535,574.30999756,569.92999268,571.40002441,575.8898358866816,577.2099254386433,573.5178592906625,62125000
1418004000,570.45001221,571.13000488,565.65002441,567.59002686,575.5934141357286,576.9961499146734,573.4588758833922,74523000
1418090400,565.47998047,565.47998047,551.97998047,552.92999268,574.7840062265955,576.4613464205696,573.2546083888311,112544000
1418176800,551.5300293,560.09997559,548.27001953,560.09997559,574.2595765610027,576.0977604021125,573.123716520186,71975000
1418263200,555.13000488,561.59997559,552.84002686,554.71002197,573.5613781827526,575.6224773258433,572.9404956788907,60790000
1418349600,553.61999512,558.82000732,553.61999512,558.59997559,573.0270423758686,575.2441995094912,572.7978039367126,49941000
1418608800,557.2800293,560.01000977,554.16998291,554.16998291,572.3535759663733,574.7758835850581,572.6124524837105,50110000
1418695200,552.5,552.91998291,543.40997314,543.40997314,571.3198758654314,574.0788633529456,572.3218805499422,78875000
1418781600,543.7199707,544.48999023,518.54998779,524.40997314,569.644522196666,572.9751102371024,571.8451451528283,112154000
1418868000,527.53997803,532.09002686,525.36999512,531.30999756,568.2754320310707,572.0492188442779,571.4418103509096,70661000
1418954400,530.63000488,534.14001465,523.83001709,524.01000977,566.6945240931753,570.9816808648495,570.9698521361742,144358000
1419213600,529.19000244,537.67999268,529.16998291,537.67999268,565.6582908284191,570.2416433496306,570.6386097535257,47412000
1419300000,539.04998779,543.20001221,535.25,539.16998291,564.7122798313327,569.5511620065278,570.3254890884159,54831000
1419386400,541.16998291,542.60998535,538.36999512,540.95001221,563.8636274162851,568.9155808999383,570.0331957861431,40323000
1419472800,538.64001465,539.65002441,534.71002197,535.80999756,562.8617120642749,568.1799012701618,569.6926664505596,42933000
1419559200,535.9699707,536.85998535,529.05999756,532.34997559,561.7720071901937,567.3836806994916,569.3210973872705,58316000
1419818400,532.59002686,537.65997314,527.90002441,532.10998535,560.7126492673297,566.5998208028362,568.9508375660041,68362000
1419904800,531.51000977,539.2199707,527.28997803,539.2199707,559.9450536042108,565.9913796894399,568.6550080449493,53957000
1419991200,540.32000732,549.46002197,540.21002197,549.46002197,559.5705881887033,565.6240161845634,568.4640131586315,77583000
1420423200,548.80999756,552.27001953,547.55999756,547.55999756,559.1416385233924,565.222593548462,568.2560130034212,63534000
1420509600,543.16998291,553.19000244,542.39001465,553.19000244,558.9290800918427,564.9552026349406,568.1061024505514,60960000
1420596000,553.2199707,558.09997559,553.19000244,554.15002441,558.758399531777,564.7150875632752,567.9672360023867,74893000
1420682400,554.30999756,556.0300293,551.73999023,553.16998291,558.5588132238563,564.4585296820914,567.8199996532087,48650000
1420768800,554.40002441,563.67999268,554.40002441,562.73999023,558.7081409740757,564.4203399164893,567.7694522957638,72583000
1421028000,562.48999023,567.09002686,559.63000488,559.65997314,558.7421349800015,564.3145539881228,567.6887609608806,91813000
1421114400,558.70001221,563.26000977,558.40997314,563.21002197,558.9017023725015,564.2900088321645,567.6441963938072,62469000
1421200800,564.42999268,565.47998047,557.11999512,561.82000732,559.0059275491978,564.235119909672,567.5862442637195,66339000
1421287200,562.40002441,563.91998291,559.51000977,562.47998047,559.1300008677979,564.1961168110126,567.5354356687571,71137000
1421373600,561.84997559,562.83001709,559.29998779,560.40997314,559.1757141632337,564.1119802849902,567.4645355440929,66118000
1421632800,562.01000977,563.21002197,556.16998291,557.98999023,559.1333668799039,563.975936061546,567.3702614613655,55562000
1421719200,557.82000732,560.83001709,555.48999023,556.36999512,559.0346750313358,563.8069151517338,567.2608060748843,44728000
1421805600,558.39001465,558.61999512,553.80999756,553.80999756,558.8480794073596,563.584761427473,567.1269671841889,38582000
1421892000,554.79998779,558.94000244,552.13000488,556.83001709,558.7760057531682,563.4346559977514,567.0245099693213,48623000
1421978400,558.07000732,563.63000488,558.07000732,560.59002686,558.8407922212693,563.3714420169125,566.9604852617659,69648000
1422237600,563.10998535,565.08001709,560.28997803,560.52001953,558.9007646251525,563.3080770727589,566.896401025629,55500000
1422324000,560.64001465,564.36999512,555.57000732,559.26000977,558.9135948088971,563.2181200215865,566.8204170330356,90959000
1422410400,559.0300293,564.04998779,558.08001709,562.71002197,559.0491814932221,563.2068289537734,566.7795175796721,68426000
1422496800,563.36999512,565.45001221,561.05999756,564.51000977,559.2442110745357,563.2357885274673,566.7569354124116,62241000
1422583200,564.15002441,564.48999023,555.96002197,558.02001953,559.2004899479451,563.1198825497459,566.6700009260195,62272000
1422842400,557.35998535,560.5300293,551.45001221,551.45001221,558.9236871715899,562.8605520977515,566.5185582522282,44885000
1422928800,552.95001221,553.61999512,538.83001709,538.83001709,558.2060560972474,562.3265402086903,566.2430503799673,61011000
1423015200,538.27001953,542.05999756,534.84002686,542.05999756,557.6294111494885,561.876172594275,566.0024229887238,65629000
1423101600,541.73999023,546.48999023,541.73999023,544.86999512,557.1737177198639,561.4982575392911,565.7921500746071,44919000
1423188000,545.59997559,549.82000732,545.59997559,549.38000488,556.8953708327259,561.2289630357513,565.6288451472976,36979000
1423447200,549.2199707,551.72998047,548.09997559,548.09997559,556.5812495740571,560.937207759179,565.4544285347872,43056000
1423533600,548.2199707,551.63000488,548.0300293,548.5300293,556.2937059928407,560.6614926823084,565.2860265523515,36808000
1423620000,549.27001953,557.96002197,548.95001221,557.96002197,556.3532172777393,560.6014599998127,565.2131309843679,49250000
1423706400,558.91998291,563.71002197,558.91998291,562.75,556.5816738035344,560.6492053331502,565.1886222183543,54126000
1423792800,564.03997803,566.7199707,563.64001465,565.76000977,556.9094715166225,560.7627787650803,565.1943076666295,45527000
1424743200,567.02001953,571.15002441,566.75,571.15002441,557.418062691386,560.9936064460785,565.2535685297476,38857000
1424829600,570.70001221,574.44000244,567.57000732,567.94000244,557.7938462538365,561.147970801499,565.2802992154217,60425000
1424916000,568.97998047,571.4699707,566.82000732,571.36999512,558.2787087133423,561.3751268974657,565.340893204522,63368000
1425002400,572.78997803,572.78997803,567.2199707,567.39001465,558.6041124967944,561.5087910697442,565.3612824726362,49351000
1425261600,567.90002441,569.34002686,564.59997559,565.94000244,558.8661085661946,561.6072624335277,565.3670408802716,50639000
1425348000,566.15997314,574.16998291,566.15997314,573.9699707,559.4055322138305,561.8819892838937,565.4526421720102,67830000
1425434400,575.26000977,576.94000244,572.96002197,576.55999756,560.0181916904794,562.208167245585,565.5631631211444,60875000
1425520800,576.30999756,577.29998779,572.94000244,573.51000977,560.5000423361765,562.4593193016831,565.6422362221281,74326000
1425607200,572.90002441,576.60998535,571.77001953,571.89001465,560.9068270616702,562.6688903094234,565.7044031716591,60449000
1425866400,572.53997803,575.60998535,568.55999756,569.63000488,561.2183691266106,562.8235817443251,565.743463885175,61829000
1425952800,568.32000732,571.40002441,568.15997314,570,561.5319988006602,562.9830577055624,565.7858174783573,67568000
1426039200,570.25,571.70001221,567.96002197,567.96002197,561.761571056708,563.0936569114388,565.8074513538961,51087000
1426125600,567.90997314,570.45001221,566.46002197,568.83001709,562.014015557897,563.2211315820734,565.8375266348523,54045000
1426212000,568.78997803,571.11999512,566.61999512,566.61999512,562.1785148279721,563.2966618829163,565.8453123909235,67581000
1426471200,564.27001953,566.05999756,560.98999023,561.9699707,562.1710668234017,563.2671798566292,565.8067517770835,72453000
1426557600,560.59997559,563.40002441,560.59997559,562.01000977,562.1653147857802,563.2392427435931,565.7689732496498,62965000
1426644000,561.30999756,561.91998291,558.53997803,559.02001953,562.0529828123595,563.1454822277354,565.701819481295,60996000
1426730400,558.73999023,559.84997559,554.28997803,554.32000732,561.7768051162037,562.9493605631191,565.5885676189936,57760000
1426816800,553.54998779,557.63000488,553.15997314,556.41998291,561.5854900374108,562.8042632819387,565.4973379203966,119846000
1427076000,556.86999512,559.36999512,551.5300293,551.88000488,561.2388655675032,562.5615019841179,565.3618420692484,64109000
1427162400,550.33001709,550.33001709,545.16998291,548.38000488,560.7796205429496,562.2463576040263,565.1928685648777,55171000
1427248800,548.59002686,549.01000977,544.85998535,545.77001953,560.2435633639157,561.8802167579369,564.9996063854262,58734000
1427335200,543.67999268,546.40997314,542.05999756,544.16998291,559.6695069191329,561.4866560057604,564.7923464503473,45348000
1427421600,545.79998779,547.2199707,538.11999512,540.63000488,558.9895247034495,561.0231748696324,564.5519251411896,50428000
1427680800,540.54998779,542.20001221,534.2800293,535.28997803,558.1431123222549,560.4513260509739,564.2607614883419,53260000
1427767200,535.01000977,540.66998291,535.01000977,539.40997314,557.4740716371743,559.98374043073,564.0134899624878,52557000
1427853600,539.51000977,539.86999512,528.54998779,529.84997559,556.4874967783467,559.3141012120471,563.6735544960949,68534000
1427940000,531.02001953,536.35998535,528.16998291,536.04998779,555.7575857430486,558.7971209137794,563.3986931358352,52219000
1428026400,537.48999023,539.48999023,534.34002686,537.38000488,555.1012435693683,558.3211850019177,563.1398007153791,46583000
1428285600,537.67999268,538.89001465,533.16998291,533.16998291,554.3179842601052,557.7622693998751,562.841593573037,33497000
1428372000,532.95001221,537.55999756,530.89001465,537.55999756,553.7194847351014,557.3133300256557,562.5900354037531,60847000
1428458400,538.41998291,539.70001221,535.94000244,537.21002197,553.1298610649193,556.8665898466411,562.3374979566511,46177000
1428544800,537.01000977,541.98999023,536.64001465,539.90997314,552.6577222104579,556.4897761420491,562.1143385057392,53495000
1428631200,540.67999268,546.65002441,540.67999268,543.7199707,552.3385167993702,556.2060026877814,561.9313099703587,58076000
1428890400,546.30999756,548.20001221,544.92999268,548.14001465,552.1885702940355,556.026758509164,561.7940831512507,45642000
1428976800,547.40002441,549.89001465,545.52001953,545.55999756,551.9518355535342,555.7941638214048,561.632549961288,38855000
1429063200,545.88000488,549.7800293,545.03997803,548.69000244,551.8353415137651,555.6362935684847,561.503768393912,51432000
1429149600,551.0300293,554.01000977,550.86999512,552.15997314,551.8469355004164,555.5590420034073,561.4107953068084,67386000
1429236000,552.54998779,558,552.54998779,554.98999023,551.9591874550443,555.5463964084427,561.346906699079,75526000
1429495200,555.2800293,555.53997803,549.98999023,552.29998779,551.9713588955785,555.4742539946994,561.2568876054563,44129000
1429581600,551.7199707,554.25,550.46002197,550.46002197,551.9173825768079,555.3628266163728,561.1494561065961,57070000
1429668000,551.17999268,553.21002197,550.47998047,551.09002686,551.8878341583504,555.2678755106756,561.0493622832469,62766000
1429754400,551.22998047,553.08001709,546.5300293,549.72998047,551.810767955195,555.1448111764383,560.9367316184384,50206000
1429840800,550.84997559,553.22998047,549.95001221,552.25,551.8264548139381,555.0804820391842,560.8502964779565,37206000
1430100000,554.77001953,555.26000977,549.59997559,549.59997559,551.7469376987974,554.9586930069801,560.738352986534,34453000
1430704800,546.60998535,550.10998535,533.25,534.09997559,551.1166890520547,554.4951659532694,560.4732945049765,79075000
1430791200,533.72998047,540.83001709,528.94000244,540.83001709,550.7493079105527,554.19149597853,560.27783900831,67450000
1430877600,540.71002197,541.08001709,534.70001221,535.27001953,550.1964761826758,553.7710187241182,560.0290049836502,54510000
1430964000,534.59002686,540.22998047,533.7199707,539.16998291,549.8026728515089,553.4465512615823,559.8214525252059,41193000
1431050400,538.46002197,541.73999023,537.9699707,539.65002441,549.4400782643121,553.1399617759915,559.6207417976915,45690000
1431309600,539.7800293,541.36999512,536.13000488,536.46002197,548.9765048252295,552.7692964469695,559.3902868740329,64829000
1431396000,537.0300293,537.0300293,527.79998779,529.09997559,548.2666287811142,552.2433115390369,559.0888907418534,48929000
1431482400,529.75,531.15002441,524.2199707,527.84002686,547.5371072839315,551.7010163239472,558.7779567728797,53300000
1431568800,527.35998535,529.39001465,526.57000732,529.39001465,546.8889968327196,551.2052162867484,558.4855394383237,37577000
1431655200,529.09997559,529.78997803,522.36999512,522.36999512,546.0133182001225,550.564433594154,558.1261807883901,47067000
1431914400,521.26000977,521.75,514,514.03997803,544.8714131940467,549.7527790260617,557.687512104227,69634000
1432000800,513.95001221,518.57000732,513.95001221,518.13000488,543.9163628971164,549.0500507117048,557.29390506717,54694000
1432087200,518.34997559,531.79998779,518.34997559,531.34002686,543.467208038648,548.6564946261113,557.0356575228201,89787000
1432173600,532.75,536.13000488,530.01000977,536.13000488,543.2051650686963,548.3781281873089,556.8276410786129,72839000
1432260000,535.65997314,542.76000977,533.14001465,542.76000977,543.1892666651714,548.2532811113687,556.6876646476815,76125000
1432519200,541.65002441,545.25,539.76000977,544.7800293,543.2460796164153,548.1760977377827,556.5691807138737,69032000
1432605600,545.05999756,549.44000244,544.14001465,546.90997314,543.3769329565433,548.1479616356097,556.4730691957258,92861000
1432692000,545.01000977,548.28997803,544.14001465,546.38000488,543.4841855252382,548.1086737077072,556.3726406950718,68539000
1432778400,546.07000732,555.65997314,545.11999512,551.4699707,543.7693921386226,548.1833691964248,556.3238579090512,100770000
1432864800,552.09002686,555.30999756,547.79998779,548.38000488,543.934056879386,548.1877388782821,556.2448145953293,91359000
1433124000,549.33001709,555.08001709,549.03997803,551.53997803,544.2056969204795,548.2622330816536,556.198000301147,70762000
1433210400,551.15997314,554.20001221,546.27001953,546.27001953,544.2794227279624,548.2179616693946,556.0992144228271,78338000
1433296800,545.13000488,548.84002686,544.22998047,544.2800293,544.2794443912494,548.1304520611859,555.9816105907591,89406000
1433383200,545.48999023,549.03997803,545.41998291,546.70001221,544.365893241919,548.0986645089373,555.8892563780153,66405000
1433469600,547.7800293,553.15002441,546.02001953,551.57000732,544.623183030422,548.1758054602942,555.8462787754479,100983000
1433728800,552.0300293,558.38000488,552.0300293,554.2199707,544.9659254471926,548.3101202433988,555.830096605543,127714000
1433815200,553.16998291,557.69000244,550.4699707,551.73999023,545.2078563322929,548.3863395764345,555.7893990296669,99635000
1433901600,552.0300293,554.17999268,548.40997314,552.33001709,545.4622192164967,548.4739768545137,555.7549773188244,88454000
1433988000,554.76000977,558.63000488,553.61999512,557.65997314,545.8978532851933,548.6781101053023,555.7739325011247,116251000
1434074400,558.27001953,560.34002686,555.76000977,560.09997559,546.4050719389363,548.9319293382955,555.8169777059892,112752000
1434333600,560.82000732,562.66998291,558.04998779,560.59002686,546.9116774718315,549.1909981721111,555.8644707323973,114010000
1434420000,561.80999756,563.52001953,556.9699707,556.9699707,547.2709022299804,549.3638642282864,555.875470732075,111793000
1434506400,556.08001709,559.38000488,552.23999023,555.08001709,547.5497991892668,549.4908898474356,555.8675557704623,84638000
1434592800,554.96002197,558.34997559,554.96002197,556.42999268,547.866948956793,549.6450921326037,555.8731521576219,63233000
1434679200,559.08001709,561.86999512,557.09002686,558.63000488,548.2513438111932,549.8447568603236,555.9005835279938,149335000
1434938400,562.0300293,567.36999512,561.76000977,566.92999268,548.9184384136506,550.2244287674275,556.0103288926904,114374000
1435024800,566.16998291,568.4699707,564.85998535,566.59002686,549.5495665724488,550.5881087250402,556.1155995192307,74737000
1435111200,565.2800293,567.17999268,563.10998535,563.67999268,550.0542246477186,550.8790394795949,556.1908671128703,81106000
1435197600,563.27001953,564.14001465,560.0300293,562.40997314,550.4955013795858,551.1352824498261,556.2527487648815,75897000
1435284000,560.20001221,568.86999512,560.20001221,561.25,550.8795906160292,551.3600539509412,556.3024726577682,106067000
1435543200,560.84997559,569.41998291,560.84997559,569.41998291,551.541747483671,551.7613857055869,556.4329951478402,75819000
1435629600,566.04998779,574.09002686,566.04998779,570.01000977,552.2013282796113,552.1669106847961,556.5680898206975,96219000
1435716000,570.98999023,571.77001953,565.51000977,569.84002686,552.8312818003394,552.5596465998007,556.7001488957154,71467000
1435802400,569.16998291,578.67999268,568.7800293,578.67999268,553.7544500460416,553.1400987349163,556.9188538089919,85757000
1435888800,580.94000244,584.53997803,580.94000244,584.53997803,554.8539331883259,553.8378738303626,557.1936908659173,109894000
1436148000,587.41998291,593.21002197,586.94000244,593.21002197,556.2237935019571,554.7128104556879,557.5520623196893,113417000
1436234400,591.95001221,598.2800293,589.60998535,596.26000977,557.6536583686728,555.6360815515615,557.9372160256626,123207000
1436320800,596.26000977,599.22998047,586.26000977,591.0300293,558.8456716162202,556.422613723749,558.2664977497853,134408000
1436407200,585.4699707,593.23999023,582.84002686,591.22998047,560.0022540752838,557.1961107625546,558.5944926027228,88103000
1436493600,594.57000732,596.7800293,592.47998047,594.15997314,561.2221726133093,558.0175299264978,558.9483779812032,110709000
1436752800,597.34002686,601.47998047,594.98999023,599.27001953,562.5810242889054,558.9342519176868,559.3495883448728,99170000
1436839200,601.20001221,604.90997314,597.27001953,604.7199707,564.0859866607302,559.9517123350715,559.8010349354711,105631000
1436925600,605.30999756,607.11999512,598.7199707,598.7199707,565.3229146621327,560.8132291876256,560.1882880276554,93647000
1437012000,594.9699707,598.54998779,591.28997803,594.98999023,566.3824530752709,561.572712766345,560.5345736217085,84455000
1437098400,595.08001709,598.65997314,594.69000244,597.04998779,567.4777221722255,562.3610966557596,560.8979110761194,66614000
1437357600,593.2199707,593.76000977,587.85998535,591.69000244,568.3424464675032,563.0128501176316,561.2043000449142,65457000
1437444000,591.40997314,594.59002686,586.22998047,589.53997803,569.0995011661638,563.6023418490175,561.486247089542,62472000
1437530400,588.53997803,600.84997559,587.73999023,600.7800293,570.230948599515,564.4285126812616,561.8772299971087,79618000
1437616800,602.22998047,607.33001709,601.38000488,601.40002441,571.344129878461,565.2501018307892,562.2704916330579,83937000
1437703200,603.16998291,606.19000244,599.95001221,604.21002197,572.5179117388731,566.1158778338828,562.6878003926295,79504000
1437962400,604.97998047,611.84002686,604.42999268,610.89001465,573.8883439856991,567.1108586520187,563.1674244150909,87199000
1438048800,611.54998779,613.10998535,605.58001709,605.58001709,575.0201894537098,567.9657288395293,563.5894402626024,101748000
1438135200,605.70001221,607.59002686,598.42999268,598.42999268,575.8562538546487,568.6427124804287,563.9361124259595,78865000
1438221600,598.7199707,599.90002441,596.16998291,599.16998291,576.6888870351969,569.3210962677525,564.2866982019201,70317000
1438308000,600.30999756,601.5300293,595.28997803,595.28997803,577.3532117135827,569.8981825291359,564.5951885484682,68133000
1438567200,590.72998047,590.72998047,582.82000732,586.21002197,577.6695263655976,570.2606678500439,564.8102615178367,90686000
1438653600,586.36999512,587.05999756,581.53997803,581.61999512,577.8106145353977,570.5130973449318,564.977522548704,53172000
1438740000,582.66998291,588.60998535,582.66998291,588.60998535,578.196306350205,570.9152504117111,565.212671432299,59982000
1438826400,589.0300293,589.5300293,583.42999268,584.01000977,578.4039386151976,571.2062450641175,565.3997096247139,69551000
1438912800,585.39001465,588.35998535,582.59002686,588.35998535,578.7595117128691,571.5874392926927,565.6281700796918,46931000
1439172000,587.96002197,598.29998779,587.96002197,598.29998779,579.4573858584808,572.1810514815218,565.9532627932272,57176000
1439258400,596.61999512,598.10998535,592.96002197,593.65997314,579.9646211185351,572.6583608517102,566.2289514533941,68772000
1439344800,590.90002441,591.92999268,583.34997559,585.39001465,580.1583851732303,572.9412864916721,566.4196087986339,78592000
1439431200,584.61999512,584.61999512,573.70001221,577.25,580.0545142741863,573.037035680746,566.5273738852147,83474000
1439517600,575.9699707,580.47998047,571.63000488,574.85998535,579.8689953840368,573.0775456733961,566.6102854420783,60648000
1439776800,575.16998291,576.97998047,563.66998291,566.05999756,579.3758168903212,572.9216001597651,566.6048099407641,74545000
1439863200,565.01000977,569.38000488,563.71002197,569.38000488,579.0188236042383,572.842898042437,566.6324238207565,63799000
1439949600,567.78997803,568.7199707,559.47998047,566.51000977,578.5720802530154,572.7021671919384,566.6312057705002,64531000
1440036000,564.77001953,567.22998047,556.58001709,557.82000732,577.830934791122,572.3714525281176,566.5435321540773,68384000
1440122400,550.84002686,551.59997559,534.82000732,548.94000244,576.799115778582,571.8507536372706,566.3683726544348,133477000
1440381600,542.60998535,542.60998535,516.52001953,522.41998291,574.8570038904184,570.7522920655534,565.9310752440424,122543000
1440468000,508.66000366,529.19000244,508.66000366,523.97998047,573.0399673396892,569.7129073634301,565.513651415445,109163000
1440554400,523.89001465,537.82000732,523.89001465,536.19000244,571.7238971647002,568.9679539206871,565.2218738136993,88099000
1440640800,540.42999268,543.45001221,539.5,542.01000977,570.6626869006038,568.3688884951163,564.990909992369,78067000
1440727200,545.22998047,555.01000977,542.27001953,555.01000977,570.103662717368,568.072024523447,564.8915975523454,111650000
1440986400,554.51000977,554.51000977,545.57000732,546.23999023,569.251388699962,567.5868682058149,564.7060094197848,70009000
1441072800,546.27001953,550.26000977,543.55999756,544.10998535,568.3534814374634,567.0651596979079,564.5010738569014,55436000
1441245600,542.05999756,542.53997803,534.73999023,537.22998047,567.2419278314826,566.4021557150655,564.2297196938476,62218000
1441332000,538.14001465,540.52001953,537.23999023,540.46002197,566.2854311935725,565.825663854064,563.9932052886352,39542000
1441591200,539.20001221,541.71002197,535.05999756,535.73999023,565.1945225877307,565.1570933290849,563.7120787706388,39496000
1441677600,534.91998291,543.23999023,534.89001465,543.0300293,564.4029335417404,564.6653807951052,563.5062872336175,61835000
1441764000,544.42999268,548.13000488,544.42999268,546.76000977,563.772829121321,564.267483661214,563.3396576071138,52229000
1441850400,543.55999756,549.29998779,542.59002686,547.34002686,563.1859433262739,563.8913179545203,563.1804573011724,37215000
1441936800,547.72998047,548.54998779,542.48999023,542.97998047,562.4643017956927,563.4266215659754,562.979457531708,52143000
1442196000,542.63000488,544.65002441,535.19000244,536.57000732,561.5395055644179,562.8298079160649,562.7166769325866,43867000
1442282400,535.35998535,535.98999023,532.22998047,533.02001953,560.5209524917601,562.1673681741523,562.4211878042026,44005000
1442368800,533.80999756,537.5300293,533.80999756,537.14001465,559.6859189974116,561.6112047625045,562.1696338424692,39016000
1442455200,537.98999023,540.34002686,537.51000977,537.51000977,558.8939222392897,561.0756226515599,561.9242644487133,35124000
1442541600,539.33001709,545.32000732,539.33001709,542.51000977,558.3087825082437,560.6630534764141,561.7310877852435,97959000
1442800800,543.04998779,549.19000244,543.02001953,549.19000244,557.9831117915206,560.408096786716,561.6063008663854,53576000
1442887200,550.35998535,551.90997314,548.15002441,551.61999512,557.7558576246806,560.2128056385667,561.5069346400531,58449000
1442973600,549.88000488,552.28997803,547.95001221,550.59002686,557.4999350973706,559.9989661101541,561.398308691993,52544000
1443060000,550.7199707,553.11999512,549.29998779,549.29998779,557.2070798363931,559.761211036373,561.2779273894855,59590000
1443146400,548.96002197,550.85998535,545.92999268,549.30999756,556.9250411836647,559.5289618480091,561.1588435105851,40189000
1443405600,549.9699707,551,544.97998047,544.97998047,556.4984318724623,559.20565115072,560.9978597987385,45299000
1443492000,540.89001465,542.15997314,538.17999268,541.51000977,555.9631310830887,558.8124146755929,560.8039508432287,55460000
1443578400,542.54998779,545.90997314,542.54998779,543.27001953,555.5098056704784,558.4670281168019,560.6294838649876,42578000
1443664800,544.21002197,546.44000244,544.16998291,545.11999512,555.1387410079612,558.1704273835396,560.4751605938932,39590000
1443751200,545.34002686,547.02001953,543.95001221,544.42999268,554.756285710534,557.8650843901277,560.3155071818146,39717000
1444010400,546.25,551.42999268,545.33001709,551.42999268,554.6374895308721,557.7220823521249,560.2270941021945,59158000
1444096800,558.65002441,561.15997314,555.15002441,561.15997314,554.8704353740553,557.7984799251888,560.2363764806802,104650000
1444183200,563.08001709,565.45001221,559.27001953,559.41998291,555.0329192146248,557.8345133248513,560.2282531615689,93771000
1444269600,559.44000244,566.7199707,558.95001221,565.73999023,555.415314608031,558.0101905894102,560.2830963164787,107160000
1444356000,568.91998291,570.7199707,565.63000488,565.63000488,555.780124974887,558.1795197958677,560.3362993867624,110289000
1444615200,565.80999756,570.72998047,565.0300293,567.84002686,556.2108357564982,558.3941977306262,560.41096334172,80785000
1444701600,566.76000977,567.92999268,564.83001709,566.69000244,556.5850917094805,558.57854894639,560.4734413426979,68917000
1444788000,570.14001465,572.39001465,567.98999023,567.98999023,556.9924095137848,558.7876920860258,560.5482328739149,68657000
1444874400,569.55999756,571.01000977,567.40002441,568.90997314,557.4180367861496,559.012631665003,560.6314342695973,72147000
1444960800,570.34002686,576.2800293,570.34002686,570.9699707,557.90203442593,559.2783503102252,560.734305278855,88519000
1445220000,572.11999512,576.45001221,569.90997314,573.4699707,558.4580321500039,559.5937196522202,560.8610283178714,68844000
1445306400,574.09002686,574.85998535,567.04998779,568.90002441,558.8309604450037,559.8005264246153,560.9410183287383,85597000
1445392800,569.14001465,572.07000732,567.44000244,567.76000977,559.1498550637535,559.9774038322905,561.0088689898454,62046000
1445479200,567.29998779,573.67999268,567.29998779,573.0300293,559.6455755721909,560.2674621760174,561.1284825252698,60290000
1445565600,576.09002686,579.44000244,575.52001953,578.48999023,560.3185903813983,560.6724072438836,561.3012338457148,62991000
1445824800,581.34997559,584.07000732,575.15997314,575.15997314,560.8486397656341,560.9943531526862,561.4391317491405,59775000
1445911200,574.19000244,577.03997803,572.26000977,575.15997314,561.3597588147186,561.3091447079598,561.5756575341242,62460000
1445997600,575.98999023,578.4699707,573.95001221,574.23999023,561.81976707955,561.5964968306719,561.7016707947796,68716000
1446084000,575.21002197,582.52001953,575.21002197,582.52001953,562.5590618099233,562.0614640017681,561.9088185433887,64510000
1446170400,582.80999756,584.67999268,580.44000244,583.59997559,563.3105230163545,562.5400975926177,562.1246509518128,52379000
1446429600,584.34002686,585.91998291,577.15997314,577.40002441,563.8137194946991,562.8703181885595,562.2766447175659,62472000
1446516000,577.61999512,587.20001221,575.40997314,587.20001221,564.6489442345312,563.4109780557027,562.5246384239583,68225000
1446602400,589.7800293,593.16998291,585.17999268,585.17999268,565.3821959647265,563.8947339362426,562.7500648344662,61718000
1446688800,584.20001221,590.5300293,584.15002441,589.45001221,566.2417608306291,564.4626290089927,563.0157359526307,55623000
1446775200,589.94000244,593.26000977,584.0300293,586.7800293,566.975270418821,564.9585712376818,563.2521965829528,62956000
1447034400,587.5,587.5,584.13000488,584.32000732,567.5947253081488,565.3888253728444,563.4618265405354,69562000
1447120800,584.05999756,584.64001465,579.52001953,580.72998047,568.0638415639291,565.7297399305589,563.6336489676943,65977000
1447207200,579.88000488,585.03997803,579.2199707,579.5300293,568.4733482687889,566.0364130276577,563.7918219063242,49525000
1447293600,579.04998779,582.32000732,572.0300293,582.32000732,568.9678718063321,566.3982706785986,563.9761819601916,79998000
1447380000,581.94000244,590.63000488,581.94000244,590.63000488,569.741519416106,566.936753660852,564.241394128548,83409000
1447639200,589.35998535,591.59002686,585.17999268,589.17999268,570.4357506041023,567.4310478612775,564.4895393877664,75911000
1447725600,588.60998535,590.26000977,584.28997803,584.73999023,570.9466163050272,567.8156910250269,564.6910364110722,110250000
1447812000,582.95001221,586.65997314,581.30999756,583.01000977,571.3774517859191,568.153342552693,564.8733147529521,67266000
1447898400,584.2800293,585.70001221,580.78997803,581.23999023,571.7296853017791,568.444156945522,565.036167245261,71728000
1447984800,581.13000488,586.09002686,580.59002686,583.65997314,572.155767010287,568.7822861942882,565.2214787467012,81460000
1448244000,583.80999756,588.40002441,580.58001709,580.58001709,572.4566330845626,569.0444579919707,565.374300023749,81362000
1448330400,580.97998047,580.97998047,571.07000732,574.53997803,572.5310382611854,569.1665806594825,565.4655007999306,93260000
1448416800,573.7199707,577.45001221,568.54998779,576.57000732,572.675287156143,569.3311012519384,565.5759934021204,93829000
1448503200,576.0300293,577.34997559,572.53997803,572.53997803,572.6704546873522,569.4024096247842,565.6452867815023,83265000
1448589600,571.59002686,573.82000732,565.64001465,565.64001465,572.419367543161,569.3188008475668,565.6452343224823,85405000
1448848800,564.73999023,564.90997314,556.90002441,558.82000732,571.9336761066195,569.0854943247319,565.57732161599,74316000
1448935200,559.15997314,562.30999756,556.97998047,556.97998047,571.3996155481688,568.8164829057379,565.4917759329453,67151000
1449021600,557.15002441,563.07000732,557.15002441,561.45001221,571.0442725718055,568.6527835569437,565.4515593784881,64338000
1449108000,560.82000732,564.15997314,560.57000732,562.01000977,570.7216203288839,568.5051663616783,565.4173151037768,44141000
1449194400,561.94000244,561.96002197,555.96002197,560.2800293,570.3487063635666,568.3223855380854,565.3661978320974,47809000
1449453600,559.5300293,559.72998047,553.67999268,554.09997559,569.7683945502249,568.0063319836835,565.2540961182457,46688000
1449540000,553.35998535,562.65002441,548.19000244,562.65002441,569.5141670452169,567.8873029264905,565.2281849569696,67286000
1449626400,562.25,565.11999512,553.70001221,553.70001221,568.9493758011021,567.5720297994574,565.1134767704326,60866000
1449712800,554.03997803,556.33001709,550.63000488,550.63000488,568.2951125539198,567.1955403568028,564.9693626222692,59323000
1449799200,550.7199707,557.16998291,549.79998779,555.2800293,567.8302881519941,566.9307512222072,564.8729513454307,50975000
1450058400,557.69000244,558.77001953,554.40997314,556.28997803,567.4181342190657,566.6942895957137,564.7875486258741,62141000
1450144800,557.14001465,560.71002197,557.14001465,559.38000488,567.1310581712419,566.5317499353645,564.7337422204425,71472000
1450231200,561.16998291,565.75,560.9699707,562.34997559,566.9603052219118,566.4388216165786,564.7100231494928,61065000
1450317600,565.60998535,567.7199707,562.79998779,565,566.8902943211292,566.4068478028769,564.7129084912889,52791000
1450404000,564.39001465,565.98999023,558.92999268,558.92999268,566.605997833946,566.240695466813,564.6553670404303,146057000
1450663200,561.02001953,561.48999023,555.69000244,557.40002441,566.2772130688052,566.0442361099949,564.5831745764459,65726000
1450749600,557.90002441,559.95001221,554.97998047,556.07000732,565.9126700063479,565.8225865813283,564.498466444541,45526000
1450836000,554.78997803,557.53997803,551.70001221,554.51000977,565.505432140764,565.5711959855211,564.3990788159387,42310000
1450922400,554.86999512,556.85998535,554.60998535,556.26000977,565.1752384846653,565.3642807362872,564.3180930542875,41078000
1451008800,556.90997314,560.32000732,556.90997314,558.4699707,564.935764635213,565.211073846592,564.2599027821055,46767000
1451268000,562,565.08001709,561.65002441,562.84997559,564.8612721693125,565.1586049964454,564.2458736558159,55237000
1451354400,562.29998779,567.94000244,559.11999512,567.94000244,564.971226821837,565.2204138285244,564.2826311561561,60505000
1451440800,568,572.5,566.54998779,572.5,565.2401115782,565.3821824101128,564.364396020274,51341000
1451527200,571.60998535,573.52001953,568.36999512,573.52001953,565.5358225764785,565.5630232349992,564.455496751714,58769000
1451872800,571.58001709,573.14001465,567.59997559,569.09997559,565.6631137555328,565.6416221762214,564.501710471498,56946000
1451959200,566.36999512,568.90002441,562.90997314,563.84002686,565.5980035092638,565.6015867247498,564.4951265549656,57566000
1452045600,562.94000244,569.17999268,562.94000244,569.17999268,565.7259316939329,565.6811068570887,564.5417421382994,51457000
1452132000,568.59002686,568.59002686,557.11999512,562.35998535,565.6057193245067,565.6073041569311,564.5200331155302,85694000
1452218400,559.20001221,559.88000488,552.88000488,556.70001221,565.2876583561315,565.4093643358882,564.4422219622413,85066000
1452477600,555.34002686,558.82000732,553.09997559,553.86999512,564.8798846691268,565.1529339088685,564.3370256752538,64488000
1452564000,554.02001953,561.95001221,553.98999023,561.95001221,564.7752463670151,565.0817578711159,564.3132742974901,67534000
1452650400,562.7199707,563.48999023,557.64001465,558.66998291,564.5572012435504,564.9392739830911,564.2571221443808,82601000
1452736800,552.48999023,554.34997559,547.78997803,550.95001221,564.0712302066379,564.6284014992447,564.1247130903073,86777000
1452823200,552.2199707,554.02001953,539.96002197,539.96002197,563.210115626758,564.0802152874836,563.8842684025431,80306000
1453082400,529.52001953,529.52001953,517.77001953,526.98999023,561.916539719731,563.255988063984,563.5171611570452,108471000
1453168800,526.83001709,535.27001953,526.83001709,535.27001953,560.9648782843834,562.6340776521176,563.236095071204,68961000
1453255200,532.27001953,536.5,529.5,530.07000732,559.8614900356554,561.9104316447373,562.906084247809,72932000
1453341600,527.61999512,533.26000977,524.66998291,525.46002197,558.6328661761677,561.1004225408542,562.5334866132039,88042000
1453428000,528.02001953,528.84002686,519.17999268,526.59002686,557.4884790577331,560.3335248590574,562.1758402475003,98754000
1453687200,533,545.79998779,532.95001221,545.79998779,557.0710329410283,560.010557368634,562.0128964419531,98434000
1453773600,538.09002686,543.59002686,534.85998535,538.65997314,556.4134950909915,559.536099941331,561.7805290459138,95063000
1453860000,541.98999023,544.77001953,540.92999268,542.89001465,555.9305136466704,559.166186934857,561.5925637285416,75966000
1453946400,542.25,545.4699707,540.20001221,540.94000244,555.3951382464322,558.7611606127491,561.3870656062675,78504000
1454032800,541.14001465,545.76000977,538.95001221,544.91998291,555.0210255558453,558.4535788860213,561.2232140371503,68869000
1454292000,545.28997803,548.45001221,541.65997314,541.65997314,554.5438451124222,558.0803876472208,561.0285549237459,64780000
1454378400,539.42999268,543.72998047,538.15002441,539.32000732,554.0001366198358,557.6634903066159,560.8125494749524,52927000
1454464800,536.69000244,540.79998779,533.88000488,540.79998779,553.5287027330559,557.2887458062467,560.613419507938,51546000
1454551200,543.58001709,546.5300293,543.23999023,544.98999023,553.2237487150896,557.0154401267745,560.4579625001974,39967000
1454637600,544.05999756,549.08001709,544.05999756,548.07000732,553.0396865224079,556.8166527310684,560.3346992645735,40688000
1455501600,544.02001953,546.28997803,540.7800293,545.23999023,552.7611259405362,556.559393564378,560.1845031547767,43449000
1455588000,547.32000732,550.65997314,547.27001953,549.40002441,552.64108660016,556.4002964720585,560.07719490856,70289000
1455674400,552.92999268,554.2199707,548.91998291,548.91998291,552.5081900397971,556.2340672817905,559.9661778737485,74958000
1455760800,551.60998535,555.59997559,550.34002686,553.55999756,552.5457545940901,556.1746435101952,559.9024347860495,67215000
1455847200,553.5,555.26000977,551.9699707,554.0300293,552.5987644050155,556.1269854166353,559.8440028906659,98745000
1456106400,554.41998291,561.7199707,554.41998291,560.4699707,552.8798789155506,556.2234962007101,559.8502314260822,106177000
1456192800,564.40997314,565.33001709,559.53997803,560.10998535,553.1380970024952,556.3098626262498,559.8528160422406,107833000
1456279200,558.15997314,566.0300293,557.04998779,563.70001221,553.5153082599061,556.4740881725554,559.8910966011239,93113000
1456365600,564.97998047,567.55999756,558.58001709,558.58001709,553.6961907181237,556.520886592943,559.878051033849,80055000
1456452000,559.20001221,562.41998291,557.95001221,562.2199707,554.0006114317622,556.6475329064332,559.9013537170944,63043000
1456711200,562.25,562.76000977,556.79998779,556.79998779,554.1005891588421,556.6509207927347,559.8704943546358,73395000
1456797600,557.04998779,560.96002197,557.04998779,558.59002686,554.2609262195978,556.6940120386739,559.8577533845398,72106000
1456884000,560.5300293,564.39001465,558.92999268,564.32000732,554.6201791160407,556.8634786004811,559.902153921211,84369000
1456970400,566.48999023,566.73999023,563.05999756,563.55999756,554.9394583461822,557.0122901329149,559.9385503753283,72544000
1457056800,563.30999756,568.2800293,561.72998047,566.29998779,555.3451915406042,557.2186834141835,560.0018482600514,78655000
1457316000,567.20001221,571.5,566.7199707,566.7199707,555.7514336534398,557.4298231316461,560.0686952495035,102912000
1457402400,566.65997314,569.26000977,565.79998779,566.58001709,556.1381687761741,557.633160775165,560.1334845215483,98776000
1457488800,566.44000244,569.02001953,565.29998779,565.86999512,556.4857340027393,557.8162015383836,560.1905642289956,75776000
1457575200,567.2800293,569.29998779,565.42999268,569.29998779,556.9433859237129,558.0713967884195,560.2812052594534,70765000
1457661600,569.09997559,573.30999756,567.79998779,569.63000488,557.396479457866,558.3282547460102,560.3742281412499,81132000
1457920800,571.44000244,572.19000244,569.32000732,571.46002197,557.8987488332994,558.6200717954322,560.4845345475061,78996000
1458007200,570.89001465,572.28997803,566.09002686,567.5,558.2416506606816,558.8174035333114,560.554340173899,83586000
1458093600,567.15002441,569.39001465,566.09997559,568.27001953,558.5998066917286,559.0274616665712,560.6311131028154,83816000
1458180000,572.39001465,574.72998047,571.22998047,571.34997559,559.0551698666669,559.301295309314,560.7377684509466,91703000
1458266400,571.95001221,572.83001709,567.69000244,567.69000244,559.3635567442859,559.4877110233292,560.8069449085492,124440000
1458525600,568.40002441,572.30999756,565.09997559,565.09997559,559.5684288459186,559.6124280136996,560.8496616317477,89200000
1458612000,565.05999756,565.39001465,560.4699707,562.72998047,559.6813414039215,559.681706957173,560.8683712719294,75454000
1458698400,562.58001709,566.67999268,562.20001221,566.38000488,559.92057938521,559.8305580221247,560.9232133973828,77814000
1458784800,566.14001465,570.48999023,564.64001465,564.64001465,560.0891306446667,559.9374348360775,560.9601964944238,84925000
1458871200,563.83001709,566.45001221,559.04998779,564.9699707,560.2634463609286,560.0492689663869,561.0000947452256,78789000
1459130400,565.29998779,569.58001709,564.96002197,569.45001221,560.5915379983954,560.2581743718005,561.0841735259696,66920000
1459216800,570.08001709,570.08001709,563.21002197,563.21002197,560.6850552830956,560.3237709850938,561.1053262468057,78980000
1459303200,561.91998291,567.46002197,560.64001465,565.48999023,560.8566601026279,560.4385758572029,561.148954744151,70865000
1459389600,564.15997314,567.19000244,559.7800293,559.7800293,560.818209002534,560.4239414892651,561.135333595453,87476000
1459476000,558.80999756,560.03997803,555.21002197,555.82000732,560.6397017995863,560.3216318410592,561.0824447767917,65325000
1459735200,555.5300293,558.25,551.89001465,553.4699707,560.3836399746011,560.1693727045913,561.0066987660773,67898000
1459821600,553.2199707,557.69000244,552.66998291,557.42999268,560.2781525712226,560.1084975929338,560.971109650793,67272000
1459908000,558.2800293,562.91998291,557.04998779,562.91998291,560.3725036547503,560.1709750444242,560.9905014245164,54293000
1459994400,563.97998047,566.60998535,562.15997314,565.85998535,560.5684851438664,560.2973974956592,561.0389540008894,66547000
1460080800,565.23999023,568.58001709,564.01000977,567.08001709,560.8010398562283,560.4481223755334,561.0990640813781,71246000
1460340000,568.86999512,576.79998779,568.82000732,575.03997803,561.3095733624344,560.7723858345216,561.2377796430559,82752000
1460426400,577.51000977,579.07000732,573.83001709,576.34997559,561.8467305848475,561.1185544957544,561.3881497519807,83244000
1460512800,577.09002686,578.45001221,571.86999512,574.21002197,562.2882767057458,561.4094759951821,561.5157305700704,82778000
1460599200,572.2800293,580.94000244,572.2800293,575.39001465,562.7561959180406,561.7201546319559,561.6537831479802,75574000
1460685600,575.7800293,581.23999023,574.15002441,574.15002441,563.163118364182,561.9963739603569,561.778123857055,70243000
1461031200,573.92999268,573.95001221,564.28997803,564.28997803,563.2033633522469,562.0473429396823,561.8031174309151,74873000
1461117600,564.84002686,567.82000732,561.45001221,564.59002686,563.2528870489524,562.1038470268004,561.8308478729956,70491000
1461204000,567.17999268,572.10998535,566.66998291,570.44000244,563.5095697414898,562.2890949248715,561.916511102518,61545000
1461290400,570.39001465,581.5300293,569.94000244,581.5300293,564.1531575828652,562.7166712443188,562.1116704875676,77851000
1461549600,585.73999023,588.70001221,580.44000244,580.44000244,564.7348306134771,563.1105230486673,562.2940419497809,83192000
1461636000,579.94000244,586.15002441,579.94000244,586.09002686,565.4975161937101,563.6211786889191,562.5308179190367,91303000
1461722400,588.38000488,588.38000488,579.40997314,582.76000977,566.1140338214348,564.0464860462765,562.7321034100911,91326000
1461808800,583.32000732,584.89001465,578.71002197,580.53997803,566.6292461145978,564.4130080903593,562.9092961923787,60792000
1461895200,580.60998535,586.90997314,580.2199707,585.78997803,567.3135579687192,564.8880518667958,563.136964668375,67602000
1462327200,585.04998779,591.08001709,582.38000488,587.23999023,568.025216263765,565.3847616082003,563.3767957684906,86433000
1462413600,588.97998047,593.32000732,588.97998047,589.32000732,568.7857445157733,565.9166559573514,563.6349371769634,77213000
1462500000,589.46002197,593.27001953,589.41998291,590.79998779,569.5719674898529,566.4696188869658,563.9052361880383,65377000
1462759200,593.09002686,594.66998291,588.41998291,588.41998291,570.2451108977153,566.9574047541444,564.1491640161175,65408000
1462845600,586.03997803,588.42999268,582.42999268,587.88000488,570.8749285399398,567.4223514236078,564.3852917859074,71048000
1462932000,589.7800293,595.42999268,588.59002686,595.10998535,571.7404662831563,568.0376321775276,564.6910101298287,66341000
1463018400,596.59997559,598.04998779,595.03997803,595.03997803,572.5725917026864,568.6376843075825,564.9929899099299,56000000
1463104800,595.48999023,597.58001709,592.2199707,593.27001953,573.3117855536619,569.1850695347473,565.2743533887366,69673000
1463364000,594.57000732,598.26000977,592.38000488,597.66998291,574.1817211735312,569.8180676097529,565.5966979610874,57902000
1463450400,600.89001465,604.97998047,598.95001221,603.35998535,575.2238020369765,570.5634435595362,565.9724520644597,78719000
1463536800,605.28997803,606.7199707,602.7199707,603.29998779,576.2265229567273,571.2909223202131,566.3438703303855,72531000
1463623200,603.67999268,604.95001221,600.0300293,601.16998291,577.1173608122014,571.9549014444306,566.6903988137648,75286000
1463709600,601.55999756,603.26000977,597.2800293,597.4699707,577.8442397367656,572.5219029834432,566.9966632106427,56278000
1463968800,598.42999268,599.09002686,594.97998047,596.89001465,578.5244459836669,573.0634165760333,567.2941094936214,47425000
1464055200,599.15997314,599.59997559,595.34002686,597.73999023,579.2107154210358,573.6117848794548,567.5970535805506,60719000
1464141600,598.03997803,600.9699707,596.48999023,596.48999023,579.8278323784989,574.1201894428003,567.8845454875102,64342000
1464228000,596.61999512,598.72998047,590.70001221,590.70001221,580.2161245153383,574.4886299487381,568.1115650568883,58800000
1464314400,590.15002441,595.48999023,589.48999023,594.2800293,580.7184068290762,574.9284388232106,568.3719477856754,51355000
1464573600,595.79998779,599.89001465,595.23999023,599.66998291,581.3952488319663,575.4782509140282,568.6833710207433,65058000
1464660000,601.59997559,604.14001465,600.09997559,601.0300293,582.096490991539,576.0460682114942,569.0052283170543,61719000
1464746400,601.15002441,602.97998047,599.78997803,602.57000732,582.8276880032697,576.6354890805721,569.3392062175811,60423000
1464832800,602.4699707,605.5300293,601.36999512,604.36999512,583.5970561145815,577.2518114370039,569.6877712812868,71362000
1464919200,604.97998047,606.2800293,603.04998779,605.01000977,584.3618044594178,577.8686602888482,570.039236340876,67888000
1465178400,605.07000732,606.61999512,600.91998291,603.08001709,585.0303120533672,578.4289126622072,570.3680003284294,65649000
1465264800,604.5,608.90002441,604.02001953,608.90002441,585.8828017803899,579.1060484788247,570.7514035531217,66894000
1465351200,609.46002197,616.65002441,609.46002197,613.84002686,586.8812741046617,579.877914665073,571.1801460735882,78864000
1465437600,613.90997314,615.16998291,611.44000244,614.44000244,587.8655144023523,580.6459610600714,571.6105924055922,66052000
1465524000,614.38000488,617.32000732,612.69000244,613.86999512,588.7942458565541,581.3842729280698,572.0310839748898,77366000
1465783200,611.58001709,611.85998535,605.66998291,606.92999268,589.4419511002486,581.9519555892238,572.3783367978263,67854000
1465869600,605.41998291,610.47998047,603.61999512,610.47998047,590.1933092920254,582.5859116976854,572.7574576303851,51575000
1465956000,610.26000977,612.04998779,607.72998047,611.15002441,590.9417634033816,583.2206697579591,573.139473220232,62725000
1466042400,612.22998047,614.53997803,610.60998535,610.60998535,591.6441999014752,583.82932121556,573.5123141369462,74660000
1466128800,609.27001953,610.65997314,604.46002197,604.83001709,592.1151219439225,584.296003346103,573.8239330718025,106307000
1466388000,605.39001465,613.90002441,605.39001465,613.71002197,592.8863683734253,584.9496482044118,574.2208095782522,62009000
1466474400,616.75,619.7800293,616.2800293,616.34002686,593.7239990336601,585.647212174536,574.6399062676228,66543000
1466560800,616.10998535,618.07000732,614.57000732,614.90997314,594.4806409660293,586.2974957515463,575.0406034504325,55046000
1466647200,615.11999512,620.07000732,615.11999512,619.2800293,595.3663334065283,587.030440941512,575.480796742468,64896000
1466733600,618.5,618.5,585.35998535,608.39001465,595.8314648795094,587.5050981350339,575.8082516470206,170675000
1466992800,605.71002197,609.16998291,597.32000732,609.16998291,596.3078405234555,587.986540018922,576.1402091720254,68024000
1467079200,607.08001709,611.82000732,606.94000244,609.65997314,596.7847024026179,588.4681718660571,576.4737391617565,49812000
1467165600,610.59997559,617.80999756,610.59997559,617.25,597.5156058882387,589.1077680468114,576.8794731004455,73336000
1467252000,619.95001221,623.5,618.23999023,618.55999756,598.2671913050873,589.7622620359934,577.2942046871077,61848000
1467338400,620.33001709,627.01000977,620.33001709,623.14001465,599.1555064245484,590.5039898718603,577.7503819006688,68747000
1467597600,625.92999268,630.09002686,625.2199707,629.76000977,600.2485244011717,591.3763458695968,578.267890635687,77951000
1467684000,632.73999023,636.69000244,630,631.77001953,601.3742920843441,592.2739830620502,578.8002501271727,85778000
1467770400,628.79998779,634.08001709,626.05999756,632.82000732,602.4973533427604,593.175005823338,579.337760148992,72567000
1467856800,636.29998779,643.72998047,636.13000488,643.13000488,603.9485194690905,594.285116913486,579.9725088527831,77769000
1467943200,643.61999512,647.55999756,639.41998291,642.45001221,605.3235727812657,595.3554479200752,580.594175552855,80095000
1468202400,642.94000244,646.83001709,632.45001221,634.79998779,606.3763018887205,596.231993250518,581.1335368686474,84659000
1468288800,635.98999023,639.58001709,631.35998535,639.58001709,607.5621488601947,597.1952826691731,581.7150938857753,74457000
1468375200,642.84997559,653.22998047,642.84997559,652.10998535,609.1531430205449,598.4156093954138,582.4155405670114,92630000
1468461600,652.15997314,658.59997559,646.23999023,646.23999023,610.4776732780255,599.4783734139601,583.0506097178869,93480000
1468548000,648.2199707,650.28997803,642.38000488,647,611.7820420895246,600.5344095603165,583.6869220590024,76327000
1468807200,646.92999268,655.09002686,646,655.09002686,613.3287558313273,601.7467566114206,584.3974007137388,79428000
1468893600,657.16998291,657.48999023,641.36999512,647.4699707,614.5480849337798,602.7628280356112,585.024988474796,81613000
1468980000,647.35998535,647.35998535,639.21002197,639.21002197,615.4288683993591,603.5727656785975,585.5641430369374,69382000
1469066400,641.07000732,643.34997559,635.88000488,637,616.1992659565249,604.3155931079621,586.0759426087092,61306000
1469152800,635.44000244,635.63000488,621.39001465,629.77001953,616.6839357270061,604.8812470284518,586.5107095432494,99945000
1469412000,631.90002441,632.84002686,627.13000488,628.75,617.1148665938987,605.4116637611528,586.9310009905803,58413000
1469498400,629.20001221,631.84997559,624.09997559,630.59002686,617.596122317688,605.9711829411272,587.3654191584352,64235000
1469584800,630.71002197,635.92999268,630.4699707,635.4699707,618.2344740456277,606.626711557991,587.8440714125801,80353000
1469671200,635.66998291,639.30999756,632.84002686,639.30999756,618.9871713139981,607.3530068024801,588.3561701802162,85643000
1469757600,638.78997803,639.55999756,634.23999023,634.61999512,619.5454864499268,607.9589398762027,588.8165067467812,83572000
1470016800,636.40002441,636.40002441,627.92999268,629.89001465,619.9149338856437,608.4462970933982,589.2251983677088,62538000
1470103200,624.90997314,624.91998291,615.5,617.59997559,619.8322568036564,608.6497121711005,589.5075344594729,102611000
1470189600,615.11999512,616.23999023,611.07000732,613.77001953,619.6157483295972,608.763496779076,589.7489522213688,59807000
1470276000,614.26000977,619.54998779,610.16998291,610.16998291,619.2783995646116,608.7947520264299,589.952146556579,69534000
1470362400,607.36999512,607.97998047,601.5,606.71002197,618.8295289362326,608.7484246918426,590.1188915855682,82630000
1470621600,605.82000732,608.60998535,601.45001221,606.79998779,618.3999024667243,608.7051260940239,590.2848726423288,59210000
1470708000,606.40997314,613.44000244,606.40997314,613.44000244,618.2227631800555,608.8103455683789,590.5152719437981,60970000
1470794400,613.34997559,625.45001221,613.34997559,625.45001221,618.4808792168392,609.1801159381927,590.8628812996807,79487000
1470880800,626.65002441,636.09997559,626.40002441,636.09997559,619.1101326587378,609.7783350415662,591.3130016408779,102026000
1470967200,640.96002197,642.76000977,629.91998291,632.14001465,619.5754855869972,610.2752612550869,591.7192405762921,89985000
1471226400,631.46002197,636.54998779,630.53997803,636.54998779,620.181717808533,610.8591440669738,592.1653176629957,90899000
1471312800,637.44000244,640.39001465,636.35998535,637.88000488,620.8137994896568,611.4596076405967,592.6201901726176,95172000
1471399200,639.10998535,642.35998535,636.85998535,642.35998535,621.5833061275263,612.1462827008056,593.1151135077159,86546000
1471485600,644.95001221,646.5300293,638.57000732,643.69000244,622.3728309958288,612.8472542505655,593.6183462334103,93342000
1471572000,646.84997559,648.17999268,642.75,643.55999756,623.1295155159778,613.5297596574418,594.1152780874062,77050000
1471831200,642.96002197,643.86999512,637.63000488,637.63000488,623.6473901361214,614.0653206623875,594.5482604435514,77126000
1471917600,634.4699707,641.63000488,633.61999512,641.63000488,624.2896263769742,614.6778692005568,595.0167355125708,66633000
1472004000,642.2800293,646.2800293,641.08001709,641.20001221,624.8935687281537,615.2672501563221,595.4762706040875,67258000
1472090400,639.86999512,640.90997314,637.41998291,639.90002441,625.429513573934,615.8146451397372,595.9182980051414,71345000
1472176800,642.04998779,647.29998779,642.04998779,645.4699707,626.1452441855791,616.4736523744097,596.411349474742,82763000
1472436000,647.84997559,652.90002441,644.38000488,644.38000488,626.7964856389514,617.0937935412005,596.8886495285257,76181000
1472522400,643.7199707,648.9699707,643.32000732,648.9699707,627.5883958197031,617.8021530336183,597.4068716297344,63557000
1472608800,650.26000977,654.10998535,649.40997314,653.2800293,628.5059541582851,618.5905502839823,597.9628234473489,71127000
1472695200,653.47998047,653.47998047,645.54998779,649.17999268,629.2443126769178,619.2703156705605,598.4724470218032,65683000
1473040800,649.64001465,650.21002197,642.55999756,645.41998291,629.8220151852422,619.8514193869926,598.9395866823822,77936000
1473127200,646.33001709,648.80999756,645.91998291,646.69000244,630.4244433014835,620.4478323437261,599.4147151973834,64694000
1473213600,646.20001221,646.63000488,639.17999268,645.96002197,630.9792853967876,621.0147698909766,599.8778525782055,65586000
1473300000,645.77001953,652.03997803,645.55999756,650.22998047,631.6668102208309,621.6639967927326,600.3788687761338,87253000
1473386400,652.48999023,653.90002441,649.5300293,650.25,632.330495570087,622.2992413084497,600.8750989375653,72972000
1473645600,649.57000732,649.66998291,639.13000488,643.21002197,632.7190500843697,622.7639253231508,601.2963419528135,65209000
1473732000,642.05999756,644.92999268,638.61999512,642.83001709,633.0801560488565,623.2098384735252,601.7096123521884,60393000
1473818400,642.2800293,643.69000244,638.52001953,638.52001953,633.2744368874687,623.5500647192247,602.0758850604253,72678000
1473904800,638.05999756,641.82000732,637.09997559,639.02001953,633.4796362675592,623.8938414927975,602.4434883884808,77836000
1473991200,636.40997314,640.04998779,635.45001221,635.45001221,633.5500068369321,624.150645286513,602.771911511083,161173000
1474250400,640.05999756,643.02001953,638.52001953,642.04998779,633.853577585256,624.5484084532573,603.162738140724,80150000
1474336800,642.27001953,646.22998047,638.34002686,646.22998047,634.2955919739968,625.0302211647404,603.5912679151446,76417000
1474423200,646.51000977,650.09002686,645.80999756,649.64001465,634.8436070695684,625.5771054644129,604.0494644000686,111546000
1474509600,651.52001953,657.20001221,651.47998047,654.47998047,635.5449061195839,626.2193915756482,604.5512605798689,83609000
1474596000,654.53997803,656.2199707,653.52001953,655.9699707,636.2743727117415,626.8805155561893,605.0628895362881,75412000
1474855200,654.95001221,658.65997314,653.86999512,658.27001953,637.0599315266793,627.5780600889406,605.5923137153301,71980000
1474941600,657.60998535,663.59997559,657.33001709,663.59997559,638.0077902432265,628.3785471000753,606.1695043807497,87577000
1475028000,662.7800293,664.7800293,659.90997314,662.11999512,638.868940417397,629.1283570560736,606.7262256816377,87255000
1475114400,664.33001709,666.32000732,661.25,663.32000732,639.7421928067756,629.8881715063831,607.2893478869946,84051000
1475200800,662.59002686,662.97998047,658.29998779,661.23999023,640.5099712861764,630.5848785891301,607.8261701988653,80859000
1475460000,661.55999756,663.23999023,655.40002441,656.72998047,641.0892573284558,631.1658808531494,608.31277527619,86313000
1475546400,656.29998779,659.27001953,651.23999023,655.41998291,641.6010689563681,631.7048608988572,608.7815037103572,86176000
1475632800,656.66998291,659.25,655.57000732,657.23999023,642.1596018589978,632.272308217327,609.2636777055776,86434000
1475719200,658.45001221,659.90997314,656.55999756,656.55999756,642.6739017054622,632.8120346471642,609.7342878533829,117520000
1475805600,657.58001709,659.15997314,648.26000977,652.40997314,643.02161854241,633.2475443914494,610.1589215378268,105441000
1476064800,652.39001465,653.34997559,643.32000732,643.32000732,643.0322752844668,633.4713769009728,610.4888825903857,88549000
1476151200,644.41998291,648.60998535,636.97998047,648.60998535,643.2314792153787,633.8077904220623,610.8681970457053,99296000
1476237600,649.2199707,651.70001221,647.61999512,648.52001953,643.4203556551867,634.1347288466832,611.2428420455491,79571000
1476324000,647.35998535,652.82000732,646.02001953,652.82000732,643.7560575003586,634.5499572572013,611.6565451826083,89359000
1476410400,652.07000732,656.20001221,652.07000732,652.53997803,644.0697689478458,634.9497354965969,612.063345509448,103544000
1476669600,652.61999512,653.30999756,647.34997559,647.34997559,644.1869191850656,635.2252963875613,612.4144562565182,83335000
1476756000,646.01000977,649.48999023,644.72998047,649.03997803,644.3602427152418,635.5322893129488,612.7788893089906,77421000
1476842400,649.91998291,654.9699707,649.91998291,653.90002441,644.7009492043403,635.9404612039943,613.1880548323837,94046000
1476928800,655.25,655.36999512,649,650.65002441,644.913416175971,636.26734038635,613.5608107485789,82279000
1477015200,650.61999512,651.57000732,646.27001953,647.46002197,645.0043663829006,636.5160666437645,613.8981163328716,78470000
1477274400,646.38000488,646.38000488,640.13000488,640.5,644.8434961549399,636.6045984961253,614.1628116927435,66408000
1477360800,637.95001221,638.97998047,632.30999756,637.33001709,644.5751576169063,636.6207189093225,614.3933311494326,86706000
1477447200,636.19000244,637.83001709,632.21002197,635.51000977,644.2514023366596,636.5960364840042,614.6034473546124,71164000
1477533600,634.94000244,637.70001221,633.75,637.70001221,644.0174241178503,636.6205692779153,614.8332639203377,64497000
1477620000,636.69000244,642.16998291,636.27001953,642.16998291,643.9514440747128,636.7438895808505,615.1052710744636,81994000
1477879200,641.7800293,642.15002441,637.84997559,637.84997559,643.733534485973,636.7684692699427,615.33158654228,95212000
1477965600,636.69000244,637.92999268,634.92999268,637.21002197,643.5005518961168,636.7782815521662,615.5492824171827,85385000
1478052000,636.08001709,636.90997314,630.70001221,630.70001221,643.0433897644698,636.643208900118,615.7000359474595,108579000
1478138400,628.83001709,628.83001709,623.45001221,627.28997803,642.4807679168101,636.4353593252265,615.815358754251,91263000
1478224800,626.86999512,629.69000244,626.80999756,627.51000977,641.9460979829955,636.2370182239993,615.9317234409748,58394000
1478484000,627.94000244,633.64001465,627.70001221,633.64001465,641.6494521496743,636.179307033466,616.1079253435522,68355000
1478570400,633.79998779,636.91998291,633.79998779,634.76000977,641.4034006361145,636.1477670942778,616.2935182234173,57123000
1478656800,634.59997559,634.59997559,615.97998047,628.86999512,640.955779010539,635.9860388281827,616.4186572970152,103614000
1478743200,634.29998779,635.88000488,633.34997559,635.41998291,640.7580720069483,635.9734598077787,616.6077252135623,79795000
1478829600,635.34997559,636.33001709,633.48999023,635.57000732,640.5727839824144,635.9644941969392,616.796404637507,76534000
1479088800,634.01000977,635.33001709,628.7800293,628.7800293,640.1516141723282,635.8048394214517,616.9156446838999,91055000
1479175200,630.14001465,632.59997559,628.25,630.19000244,639.7958423247451,635.6800652663082,617.0477278456522,79110000
1479261600,630.85998535,633.40002441,630.85998535,631.2800293,639.4917061452899,635.5822866892792,617.1893427854964,75996000
1479348000,631.29998779,631.96002197,628.26000977,629.51000977,639.1352169890295,635.4473472021841,617.3119364868347,86280000
1479434400,629.44000244,629.89001465,625.22998047,627.10998535,638.7057444304927,635.2620724943578,617.4094295103488,62938000
1479693600,628.54998779,629.84002686,626.97998047,629.84002686,638.3891116601179,635.1415825913721,617.5331170461662,69148000
1479780000,629.46002197,633.48999023,629.46002197,633.48999023,638.2141430376137,635.1048805388972,617.6918919037169,79077000
1479866400,633.39001465,637.2199707,633.20001221,635.83001709,638.1289956823417,635.1209946844773,617.8723707612918,78492000
1479952800,637.32000732,637.63000488,633.30999756,635.02001953,638.0179608197581,635.1187507921555,618.0429941321247,86215000
1480039200,635.97998047,635.97998047,629.28997803,631.23999023,637.7758904415524,635.0325561129965,618.1743075261334,82457000
1480298400,628.71002197,628.85998535,617.84997559,620.33001709,637.1528235361399,634.7058330235966,618.19575737254,66802000
1480384800,620.82000732,622.59002686,614.22998047,615.75,636.3884369812778,634.2845922897388,618.1714214782859,83744000
1480471200,615.88000488,622.25,612.13000488,621.48999023,635.8563495973036,634.0002677995225,618.20444206288,87837000
1480557600,622.78997803,624.73999023,620.82000732,620.82000732,635.3193373731142,633.7073731221998,618.2304675878265,75604000
1480644000,620.77001953,621.2800293,618.28997803,618.97998047,634.7357889122887,633.3800977299287,618.2379254274501,70703000
1480903200,618.29998779,618.92999268,613.85998535,614.64001465,634.0180826886356,632.9636514392636,618.2021253202118,57689000
1480989600,614.34002686,614.77001953,604.36999512,606.57000732,633.0377942826128,632.377126014391,618.086382852548,82645000
1481076000,604.69000244,606.32000732,604.15002441,606.21002197,632.0796595571624,631.7956348134046,617.968210107448,69528000
1481162400,609.58001709,610.52001953,607.45001221,609.98999023,631.290742795478,631.3110649337734,617.8888248350356,66204000
1481248800,611.07000732,612.41998291,608.59997559,610.92999268,630.5635731484966,630.8581522170228,617.8195827240403,53520000
1481508000,607.45001221,608.73999023,603.35998535,604.19000244,629.6216599089074,630.2655266664224,617.6839650097712,67459000
1481594400,603.28997803,603.63000488,597.71002197,598.46002197,628.5087442682321,629.5587376731686,617.4926819944501,85634000
1481680800,598.67999268,605.71002197,598.67999268,605.71002197,627.6945041861525,629.0287662130982,617.3754415961969,159171000
1481767200,605.34002686,605.60998535,601.57000732,602.65997314,626.800413791647,628.4427930336959,617.2290190244935,75689000
1481853600,602.90997314,610.54998779,602.90997314,610.54998779,626.2200414344453,628.0451751393915,617.1625610022597,127955000
1482112800,611.88000488,614.98999023,611.72998047,613,625.7478970975009,627.7108379140717,617.1211424848243,80892000
1482199200,612.2199707,612.34997559,605.85998535,606.40997314,625.0572569561616,627.2374853635367,617.0145636853733,69928000
1482285600,606.86999512,608.71002197,603.64001465,607.92999268,624.4455689462987,626.8084299705693,616.9241699440263,57258000
1482372000,609.11999512,609.91998291,605.57000732,607.03997803,623.8239406992881,626.3691310385566,616.8258197757275,64277000
1482458400,606.5,608.5300293,603.86999512,608.5300293,623.2777295778849,625.9727065554775,616.7432745968646,52625000
1482717600,610.19000244,610.34997559,608.17999268,608.42999268,622.7474532601033,625.5828684693558,616.6605553738112,48106000
1482804000,608.70001221,610.66998291,608.58001709,610.35998535,622.3050436918853,625.2445821778146,616.5978631347683,62860000
1482890400,611.84997559,612.65002441,609.34002686,611.04998779,621.9030774096751,624.9291467469742,616.5426603950194,71945000
1482976800,613.59997559,614.07000732,612.51000977,613.46002197,621.601539715401,624.6742773074859,616.511987375865,75542000
1483063200,611.92999268,613.7800293,611.63000488,613.64001465,621.3171995344939,624.4290714706528,616.4834105328216,68818000
1483408800,613.45001221,618.22998047,613.45001221,618.2199707,621.2065842189762,624.2910914535272,616.5006897384652,61224000
1483495200,617.35998535,619.75,616.34002686,618.72998047,621.1181340850842,624.1675112094488,616.522871735794,70748000
1483581600,619.4699707,619.84002686,617.39001465,619.66998291,621.0664144002598,624.0675661361277,616.5541862748407,65278000
1483668000,619.22998047,624.65002441,619.08001709,621.14001465,621.0690429806076,624.002509436436,616.5998164079269,84454000
1483927200,621.80999756,623.7800293,621.80999756,622.46002197,621.1187208016573,623.9682319371818,616.6581269110321,69001000
1484013600,622.15997314,624.32000732,622.10998535,622.75,621.1769807730267,623.9411601163556,616.7187425636587,58997000
1484100000,623.05999756,626.29998779,622.92999268,626.29998779,621.3599453093472,623.9935785091033,616.8140783370551,66687000
1484186400,627.09997559,627.53997803,625.20001221,625.97998047,621.5249465650847,624.037720774901,616.9052813433531,78029000
1484272800,625.84002686,627.17999268,624.61999512,624.61999512,621.6354840134745,624.050660204792,616.9820446645138,59852000
1484532000,624.61999512,625.15997314,618.58001709,618.75,621.5324310129932,623.9328677557967,616.9996362598918,53503000
1484618400,618.89001465,621.34997559,618.89001465,621.34997559,621.5259147478863,623.8754701521123,617.0429232184003,74053000
1484704800,620.80999756,622.08001709,617.84002686,617.84002686,621.3942758947475,623.7413491900653,617.0508545979187,61347000
1484791200,617.34997559,618.30999756,616.09002686,616.22998047,621.2098367724351,623.5744298851749,617.0426866961484,50777000
1484877600,617.15997314,620.77001953,617.15997314,619.47998047,621.1480561902052,623.4834421203933,617.0669383754902,54027000
1485136800,620.09997559,622.32000732,620.09997559,620.15002441,621.112412198055,623.4093661712734,617.0976158484704,51682000
1485223200,620.11999512,624.52001953,620.11999512,623.85998535,621.2105398106245,623.4193799308007,617.164903107192,61584000
1485309600,625.48999023,629.45001221,624.66998291,629.45001221,621.5048066820308,623.5533939814495,617.2871429987622,56107000
1486000800,630.05999756,636.46002197,630.05999756,636.46002197,622.038921513744,623.8402079367506,617.4779179138989,57506000
1486087200,638.90997314,640.08001709,634.59997559,634.59997559,622.487530587896,624.0793138846007,617.6482866469944,86386000
1486346400,635.9699707,636.98999023,633.26000977,636.98999023,623.005475575114,624.3662178033873,617.8407414090143,81905000
1486432800,637.15002441,640.07000732,637.15002441,639.25,623.585637161717,624.6969685188675,618.0537688576808,103981000
1486519200,640.20001221,640.90997314,638.29998779,640.90997314,624.2043634466557,625.0572575104483,618.2811937759128,87994000
1486605600,641.44000244,642.9699707,641.17999268,642.2199707,624.8477779914181,625.4386511368828,618.519390561227,90155000
1486692000,642.5,643.59997559,641.84002686,643.05999756,625.4982144045817,625.830236612952,618.7635757054935,88244000
1486951200,644.46002197,647.42999268,644.0300293,647.42999268,626.2814922001324,626.3102311922198,619.0488136853394,103413000
1487037600,648.60998535,649.38000488,644.9699707,647.35998535,627.0342955269134,626.7780035068372,619.3305168859828,111774000
1487124000,647.39001465,653.36999512,647.39001465,652.7800293,627.9537860188094,627.3558263022408,619.6633478552765,101663000
1487210400,653.92999268,659.34997559,651.45001221,651.51000977,628.795079724209,627.8925859348576,619.9802300633831,134896000
1487296800,650.90997314,652.70001221,648.79998779,652.70001221,629.6488273129872,628.4438620743052,620.3058000349913,107620000
1487556000,650.5300293,656.15997314,649.5300293,655.39001465,630.5681554321662,629.0426654648762,620.6548966978272,134117000
1487642400,656.25,661.76000977,656.25,659.36999512,631.5967925638746,629.7166061238789,621.0401215577493,143311000
1487728800,660.20001221,661.0300293,655.09997559,657.2800293,632.5140510187363,630.3291266389039,621.4007176546871,160598000
1487815200,657.29998779,659.40002441,651.71002197,656.64001465,633.3756925769957,630.9138130391505,621.7513574257848,150452000
1487901600,656.46002197,658.21002197,653.05999756,653.41998291,634.0915600888887,631.4139501473916,622.0664681271203,173026000
1488160800,651.32000732,657.25,651.32000732,656.85998535,634.9047181339284,631.9794175963384,622.4126722785917,132986000
1488247200,657.7800293,658.84002686,649.26000977,649.26000977,635.417407120931,632.3634307557531,622.6798099650733,128346000
1488333600,648.09002686,649.65002441,641.7800293,647.66998291,635.8549991133978,632.7035763591808,622.9284684023363,161392000
1488420000,647.90002441,651.25,645.86999512,645.86999512,636.212677542205,632.9961634427546,623.1567423000245,126397000
1488506400,645.83001709,648.7800293,642.34002686,648.25,636.6425819156977,633.3351375884711,623.4064264562431,116300000
1488765600,648.77001953,652.72998047,648.77001953,650.80999756,637.1485610458514,633.7234678100606,623.6790988055343,110593000
1488852000,650.36999512,652.7800293,649.70001221,652.7800293,637.7068277692138,634.1469469542815,623.9686603029917,128643000
1488938400,652.55999756,657.85998535,651.92999268,655.52001953,638.3430131892418,634.6219041226308,624.2826041758973,119069000
1489024800,655.76000977,658.64001465,655.22998047,656.23999023,638.9821909406975,635.1023060361279,624.6005881167341,134880000
1489111200,656.40002441,659.22998047,655.72998047,655.7800293,639.582113739244,635.5618109975472,624.9108313125876,140439000
1489370400,655.96002197,656.35998535,652.36999512,654.96002197,640.1313247474853,635.9928823524906,625.2098282345519,88052000
1489456800,655.22998047,659.03997803,655.20001221,657.48999023,640.7512770861466,636.4705958608797,625.5310238762976,86104000
1489543200,658.44000244,659.40997314,656.33001709,656.64001465,641.3187319991414,636.9188051673046,625.8405660730508,93579000
1489629600,656.82000732,661.47998047,656.82000732,661.47998047,642.0387765873863,637.4646090629201,626.1951871118264,122024000
1489716000,662.7199707,664.36999512,661.34997559,661.34997559,642.7284622660511,637.995394985744,626.5449860021565,199379000
1489975200,664.97998047,670.15002441,664.97998047,667.7800293,643.6231610886921,638.657275748283,626.9552849404436,111661000
1490061600,668.59002686,672.01000977,668.33001709,670.42999268,644.5805479312388,639.3633361245434,627.3878690970561,162832000
1490148000,670.23999023,675.69000244,667.59997559,667.59997559,645.4026703476231,639.9908170015535,627.7879895596724,199678000
1490234400,667.15997314,676.65997314,667.15997314,676.65997314,646.5190025902081,640.8056871379634,628.2742779535065,132021000
1490320800,679.16998291,682.30999756,676.45001221,677.83001709,647.6372531080577,641.6284500257865,628.7673698852129,156074000
1490580000,678.7800293,681.4699707,678.15002441,680.09002686,648.7962807420556,642.4831517332135,629.2780430889421,155606000
1490666400,680.76000977,681.71002197,675.2199707,676,649.7678421441251,643.2279705835865,629.7429381825845,131772000
1490752800,676.4699707,678.36999512,674.34002686,678.36999512,650.7893476075492,644.0089044621735,630.2267894953945,120438000
1490839200,680.25,684.40002441,680.25,681.04998779,651.8700847569224,644.8320396472363,630.7324929610126,132965000
1490925600,682.22998047,684.48999023,681.21002197,681.34002686,652.9225826891752,645.6433282519645,631.2360505122463,145699000
1491184800,681.65002441,684.97998047,681.65002441,684.65002441,654.0557056077761,646.5101437221431,631.7675328395871,128581000
1491271200,686.95001221,688.41998291,685.54998779,686.40002441,655.2108598507126,647.3965855152065,632.3111397208847,139187000
1491357600,685.70001221,686.46002197,680.40002441,680.40002441,656.1104728706872,648.1299952684242,632.7896360859505,155270000
1491530400,677.17999268,685.03997803,675.20001221,685.03997803,657.1436694835198,648.9502171075703,633.3095399858913,144020000
1491789600,685.79998779,687.75,685.11999512,685.75,658.1653241448226,649.7679900607354,633.8313356079223,98997000
1491876000,685.92999268,688.59997559,685.92999268,687.34997559,659.2076331250075,650.6031452947191,634.3638593888385,150633000
1491962400,687.75,688.60998535,680.34997559,682.44000244,660.037360600543,651.3106310090586,634.8422289714371,155240000
1492048800,682.53997803,684.27001953,679.47998047,679.47998047,660.7317398815951,651.9366165526351,635.2863857027661,124883000
1492135200,678.40997314,678.40997314,667.20001221,671.11999512,661.1027489972524,652.3629138541321,635.6429390303008,134926000
1492394400,672.55999756,675.52001953,662.41998291,662.41998291,661.1497930655648,652.5864042775959,635.90937727786,101559000
1492480800,662.83001709,668.35998535,658.05999756,668.35998535,661.4072999328661,652.9369283014271,636.2322689004684,108839000
1492567200,668.90997314,673.71002197,668.90997314,673.71002197,661.8466828627637,653.3985526051731,636.6051818663344,107013000
1492653600,674.91998291,674.91998291,669.0300293,669.0300293,662.1032309498079,653.7459187539471,636.9278171641819,87773000
1492740000,670.29998779,671.94000244,667.26000977,668.58001709,662.334544740529,654.0755653836371,637.2427644271254,86241000
1492999200,667.77001953,669.09002686,664.36999512,664.36999512,662.4072393969387,654.3043304888896,637.5126871205869,80720000
1493085600,665.09997559,667.20001221,663.48999023,665.84997559,662.5301942609766,654.5609003800254,637.7946501899343,72004000
1493172000,666.47998047,670.75,666.27001953,670.75,662.823758751656,654.9206581493581,638.1225641183926,89246000
1493258400,670.95001221,678.26000977,670.95001221,677.91998291,663.362909614454,655.4317542551502,638.5185583352245,119147000
1493344800,675.67999268,679.34997559,674.09997559,677.5300293,663.8688781746521,655.9228270339246,638.9067321756701,123152000
1493776800,678.34002686,681.28997803,677.55999756,681.28997803,664.491060312343,656.486541500504,639.3284560150166,115183000
1493863200,681.21002197,685.29998779,680.38000488,682.84002686,665.146380546188,657.0721745084928,639.761406968698,137520000
1493949600,682.52001953,684.36999512,682.22998047,682.71002197,665.7736534541813,657.6419044520819,640.1887563716961,123645000
1494208800,682.7800293,684.09002686,680.88000488,682.02001953,666.353880814032,658.1836403427023,640.604987845908,133439000
1494295200,681.80999756,688.75,681.80999756,688.75,667.1537422135308,658.8628927795312,641.0840426932124,146425000
1494381600,689.44000244,695.41998291,689.44000244,690.39001465,667.9836090862618,659.5634954877638,641.5746493793496,134180000
1494468000,691.71002197,692.57000732,689.70001221,690.76000977,668.7970519678239,660.2567513607024,642.0640559504009,113437000
1494554400,691.16998291,693.82000732,691.11999512,691.83001709,669.6196578650445,660.9583794880201,642.5592396433321,107287000
1494813600,692.34997559,698.02001953,692.34997559,697.01000977,670.5978847187929,661.7595268276197,643.1010383510602,150261000
1494900000,698.30999756,700,694.59997559,694.59997559,671.4551022499074,662.4893145778948,643.6134655872686,186490000
1494986400,694.60998535,698.69000244,692.35998535,698.25,672.4120628838393,663.2839964761638,644.157112695853,127684000
1495072800,695.72998047,702.36999512,695.64001465,696.9699707,673.2891310201308,664.0325736811379,644.6826137705211,147311000
1495159200,697.98999023,702.85998535,697.45001221,702.70001221,674.3395196340547,664.8918500928904,645.2599013171827,143588000
1495418400,706.94000244,713.77001953,706.94000244,709.14001465,675.5823944560527,665.875142638604,645.8955243354196,165949000
1495504800,709.95001221,711.53997803,706.39001465,706.91998291,676.7015940436937,666.7872502001906,646.5027328784503,198243000
1495591200,709.05999756,716.35998535,709,715.36999512,678.0826083678476,667.8668667539641,647.1879792689134,138838000
1495677600,715.59002686,719.90002441,714.59002686,715.34002686,679.4132304568531,668.9218258674316,647.8661090956904,130458000
1495764000,715.75,718.28997803,715.5,718.09997559,680.794899925894,670.0146736390442,648.5649535384198,111046000
1496023200,721.60998535,723.21002197,720.0300293,720.0300293,682.1961545463978,671.1261259870654,649.2760488196295,148246000
1496109600,720.29998779,720.9699707,709.4699707,709.4699707,683.1702194090265,671.9782114251306,649.8749933159517,161019000
1496196000,710.2199707,716.32000732,707.10998535,710.75,684.1552115729899,672.8398067267943,650.4807147754944,116453000
1496282400,711.07000732,716.54998779,711.07000732,716.54998779,685.3121678664545,673.8111440837545,651.1381204771313,86310000
1496368800,717.11999512,717.60998535,713.19000244,716.51000977,686.4263765058669,674.760007765671,651.7885870372594,96262000
1496628000,716.98999023,721.14001465,716.98999023,718.69000244,687.5786488606574,675.736229869545,652.4542727626598,97451000
1496714400,719.54998779,727.47998047,719.54998779,727.47998047,689.0036964181339,676.8860909939996,653.2007972174592,111326000
1496800800,730.27001953,733.44000244,729.61999512,731.5300293,690.5224940210577,678.1004007341329,653.9801925615641,117760000
1496887200,732.08001709,734.2199707,728.53997803,732,692.0038335203056,679.2981696067077,654.7565090534888,106035000
1496973600,732.64001465,736.63000488,732.35998535,733.2800293,693.4779833695804,680.4977664887808,655.5378376131556,107104000
1497232800,733.57000732,735.02001953,729.5300293,731.11999512,694.8223409320955,681.6227049028079,656.2898988818804,107281000
1497319200,730.88000488,734.83001709,728.95001221,734.83001709,696.2511865091635,682.8050896180788,657.0713925953941,96806000
1497405600,736.91998291,739.73999023,735.67999268,737,697.7065012766934,684.0094209598992,657.8667021218081,111845000
1497492000,738.16998291,741.29998779,736.40002441,738.67999268,699.169840255383,685.2243225536793,658.6708144656707,109357000
1497578400,742.58001709,742.65002441,740.20001221,742.11999512,700.7037743576907,686.4886708329308,659.5011545716839,143607000
1497837600,745.54998779,749.57000732,745.45001221,749.57000732,702.4489969634875,687.8904783104213,660.3973620617169,115595000
1497924000,751.64001465,753.03997803,749.16998291,751.34002686,704.1951051740772,689.3004682781897,661.3022641990133,104889000
1498010400,750.15997314,752.15997314,742.77001953,752.15997314,705.9081361728602,690.6973461640076,662.2063210043963,127146000
1498096800,752.51000977,754.5,751.05999756,752.25,707.5632027381151,692.0651829159185,663.1022780093276,114989000
1498183200,751.91998291,754.54998779,748.15997314,754.03997803,709.2230875699681,693.4424005851204,664.0071307458517,132599000
1498442400,755.71002197,758.23999023,754.33001709,756.71002197,710.9190495128264,694.8483477270066,664.9295475739526,145680000
1498528800,757.65002441,757.65002441,749.89001465,750.51000977,712.3330123791541,696.0852735501843,665.7810944614755,146072000
1498615200,750.11999512,752.83001709,747.35998535,752.83001709,713.77933397597,697.3462678510691,666.6472528955902,103004000
1498701600,755.02001953,758.52001953,755.02001953,756.58001709,715.307929801471,698.6625733897121,667.542106270659,114891000
1498788000,758.91998291,760.89001465,758.59002686,760.41998291,716.919074555347,700.0349602679407,668.4662642471699,110470000
1499047200,760.60998535,763.97998047,760.58001709,760.58001709,718.4783939315846,701.3804059750976,669.3828190018249,114937000
1499133600,760.65997314,761.29998779,755.59002686,758.44000244,719.9055942354565,702.6483970076509,670.268960130563,114735000
1499220000,759.09002686,760.65002441,756.27001953,760.65002441,721.3607524559759,703.9373220610365,671.1682742029951,120854000
1499306400,763.54998779,765.55999756,762.64001465,764.29998779,722.8942965750482,705.2787146327913,672.0949579202787,127717000
1499392800,765.58001709,765.79998779,756.47998047,756.47998047,724.0937852855822,706.4165205402849,672.9346098859476,148221000
1499652000,756.66998291,756.66998291,743.19000244,745.33001709,724.8522221357399,707.2812649080563,673.6549621964357,130275000
1499738400,745.04998779,748.4699707,738.89001465,748.4699707,725.695713155892,708.1965694812106,674.3993901417448,113525000
1499824800,751.84002686,754.61999512,747.90002441,754.02001953,726.7072955263959,709.2148683711838,675.1916352102846,99892000
1499911200,756.09997559,757.5300293,752.95001221,757.5300293,727.8081074468818,710.2885386140464,676.0109227136649,108399000
1499997600,758.55999756,760.16998291,755.63000488,756.84002686,728.844961711636,711.3230161306232,676.8151924066632,102258000
1500256800,755.95001221,756.28997803,740.63000488,744.63000488,729.4087132533632,712.0631714361649,677.4899666601292,147144000
1500343200,738.84002686,742.02001953,733.7800293,739.23999023,729.759830288243,712.6671007426946,678.1043947553518,105668000
1500429600,742.92999268,743.61999512,737.82000732,737.82000732,730.047693753663,713.2260542221903,678.698579955,126442000
1500516000,736.23999023,736.38000488,731.98999023,736.22998047,730.2684897078179,713.7372525832527,679.2710317014179,104784000
1500602400,736.67999268,738.76000977,728.69000244,728.69000244,730.2121151625387,714.0695359134027,679.762762753543,101221000
1500861600,727.13000488,729.63000488,722.83001709,727.85998535,730.1281105263765,714.3759903453271,680.241342082861,93046000
1500948000,726.38000488,735.40997314,726.38000488,735.40997314,730.316748476863,714.8434121852086,680.7902836854196,82089000
1501034400,737.36999512,744.7800293,735.34002686,744.7800293,730.8332942205465,715.5086703433151,681.4269975721318,127658000
1501120800,743.85998535,746.34002686,741.7800293,742.9699707,731.2667469519555,716.1189214623525,682.0393654639513,129351000
1501207200,742.65002441,748.63000488,742.0300293,748.63000488,731.8868633065285,716.8413899827447,682.7019588909767,113364000
1501466400,747.78997803,753.39001465,746.66998291,753.39001465,732.6548329973668,717.653581642017,683.4053226298724,188061000
1501552800,752.79998779,755.5,752.77001953,754.11999512,733.421445930318,718.4639463859722,684.1089512118638,140772000
1501639200,750.0300293,754.91998291,746.88000488,751.7800293,734.0771096220924,719.2043037840617,684.7822952724422,132574000
1501725600,751.71002197,757.04998779,751.71002197,753.94000244,734.7864986513034,719.9762081986381,685.4704316621692,128045000
1501812000,754.05999756,757.04998779,754.05999756,757.04998779,735.5816232633997,720.800069967335,686.1826660515009,112623000
1502071200,757.89001465,761.11999512,756.94000244,758.36999512,736.3954936868497,721.6349571929499,686.9009479327794,126993000
1502157600,759.51000977,759.51000977,752.17999268,752.89001465,736.9845837212479,722.3295140253288,687.5575555618066,137191000
1502244000,750.17999268,750.17999268,737.15002441,737.19000244,736.9919201040605,722.6597471012103,688.0514107546244,176771000
1502330400,733.61999512,740.41998291,733.61999512,738.14001465,737.0329234807011,723.003753046739,688.549804823235,108497000
1502416800,737.22998047,740.67999268,734.10998535,739.34002686,737.1153200299618,723.3667813537004,689.0551801668844,103280000
1502676000,739.02001953,745.47998047,739.01000977,745.47998047,737.4140579028203,723.858185778507,689.6166209659203,91466000
1502762400,746.36999512,746.38000488,739.83001709,740.75,737.5331986920053,724.2335594278736,690.1254108070555,83342000
1502848800,740.77001953,743.15002441,736.84002686,743.15002441,737.7337996105051,724.6539253163653,690.6530189026072,96064000
1502935200,743.15002441,743.9699707,736.42999268,736.42999268,737.6872350772728,724.9156157022238,691.1085111789992,109292000
1503021600,732.66998291,738.75,732.0300293,737.40997314,737.6773328652274,725.1932680897299,691.5692222432878,87106000
1503280800,737.14001465,738.75,735.90002441,736.7800293,737.6452863093265,725.4507516721803,692.0190810199715,97605000
1503367200,736.65002441,736.73999023,730.58001709,731.71002197,737.433312582922,725.5898465676875,692.4140157557927,91600000
1503453600,732.72998047,735.71002197,730.27001953,735.71002197,737.3717664896034,725.8147393544056,692.8448217877748,102492000
1503540000,735.88000488,741.78997803,734.90997314,739.90002441,737.4620614153318,726.1277456889743,693.3130327591402,159632000
1503626400,739.64001465,742.80999756,739.64001465,742.80999756,737.6530591347843,726.4984623972193,693.8055398715866,155393000
1503885600,743.39001465,749.08001709,741.65002441,749.08001709,738.061164776042,727.0002747237255,694.3555346697798,175342000
1503972000,748.90002441,750.40997314,746.4699707,746.70001221,738.3696950415405,727.4380466678649,694.8763752423193,201615000
1504058400,747.84997559,754.79998779,747.27001953,754.79998779,738.9564912111283,728.0460898039123,695.47263009354,144217000
1504144800,755.46002197,760.52001953,754.61999512,758.16998291,739.6426873432308,728.7155096507142,696.0964843504203,136459000
1504231200,759.15997314,762.59002686,758.7800293,762.08001709,740.4440205484726,729.4569431493651,696.7530369149932,87990000
1504576800,763.25,765.84002686,760.15997314,764.03997803,741.2867333156701,730.2254550356014,697.4225587171326,111923000
1504663200,763.85998535,764.41998291,760.5,763.26000977,742.071493189039,730.9595562519213,698.077657732584,98260000
1504749600,763.41998291,766.4699707,762.67999268,765.29998779,742.9010822819305,731.7226769527675,698.746536638628,97933000
1504836000,766.47998047,770.95001221,766.16998291,769.20001221,743.8403297793616,732.5555066251504,699.4475662463033,89379000
1505095200,769.32000732,772.51000977,763.5,763.5,744.5424608586701,733.2431620334804,700.0849038955938,101452000
1505181600,761.91998291,767.15002441,760.72998047,766.76000977,745.3359447483605,733.9879808720698,700.7483377848914,94848000
1505268000,769.40997314,771.54998779,768.10998535,771.38000488,746.2660897530619,734.8189147389127,701.4511404425542,95840000
1505354400,771.91998291,776.7800293,771.91998291,773.89001465,747.2526584993811,735.6871614036035,702.1719252605387,101110000
1505440800,771.15002441,774.29998779,769.85998535,774,748.2079206958318,736.5385578168567,702.8866324718766,103031000
1505700000,776.26000977,779.64001465,774.65997314,777.94000244,749.2697807581236,737.4585899195932,703.633432173052,113224000
1505786400,778.21002197,781.44000244,776.97998047,776.97998047,750.2594307478334,738.3368430429356,704.3632485740167,112195000
1505872800,778.20001221,778.32000732,774.86999512,775.94000244,751.1765940225537,739.1724688073148,705.0754550801458,89979000
1505959200,776.40997314,776.76000977,772.86999512,773.5300293,751.9749309967482,739.9359701515966,705.7565951221344,91762000
1506045600,773.65997314,777.5300293,773.23999023,776.04998779,752.83475445365,740.7385038768945,706.4560318650982,107723000
1506304800,776.36999512,777.39001465,773.15002441,775.84002686,753.6563713253054,741.5185377209635,707.1464198749977,88357000
1506391200,776.89001465,777.14001465,772.15002441,777.14001465,754.4950728726159,742.3101260971644,707.842873554351,110198000
1506477600,774.88000488,777.47998047,774.30999756,774.30999756,755.2027487543081,743.021234351894,708.5042379723176,106483000
1506564000,774.33001709,780.15997314,774.23999023,774.77001953,755.90157985344,743.7267629114075,709.1635989828418,116786000
1506650400,775.05999756,779.78997803,775.05999756,776.75,756.6461662872457,744.4606126244873,709.8361004855001,86544000
1506909600,777.53997803,779.41998291,773.58001709,773.86999512,757.2613030312726,745.1141544577209,710.4732536659428,70458000
1506996000,774.16998291,775.21002197,767.26000977,770.04998779,757.7180417726557,745.6682840873272,711.0660569905604,105424000
1507082400,769.52001953,777.94000244,769.4699707,777.94000244,758.4402546536323,746.3854333840532,711.7314693830921,70427000
1507168800,779.4699707,782.52001953,778.83001709,778.83001709,759.1684604549312,747.1064241330741,712.3991166239568,99535000
1507255200,779.14001465,781.64001465,777.80999756,781.11999512,759.9524438358264,747.862281266117,713.0829064597384,87748000
1507514400,783.07000732,783.30999756,779.91998291,782.36999512,760.753070667404,748.6291193517588,713.7723302275022,90946000
1507600800,781.46002197,786.4699707,780.59002686,786.4699707,761.6715313828539,749.4700271594976,714.4956898341936,94953000
1507687200,786.36999512,790.54998779,785.5300293,787.63000488,762.5986197220377,750.3180266643976,715.2233944615151,104791000
1507773600,788.20001221,792.13000488,787.38000488,789.55999756,763.5615260733935,751.1900704620776,715.9630621540374,97145000
1507860000,788.29998779,794.5,787.97998047,794.5,764.6664715707723,752.1525133406982,716.7445242221564,98836000
1508119200,794.5,796.7199707,791.10998535,791.22998047,765.6151683171732,753.0209014991271,717.4856730405429,99929000
1508205600,791.27001953,796.23999023,791.27001953,796.23999023,766.7089119569171,753.9813256931466,718.2692980872042,117804000
1508292000,796.95001221,798.60998535,792.5300293,793.54998779,767.6675218080986,754.8606292952988,719.0183596762868,123340000
1508378400,794.28997803,796.83001709,792,793.66998291,768.5961811331665,755.7230593756256,719.7611618975177,95186000
1508464800,793.5300293,796.75,789.01000977,789.23999023,769.333460029482,756.4678800612783,720.4524935227165,122768000
1508724000,787.20001221,788.4699707,780.4699707,782.76000977,769.8129796630719,757.052149610361,721.0724688087591,140755000
1508810400,781.47998047,787.76000977,779.26000977,787.76000977,770.4539450240336,757.7345465027973,721.736026430264,97545000
1508896800,788.82000732,792.95001221,787.38000488,792.79998779,771.252017979961,758.5137785314018,722.4431305233957,81416000
1508983200,791.83001709,796.34997559,785.13000488,791.64001465,771.9801607181766,759.2499171118151,723.1316567336106,126007000
1509069600,791.88000488,801.29998779,789.73999023,801.29998779,773.0272973993132,760.1843631268858,723.9094510724801,89298000
1509328800,801.58001709,805.34997559,800.14001465,801.07000732,774.0288227536234,761.092932997844,724.6772178013111,120879000
1509415200,800.44000244,802.15002441,794.20001221,795.47998047,774.7949355292084,761.8570896083363,725.3817229024921,116866000
1509501600,795.90002441,798.40997314,795.22998047,798,775.6236878317367,762.6602653948178,726.1042928238604,110126000
1509588000,797.71002197,804.7800293,789.48999023,790.09997559,776.1406981088176,763.2700367324885,726.7410657867076,119697000
1509674400,790.44000244,800.26000977,788.51000977,800.26000977,777.002102096717,764.092036133322,727.472597567636,107196000
1509933600,803.14001465,807.65997314,801.70001221,807.09002686,778.0766708382628,765.0475470383593,728.2648107944257,95109000
1510020000,808.29998779,812.70001221,805.85998535,808.92999268,779.1785751897534,766.0227124970625,729.0674494201528,105892000
1510106400,812.09002686,818.40002441,811.09997559,816.63000488,780.5161262501193,767.1473189944611,729.9387186287084,109902000
1510192800,820.4699707,823.20001221,817.05999756,818.40002441,781.8691226129722,768.2862680036953,730.8189306265323,101378000
1510279200,816,826.09002686,816,823.34997559,783.3505816478661,769.5099059500577,731.7396375415916,112550000
1510538400,825.08001709,833.07000732,825.08001709,833.07000732,785.1262754218709,770.9223526471675,732.7478999274464,147403000
1510624800,833.20001221,837.34002686,826.96002197,835.40997314,786.9221217689469,772.3554108803415,733.7694130937405,112310000
1510711200,835.15002441,843.77001953,833.15997314,841.61999512,788.8756172457703,773.8946238634451,734.8425532134047,110716000
1510797600,839.59002686,853.32000732,839.59002686,853.32000732,791.1772026055642,775.6596323847018,736.0214333537689,119691000
1510884000,854.53997803,860.21002197,847.0300293,851.46002197,793.3301604400083,777.3440854865974,737.1700760265672,111384000
1511143200,850.86999512,862.92999268,849.09002686,862.92999268,795.8158687342938,779.2459945353396,738.4214184808303,103519000
1511229600,865.97998047,882.09002686,865.97998047,870.47998047,798.4824441534262,781.2734164449987,739.7354340230111,146030000
1511316000,871.71002197,878.94000244,868.09002686,878.94000244,801.3559283779466,783.4437850226655,741.1205541067623,132143000
1511402400,882.36999512,888.61999512,874.39001465,879.90997314,804.1614299765914,785.5874780919396,742.501543350874,152943000
1511488800,877.5300293,886.22998047,872.98999023,884.57000732,807.0331648817131,787.7870898525632,743.9151599077808,150679000
1511748000,883.70001221,898.40002441,882.84997559,890.7800293,810.0241243252234,790.075821840284,745.3765018917829,160288000
1511834400,891.5,895.17999268,886.25,893.84002686,813.0175494157511,792.3816930629444,746.8537508964419,267658000
1511920800,896.13000488,902.09002686,893.16998291,902.09002686,816.1987093244743,794.8196560362122,748.3983904582683,150948000
1512007200,905.65002441,909.39001465,899.65002441,899.65002441,819.1791134346716,797.149219777852,749.9033818408726,163324000
1512093600,899.73999023,909.17999268,899.73999023,909.02001953,822.3877172237906,799.6352375501219,751.4866319671326,153451000
1512352800,911.04998779,923.65997314,911.04998779,921.59997559,825.9310121654408,802.3455650621192,753.1793020529323,191629000
1512439200,923.83001709,926.0300293,903.09997559,903.09997559,828.6870465734609,804.5845519627388,754.6710500483259,178884000
1512525600,900.2199707,901,882.39001465,899.23999023,831.2067945611944,806.6880061464558,756.1095469655565,172078000
1512612000,901.65997314,905.42999268,886.07000732,891.26000977,833.3515522472233,808.5673840047567,757.4543276899789,116012000
1512698400,891.02001953,898.0300293,884.52001953,892.94000244,835.4797111826796,810.4423310810954,758.8024438566457,108604000
1512957600,891.34997559,892.04998779,875,875,836.8911500690125,811.87694594596,759.9586384451368,128384000
1513044000,883.35998535,885.94000244,850.5,878.95001221,838.3932522883334,813.3674585296053,761.1426322139414,171134000
1513130400,882.51000977,883.08001709,875.2800293,877.90997314,839.8045637473215,814.8017366320585,762.3044963027579,87200000
1513216800,877.95001221,891.84002686,877.95001221,891.84002686,841.6629731442029,816.5136986371239,763.5934070545712,98404000
1513303200,889.75,895.35998535,889.11999512,890.40997314,843.403937429767,818.1558380705211,764.8552634335307,177283000
1513562400,900.58001709,910.9699707,900.08001709,910.9699707,845.817010046561,820.2183743511762,766.3091411177742,176246000
1513648800,915.10998535,917.69000244,906.72998047,906.72998047,847.9924732759696,822.14085448715,767.7063633998858,138289000
1513735200,906.78997803,913.28997803,902.39001465,908.27001953,850.1452427850421,824.0548359325467,769.105006744464,117308000
1513821600,905.64001465,912.65002441,899.21002197,899.21002197,851.897556327362,825.7249511778234,770.3995840103897,107680000
1513908000,901.10998535,906.15997314,899.65002441,905.92999268,853.8272861970992,827.5072854334273,771.7481452906843,99629000
1514167200,907.10998535,909.65997314,904.5300293,907.5,855.744168832917,829.2849013126845,773.0989100141601,78684000
1514253600,908.94000244,913.54998779,906.84997559,913.47998047,857.80616210567,831.1559030717359,774.49573658586,95093000
1514340000,915.25,919.17999268,912.08001709,914.60998535,859.8348700786818,833.0104382334752,775.8899082153539,125927000
1514426400,916.39001465,922.79998779,914.04998779,921.61999512,862.0414816873002,834.9795394976202,777.3399588313205,103910000
1514512800,922.23999023,933.35998535,921.79998779,928.60998535,864.4189282466824,837.0602160721176,778.8451332245412,136096000
1514858400,930.57000732,941.57000732,928.69000244,941.57000732,867.1743239278724,839.382655877626,780.4642862006154,132230000
1514944800,945.53997803,958.96002197,944.65997314,952.54998779,870.2234547800912,841.8974854756788,782.1765817388183,158334000
1515031200,955.34997559,962.44000244,955.34997559,962.10998535,873.5051165861594,844.5688743617748,783.9669638643027,177647000
1515117600,962.47998047,962.52001953,954.40997314,956.45001221,876.4674342870109,847.0551218695131,785.6832131015733,179748000
1515376800,955.46002197,968.84997559,950.21002197,968.84997559,879.7668107621176,849.7616741744127,787.5057679522045,174089000
1515463200,972.83001709,982.54998779,965.76000977,981.21002197,883.3897825909705,852.6827485698702,789.4331734648193,211944000
1515549600,982.11999512,990.2800293,978.02001953,983.53997803,886.9665752852216,855.5906870023175,791.3645844555176,250431000
1515636000,983.48999023,991.78997803,976.70001221,989.29998779,890.6213400175351,858.5620047975993,793.3340909563582,197760000
1515722400,991.94000244,998.5,987.29998779,991.75,894.2330778740517,861.5217380243193,795.3083786085338,217868000
1515981600,992.14001465,1004,986.45001221,1004,898.1533250928355,864.687921623779,797.3849121547175,189579000
1516068000,999.5,1004.86999512,991.23999023,1002.97998047,901.8971342134486,867.7610784870283,799.4306342275064,217928000
1516154400,1001.48999023,1002.88000488,974.36999512,974.36999512,904.4854506743968,870.1301655233166,801.1713243856407,197158000
1516240800,973.21002197,989.16998291,958.08001709,989.16998291,907.5098982542398,872.7754947985762,803.0419578037935,183746000
1516327200,991.7800293,1001.84002686,989.77001953,994.65002441,910.6220456169456,875.4838176788301,804.9485057302234,193278000
1516586400,999.90997314,1019.03997803,999.90997314,1017.98999023,914.4566150674118,878.6506215133005,807.0683214963902,175017000
1516672800,999.90997314,1019.03997803,999.90997314,1017.98999023,918.1542356089328,881.7470519292272,809.1670445683665,175017000
1516845600,1026.57995605,1040.39001465,1022.5300293,1028.56994629,922.0976538475423,885.0097829150221,811.350158018333,317569000
1516932000,1029,1042.22998047,1021.67999268,1036.05004883,926.167382239773,888.3662332686883,813.5859778274043,188405000
1517191200,1039.82995605,1047.06005859,1028.60998535,1029.58996582,929.8610459390668,891.5045384364953,815.735271240266,194931000
1517277600,1021.57000732,1033.29003906,1013.9699707,1033.29003906,933.5549385505287,894.6553273392399,817.8999952981738,210785000
1517364000,1032.41003418,1045.2199707,1029.07995605,1029.07995605,936.966546318367,897.6425413105901,820.0012884399831,226625000
1517450400,1031.06005859,1031.06005859,1011.57000732,1019.90997314,939.9288115619968,900.3595953512437,821.9904295812768,169335000
1517536800,1020.13000488,1023.2199707,1010.84002686,1023.2199707,942.9034958169254,903.0898259145494,823.9927135725078,121306000
1517796000,1015.84002686,1015.84002686,972.36999512,972.36999512,943.9558707920353,904.629385230226,825.4691044336769,185968000
1517882400,950.78997803,951.63000488,911.21002197,944.09997559,943.9610173919626,905.5065094604432,826.6495111118493,275101000
1517968800,969.2199707,974.22998047,961.11999512,966.07000732,944.7506241751069,906.8523649684333,828.0367797308359,140024000
1518055200,959.17999268,966.97998047,951.28997803,951.28997803,944.9841725270674,907.8398674809126,829.2631797139121,115281000
1518141600,922.96002197,936.65002441,908.35998535,936.65002441,944.6865243800293,908.4800931904479,830.3317055317837,139982000
1518400800,940.59002686,969.72998047,940.59002686,969.72998047,945.5809335260997,909.8412017966601,831.7187530436067,118926000
1518487200,978.14001465,988.77001953,978.14001465,987.51000977,947.0784005348104,911.5671753071788,833.2689148020784,107384000
1519178400,997.09002686,1011.86999512,996.78997803,1007.30999756,949.2295289999958,913.6947935794637,835.0006668693213,126146000
1519264800,1001.26000977,1009.29998779,996.09997559,997.23999023,950.9441883296388,915.5513535050312,836.6149884948007,141674000
1519351200,1005.17999268,1018.89001465,1001.41998291,1018.89001465,953.3708249839374,917.8477681971416,838.4286703470913,135943000
1519610400,1028.54003906,1035.7199707,1024.30004883,1024.30004883,955.9040115498682,920.2133744334274,840.2781367996575,168113000
1519696800,1031.69995117,1031.82995605,1018.09002686,1028.66003418,958.5024409295157,922.6233002055734,842.1525835397605,133016000
1519783200,1020.57000732,1035.0300293,1019.90002441,1030.7800293,961.0837833713188,925.0267830743385,844.0294735473251,161456000
1519869600,1028.41003418,1038.06005859,1022.39001465,1028.26000977,963.4829343141288,927.3208547786866,845.8626132112323,157399000
1519956000,1019.03997803,1033.95996094,1016.84997559,1032.84997559,965.9603286454098,929.6659463522714,847.7231839811703,138172000
1520215200,1039.29003906,1042.97998047,1014.5,1014.5,967.6938883366452,931.5511475444431,849.3826547873279,189660000
1520301600,1023.65997314,1035.13000488,1009.79998779,1035.13000488,970.1023210703364,933.8528999296777,851.2308871265584,152823000
1520388000,1034.83996582,1040.22998047,1020.84002686,1028.07995605,972.1729508910387,935.9468345101293,852.9905793546524,175083000
1520474400,1028.5300293,1043.0300293,1027.91003418,1039.75,974.5864169306444,938.2535715210153,854.8488820476409,126395000
1520560800,1041.7199707,1050.61999512,1036.22998047,1040.27001953,976.9322598806214,940.5206036989927,856.6938684902515,135958000
1520820000,1040.27001953,1048.08996582,1037.15002441,1038.68005371,979.1375382316706,942.7019248103484,858.5046763033833,131311000
1520906400,1038.68005371,1046.16003418,1033.0300293,1044.93005371,981.4872709273253,944.9736610081184,860.3596551830511,146089000
1520992800,1044.9699707,1054.07995605,1044.9699707,1049.23999023,983.9070109024209,947.2906905463824,862.2390615019262,161010000
1521079200,1049.16003418,1049.16003418,1041.47998047,1044.81005859,986.0821197484058,949.4577876140183,864.0556883386234,147566000
1521165600,1046.76000977,1051.75,1044.4699707,1047.69995117,988.2827565848913,951.6409468041513,865.882994436448,189955000
1521424800,1047.65002441,1065.59997559,1047.65002441,1061.29003906,990.8901595304309,954.0775932987258,867.8273431391699,161951000
1521511200,1061.18994141,1067.43994141,1057.06994629,1063.08996582,993.4687240407726,956.5000904658652,869.7702548076359,136961000
1521597600,1063.09997559,1076.68005371,1063.09997559,1075.04003906,996.3819852914593,959.1343115457349,871.8127402230823,157199000
1521684000,1075.04003906,1086.19995117,1072.32995605,1073.01000977,999.1187004514071,961.6648826173853,873.8147031041461,154870000
1521770400,1072.89001465,1072.89001465,1045.11999512,1058.58996582,1001.2426742145711,963.8187733552212,875.6532629321646,186186000
1522029600,1058.68994141,1077.44995117,1054.20996094,1073.15002441,1003.8107938644079,966.248356711994,877.6184048374166,129471000
1522116000,1073.25,1087.47998047,1073.25,1075.57995605,1006.373978228179,968.6779478083942,879.5881715161488,151349000
1522202400,1075.59997559,1083.72998047,1071.40002441,1076.59997559,1008.8820495625298,971.0762150924298,881.5484879745951,117001000
1522288800,1076.59997559,1081.08996582,1069.26000977,1071.88000488,1011.1319765381537,973.3162993099314,883.4423339139523,99681000
1522375200,1071.88000488,1080.56994629,1064.69995117,1080.26000977,1013.6008348678625,975.692826209044,885.4007187483409,112157000
1522634400,1080.33996582,1097.20996094,1080.33996582,1095.67004395,1016.5318780493675,978.3589866032875,887.4929508398997,170240000
1522720800,1095.67004395,1097.20996094,1084.5300293,1088.13000488,1019.0889540076043,980.7983425649921,889.4893394373136,162182000
1522807200,1088.32995605,1101.7199707,1088.32995605,1095.32995605,1021.8118469376899,983.3434895313256,891.5375047767433,139208000
1522893600,1095.32995605,1104.40002441,1094.73999023,1100.43005371,1024.619640036701,985.9454131797406,893.6160376019498,129877000
1522980000,1100.43005371,1110.61999512,1100.43005371,1105.15002441,1027.4957251928902,988.594404540413,895.7208533910846,159954000
1523239200,1104.89001465,1110.93005371,1101.88000488,1107.68005371,1030.3594512113584,991.2407522997372,897.829900160427,158458000
1523325600,1107.68005371,1113.05004883,1091.42004395,1097.25,1032.7483993823814,993.5965133597431,899.8141797608207,178416000
1523412000,1097.5,1100.90002441,1069.2800293,1069.2800293,1034.0531004508678,995.2783692695266,901.5004071194195,184138000
1523498400,1068.94995117,1074.9699707,1054.73999023,1074.9699707,1035.5144172454795,997.0492937457593,903.226472428679,127433000
1523584800,1075.06005859,1085.10998535,1064.55004883,1067,1036.6389023438553,998.6037538847424,904.8560597676972,116963000
1523844000,1067.0300293,1069.33996582,1055.2800293,1061.7800293,1037.5367997351461,1000.0076711161926,906.4174923003569,100948000
1523930400,1061.82995605,1069.83996582,1054.76000977,1065.14001465,1038.522628839248,1001.4550565280549,907.9968208809504,101103000
1524016800,1065.14001465,1071.04003906,1052.31994629,1052.58996582,1039.0250337314178,1002.5913878456537,909.4355586415379,99421000
1524103200,1052.63000488,1052.63000488,1011.22998047,1011.22998047,1038.0323532577956,1002.7833565706392,910.4484384607266,126314000
1524189600,1011.23999023,1030.73999023,995.41998291,1030.56994629,1037.7658387232316,1003.4008363421805,911.6436773446,105238000
1524448800,1030.60998535,1038.39001465,998.39001465,998.39001465,1036.3595592920447,1003.2894847490209,912.5068249794796,136364000
1524535200,998.34002686,1001.9699707,973.03997803,996.28997803,1034.9285028184001,1003.1339401552649,913.3404881939126,125022000
1524708000,996.34997559,998.84997559,959.57000732,966.26000977,1032.4760566381,1002.3145194800368,913.8670505976548,137962000
1524794400,966.26000977,976.36999512,956.25,976.36999512,1030.4722687267395,1001.7379744942582,914.4889704436483,112876000
1525226400,976.35998535,980.07000732,958.65002441,961.92999268,1028.0243302964989,1000.8533526761636,914.9610204161494,115012000
1525312800,961.84002686,961.84002686,938.98999023,958.76000977,1025.5506045634097,999.9179450560266,915.3968312554912,128834000
1525399200,958.73999023,969.58001709,956.40997314,960.59997559,1023.2309392429308,999.044212401226,915.8466137861828,97688000
1525658400,960.95001221,991.91998291,960.95001221,991.91998291,1022.112690802469,998.8858961903098,916.6035627326885,92564000
1525744800,991.84002686,1001.09997559,987.83001709,990.01000977,1020.9661664798808,998.6886542698585,917.3339751410199,96207000
1525831200,990.01000977,997.95001221,981.09002686,989.08001709,1019.8273754302422,998.475128999195,918.0478661056864,86568000
1525917600,988.94000244,989.48999023,958.17999268,965.40997314,1017.8838967770193,997.7403477578796,918.5191308522965,103085000
1526004000,965.40997314,976.05999756,951.71002197,975.28997803,1016.3626853931972,997.2414506528156,919.084014903816,93097000
1526263200,975.28997803,993.03997803,974.84002686,993.03997803,1015.5297315587974,997.1480845945308,919.8198951339273,76160000
1526349600,993.03997803,1006.55999756,993.03997803,996.79998779,1014.8608121384832,997.1403491099857,920.585866205132,86043000
1526436000,996.79998779,996.79998779,977.52001953,980.21002197,1013.6232839181803,996.764119617986,921.179141386872,81075000
1526522400,980.26000977,981.64001465,958.46002197,958.46002197,1011.653167420031,995.9129174480307,921.5500954225249,76001000
1526608800,958.42999268,970.41998291,942.34997559,969.48999023,1010.1473396632441,995.3257412876301,922.0271093012062,85376000
1526868000,969.53997803,974.03997803,947.54998779,947.54998779,1007.9117199534854,994.2640578765717,922.2810682911445,71973000
1526954400,947.54998779,947.54998779,902.19000244,912.27001953,1004.4959449383609,992.4419681355367,922.1814558656605,117568000
1527040800,912.27001953,924.34997559,899.09002686,920.27001953,1001.4878761737766,990.8381470554137,922.162436598639,89569000
1527127200,920.27001953,925.41998291,905.69000244,913.40002441,998.3418814679275,989.1172998855156,922.0752484176576,76498000
1527213600,913.40002441,913.82000732,892.98999023,892.98999023,994.5793139237157,986.9811374487264,921.7858428635516,90540000
1527472800,892.98999023,892.98999023,853.60998535,856.83001709,989.6596961796545,984.0888903296436,921.1395162389391,140667000
1527559200,856.82000732,887.57000732,843.17999268,881.55999756,985.798992657524,981.8104704903182,920.7456901824322,112360000
1527645600,881.54998779,881.54998779,861.27001953,875.35998535,981.8547423965409,979.4449041538667,920.2940911293732,79237000
1527732000,875.35998535,901.69000244,871.77001953,900.09002686,978.9345739845216,977.6814624362252,920.0930556640063,105424000
1527818400,900.09002686,920.41998291,900.09002686,918.66998291,976.7822671604316,976.3700962245313,920.0788957361058,118961000
1528077600,919.85998535,943.51000977,919.84002686,943.33001709,975.5875439436305,975.6358722437639,920.3102501774381,104936000
1528164000,943.33001709,955.46002197,943.13000488,954.90002441,974.8487039602866,975.1750756252358,920.6544270354735,122159000
1528250400,955.03997803,969.84002686,944.65002441,969.27001953,974.6494652306335,975.0438521564528,921.138164274225,106455000
1528336800,970.15002441,978.86999512,966.27001953,972.54998779,974.574483893468,974.9884329483094,921.6497247072178,109852000
1528423200,972.55999756,973.41998291,964.04998779,971.85998535,974.4775375169156,974.9189118905692,922.1493292907281,85319000
1528682400,971.73999023,977.73999023,962.22998047,969.33001709,974.2936975016686,974.7947142283343,922.6187888708204,92499000
1528768800,969.27001953,969.27001953,936.9699707,954.66998291,973.5928505519662,974.3474979768158,922.937706224444,130754000
1528855200,954.69000244,964.0300293,950.94000244,962.97998047,973.2138194776103,974.0948864766643,923.3361368139521,69645000
1528941600,962.47998047,968.34997559,952.97998047,952.97998047,972.4911823701956,973.6256663431828,923.6311004324202,106459000
1529028000,952.85998535,955.02001953,943.90997314,952.69000244,971.7839973726886,973.1604293675565,923.9202437359783,107406000
1529287200,952.67999268,953.97998047,921.97998047,921.97998047,970.0052824833069,972.0230860587219,923.9009376338292,107969000
1529373600,921.77001953,921.77001953,874.11999512,896.39001465,967.3761657749745,970.3423511385281,923.6271971066269,155017000
1529460000,896.42999268,915.51000977,890.34002686,915.51000977,965.5238030605111,969.123854663672,923.5464290734267,81795000
1529546400,915.54998779,915.54998779,900.78997803,904.64001465,963.34938204585,967.690880441146,923.3583055468254,67406000
1529632800,904.48999023,921.21002197,896.17999268,920.01000977,961.8015473217125,966.6313055373428,923.3249891709365,71686000
1529892000,920.29998779,934.16998291,920.2800293,927.97998047,960.5936342198656,965.772387202513,923.3713074923203,87359000
1529978400,927.90002441,927.90002441,908.16998291,921.16998291,959.1856466730848,964.7812226626793,923.349403765133,86094000
1530064800,921.15997314,923.84002686,910.52001953,910.52001953,957.4475885608317,963.5754181486197,923.2217482006043,98191000
1530151200,912.03997803,916.02001953,893.10998535,896.46002197,955.2694611825877,962.083964900206,922.955462367464,98177000
1530237600,896.44000244,900.64001465,889.53997803,896.39001465,953.1666238064239,960.6240993390903,922.6911295543548,76946000
1530496800,894.88000488,894.88000488,869.01000977,879.91998291,950.5506723458374,958.8306745295549,922.2655460056548,111214000
1530583200,879.91998291,880.4699707,844.55999756,844.55999756,946.765291103486,956.2913261524537,921.4923564688821,122864000
1530669600,844.58001709,854.25,833.84997559,853.63000488,943.4390308812186,954.0099634575104,920.8171091893907,85988000
1530756000,853.63000488,857.54998779,829.19000244,837.7199707,939.6633501604608,951.4257413962324,919.9902719904914,94219000
1530842400,834.46002197,860.42999268,825.09002686,857.38000488,936.7246592575872,949.3358361403161,919.3672842580487,106125000
1531101600,857.48999023,867.15002441,848.89001465,850.48999023,933.644849649459,947.1392617867535,918.6819380488143,78019000
1531188000,850.39001465,856.41998291,848.97998047,848.97998047,930.6211043216213,944.957944424159,917.9883862321097,67893000
1531274400,845.21002197,845.21002197,825.0300293,833.88000488,927.1660650558491,942.4895457676221,917.1514869151733,108698000
1531360800,831.21002197,844.45001221,825.46002197,836.97998047,923.9451334634973,940.1448887610082,916.3537604828831,66764000
1531447200,837.04998779,852.91998291,837.04998779,850.70001221,921.3292362758724,938.1572248376525,915.7004893557897,93510000
1531706400,850.7199707,860.7199707,849.54998779,856.08001709,918.9989070192341,936.3332868877046,915.1072508257819,83900000
1531792800,855.84997559,867.97998047,847.34002686,867.97998047,917.1768024996186,934.8143245228667,914.6383227625403,102789000
1531879200,867.98999023,887.29998779,867.40997314,887.29998779,916.1097734028465,933.7584503732475,914.3662995289826,146038000
1531965600,887.48999023,896.04998779,886.20001221,892.23999023,915.2572811466734,932.8358179256197,914.1461372474007,125960000
1532052000,892.07000732,892.57000732,880.35998535,882.05999756,914.0716638757208,931.7074663619393,913.8268721758843,132469000
1532311200,882.42999268,896.25,880.9699707,885.53997803,913.0526750955165,930.681522176785,913.545410542592,154886000
1532397600,885.53997803,887.45001221,873.46002197,880.71002197,911.8975803410337,929.5710443944121,913.2186902582876,129984000
1532484000,880.72998047,887.41998291,875.48999023,875.48999023,910.5973092656396,928.3692431907584,912.8432803077574,148040000
1532570400,875.48999023,879.59997559,868.92999268,879.34997559,909.4813330629382,927.2799261329637,912.5100135941478,130246000
1532656800,879.34002686,889.01000977,877.92999268,886.44000244,908.6584283978333,926.37237227312,912.2506104980866,118484000
1532916000,886.59002686,898.75,886.59002686,898.32000732,908.289199073625,925.7489863852729,912.1119975311406,135455000
1533002400,898.30999756,905.89001465,894.47998047,901.9699707,908.0635123459956,925.2205638144891,912.0110818412785,175393000
1533088800,902.15997314,904.86999512,894.09997559,897.34997559,907.6808860332815,924.6012174095005,911.865200187037,137958000
1533175200,897.65002441,897.65002441,883.78997803,895.84997559,907.25835351745,923.9623009246227,911.7058447184097,149459000
1533261600,896.33001709,906.89001465,896.33001709,899.67999268,906.9876977732554,923.4226940747421,911.586184499122,119936000
1533520800,899.69000244,902.09002686,895.20001221,898.41998291,906.6817079567105,922.8670782710813,911.4551775181358,114044000
1533607200,898.40997314,898.85998535,892.14001465,893.59002686,906.2141479175423,922.2164771286128,911.27741482502,95811000
1533693600,893.60998535,901.30999756,893.60998535,901.17999268,906.0343566590586,921.7489996964215,911.1769429628804,100992000
1533780000,901.21002197,908.94000244,898.78997803,899.40997314,905.797771533378,921.2525768840566,911.0598586860358,120529000
1533866400,899.40997314,903.57000732,891.9699707,903.20001221,905.7049944146859,920.8514087801886,910.9816512584135,130374000
1534125600,901.77001953,912.5300293,897.46002197,912.5300293,905.9487456605899,920.6664892361845,910.9970580050959,136708000
1534212000,912.54998779,920.05999756,912.14001465,917.30999756,906.3545046569974,920.5919005322693,911.0598733240502,111399000
1534298400,917.29998779,920.66998291,901.4699707,901.71002197,906.1886302753189,920.1723032308855,910.9668399772437,130930000
1534384800,901.65002441,903.28997803,887.72998047,903.28997803,906.0851069808433,919.7971404486436,910.8904532912014,119929000
1534471200,903.29998779,911.08001709,902.42999268,902.42999268,905.9545671843846,919.4112038315627,910.8062696035278,88774000
1534730400,902.42999268,906.2199707,898.34002686,901.57000732,905.7979757606565,919.0147327979724,910.714366496229,121711000
1534816800,901.5,911.30999756,901.19000244,911.30999756,905.9948336820617,918.8435164593508,910.7202931734804,127519000
1534903200,911.28997803,918.5,911.28997803,914.7199707,906.3064457184166,918.751882109143,910.760090959814,128872000
1534989600,914.70001221,918.33001709,913.19000244,916.59002686,906.6737164734732,918.7038408813843,910.8181002722537,102144000
1535076000,916.59997559,918.22998047,911.48999023,916.09997559,907.0103685847777,918.6459772082424,910.8706562455645,113522000
1535335200,916.10998535,923.5,916.10998535,920.21002197,907.481784777107,918.6807337585036,910.9635852577479,133081000
1535421600,920.22998047,925.14001465,919.80999756,924.15002441,908.0770790497103,918.8022735507591,911.0947936075215,118249000
1535508000,924.25,924.94000244,918.5,919.63000488,908.4896835436492,918.8206675802978,911.1797210828696,105268000
1535594400,919.63000488,928.5,915.83001709,928.5,909.2043377028047,919.0357638562912,911.3520621666221,115171000
1535680800,928.5,931.65997314,923.27001953,923.27001953,909.7066834823473,919.129858426818,911.4706488070537,120227000
1536026400,923.27001953,924.83001709,907.77001953,907.77001953,909.6375169126206,918.8774175624443,911.4338266251925,124594000
1536112800,907.77001953,909.11999512,895.89001465,898.34002686,909.234035125027,918.42103110239,911.3035400603648,115350000
1536199200,898.34002686,901.11999512,889.34997559,889.85998535,908.5421047759189,917.7863411967813,911.090171356779,99108000
1536285600,889.89001465,901.08001709,888.72998047,901.08001709,908.2756016442789,917.415089549964,910.9905678317365,107067000
1536544800,901.05999756,902.96002197,898.15002441,899.33001709,907.9561164816262,917.0131990508537,910.8745424512217,98593000
1536631200,899.59002686,914.60998535,897.08001709,914.42999268,908.1873263458538,916.9557944648348,910.9099200654384,104299000
1536717600,914.21002197,921.95001221,914.21002197,914.22998047,908.4031354217161,916.8952208205051,910.9429554923495,121282000
1536804000,914.20001221,918.55999756,911.73999023,913.64001465,908.5901668227262,916.822882905605,910.9697919018784,99914000
1536890400,913.61999512,920.21002197,913.61999512,916.15002441,908.8601617365574,916.8079304945915,911.0213365039492,105924000
1537149600,916.15002441,917.29998779,909.16998291,911.20001221,908.9437278248946,916.6833100882671,911.0231143716711,94195000
1537236000,911.09002686,917.55999756,904.23999023,917.55999756,909.2514517440055,916.7027920320834,911.0881579854853,116174000
1537322400,917.55999756,926.48999023,917.55999756,920.69000244,909.6599714117197,916.7913967078149,911.1836987263263,143275000
1537408800,920.69000244,928.83001709,920.32000732,928.69000244,910.3396153770154,917.0558101685301,911.3578908030793,118803000
1537495200,928.80999756,935.21002197,925.42999268,931.19000244,911.0842720578363,917.3699033301183,911.5552252472278,197574000
1537754400,931.2199707,940.57000732,931.2199707,939.66998291,912.1051903025565,917.8654606541156,911.8349740796932,115504000
1537840800,939.65997314,942.95001221,935.52001953,940.54998779,913.121075927108,918.3695612571353,912.120695609149,140185000
1537927200,940.54998779,945.4699707,936.78997803,940.9699707,914.1156793118541,918.8717925780878,912.4077530727396,150528000
1538013600,940.9699707,948.59997559,940.9699707,946.15002441,915.2597630653594,919.4779755076859,912.7434970661452,119237000
1538100000,946.10998535,951.67999268,946.10998535,949.79998779,916.4933425198109,920.1517980028484,913.11221836688,159854000
1538359200,949.82000732,955.33001709,945.51000977,946.14001465,917.5521522387462,920.7293139283406,913.4408531557668,167618000
1538445600,946.13000488,948.84002686,941.53997803,944.15002441,918.5020762448625,921.2497741612664,913.7464170488438,145906000
1538532000,944.16998291,948.98999023,943.09997559,946.84997559,919.5145012214745,921.8186675263494,914.0758056910444,108086000
1538618400,946.84002686,950.30999756,945.88000488,950.30999756,920.6143403764218,922.4518081937638,914.436344913621,125840000
1538704800,950.28997803,950.30999756,938.08001709,938.08001709,921.2381145447638,922.7991017247913,914.6716053332865,138870000
1538964000,936.73999023,936.73999023,927.51000977,929.03997803,921.5167525263794,922.937787864907,914.8145742158408,131768000
1539050400,929.01000977,932.4699707,925.65002441,926.10998535,921.6807965557944,923.0082811423536,914.9269663664295,130599000
1539136800,926.10998535,928.76000977,920.2199707,923.9699707,921.7625527752302,923.0296520214124,915.0169465090521,124107000
1539223200,923.25,923.25,872.04998779,878.94000244,920.2331759775434,922.0498820307143,914.6579719412008,264478000
1539309600,878.73999023,900.83001709,867.44000244,900.64001465,919.5334202158455,921.5741072000318,914.5184897790994,148173000
1539568800,900.64001465,901.07000732,886.40997314,887.38000488,918.385083953851,920.8142382595867,914.2484551034864,86445000
1539655200,887.38000488,897.27001953,885.60998535,897.27001953,917.630974510142,920.2910333989291,914.0795154460388,81123000
1539741600,897.91998291,906.64001465,897.91998291,903.67999268,917.1327251590654,919.9218991607307,913.9760376075708,99321000
1539828000,903.70001221,903.70001221,894.55999756,895.61999512,916.364413371956,919.3818568487145,913.7933904186398,81486000
1539914400,895.53997803,895.53997803,879.14001465,891.39001465,915.4724705604575,918.7598159109652,913.5704712567627,95855000
1540173600,891.39001465,896.40002441,882.08001709,882.08001709,914.2798829365126,917.9447092704994,913.2571334043571,93286000
1540260000,879.42999268,879.42999268,854,867.41998291,912.6063150784229,916.8219375735994,912.801042354662,136883000
1540346400,867.40997314,868.46002197,856.5300293,856.63000488,910.6071611427649,915.4843390692971,912.2421265588941,91750000
1540432800,856.60998535,856.60998535,821.92999268,848.46002197,908.3876204580233,913.9949098004238,911.6074787520395,118800000
1540519200,848.53997803,856.32000732,841.20001221,841.20001221,905.9880630205939,912.3772454095255,910.906906945651,95771000
1540778400,841.27001953,841.27001953,830.94000244,835.14001465,903.457775578787,910.6608625037583,910.1530075198236,84094000
1540864800,833.55999756,840.71002197,828.55999756,833.36999512,900.9546405624018,908.9432876730081,909.3889974461936,84366000
1540951200,833.36999512,857.42999268,833.36999512,857.13000488,899.389475002316,907.7918813887189,908.8690074704106,112843000
1541037600,857.13000488,857.2199707,843.09997559,845.07000732,897.4494940136618,906.3980619649697,908.2341915485159,84594000
1541124000,845.07000732,861.27001953,845.0300293,859.52001953,896.0948699249597,905.356327688637,907.7494734189785,121597000
1541383200,859.38000488,860.7800293,851.79998779,860.7800293,894.8336256169254,904.3657432800006,907.2821157660534,83722000
1541469600,861.15002441,864.90997314,857.35998535,857.35998535,893.495281321678,903.3211708815562,906.7853781499732,80021000
1541556000,857.26000977,859.94000244,850.75,856.71002197,892.181522059118,902.2853675724106,906.2871158994262,85324000
1541642400,856.72998047,866.34002686,856.72998047,858.91998291,890.9936099466495,901.3216923576904,905.8158011433126,91775000
1541728800,858.91998291,858.91998291,845.86999512,845.86999512,889.3820522742692,900.089432419075,905.2193254614886,94984000
1541988000,843.7800293,848.13000488,836.11999512,847.61999512,887.8905502330452,898.92344492354,904.6461977963991,73872000
1542074400,847.61999512,847.61999512,834.69000244,835.41998291,886.0166014000794,897.5122568787947,903.957379737828,92997000
1542160800,835.41998291,841.44000244,830.89001465,834.34997559,884.1713647640051,896.1086506279325,903.2647687512824,86702000
1542247200,834.34997559,837.15002441,823.61999512,828.14001465,882.1702451170764,894.5982364950896,902.5172587602249,90624000
1542333600,828.15002441,836.27001953,827.33001709,831.39001465,880.356665457538,893.1936093429765,901.8095249879839,101870000
1542592800,831.39001465,848.46002197,831.39001465,848.46002197,879.2174996186974,892.1995296235771,901.2786841619343,86441000
1542679200,848.44000244,852.15002441,843.92999268,852.15002441,878.2508040755296,891.3095406188309,900.7898417763429,86231000
1542765600,852.14001465,855.79998779,841.36999512,855.79998779,877.4489892081892,890.5204394448568,900.3421815376728,82152000
1542852000,855.92999268,858.86999512,855.09997559,857.46002197,876.735097521111,889.7857635009711,899.9154933827706,79476000
1542938400,857.41998291,857.91998291,848.98999023,850.09002686,875.7834878546428,888.9036360200606,899.4197175964744,74809000
1543197600,850.10998535,854.65002441,846.90002441,853.79998779,874.9983628523341,888.1235549482815,898.9657899367085,57384000
1543284000,853.82000732,861.71002197,852.80999756,854.25,874.2573498933222,887.3708092827641,898.5208567035074,72548000
1543370400,854.22998047,859.7800293,853.17999268,859.7800293,873.740302729275,886.7576808387026,898.1353758338208,61914000
1543456800,859.84002686,867.64001465,856.23999023,856.23999023,873.1152915685866,886.0795099362871,897.718506325325,76975000
1543543200,856.16998291,857.2800293,850.16998291,854.78997803,872.4608160850656,885.3841870050362,897.2913567900482,90654000
1543802400,854.84002686,878.72998047,854.84002686,878.72998047,872.684714813099,885.236315748702,897.1066664784059,116157000
1543888800,878.78997803,885.34997559,877.16998291,884.09997559,873.0924026979884,885.2110637451754,896.9772466685711,137625000
1543975200,884.04998779,884.53997803,873.29998779,881.79998779,873.4033878798459,885.1352620572826,896.8262291672918,112050000
1544061600,881.7199707,884.27001953,874.23999023,880.22998047,873.6471947580657,885.0262557997875,896.6610923643336,109863000
1544148000,880.22998047,889.16998291,880.22998047,886.34002686,874.1005101902776,885.0554507122366,896.5583951951363,111006000
1544407200,885.86999512,885.94000244,879.67999268,880.27001953,874.3208498095535,884.9491077970758,896.3963218054334,88031000
1544493600,880.09002686,882.65002441,873.7199707,879.64001465,874.5108199824266,884.831127949363,896.2295923810012,84975000
1544580000,879.70001221,885.02001953,879.57000732,885.02001953,874.8861485376971,884.8353255400439,896.1180543426829,102834000
1544666400,885.41998291,891.63000488,885.16998291,886.15002441,875.2884298188508,884.8645410704873,896.0188699652432,104335000
1544752800,886.14001465,886.14001465,877.30999756,878.41998291,875.4002710006775,884.721328666921,895.8437566612109,98964000
1545012000,878.40997314,878.40997314,862.13000488,862.22998047,874.9299034817248,884.2215209292116,895.5092912264726,108054000
1545098400,862.22998047,862.22998047,843.36999512,852.10998535,874.1149064055917,883.5079312496736,895.0774573371544,112458000
1545184800,852.04998779,852.9699707,840.45001221,845.22998047,873.083301907892,882.6573101212364,894.5814625424564,91132000
1545271200,842.91998291,846.39001465,839.57000732,841.94000244,871.9710412126101,881.7524810616534,894.0576669195464,72445000
1545357600,841.94000244,841.94000244,831.59002686,838.35998535,870.770646360374,880.7882033791722,893.5034611327848,85129000
1545616800,838.39001465,843.66998291,837.70001221,837.70001221,869.5895522835749,879.8306880198572,892.9482029345481,77003000
1545703200,837.69000244,837.69000244,814.23999023,828.83001709,868.1338545980901,878.6973397769715,892.3102110355974,116290000
1545789600,828.80999756,830.85998535,823.51000977,824.82000732,866.5869314810154,877.5000657223721,891.6386667200193,70054000
1545876000,825.25,835.97998047,825.25,830.2800293,865.290256403122,876.4507315796527,891.0281330143474,76726000
1545962400,830.65002441,832.97998047,820.10998535,820.10998535,863.676675294082,875.1987149967715,890.3224798037569,85608000
1546394400,820.15002441,829.13000488,817.38000488,819.47998047,862.0982219075077,873.9605208961766,889.6175793128738,64945000
1546480800,819.47998047,819.52001953,800.75,804.90002441,860.0554291397395,872.4258431964838,888.7746185675716,96790000
1546567200,804.91998291,807.78997803,789.83001709,806.83001709,858.1545215665345,870.9681581718953,887.9592493986405,79848000
1546826400,806.83001709,823.05999756,806.83001709,816.76000977,856.6761461452297,869.7635326518532,887.2507992530819,59750000
1546912800,816.76000977,818.30999756,808.66998291,811.90002441,855.0769989404001,868.4776769131454,886.5010402994194,63290000
1546999200,812,821.7199707,811.7800293,821.13000488,853.8646062953858,867.4255064235199,885.8505822355446,80680000
1547085600,821.11999512,824.27001953,818.80999756,822.78997803,852.7547981430506,866.4336057925528,885.2231135369819,69155000
1547172000,822.70001221,827.77001953,822.70001221,825.7800293,851.7914135415131,865.5301929816072,884.6316400619871,74183000
1547431200,825.84997559,825.84997559,820.61999512,824.55999756,850.8188629707447,864.6197441944604,884.0339122758977,70045000
1547517600,824.55999756,829.9699707,821.85998535,829.9699707,850.074259675361,863.8497492279168,883.4959626084758,69299000
1547604000,829.96002197,832.55999756,826.59002686,829.19000244,849.3283933455266,863.0795326326298,882.9556047958541,75711000
1547690400,829.08001709,829.47998047,820.52001953,820.52001953,848.2995228521149,862.1337656747936,882.3343551912187,86760000
1547776800,820.52001953,825.59997559,820.09002686,821.67999268,847.348825345968,861.234792941576,881.7308291960823,65845000
1548036000,821.69000244,830.27001953,821.69000244,829.40997314,846.7081520528976,860.5275747237631,881.210223663186,85026000
1548122400,829.42999268,832.4699707,826.97998047,827.09002686,846.0075047245798,859.7845181045684,880.6717142422588,84559000
1548208800,827.09997559,832.35998535,825.35998535,829.73999023,845.4265220640591,859.116861929578,880.1649309187537,73151000
1548295200,829.64001465,833.53997803,829.21002197,832.69000244,844.9716463631999,858.5295983853651,879.6925435707064,65112000
1548381600,832.63000488,835.57000732,832.5300293,833.94000244,844.5776590802284,857.9831629199126,879.2372944052267,65895000
1548640800,833.85998535,837.27001953,832.54998779,834.96002197,844.2341720405774,857.4715375654702,878.7967245302493,55839000
1548727200,835,838.19000244,830.09002686,838.19000244,844.0183088405568,857.0430590071264,878.3926775442767,58401000
1548813600,838.17999268,838.17999268,834.60998535,835.79998779,843.7247973744654,856.570990757857,877.9688696860252,61551000
1548900000,835.79998779,840.42999268,831.42999268,833.7800293,843.3696270860917,856.0645249476823,877.5291797319354,76677000
1548986400,833.79998779,835.51000977,828.34997559,829.91998291,842.8892826512313,855.4835351246228,877.0554563804734,68614000
1549850400,829.92999268,847.14001465,829.92999268,847.14001465,843.0410945083302,855.29812355852,876.757790293603,75139000
1549936800,847.15997314,859.2800293,847.15997314,857.95001221,843.5735558548183,855.3570544174419,876.5706482231194,130828000
1550023200,857.94000244,865.77001953,857.25,865.77001953,844.3662867003605,855.5884536421654,876.4631792808993,130352000
1550109600,865.77001953,873.34997559,865.75,870.83001709,845.3114199285619,855.9271550521173,876.4071279158157,108009000
1550196000,870.84997559,873.20001221,865.94000244,868.73999023,846.1481545821847,856.211884722737,876.3308379885937,105970000
1550455200,868.73999023,876.96002197,868.73999023,876.96002197,847.2485784174638,856.6729544393428,876.3370985257221,113504000
1550541600,876.97998047,887.76000977,876.97998047,880.55999756,848.4382719582687,857.2037776198018,876.3791174215855,148679000
1550628000,880.57000732,886.76000977,879.86999512,885.23999023,849.752619039402,857.8268045666952,876.4672853102264,104271000
1550714400,885.29998779,900.28997803,884.73999023,900.28997803,851.5575247176376,858.7704306436575,876.7043270288311,121807000
1550800800,900.59002686,906.04998779,895,901.58001709,853.3440423023649,859.7217547869095,876.9518463329224,142723000
1551060000,901.58001709,913.89001465,901.58001709,908.89001465,855.3278270290662,860.8143827838671,877.2696390524953,134074000
1551146400,908.84002686,911.70001221,895.01000977,902.10998535,856.998618397671,861.7320628408924,877.5168066773462,148372000
1551232800,902.10998535,909.34002686,902.10998535,905.52001953,858.7315255809684,862.7051285450948,877.7954456112034,154489000
1551319200,905.5300293,905.70001221,880.79998779,880.79998779,859.5196849455767,863.107236528315,877.825341553281,149948000
1551405600,880.79998779,893.0300293,880.78997803,892.08001709,860.6825539507347,863.7510760963524,877.9671791208106,99515000
1551664800,892.13000488,905.17999268,892.11999512,904.78997803,862.2578190964227,864.6630516948779,878.234072642295,154277000
1551751200,904.70001221,907.45001221,898.91998291,900.19000244,863.6125399301219,865.452539489214,878.4525396054563,166163000
1551837600,900.19000244,903,894.39001465,901.39001465,864.9617354558318,866.2511500483427,878.6807731879891,119170000
1551924000,901.42999268,910.33001709,900.23999023,900.23999023,866.2216731263378,867.0064576079351,878.8952927605465,126742000
1552010400,900.14001465,900.14001465,891.28997803,891.92999268,867.1398273961115,867.5603139428698,879.0249912672077,121805000
1552269600,891.92999268,895.67999268,889.39001465,893.27001953,868.0730485437504,868.1316407336949,879.1667328419619,92252000
1552356000,896.22998047,905.7199707,896.22998047,905.7199707,869.4175814779021,868.9669369551683,879.4309441639324,127314000
1552442400,905.7199707,915.10998535,905.7199707,910.21002197,870.8744543526199,869.8834499554979,879.7372036445898,139861000
1552528800,910.21002197,913.77001953,906.80999756,910.40997314,872.2864371664549,870.784039359598,880.0424053311114,120133000
1552615200,910.40997314,910.88000488,901.54998779,904.20001221,873.4262077037243,871.5266165340513,880.2827795289112,140329000
1552874400,904.2199707,911.84002686,904.15997314,910.40002441,874.7467011575199,872.3904700424057,880.58245360733,126576000
1552960800,910.40002441,913,902.76000977,905.09997559,875.8307466729656,873.1173479434633,880.8264090499435,130201000
1553047200,905.08001709,905.08001709,891.59002686,900.88000488,876.7253630375026,873.7342958753864,881.0259473169093,115982000
1553133600,900.95001221,905.13000488,883.15002441,883.15002441,876.9548152293775,873.9435342872666,881.0470824123629,123283000
1553220000,883.16998291,890.53997803,882.2199707,888.26000977,877.3585721772569,874.2616781868829,881.118852833832,102148000
1553479200,888.14001465,888.14001465,864.98999023,869.2800293,877.0700527887834,874.1509748782855,881.0010535946893,123806000
1553565600,869.53997803,877.71002197,867.58001709,870.51000977,876.8357655381126,874.0700645425459,880.8966650989213,95288000
1553652000,870.5,879.03997803,870.5,877.01000977,876.8419885463943,874.1353966587116,880.8579919115689,74073000
1553738400,876.77001953,880.35998535,873.80999756,879.35998535,876.931917003666,874.251498629629,880.8430863736428,83339000
1553824800,879.35998535,884.14001465,877.83001709,877.83001709,876.9639920067493,874.3310212620818,880.8131055847508,91282000
1554084000,877.83001709,884.67999268,877.83001709,884.65997314,877.238848475794,874.5605535260355,880.8513828738578,91479000
1554170400,884.71002197,891.97998047,882.30999756,883.08001709,877.4474616405871,874.749874938568,880.873558338695,94926000
1554256800,883.08001709,883.08001709,877.34997559,881.28997803,877.5846943687804,874.8952105628221,880.8777018182105,85793000
1554343200,881.28997803,885.89001465,880.48999023,883.78997803,877.8063116423955,875.0928720620926,880.9066796909647,81881000
1554429600,883.78997803,886.10998535,882.79998779,884.95001221,878.0614438055242,875.311919620935,880.9469118553332,84584000
1554688800,884.95001221,887.84997559,882.40997314,887.84997559,878.4110342263983,875.5905430869142,881.0155990566731,94999000
1554775200,887.84997559,890.40002441,878.89001465,879.77001953,878.4595694158127,875.683420341205,881.003205230537,106463000
1554861600,879.61999512,879.61999512,867.86999512,872.95001221,878.262799515605,875.6226779382893,880.9230739567008,91054000
1554948000,872.91998291,876.79998779,872.4699707,876.73999023,878.2084134696905,875.6475071003273,880.8814512330521,71871000
1555034400,876.75,876.75,872.59997559,874.26000977,878.0673990518444,875.61667382632,880.81556624337,70057000
1555380000,871.28997803,871.28997803,856.98999023,868.38000488,877.7214206885642,875.4558589608463,880.6918293143813,89640000
1555466400,868.38000488,872,863.45001221,863.45001221,877.2117275286155,875.189062366383,880.5202689451835,96939000
1555552800,863.40997314,864.85998535,854.21002197,855.22998047,876.426665133665,874.7455272131301,880.2686242837389,91493000
1555639200,855.23999023,863.01000977,855.23999023,858.46002197,875.7849993063912,874.3836270966161,880.0516232656917,62917000
1555898400,858.53997803,859.09002686,851.27001953,856.13000488,875.0830352197344,873.9779910473579,879.8135972121026,76425000
1555984800,856.13000488,859.54998779,853.76000977,856.38000488,874.4150698504582,873.5869246880833,879.5804271391464,73658000
1556071200,856.38000488,865.76000977,856.28997803,865.76000977,874.1059605618703,873.4129932454592,879.4429105484087,83314000
1556157600,865.75,866.0300293,861.22998047,863.17999268,873.7157474232321,873.1855932328934,879.281090470116,73186000
1556244000,863.17999268,868.48999023,860.45001221,868.48999023,873.5291132377595,873.0812464994958,879.1737163383737,70963000
1556762400,868.45001221,870.66998291,866.92999268,870.16998291,873.4091442974824,873.0165517530626,879.0841269510266,85630000
1556848800,870.11999512,871.58001709,865.95001221,869.9699707,873.2863166690008,872.9488499518834,878.9934388291259,92474000
1557108000,869.73999023,869.73999023,852.20001221,854.7800293,872.6253778343937,872.5450983818415,878.7525093810749,92577000
1557194400,856.34002686,861,851.90002441,853.55999756,871.9444713960225,872.1232072524673,878.5018376216613,77861000
1557280800,853.5,853.5,844.55999756,848.65002441,871.1125268608074,871.6015809670791,878.2048046543811,78411000
1557367200,848.65002441,851.65997314,844.11999512,847.30999756,870.2624365286357,871.0617680024774,877.8973936385166,78885000
1557453600,847.35998535,853,847.26000977,852.0300293,869.611279127613,870.6388404757556,877.6400069286807,79351000
1557712800,851.96002197,856.96002197,850.54998779,856.96002197,869.1594485148411,870.3348667311833,877.4342359340669,84927000
1557799200,856.15997314,859.85998535,849.86999512,859.85998535,868.8273248303825,870.1020915893793,877.2593677690513,88845000
1557885600,860.07000732,870.70001221,860.07000732,870.07000732,868.8717063478689,870.1013786056153,877.1878318441851,109701000
1557972000,870.08001709,874.48999023,870,870.57000732,868.9323599540164,870.1117925770461,877.1219828439445,92406000
1558058400,871.23999023,871.98999023,867.30999756,868.63000488,868.9215615585158,870.0788639615562,877.0374855507708,83038000
1558317600,868.38000488,877.29998779,866.55999756,877.29998779,869.2207910667831,870.2393333799661,877.0400975133502,95275000
1558404000,878.26000977,882.35998535,875.83001709,876.20001221,869.4700489647552,870.3717929095224,877.0317384556055,86409000
1558490400,876.25,881.26000977,872.4699707,873,869.5961186445853,870.4301975115329,876.9916216550522,86344000
1558576800,873,874.13000488,867.84997559,871.32000732,869.6576860972787,870.4499710628322,876.9351876815691,76556000
1558663200,870.52001953,873.54998779,861.22998047,861.22998047,869.3566966105901,870.2450823829915,876.7789169630461,89615000
1558922400,861.09997559,865.33001709,860.55999756,865.2800293,869.2111013494977,870.1347478700362,876.6645001703789,68948000
1559008800,865.28997803,867.76000977,859.90002441,861.59002686,868.9389201177298,869.9448651809244,876.5145054110717,82016000
1559095200,862.77001953,864.0300293,859.33001709,861.03997803,868.6568150431681,869.7469787997927,876.3605300142451,82303000
1559181600,861.0300293,864.90002441,857.65002441,859.84002686,868.3419297509121,869.5268243122417,876.1961468982824,69533000
1559268000,859.84002686,860.82000732,851.40002441,852.36999512,867.7715035140938,869.145561441303,875.9590707611851,81999000
1559527200,852.36999512,852.36999512,835.97998047,840.45001221,866.795735967519,868.5078825694962,875.6057467955017,104289000
1559613600,840.45001221,844.86999512,835.42999268,840.94000244,865.8723169129647,867.895263011063,875.260814015845,72398000
1559700000,840.94000244,847.91998291,840.94000244,841.2800293,864.9940209267874,867.3038133730394,874.9226967549907,67853000
1559786400,841.29998779,842.51000977,830.59997559,839.30999756,864.0767343779735,866.681728577194,874.5683415391202,70356000
1559872800,838.85998535,847.79998779,838.85998535,847.79998779,863.4954219998316,866.2621343374786,874.301989760522,69758000
1560132000,847.97998047,854.88000488,846.09997559,850.75,863.0402283569805,865.9174202410902,874.0676416037008,85461000
1560218400,850.76000977,852.76000977,848.57000732,850.0300293,862.5755783906598,865.564367109066,873.8284613817734,61336000
1560304800,850.02001953,850.02001953,844.21002197,844.21002197,861.9196656613505,865.0898261059756,873.5337505418553,66131000
1560391200,844.21002197,844.21002197,836.08001709,839.41998291,861.1161055630879,864.519385146065,873.1943100679065,66175000
1560477600,839.32000732,842.61999512,838.76000977,840.86999512,860.3930301901205,863.9938431454858,872.8726750933005,69602000
1560736800,840.84997559,841.5300293,830.76000977,832.40997314,859.3936352954734,863.2919793675861,872.4700611435164,70822000
1560823200,831.59997559,833.33001709,825.2800293,827.77001953,858.2642204467064,862.5026024823064,872.0252846100486,74238000
1560909600,829.63000488,834.07000732,829.63000488,833.84997559,857.3922831303955,861.8658774402552,871.6454307889536,77536000
1560996000,833.84997559,844.86999512,833.84997559,842.28997803,856.8529150910957,861.4308574533607,871.3533367316505,92351000
1561082400,842.28997803,847.44000244,842.28997803,842.84997559,856.3528101089138,861.0179489675082,871.0697211979027,110377000
1561341600,842.91998291,849.57000732,842.91998291,845.17999268,855.953780915024,860.6659943833414,870.8121119589186,75424000
1561428000,845.17999268,846.66998291,843.19000244,845.03997803,855.5640022405589,860.3187495754894,870.5556728153473,80488000
1561514400,844.71002197,846.64001465,842.77001953,843.48999023,855.1327875258961,859.9447771455897,870.2863625408662,82772000
1561600800,843.51000977,843.7199707,832.38000488,832.38000488,854.3201881456855,859.3322266507988,869.9091848526983,88436000
1561687200,832.42999268,841.14001465,826.48999023,841.14001465,853.8494676636967,858.9279552730032,869.6229244526714,86199000
1561946400,841.15002441,851.90002441,841.15002441,851.85998535,853.7784147239219,858.7708892747142,869.4461787899583,89350000
1562032800,851.86999512,852.70001221,846.70001221,848.91998291,853.604899301996,858.5519802443873,869.2419380349338,71076000
1562119200,848.91998291,848.91998291,843.13000488,846.89001465,853.3650819929962,858.292825453401,869.0195308370737,77733000
1562205600,846.89001465,856.72998047,846.89001465,856.72998047,853.4852569386035,858.2580955648809,868.8972467538192,96987000
1562292000,856.73999023,858.77001953,854.21002197,858.34002686,853.6586415786534,858.259916260328,868.7921997897016,83836000
1562551200,858.34002686,858.34002686,847.32000732,849.9699707,853.5269033329872,858.0756952478763,868.6049139281125,86979000
1562637600,849.97998047,851.82000732,846.63000488,851.60998535,853.4584419764519,857.9320128057012,868.4358101611662,84203000
1562724000,851.60998535,856.34002686,851.59997559,854.54998779,853.4974257555073,857.8568566942412,868.2976427743884,82002000
1562810400,854.53997803,858.45001221,854.53997803,856.75,853.613589121382,857.8322598788136,868.1827408562352,90769000
1562896800,856.72998047,859.7800293,852.5,852.98999023,853.591317732404,857.7246538866177,868.031569208213,90216000
1563156000,853.17999268,854.09002686,848.40002441,850.80999756,853.4919848691039,857.5709948571373,867.8602102863402,82079000
1563242400,850.80999756,857.64001465,850.80999756,857.26000977,853.6265571869931,857.5640840774231,867.7547356543369,98317000
1563328800,857.26000977,860.05999756,855.2199707,857.45001221,853.7631091521005,857.561549147036,867.6522010927017,107342000
1563415200,857.39001465,857.39001465,850.22998047,850.64001465,853.6515700627398,857.4077372693241,867.4829256057096,83795000
1563501600,850.64001465,859.72998047,850.64001465,859.02001953,853.8433004008563,857.4435657640058,867.3987175850558,116390000
1563760800,859.02001953,861.73999023,855.73999023,857.07000732,853.9585399336828,857.4352644652502,867.2959443485876,95688000
1563847200,857.05999756,865.72998047,856.07000732,865.08001709,854.3557355464084,857.6051478569112,867.273895321139,92350000
1563933600,865.33001709,869.63000488,863,865.21002197,854.7433886329652,857.7741450594243,867.2533592678939,90459000
1564020000,865.23999023,871.11999512,863.17999268,868.66998291,855.2407670000022,858.0162747894371,867.2674550255267,98998000
1564106400,868.66998291,870.01000977,864.42999268,865.82000732,855.6185970114307,858.189691067894,867.2530525607951,83525000
1564365600,865.82000732,868.21002197,859.64001465,866.33001709,856.0011477285225,858.3705872017186,867.2438681282499,81635000
1564452000,866.34002686,870.20001221,855.2800293,855.2800293,855.9753934989324,858.3019081372361,867.1248249558295,94936000
1564538400,855.2800293,864.05999756,851.92999268,861.32000732,856.1662725639704,858.3689770079642,867.0670655763685,91702000
1564624800,861.33001709,867.13000488,860.38000488,867.13000488,856.5578344324001,858.5636665162317,867.0676918380962,93675000
1564711200,867.13000488,867.13000488,857.61999512,864.02001953,856.8243410430287,858.6849188054266,867.0373667405031,104330000
1564970400,864.01000977,864.01000977,850.10998535,850.10998535,856.5845426254205,858.4943647286393,866.8689350848762,107168000
1565056800,849.89001465,849.89001465,836.10998535,844.14001465,856.1400951977269,858.1753791713362,866.6427766725889,124759000
1565143200,844.14001465,849.95001221,841.34002686,845.23999023,855.7508057345938,857.8879260837509,866.4298136234089,94762000
1565229600,845.23999023,854.55999756,844.15997314,853.54998779,855.6722050937154,857.791527455001,866.3016561524297,118415000
1565316000,853.53997803,858.09997559,852.84002686,855.57000732,855.6685551732256,857.7421603408899,866.1948735769827,100681000
1565575200,855.5300293,858.5300293,854.30999756,857.70001221,855.7411072102533,857.741223715759,866.1103475932316,92803000
1565661600,857.70001221,857.70001221,849.42999268,851.91998291,855.6046384852442,857.6118628089644,865.969149934692,106999000
1565748000,851.91998291,860.07000732,851.91998291,853.84002686,855.5416166414855,857.5280442323207,865.848462142904,91028000
1565834400,853.79998779,862.96002197,842,862.96002197,855.8065596889325,857.6487548487136,865.8197214446662,97829000
1565920800,862.95001221,872.25,859.7199707,865.5300293,856.1538264607562,857.8238942809644,865.816838935764,116683000
1566180000,865.53997803,869.96002197,863.30999756,865.65002441,856.492976387515,857.9978082838319,865.8151790897366,77809000
1566266400,865.61999512,869.65997314,865.4699707,869.08001709,856.9425135554609,858.2440795906356,865.847665039988,85765000
1566352800,869.08001709,875.10998535,867.19000244,873.97998047,857.5509945166945,858.5937662768437,865.9285836014807,107009000
1566439200,874.91998291,877.90997314,873.17999268,876,858.2098875696696,858.9805714706915,866.0287966999734,92174000
1566525600,876.15997314,876.84002686,871.03997803,873.69000244,858.7627488150385,859.3074477144539,866.1050276028593,86047000
1566784800,872.72998047,872.72998047,861.22998047,866.41998291,859.0362214612871,859.4655040521327,866.1081614865125,113265000
1566871200,866.41998291,872.67999268,861.95001221,861.95001221,859.1402854165983,859.5207153445298,866.0667868668456,105249000
1566957600,861.94000244,865.5,861,861.4699707,859.223488462434,859.5640321302069,866.0210474024989,79533000
1567044000,861.44000244,865.0300293,858.52001953,865.02001953,859.4305074291328,859.6852762946468,866.0110869261556,85137000
1567130400,864.90002441,869.57000732,864.90002441,868.80999756,859.765489219521,859.8880478783212,866.0389367832088,85726000
1567476000,868.84002686,870.11999512,862.53997803,864.20001221,859.9238650406095,859.9838693079141,866.0206390262614,86023000
1567562400,864.19000244,865.22998047,858.30999756,863.11999512,860.0380125434449,860.0535609926271,865.9917768978409,84578000
1567648800,863.17999268,866.51000977,861.83001709,861.83001709,860.1020127058218,860.0930377947909,865.9503663524893,81444000
1567735200,861.90997314,864.79998779,860.5300293,861.54998779,860.1537261016854,860.1254144613512,865.906581491171,75508000
1567994400,861.55999756,862.67999268,859.05999756,861.61999512,860.2060928523395,860.1586273648767,865.8639288904628,75927000
1568080800,861.5,863.82000732,856.40997314,858.70001221,860.1523042579702,860.1262136947684,865.7926461374234,93627000
1568167200,858.33001709,860.89001465,856.16998291,859.95001221,860.1450795419712,860.122298106218,865.734510476454,70539000
1568253600,859.95001221,867.09997559,859.95001221,867.09997559,860.3934686865437,860.2773576058576,865.7480971940017,91975000
1568340000,867.08001709,876.17999268,866.46002197,875.9699707,860.9497723298814,860.626082341283,865.849807378141,107775000
1568599200,875.94000244,879.85998535,874.09997559,879.38000488,861.607994920957,861.0428361754767,865.9844362090053,99067000
1568685600,879.38000488,884.25,875.85998535,883.84002686,862.4019960616371,861.5494404129106,866.1621037776719,100660000
1568772000,883.85998535,885.96002197,882.73999023,884.44000244,863.1890677180072,862.0581195690681,866.343973416103,109525000
1568858400,884.39001465,888.01000977,880.5300293,887.97998047,864.0744574591498,862.6341609224222,866.5592570683806,101919000
1568944800,887.97998047,889.09002686,883.26000977,883.26000977,864.7596557559659,863.0925131190351,866.7254337121778,130026000
1569204000,883.26000977,886.28997803,879.25,879.25,865.2771680503957,863.4515683830565,866.8500562623054,105114000
1569290400,879.25,883.59997559,877.90002441,881.2800293,865.8486988093102,863.847756403433,866.993638083576,90069000
1569376800,881.15002441,882.88000488,877.4699707,882.15997314,866.4312443211206,864.2546945531345,867.1445468901076,90396000
1569463200,882.64001465,886.47998047,880.89001465,886.47998047,867.147270612152,864.7485897957315,867.3369392640368,103694000
1569549600,886.47998047,892.94000244,886.46002197,892.05999756,868.0370108602895,865.3555099682708,867.5829398440961,112893000
1569808800,892.05999756,897.26000977,890.5300293,890.7199707,868.8471165688505,865.9191646511981,867.8131590565927,119622000
1569895200,890.7199707,892.97998047,889.59002686,892.97998047,869.7090045653201,866.5205161138382,868.0635751900594,108871000
1569981600,892.97998047,893.82000732,885.08001709,886.75,870.3176115451301,866.9700602001974,868.2495097652827,118835000
1570068000,886.73999023,888.84002686,879.32000732,888.84002686,870.979126377804,867.4560594593041,868.4543905323943,108629000
1570154400,888.84002686,891.40997314,883.84002686,883.84002686,871.4384442521682,867.820147623764,868.6074814411267,112256000
1570413600,883.86999512,885.59002686,877.22998047,877.22998047,871.6452848313764,868.029255020347,868.6932774513642,115057000
1570500000,876.97998047,882.57000732,876.34997559,882.36999512,872.0283101988273,868.3479381336726,868.8293641943358,108787000
1570586400,882.38000488,884.64001465,879.97998047,881.80999756,872.377656176012,868.6470950098133,868.9585247253374,99955000
1570672800,881.80999756,884.10998535,880.14001465,881.0300293,872.6866695018688,868.922271327373,869.0786391987172,99565000
1570759200,881.0300293,884.10998535,880.85998535,884.10998535,873.0946450678734,869.2597760834313,869.2282048320633,103031000
1571018400,884.19000244,889.57000732,884.19000244,887.29998779,873.6019787365208,869.6606696769106,869.4080235679631,126323000
1571104800,887.29998779,889.20001221,885.38000488,887.83001709,874.1101229634307,870.0644329527571,869.5913269860929,95122000
1571191200,887.83001709,891.34997559,887.53997803,888.76000977,874.6333332065225,870.4798902153625,869.7820601481218,121472000
1571277600,888.76000977,889.08001709,885.21002197,885.21002197,875.0110720909324,870.8072264765767,869.9355722060509,124644000
1571364000,885.2199707,888.40002441,883.90002441,885.59002686,875.3888919041134,871.1357331517639,870.0913379240006,110775000
1571623200,885.76000977,885.79998779,881.39001465,881.58001709,875.610003517895,871.3678283503914,870.2056531395828,115005000
1571709600,881.59997559,883.95001221,880.34997559,882.63000488,875.8607178522559,871.6180989399382,870.3292785300347,147100000
1571796000,882.63000488,884.45001221,881.58001709,884.32000732,876.1628353332468,871.9003635706063,870.4684897617757,112175000
1571882400,884.30999756,889.51000977,884.13000488,889.51000977,876.6395201345595,872.2916890417039,870.657957622554,105023000
1571968800,889.66998291,890.59997559,887.90002441,890.59997559,877.1381078293966,872.6985398538882,870.8563856620311,96979000
1572228000,890.59002686,893.25,890.09997559,890.13000488,877.6021041526325,873.0859057433573,871.0481629676825,108049000
1572314400,889.92999268,892.70001221,889.14001465,889.14001465,878.0141723846813,873.4426637190605,871.2281813923822,129921000
1572400800,889.15002441,894.46002197,888.40997314,891.71002197,878.5033098698713,873.8486050135258,871.4319808011147,113495000
1572487200,891.71002197,894.17999268,887.84997559,888.11999512,878.8467629145188,874.1657470158918,871.598030694835,126535000
1572573600,888.11999512,901.5,887.73999023,901.16998291,879.6440207715002,874.765841146872,871.8922789755828,143910000
1572832800,901.44000244,906.61999512,899.58001709,905.64001465,880.5724491243038,875.451933891386,872.2280773405024,152349000
1572919200,905.64001465,910.11999512,904.36999512,908.23999023,881.5605755923644,876.1805573655774,872.5864048319402,128768000
1573005600,908.2800293,912.2800293,906.60998535,909.28997803,882.5509113937086,876.9163222692313,872.9516145155029,139090000
1573092000,909.28997803,912.47998047,907.65997314,909.85998535,883.5262354635761,877.6484036710261,873.318861986493,127013000
1573178400,909.88000488,913.35998535,907.63000488,909.23999023,884.4445838480913,878.3504389278922,873.6762861481199,121037000
1573437600,909.23999023,910.79998779,904.21002197,904.98999023,885.1783483617309,878.9424289568279,873.9878652932132,124909000
1573524000,905.01000977,907.71002197,903.42999268,904.65002441,885.8737653634547,879.5137088557873,874.292961403828,119653000
1573610400,904.66998291,905.94000244,897.02001953,898.63000488,886.3293453461885,879.9385154341031,874.5351210404068,124910000
1573696800,898.52001953,902.17999268,894.15002441,895.70001221,886.6640120198961,880.2887709180119,874.7457169724426,127554000
1573783200,895.69000244,897.60998535,891.09002686,894.15002441,886.9313696052569,880.5967987733894,874.9387946583884,118563000
1574042400,894.39001465,895.84002686,887.78997803,888.34997559,886.982034104712,880.7690915915364,875.0722392447725,118749000
1574128800,888.34997559,892.92999268,887.53997803,892.92999268,887.1944611966866,881.0393338379466,875.2499283336803,101695000
1574215200,892.92999268,893.96002197,885.90002441,886.58001709,887.1725167643049,881.1624601324366,875.3626655352357,134586000
1574301600,886.58001709,886.61999512,872.38000488,872.38000488,886.6442127684369,880.9672944601602,875.3329873197607,130444000
1574388000,872.84997559,878.63000488,859.14001465,865.91998291,885.9040617020642,880.6329097590456,875.2393255843402,150704000
1574647200,865.91998291,868.78997803,859.94000244,866.23999023,885.2017734352047,880.3130671028446,875.1497799589239,114043000
1574733600,866.60998535,871.5,866.60998535,868.19000244,884.5942101853759,880.0436656658925,875.0805284413226,113171000
1574820000,868.19000244,871.03997803,866.44000244,866.60998535,883.9519164412553,879.7451394366504,874.9962444304637,104626000
1574906400,866.03997803,867.07000732,856.09002686,858.7800293,883.0529204719247,879.2792481002805,874.8348890560312,109316000
1574992800,858.78997803,861.36999512,856.2800293,860.94000244,882.263173399356,878.8717093078299,874.6966314777623,95715000
1575252000,861.07000732,863.16998291,850.11999512,850.22998047,881.1191307947362,878.235226444767,874.4531822140034,125314000
1575338400,850.13000488,851.82000732,841.84997559,845.07000732,879.8316620992099,877.4982215753278,874.1608123145605,123686000
1575424800,845.15002441,856.71002197,841.98999023,856.71002197,879.0058892374524,877.0362615840983,873.9871726096395,111858000
1575511200,856.54998779,859.90997314,853.0300293,853.78997803,878.1053209800434,876.5196775051184,873.7862054993943,105705000
1575597600,853.7800293,856.02001953,851.32000732,854.55999756,877.2644165721847,876.0316846174491,873.5948999477586,90630000
1575856800,854.53997803,856.7800293,851.33001709,854.96002197,876.4678310506781,875.5634254475058,873.4094782763381,106736000
1575943200,854.96002197,855.20001221,845.09997559,849.23999023,875.4954081642253,874.9784602204501,873.1689858579665,115635000
1576029600,849.13000488,852.39001465,844.4699707,852.39001465,874.6702155387172,874.476494763329,872.962229925549,107260000
1576116000,852.39001465,857.80999756,852.39001465,857.80999756,874.0680648966202,874.1061281588106,872.8114614442998,100671000
1576202400,857.80999756,860.45001221,852.69000244,852.69000244,873.3045626660266,873.6302142539482,872.6112479218689,107917000
1576461600,852.66998291,852.70001221,846.9699707,849.20001221,872.4436858640257,873.0873208751938,872.3783003028453,122830000
1576548000,849.09002686,850,840.70001221,840.90002441,871.3171265263819,872.3720476204116,872.0650836272946,147180000
1576634400,840.90002441,840.90002441,834.04998779,836.10998535,870.0597286272255,871.5662240144025,871.7073214553812,110552000
1576720800,836.10998535,839.71002197,831.89001465,835.25,868.816524033396,870.7591968140824,871.3445620379148,104949000
1576807200,835.22998047,841.03997803,835.22998047,839.55999756,867.7716480879176,870.0658812751028,871.0282977147515,116033000
1577066400,839.55999756,843.02001953,838.65997314,838.98999023,866.7437317358491,869.375305918545,870.70950858555,121078000
1577152800,838.92999268,840.33001709,835.40002441,840.17999268,865.7950267695688,868.7265211799107,870.4057323078829,103776000
1577239200,840.17999268,843.92999268,839.16998291,842.82000732,864.9744903606556,868.1508208719127,870.1312474821328,104818000
1577325600,842.82000732,844.66998291,839.90002441,842.29998779,864.1646866974179,867.5763579145369,869.8543195249972,91324000
1577412000,842.33001709,845.80999756,838.27001953,845.80999756,863.5091620853673,867.0926610177694,869.6150725402708,68913000
1577671200,845.80999756,849.33001709,845.2800293,849.05999756,862.9931204951756,866.6919351631523,869.4105444310144,81944000
1577757600,849.15002441,850.10998535,845.17999268,847.55999756,862.4419375332051,866.2667809941934,869.1931260541884,85896000
1577930400,847.55999756,853.70001221,845.5,853.70001221,862.1297259145192,865.9875194656557,869.0389657174303,89842000
1578016800,853.84997559,857.25,851.34997559,851.59002686,861.7533080911435,865.66757518553,868.8653444352668,90549000
1578276000,851.59002686,851.59997559,841.90002441,842.22998047,861.0560463903884,865.1467397474072,868.6003159381,87561000
1578362400,842.22998047,846.39001465,841.03997803,845.78997803,860.5108296632317,864.7165894870203,868.373347401701,78875000
1578448800,845.76000977,845.76000977,830.73999023,834.5300293,859.5829439359734,864.0457770384198,868.0365979678533,114553000
1578535200,834.5300293,845.7800293,834.5300293,845.17999268,859.0685528196886,863.6265373860105,867.8091690595164,89273000
1578621600,845.23999023,852.64001465,845.16998291,851.25,858.7893187904141,863.3515032218769,867.6444012081779,114071000
1578880800,851.25,851.41998291,848.46002197,848.78997803,858.4321994775421,863.0279137731685,867.4567950074,71756000
1578967200,848.77001953,853.09002686,847.86999512,852.19000244,858.2092638690584,862.7870712990981,867.3048866236448,90773000
1579053600,852.07000732,853.61999512,850.58001709,852.90997314,858.0200034858777,862.567580228896,867.1616536536583,72505000
1579140000,852.90997314,857.53997803,851.7199707,857.40002441,857.997861376025,862.4527456551427,867.0645230144179,102907000
1579226400,857.40002441,862.2199707,856.9699707,858.90002441,858.0300814843812,862.3737962941395,866.9832842223341,83310000
1579485600,858.89001465,859.89001465,856.14001465,859.89001465,858.0965076688676,862.318601146492,866.9127044255945,71932000
1579572000,859.89001465,868.34997559,859.89001465,868.34997559,858.4627029517652,862.4526316896811,866.9270056312105,92026000
1579658400,868.36999512,872.21002197,865.9699707,872.03997803,858.9476056331307,862.6656838305771,866.9778809784622,90018000
1580349600,871.42999268,871.42999268,838.63000488,843.94000244,858.4116198048046,862.2495575774532,866.7486483561889,132845000
1580436000,843.89001465,843.89001465,819.61999512,819.61999512,857.0262046374901,861.3022339672875,866.2797065329432,146911000
1580695200,819.4699707,819.4699707,777.80999756,811.60998535,855.404196805794,860.1979617757922,865.7357292077398,180666000
1580781600,811.69000244,817.40002441,801.7800293,811.88000488,853.8497613798727,859.1242294003301,865.1998513537325,128794000
1580868000,812,819.35998535,807.57000732,812.45001221,852.3711989095201,858.0870245738784,864.6749773324018,111595000
1580954400,812.45001221,828.2800293,811.15997314,828.2800293,851.5107999948943,857.4246469011255,864.3128385460097,155003000
1581040800,828.2800293,832.19000244,825.11999512,830.19000244,850.7493429393624,856.8194325797672,863.9733078384872,118432000
1581300000,830.04998779,830.04998779,816.76000977,821.28997803,849.697222764028,856.029889145328,863.5485980891491,85510000
1581386400,821.28997803,825.72998047,821.28997803,824.0300293,848.7805372831698,855.3187811487651,863.1553784992074,110341000
1581472800,824.02001953,834.40002441,824.02001953,829.84002686,848.1040904823423,854.7525866090148,862.8238824629964,133552000
1581559200,829.84002686,831.04998779,825.98999023,830.57000732,847.4778732265443,854.2151959581478,862.5029483819716,100556000
1581645600,831.11999512,834.08001709,829.32000732,831.84002686,846.9193787134534,853.717969978189,862.1978446852355,115099000
1581904800,831.80999756,833.03997803,827.41998291,830.59997559,846.3365428876158,853.2042367695626,861.8834380275715,99845000
1581991200,830.59997559,830.78997803,822.69000244,825.47998047,845.5916656584152,852.5881421851279,861.5212145692872,108418000
1582077600,825.47998047,828.7800293,823.36999512,827.10998535,844.9316056474004,852.0219609221251,861.178814278548,102569000
1582164000,827.10998535,835.34997559,827.10998535,835.34997559,844.5894045739218,851.651472359189,860.9218109085127,114546000
1582250400,835.34997559,840.09002686,832.61999512,833.14001465,844.1804977909246,851.2401066323182,860.6453751248459,116296000
1582509600,832.2199707,832.2199707,803.76000977,804.17999268,842.7519083226773,850.1943263222666,860.0835305234046,184482000
1582596000,802.90997314,812.7800293,793.70001221,812.7800293,841.6814840718674,849.3628974995496,859.6128489191917,122386000
1582682400,812.71002197,812.71002197,801.17999268,803.94000244,840.3335740135865,848.3534998315596,859.058890247757,91001000
1582768800,803.92999268,810.03997803,798.55999756,809.34002686,839.2266616152441,847.4865337655249,858.5641751891723,90083000
1582855200,809.17999268,809.17999268,786.34002686,795.14001465,837.6521385093425,846.3232777851799,857.9330890146531,126422000
1583114400,795.15997314,799.33001709,790.46002197,797.98999023,836.2356332136517,845.2492047283981,857.3366402705271,112313000
1583200800,797.80999756,807.20001221,797.80999756,801.41998291,834.9922171313784,844.2752220213226,856.7802556201736,119745000
1583287200,801.40002441,802.5,795.07000732,802.08001709,833.8167814156149,843.3375508006266,856.2359746397739,131569000
1583373600,802.08001709,809.05999756,800.61999512,803.07000732,832.7186823407715,842.4427165010571,855.7069600395771,137030000
1583460000,802.84002686,802.84002686,792.36999512,800.54998779,831.5698003925296,841.5117669741447,855.158134445054,105705000
1583719200,800.48999023,800.48999023,748.38000488,749.77001953,828.6483796474392,839.473061475386,854.1094964857002,185725000
1583805600,749.77001953,759.42999268,728.71002197,755.82000732,826.0473663500306,837.6141047163774,853.1314916183799,156116000
1583892000,755.84002686,761.7199707,716.52001953,731.2199707,822.6606736482438,835.2497906271245,851.9184416589931,171193000
1583978400,730.98999023,730.98999023,685.67999268,694.44000244,818.0813639622351,832.1206842229662,850.3514920150229,217749000
1584064800,691.77001953,691.83001709,652.25,690.20001221,813.5141728282267,828.966891511567,848.7579449522864,200099000
1584324000,690.21002197,690.21002197,665.2800293,676.14001465,808.6079528932901,825.5707386924211,847.0403536059949,151581000
1584410400,676,679.07000732,652.79998779,675.96002197,803.8705267888869,822.2460560985895,845.3380617489204,140326000
1584496800,675.95001221,680.95001221,670.97998047,676.92999268,799.336936284998,819.0168102448431,843.6623595691301,144820000
1584583200,676.90997314,676.90997314,646.65997314,658.58001709,794.3099034566053,815.4515481747354,841.820744221079,146281000
1584669600,658.73999023,660.96002197,646.44000244,649.17999268,789.1266923574408,811.7566247192968,839.9039208226603,127775000
1584928800,646.86999512,646.86999512,606.70001221,609.95001221,782.727525209318,807.2720333302013,837.6158222294995,156930000
1585015200,609.86999512,609.86999512,595.0300293,601.03997803,776.238684238628,802.6890987679747,835.261833730002,148331000
1585101600,601.30999756,626.97998047,601.30999756,626.97998047,770.9080162468913,798.7844516946864,833.1893774786587,139142000
1585188000,626.65002441,631.78997803,615.2800293,624.70001221,765.6863018170023,794.9159085950266,831.1148564312093,122187000
1585274400,624.70001221,627.9699707,612.2199707,622.08001709,760.5575059338951,791.0751110060261,829.034907781048,157963000
1585533600,621.86999512,621.86999512,586.88000488,593.95001221,754.6072383008989,786.6945532550033,826.6957545912863,133885000
1585620000,594.21002197,607.22998047,579.30999756,591.14001465,748.7691231705096,782.3488968415587,824.3519163829153,146730000
1585706400,590.94000244,609.34997559,585.5,606.5,743.6880830572771,778.441143578413,822.1842356228863,144057000
1585879200,606.5,625.29998779,606.4699707,625.29998779,739.4599367977315,775.0380067831148,820.225188380768,136088000
1586138400,625.35998535,656.73999023,625.35998535,656.72998047,736.5052955003125,772.4089395317122,818.5983703916062,203094000
1586224800,656.72998047,670.03997803,651.91998291,668.20001221,734.0658210970871,770.0931855912297,817.1018693151723,205853000
1586311200,668.23999023,668.4699707,651.30999756,668.09997559,731.7098980432626,767.8266698134246,815.6192634074591,150683000
1586397600,668.13000488,679.84997559,668.13000488,675.07000732,729.687044803146,765.765410646904,814.2207633468875,193988000
1586484000,675.03997803,677.13000488,664.90997314,672.13000488,727.6314362344623,763.6846238520839,812.8069249541821,219365000
1586743200,672.25,687.90997314,672.25,681.01000977,725.9663852893029,761.8474102058153,811.4955128627972,144319000
1586829600,681.01000977,686.58001709,673.94000244,686.58001709,724.559729282185,760.1748014699083,810.2525726063515,165652000
1586916000,686.59997559,697.39001465,686.59997559,695.15997314,723.5097379913927,758.7300275070214,809.1073726116614,175209000
1587002400,695.17999268,699.04998779,688.07000732,698.89001465,722.6304621577716,757.4002494435321,808.0106824826896,152264000
1587088800,698.92999268,708.26000977,698.92999268,707.39001465,722.0861604610654,756.2889108925647,807.0094818077375,191678000
1587348000,707.40002441,714.07000732,702.65997314,709.52001953,721.6373697135274,755.2496021956188,806.039437406964,220424000
1587434400,709.27001953,709.27001953,677.85998535,682.14001465,720.22674988983,753.624944694605,804.8066073297803,259814000
1587520800,682.09997559,691.17999268,667.58001709,687.36999512,719.053294362336,752.1526124818361,803.6380838252053,155912000
1587607200,687.4699707,702.0300293,687.4699707,690.60998535,718.0374618976098,750.784998545573,802.5134261289346,126929000
1587693600,690.60998535,697.26000977,685.22998047,696.73999023,717.2768379094808,749.5839983607825,801.4609541299402,157468000
1587952800,696.59997559,706.65002441,693.10998535,693.10998535,716.4137360323565,748.3290202938763,800.3828350376025,176838000
1588039200,692.96002197,697.2800293,686.64001465,690.13000488,715.4750313483438,747.0357088402346,799.2857919514572,136157000
1588125600,690.09997559,693.04998779,688.23999023,690.07000732,714.5677090616173,745.7698043620072,798.1990677262686,141003000
1588557600,689.63000488,689.84997559,681.65997314,684.46002197,713.4924345226309,744.407364753296,797.0673359276988,172757000
1588644000,685.04998779,689.67999268,682.7800293,686.90002441,712.5427055900369,743.1294238567783,795.9711437732938,103987000
1588730400,687.16998291,701.48999023,686.01000977,701.48999023,712.1479657557499,742.2041031095166,795.0310327927634,141819000
1588816800,701.65002441,713.03997803,701.65002441,713.03997803,712.1798233369731,741.5560114410829,794.2152014020892,152959000
1588903200,713.15002441,741.09997559,713.15002441,729.45001221,712.796615796724,741.2869892359477,793.5707716588843,250967000
1589162400,729.45001221,744.88000488,729.45001221,744.88000488,713.9424511211267,741.3668340280377,793.0862864173033,194963000
1589248800,745.0300293,752.83001709,736.07000732,752.2800293,715.3116503418008,741.6093494785258,792.6802540081759,209658000
1589335200,751.88000488,757.15002441,732.36999512,752.82000732,716.6512345195937,741.8584752083364,792.2836346381442,233000000
1589421600,752.82000732,754.79998779,744.30999756,750.90997314,717.8747608988939,742.0596196068178,791.8719564142821,185291000
1589508000,750.57000732,755.5300293,742.07000732,745.15002441,718.848877452862,742.1282952691107,791.4070615684683,173842000
1589767200,745.09997559,755.35998535,740.92999268,755.05999756,720.1421317424026,742.4156664311305,791.0453992400259,156623000
1589853600,755.42999268,773.40002441,755.42999268,765.61999512,721.7663411487454,742.931318179772,790.7924101443042,219170000
1589940000,765.59997559,771.01000977,761.28997803,771.01000977,723.5250435995044,743.5552891039993,790.5955703395848,174823000
1590026400,771.03997803,780.19000244,770.34002686,780.19000244,725.5487921295221,744.3693938447992,790.4920323505343,218170000
1590112800,780.15997314,780.25,769.28997803,769.54998779,727.1202634031106,744.928962599137,790.2836537976931,189451000
1590372000,769.55999756,777.30999756,766.57000732,775.79998779,728.8588249883567,745.6149853811562,790.1395377180146,174250000
1590458400,775.79998779,784.16998291,775.79998779,783.40002441,730.806724967701,746.4546529151305,790.072477884104,223836000
1590544800,783.40002441,789.09002686,770.22998047,770.22998047,732.2146983784975,746.982993527461,789.875040098889,253193000
1590631200,770.22998047,777.80999756,768.75,772.91998291,733.6684585403368,747.5593710692951,789.7063330621837,182383000
1590717600,772.88000488,778.28997803,770.90997314,776.16998291,735.1863701249677,748.195162443533,789.5716430109183,174194000
1590976800,776.16998291,790.09002686,776.16998291,790.09002686,737.1472150083616,749.1261594305656,789.5768010591678,285599000
1591063200,790.48999023,794.90002441,785.84002686,786.30999756,738.9030286709201,749.9524669445531,789.5442955517134,326513000
1591149600,786.48999023,792.40002441,785.47998047,792.11999512,740.8036346155301,750.8895231262296,789.5699244031391,193036000
1591236000,792.13000488,798.84002686,792.13000488,792.71002197,742.657434163904,751.8188675449801,789.6011691550482,272992000
1591322400,792.71002197,796.76000977,787.52001953,796.76000977,744.5896690069789,752.817559594425,789.6724013999731,291346000
1591581600,797.17999268,815.32000732,797.17999268,808.97998047,746.889322987801,754.06561339166,789.8645166146002,325004000
1591668000,808.97998047,813.4699707,807.40002441,807.97998047,749.0711321835938,755.2637104378454,790.0447699862957,298022000
1591754400,807.96002197,813,799.03997803,810.2199707,751.2550192734655,756.4849606658933,790.2455182521037,362854000
1591840800,810.2800293,814.96002197,779.92999268,780.19000244,752.2884115294131,757.0117393719845,790.1454633684011,426756000
1591927200,776.04998779,779.14001465,754.88000488,779.14001465,753.2473973551483,757.5034788226071,790.0359564159792,365943000
1592186400,780.02001953,785.21002197,750.82000732,750.82000732,753.1607048538931,757.3549572336603,789.645747967263,304231000
1592272800,750.84002686,774.36999512,750.84002686,772.29998779,753.8442506730398,757.6870690238012,789.4731533386336,195751000
1592359200,772.40002441,775.17999268,767.15002441,770.11999512,754.4255272604313,757.9633562703834,789.2805846001397,170396000
1592445600,770.13000488,773.13000488,762.30999756,770.57000732,755.0021158339873,758.243504071486,789.0944097018298,127877000
1592532000,770.66998291,783.15997314,770.54998779,783.15997314,756.0077535949164,758.7972033841196,789.0353605818116,214198000
1592791200,783.36999512,788.15997314,781.20001221,786.08001709,757.0817630054551,759.4034881331391,789.0059541789079,199625000
1592877600,785.55999756,787.94000244,779.41998291,783.71002197,758.0327722541888,759.9436333295139,788.9532583360332,244789000
1592964000,784,788.80999756,774.71002197,777.02001953,758.7108882283248,760.3231085784136,788.8345196414458,210862000
1593050400,776.98999023,776.98999023,766.63000488,772.55999756,759.2054992758847,760.595039444671,788.6725840983469,187738000
1593136800,772.69000244,779.19000244,768.09997559,770.59997559,759.6124448585316,760.8173713590116,788.492757148015,166173000
1593396000,770.30999756,770.30999756,744.66998291,750.20001221,759.2762865496554,760.5814300445892,788.1117348103234,219824000
1593482400,750.21002197,759.32000732,741.61999512,746.85998535,758.8328472210962,760.2765090513761,787.701269641564,191833000
1593568800,746.84997559,763.10998535,746.19000244,762.48999023,758.9634594714142,760.3256975220122,787.4504111399564,156081000
1593655200,762.51000977,764.25,757.32000732,761.03997803,759.0376208485065,760.3415704221898,787.1876207607528,132360000
1593741600,761.04998779,765.7199707,761.04998779,765.33001709,759.2623492857027,760.4524247925856,786.970132167014,106587000
1594000800,765.63000488,778.11999512,765.63000488,777.78997803,759.9240503122847,760.837703753417,786.8787873497303,130736000
1594087200,777.82000732,785.17999268,777.82000732,778.70001221,760.5946203800603,761.2346439413411,786.7974065025687,201208000
1594173600,778.69000244,780.36999512,775.20001221,778.65002441,761.2394562382724,761.6216523962003,786.7163380240357,118368000
1594260000,778.73999023,791.5,778.73999023,789.34997559,762.243403357977,762.2378373560625,786.7425433729508,168180000
1594346400,789.13000488,790.51000977,780.7800293,783.28997803,762.9950667391206,762.7056627043722,786.7081894889413,155981000
1594605600,783.29998779,788.65997314,778.03997803,780.91998291,763.635242316652,763.1104253756084,786.6505953936285,134989000
1594692000,780.08001709,781.63000488,774.19000244,781.63000488,764.2779124082001,763.5219715868171,786.6006392691147,126387000
1594778400,781.64001465,789.97998047,781.64001465,785.09997559,765.0215575218358,764.0014827868879,786.5857072922081,133294000
1594864800,785.11999512,793.21002197,784.65002441,793.21002197,766.0282883949845,764.6505614354015,786.6516208710916,142757000
1594951200,793.22998047,793.23999023,786.94000244,788.07000732,766.8154926423065,765.1709935661704,786.6657341690907,151214000
1595210400,788.07000732,788.07000732,777.75,777.75,767.2060107622241,765.4505270424777,786.577020396264,169466000
1595296800,777.86999512,780.60998535,773.71002197,778.66998291,767.6154383389304,765.7442927284226,786.4983434063508,149303000
1595383200,778.23999023,780.98999023,771.9699707,772.47998047,767.7891719864685,765.8939746782354,786.3588572079792,137703000
1595469600,772.46002197,774.78997803,769.02001953,774.51000977,768.0292019073089,766.0854421247191,786.2409582284969,143197000
1595556000,774.51000977,774.51000977,736.07000732,748,767.3138732677621,765.6835434108364,785.8604511814472,299849000
1595815200,748,748,703.47998047,707.36999512,765.1730204767706,764.3876867821511,785.0794516186467,262581000
1595901600,707.7800293,734.34002686,707.7800293,733.29998779,764.0346978808145,763.69684902677,784.564233073088,211585000
1595988000,733.28997803,733.28997803,701.21002197,713.10998535,762.2159581475712,762.5726965006196,783.8532455335547,208411000
1596074400,713.15002441,724.80999756,713.15002441,723.7800293,760.8432464030151,761.7106372294948,783.2555020884447,103819000
1596160800,722.9699707,725.70001221,710.11999512,719.35998535,759.3617013654074,760.7695116321727,782.61972580249,145374000
1596420000,719.35998535,735.05999756,717.11999512,735.04998779,758.4934258805714,760.1979666579022,782.1463950759976,156673000
1596506400,735.05999756,745.30999756,735.05999756,745.30999756,758.0225891548367,759.867122900171,781.7798637574305,142694000
1596592800,745.32000732,757,738.59997559,755.70001221,757.9396399782354,759.7745204403894,781.5203627470082,170780000
1596679200,755.70001221,761.65997314,751.44000244,756.83001709,757.9000105893698,759.709087032603,781.274687665844,144614000
1596765600,756.84002686,760.65002441,753.65002441,757.88000488,757.8992960997494,759.6684407625451,781.041904752552,151552000
1597024800,758.21002197,767.08001709,758.21002197,760.57000732,757.9946786433298,759.6884755749329,780.8382042805863,180571000
1597111200,760.88000488,764.67999268,757.51000977,760.53997803,758.0855821928537,759.7073978517121,780.636231880083,141949000
1597197600,760.53997803,765.30999756,759.65997314,763.57000732,758.2814545188232,759.7932336176741,780.4664187003806,152836000
1597284000,763.59002686,770.03997803,763.59002686,769.70001221,758.689260150651,760.0133842530591,780.3592902775907,143741000
1597370400,769.69000244,775.92999268,764.13000488,766.64001465,758.9732156684848,760.1606427063246,780.222780072341,183422000
1597629600,766.55999756,768,758,766.96002197,759.2584587506818,760.3117400232951,780.0908123300292,130379000
1597716000,767,767.67999268,761.55999756,763.48999023,759.4095848749432,760.3823678056664,779.9256300205761,118583000
1597802400,763.76000977,768.83001709,762.59997559,766.48999023,759.6624564947667,760.5180927484294,779.791942062461,136931000
1597888800,766.5,770.77001953,761.9699707,763.88000488,759.8130832228107,760.5928019069087,779.6336143293022,148566000
1597975200,763.86999512,772.11999512,763.84997559,770.86999512,760.2079729334247,760.8211839783107,779.5464141381649,171028000
1598234400,770.95001221,785.64001465,770.85998535,784.94000244,761.0912597015166,761.3571577219038,779.6000816834568,217485000
1598320800,784.9699707,793.38000488,784.73999023,789.92999268,762.1212144507482,761.9921096098615,779.7028668675019,218524000
1598407200,789.95001221,792.23999023,786.90002441,788.70001221,763.0704572278644,762.5856185565312,779.7923907017556,206668000
1598493600,788.70001221,790.83001709,787.19000244,790.73999023,764.0586548350835,763.2112712603861,779.9013220403451,176617000
1598580000,790.75,801.9699707,790.75,795.40002441,765.1779894627591,763.9265768859331,780.0555379843217,208396000
1598839200,795.44000244,803.89001465,793.33001709,795.94000244,766.2766327833749,764.63798634269,780.213592357015,192697000
1598925600,795.94000244,805.76000977,794.23999023,805.10998535,767.663538232183,765.537364098408,780.4613176604279,183127000
1599098400,805.09997559,816.4699707,805.09997559,815.71002197,769.3794840799621,766.6523120511101,780.8120510366425,212093000
1599184800,815.59997559,815.59997559,805.82000732,813.75,770.9641453628207,767.6989273388632,781.1397918223475,207838000
1599444000,813.75,818.23999023,800.52001953,800.52001953,772.0197122973627,768.4282849431107,781.3326299089908,238679000
1599530400,800.52001953,805.48999023,796.15997314,803.09997559,773.1297217006712,769.198766957486,781.5492204132795,160311000
1599616800,802.94000244,804.77001953,794.26000977,801.79998779,774.1536597752901,769.9232385315419,781.7507205861822,182189000
1599703200,801.80999756,810.10998535,801.80999756,803.5300293,775.2028158297439,770.6700561041743,781.9674301256232,164627000
1599789600,803.52001953,805.65997314,799.98999023,803.75,776.2223581215388,771.4051659685259,782.184172114423,155942000
1600048800,803.86999512,811.14001465,803.86999512,810.34002686,777.4408462907696,772.2703850994476,782.4643298730854,207319000
1600135200,810.38000488,814.05999756,809.96002197,811.9699707,778.674029305385,773.1525981127932,782.7579183390249,210189000
1600221600,811.90002441,813.59002686,809.73999023,813.59002686,779.9210292180499,774.0512076405089,783.0647054884873,176129000
1600308000,813.59002686,815.98999023,807.72998047,810.79998779,781.0238491670481,774.8678471993865,783.3406784467113,244373000
1600394400,810.78997803,820.10998535,810.78997803,819.15997314,782.3858535946536,775.8521166647334,783.6970893391818,206695000
1600653600,819.19000244,829.32000732,819.19000244,828.13000488,784.019573283416,777.0138475139615,784.139207901777,234075000
1600740000,828.08001709,830.86999512,822.54998779,828.39001465,785.6042319036511,778.1555401169846,784.5795144365852,259609000
1600826400,828.40997314,834.80999756,828.40997314,833.23999023,787.305508986735,779.379639008385,785.0636982753257,232557000
1600912800,833.17999268,834.21002197,827.91998291,828.45001221,788.7749555304231,780.4700917461986,785.4954028915911,218842000
1600999200,828.4699707,831.58001709,825.19000244,828.51000977,790.194064610408,781.5376454800609,785.9234089301822,219735000
1601258400,828.5300293,836.15997314,828.5300293,835.20001221,791.801419881822,782.730142518504,786.4137233906779,276652000
1601344800,835.40997314,842.59002686,828.15002441,828.15002441,793.0995843292569,783.7394732272039,786.8290099679846,304715000
1601431200,828.15002441,832.48999023,825.40002441,831.02001953,794.4538855864263,784.7901520339327,787.2687215059151,216981000
1601517600,831.03997803,841.10998535,831.03997803,840.53997803,796.099817459411,786.0290370560675,787.7987837598861,226432000
1601604000,840.53997803,843.59002686,824.48999023,835.85998535,797.5198234555035,787.1363914625994,788.2770046712305,354748000
1601863200,835.90997314,843.0300293,835.90997314,842.13000488,799.113044220664,788.3584717607638,788.8128554195765,292176000
1601949600,842.13000488,846.42999268,840.28997803,844.73999023,800.7425780067117,789.6113943934134,789.3693443231629,323120000
1602036000,844.4699707,849.54998779,840.98999023,844.57000732,802.3078433393291,790.8326969028932,789.9186046514895,329806000
1602122400,844.65997314,846.5,838.04998779,842.48999023,803.7429200139959,791.9806367546066,790.4417030154548,306279000
1602208800,842.48999023,847.79998779,841.32000732,846.75,805.2788871563532,793.1977337156154,791.00198457749,234267000
1602468000,846.84002686,853.4699707,843.67999268,846.0300293,806.7342850900549,794.3717847286017,791.5495273110473,282581000
1602554400,846.04998779,849.67999268,843.59002686,848.7800293,808.2359188118386,795.5808568301884,792.1189850422807,228868000
1602640800,848.77001953,859.10998535,848.77001953,859.10998535,810.05284975963,796.9926152417397,792.7855621597704,285506000
1602727200,862.09002686,866.89001465,859.79998779,864.39001465,811.9934627914289,798.49033522859,793.4980442741011,330661000
1602813600,864.40997314,869.84002686,858.60998535,865.76000977,813.9136966120922,799.9852168850657,794.2170688063985,291321000
1603072800,865.77001953,869.65997314,864.42999268,867.29998779,815.820349868446,801.4811006829532,794.944262030116,260547000
1603159200,867.29998779,872,863.35998535,872,817.8267659445729,803.0481873344431,795.7109857910103,286895000
1603245600,872.02001953,878.34002686,867.29998779,868.03997803,819.6200949476239,804.4924493499,796.4306772560749,269858000
1603332000,868.03997803,878.60998535,863.33001709,878.60998535,821.7268767477087,806.1395057054577,797.2483818142234,227256000
1603418400,878.97998047,890.23999023,878.97998047,890.21002197,824.1727033627906,808.0077394002253,798.1733732585595,270774000
1603677600,889.65002441,901.55999756,880.61999512,880.61999512,826.1886780684052,809.6213450828869,798.9937376551908,289965000
1603764000,880.57000732,885.83001709,874.89001465,875.7800293,827.9597977552479,811.0915380654894,799.7577803581243,308787000
1603850400,873.15997314,875.72998047,850.34997559,850.34997559,828.759446963632,811.9639477882563,800.2611852858046,313459000
1603936800,850.33001709,856.41998291,843.30999756,849.85998535,829.513037620288,812.8060819562951,800.7547056844533,247625000
1604023200,850.63000488,856.5,841.25,856.48999023,830.4765002134919,813.7768354734885,801.30928563018,217149000
1604282400,856.45001221,863.59002686,854.15002441,862.91998291,831.6351960240816,814.8689054165221,801.9223273941584,190731000
1604368800,862.9699707,867.65997314,861.27001953,865.4699707,832.8435808339358,815.9933735339328,802.554642252923,206028000
1604455200,865.4699707,874.14001465,864.57000732,869.83001709,834.1645249859381,817.1897433907343,803.2240489677198,240255000
1604541600,869.83001709,876.66998291,867.9699707,867.9699707,835.3718623328689,818.3181928864958,803.8682869949066,186869000
1604628000,868.01000977,871.89001465,864.64001465,868.10998535,836.5410810120521,819.4246771634625,804.5075078740617,178803000
1604887200,868.10998535,882.30999756,868.10998535,882.30999756,838.1756851744789,820.8221287278301,805.28166200029,259044000
1604973600,882.40997314,893.47998047,881.16998291,881.16998291,839.7111958078904,822.1631921541006,806.0367696710334,299259000
1605060000,881.75,884.69000244,875.60998535,881.46002197,841.20222531368,823.4808994833428,806.7872497934112,252591000
1605146400,881.5,888.02001953,881.13000488,888.02001953,842.8742893928343,824.9151021510463,807.5955360594469,211383000
1605232800,888.01000977,895.40997314,888.01000977,895.40997314,844.750563812376,826.4816548396898,808.4693115527857,287724000
1605492000,895.70001221,902.53997803,880.48999023,880.92999268,846.0426862719339,827.6916179028078,809.1903133550466,343953000
1605578400,881.14001465,898.53997803,881.14001465,898.53997803,847.9175895490077,829.2660259056344,810.0793647448471,255113000
1605664800,898.60998535,903.15997314,895.54998779,901.58001709,849.8341048183289,830.8730034875092,810.9898189970377,299165000
1605751200,901.60998535,906.88000488,900.52001953,906.5,851.8578867891028,832.553603410009,811.9401690567687,330183000
1605837600,906.51000977,912.85998535,904.02001953,912.85998535,854.0365331662778,834.3381896753422,812.9443463333182,310541000
1606096800,912.94000244,921.72998047,908.83001709,920.38000488,856.4059428703392,836.2502300132235,814.0133578611459,305872000
1606183200,920.40002441,925.21002197,911.39001465,921.76000977,858.7400166881843,838.1504473411518,815.0854638502888,357277000
1606269600,921.79998779,926.53997803,919.82000732,922.53997803,861.0185867361063,840.0257702453484,816.1546629963556,309549000
1606356000,922.54998779,924.98999023,915.90002441,924.98999023,863.303279718031,841.9138640227851,817.2376015757948,284598000
1606442400,924.98999023,931.01000977,924.58001709,931.01000977,865.721377219887,843.8937783727232,818.3696653389212,259237000
1606701600,931.0300293,935.54998779,926.76000977,926.76000977,867.9013283823911,845.7352501815516,819.4481762287827,317127000
1606788000,925.0300293,935.82000732,914.05999756,935.82000732,870.3269954873057,847.7371336735171,820.606104896357,386814000
1606874400,935.82000732,940.80999756,933.9699707,939.61999512,872.8017454741877,849.7789750389944,821.7903227095276,333789000
1606960800,939.91998291,946.2800293,938.84002686,945.84002686,875.4102555236809,851.9136650794612,823.0246481239601,344737000
1607047200,946.17999268,948.84997559,943.55999756,945.35998535,877.9084601603352,853.9902499743621,824.2419151610351,368920000
1607306400,945.36999512,952.2199707,944.5300293,951.85998535,880.549586059966,856.1651329827096,825.5117467052039,308277000
1607392800,951.77001953,955.76000977,948.39001465,953.03997803,883.1385286303243,858.3179073170938,826.7806843303263,342987000
1607479200,953.03997803,962.11999512,953.03997803,961.71002197,885.9446533924556,860.6155098649361,828.1232648043529,342285000
1607565600,962.11999512,966.2800293,952.46002197,952.46002197,888.3202022702251,862.6564990228264,829.3604464676927,361017000
1607652000,952.46002197,965.59997559,951.98999023,965.59997559,891.0801941745027,864.9441318354303,830.7160636728897,273173000
1607911200,965.76000977,980.95001221,965.76000977,980.95001221,894.2898305329134,867.5220402881986,832.210928832463,320313000
1607997600,981.11999512,983.34002686,969.5300293,972.39001465,897.0791228228093,869.8524397184608,833.6057456067668,406110000
1608084000,972.39001465,985.46002197,972.39001465,985.46002197,900.2355835066375,872.4214971018283,835.1167334312767,367066000
1608170400,984.54998779,984.54998779,973.25,974.15997314,902.8757402792576,874.6823521248988,836.5002482542491,422046000
1608256800,974.15997314,993.01000977,974.15997314,991.23999023,906.031606348927,877.2725218605677,838.0399471793809,364639000
1608516000,991.27001953,1007.51000977,991.27001953,1005.34002686,909.5783356528939,880.1184664161107,839.7046245891382,412707000
1608602400,1006.36999512,1011.32000732,1000.21002197,1010.2199707,913.1726797617191,883.0096109557527,841.4012946996941,439619000
1608688800,1010.17999268,1018.20001221,1002.84002686,1004.78997803,916.4447261284434,885.7158413351804,843.0270527427817,434814000
1608775200,1005.03997803,1010.16998291,972.55999756,993.84002686,919.2088440117134,888.1186010135096,844.5276793509132,443510000
1608861600,993.80999756,1010.97998047,986.63000488,1010.80999756,922.4803137812951,890.8450764923206,846.1822297808544,354531000
1609120800,1011.9699707,1021.34002686,1007.13000488,1014.09002686,925.7520892483917,893.5838531671579,847.8529541299006,427265000
1609207200,1013.88000488,1024.02001953,1009.9699707,1020.38000488,929.1316576638063,896.4015454274434,849.5696412020409,370957000
1609293600,1020.28997803,1030.68994141,1017.14001465,1020.64001465,932.3998132704561,899.1624002990558,851.2718339726673,368641000
1609380000,1020.66998291,1032.98999023,1020.42999268,1030.30004883,935.8962502547255,902.07657026641,853.0532092448796,301331000
1609725600,1032.18005371,1055.57995605,1032.18005371,1050.17004395,939.9774571724139,905.3675363482675,855.014570784234,435302000
1609812000,1049.35998535,1065.57995605,1045.34997559,1063.51000977,944.3893340508992,908.8818135354171,857.0891522666794,398231000
1609898400,1063.55004883,1080.31005859,1063.55004883,1069.60998535,948.8615001687242,912.4535506868523,859.2037874217374,440139000
1609984800,1069.60998535,1085,1069.60998535,1085,953.7235894484127,916.2879162271445,861.4505159051032,433545000
1610071200,1085.47998047,1108.30004883,1085.47998047,1100.14001465,958.9527474913265,920.373518414319,863.8255357931122,451704000
1610330400,1100.34997559,1118.56005859,1100.34997559,1117.31005859,964.6083657448505,924.7498859737786,866.3477698507927,460949000
1610416800,1117.29003906,1124.54003906,1111.18994141,1124.2800293,970.3109251575345,929.1838891588058,868.9142599945659,412742000
1610503200,1124.31994629,1131.40002441,1114.75,1117.43005371,975.5651797486939,933.3671372599434,871.3870539618837,418460000
1610589600,1117.88000488,1122.41003418,1109.58996582,1121.93005371,980.7924966758834,937.557424292167,873.8800191335067,452092000
1610676000,1122.81005859,1136.38000488,1122.81005859,1134.44995117,986.2802629078161,941.932813778341,876.4727547756609,464740000
1610935200,1135.19995117,1141.14001465,1128.68994141,1129.90002441,991.4095401043227,946.109862903489,878.9944191501319,431527000
1611021600,1129.89001465,1130.04003906,1058.25,1069.81005859,994.2095586216683,948.858756140967,880.8930822291355,572637000
1611108000,1069.81005859,1082.31994629,1035.26000977,1075.80004883,997.1235047005373,951.6796737562788,882.8324550311341,497549000
1611194400,1075.81994629,1108.7800293,1073.98999023,1107.81994629,1001.0769490430181,955.1494575903615,885.0711365361975,410518000
1611280800,1107.79003906,1121.58996582,1105.9699707,1113.52001953,1005.0927729889818,958.6688034112424,887.3442597500662,459280000
1611540000,1114.09997559,1123.90002441,1108.27001953,1115.40002441,1009.0323176825896,962.1517194334369,889.6134713387222,418225000
1611626400,1115.39001465,1116.26000977,1070.58996582,1087.2199707,1011.8247338617828,964.9310139060273,891.5797051632126,489927000
1611712800,1085.56994629,1087.2199707,1038.89001465,1047.44995117,1013.0970630513619,966.7647680674489,893.1306528846732,496198000
1611799200,1045.36999512,1045.36999512,975.35998535,977.42999268,1011.8232391095275,967.0017730588389,893.9694522856217,480702000
1611885600,977.08001709,1030.70996094,943.89001465,1013.96002197,1011.8995527831158,968.0452897013091,895.1633883023817,513301000
1612144800,1013.67999268,1030.31994629,992.71002197,992.71002197,1011.2142123969331,968.5933948628356,896.1340015727062,388757000
1612231200,992.45001221,1036.73999023,985.15002441,1036.73999023,1012.1258473195427,970.1077636487726,897.5330661364604,378789000
1612317600,1036.7800293,1076.79003906,1036.7800293,1072.69995117,1014.2892081713447,972.3875900381332,899.2760202163962,459757000
1612404000,1072.68005371,1081.15002441,1058.7800293,1072.94995117,1016.384234707011,974.622309174397,901.004119031855,324879000
1612490400,1073.06994629,1089.10998535,1073.04003906,1089.10998535,1018.9815829442607,977.166479756077,902.8758191942246,311589000
1612749600,1089.10998535,1090,1034.92004395,1047.5300293,1020.0011703141085,978.7301141903864,904.3151645684114,448514000
1612836000,1047.51000977,1081.05004883,1043.85998535,1081.05004883,1022.1814874039618,981.0038905157112,906.0737206307158,337853000
1613527200,1081.06005859,1123.90002441,1081.06005859,1123.90002441,1025.8142922970346,984.1793601578065,908.2411465389674,352306000
1613613600,1123.91003418,1138.18994141,1113.45996094,1138.15002441,1029.8262827296405,987.6009304745219,910.5287970650473,408876000
1613700000,1137.26000977,1139.23999023,1119.69995117,1132.35998535,1033.4882006803678,990.8177983606436,912.7360725703703,338860000
1613959200,1132.2800293,1141.39001465,1125.2800293,1133.04003906,1037.0436234796402,993.978292598407,914.9281518389239,361041000
1614045600,1133.0300293,1141.93994141,1126.7800293,1133.16003418,1040.4763524332245,997.0712201891091,917.0996133547555,368869000
1614132000,1133.18994141,1141.86999512,1111.20996094,1118,1043.245054132038,999.7585264071289,919.0986221770963,362684000
1614218400,1118.07995605,1125.69995117,1109.52001953,1120.14001465,1045.9913027219652,1002.4336705903038,921.0990340424984,311292000
1614304800,1119.81005859,1125.08996582,1103.44995117,1123.43994141,1048.7573255322523,1005.1226988307415,923.1123764043641,342902000
1614564000,1123.5300293,1142.2800293,1123.5300293,1141.2199707,1052.0595628596718,1008.1470826500583,925.2826012232262,377471000
1614650400,1141.9699707,1152.0300293,1136.77001953,1142.29003906,1055.2820798668263,1011.1280372369459,927.4418792116518,344455000
1614736800,1142.29003906,1145.56005859,1136.47998047,1142.97998047,1058.414147745511,1014.0580804199027,929.5865369356154,348985000
1614823200,1142.97998047,1148.18994141,1114.93994141,1124.2800293,1060.7665006581713,1016.5074570616827,931.5237856158581,404326000
1614909600,1124.32995605,1124.32995605,1107.68005371,1123.44995117,1063.005195319308,1018.8839569307564,933.433498705949,373889000
1615168800,1123.75,1135.40002441,1117.27001953,1122.18005371,1065.1185831189757,1021.179425748073,935.3115738801187,361911000
1615255200,1122.18005371,1122.22998047,1104.44995117,1117.14001465,1066.9764913879408,1023.3118832792269,937.1208120967344,351751000
1615341600,1117.18994141,1127.17004395,1109.43005371,1126.55004883,1069.1041184394428,1025.6060647359106,939.0056801239311,351750000
1615428000,1126.60998535,1141.90002441,1126.60998535,1140.0300293,1071.6371866844627,1028.1488195040015,941.00592240429,361299000
1615514400,1140.05004883,1144.77001953,1136.22998047,1139.25,1074.0519300171604,1030.6177346261347,942.9785002908145,342694000
1615773600,1139.26000977,1144.86999512,1136.04003906,1142.06994629,1076.4811448840476,1033.0944504408874,944.9595097037417,367713000
1615860000,1142.08996582,1143.65002441,1129.81994629,1139.95996094,1078.7482454574745,1035.4692395630898,946.8998127011174,390110000
1615946400,1140.29003906,1143.36999512,1135.31994629,1143.36999512,1081.056165088279,1037.8670341310212,948.854739889365,414796000
1616032800,1143.56005859,1159.34997559,1143.56005859,1159.34997559,1083.8523726061976,1040.566655052332,950.9492198465853,352401000
1616119200,1159.30004883,1159.77001953,1151.65002441,1155.64001465,1086.4162169649048,1043.123840821169,952.9859441729874,391162000
1616378400,1156.31005859,1160.06994629,1147.47998047,1151.60998535,1088.744565835801,1045.5346440329208,954.9623027916641,388646000
1616464800,1151.56994629,1151.56994629,1134.56005859,1140.26000977,1090.5844031191652,1047.6396521604115,956.8060610700555,389866000
1616551200,1139.98999023,1139.98999023,1111.31994629,1120.07995605,1091.637815723838,1049.2494366912913,958.4306769405027,414398000
1616637600,1120.20996094,1129.5,1112.44995117,1120.05004883,1092.6525383347723,1050.822783627707,960.038829894627,382360000
1616724000,1119.91003418,1125.06994629,1096.72998047,1121.33996582,1093.6770893163875,1052.389832120869,961.6438163217451,416192000
1616983200,1121.35998535,1135.56005859,1121.35998535,1134.61999512,1095.1393359522308,1054.2171690764053,963.3649723296879,354037000
1617069600,1134.60998535,1148.22998047,1131.5300293,1146.86999512,1096.986859493937,1056.276120766263,965.1908929544671,444683000
1617156000,1146.88000488,1158.80004883,1146.22998047,1151.7800293,1098.943758415582,1058.3984298447904,967.0475012763133,416898000
1617242400,1151.7800293,1180.30004883,1151.7800293,1179.02001953,1101.803624883954,1061.078909615573,969.1566805624196,419722000
1617328800,1179.48999023,1193.63000488,1179.48999023,1188.80004883,1104.910640024884,1063.9171571536713,971.3421867143359,391808000
1617588000,1190.91003418,1206.18005371,1190.91003418,1199.30004883,1108.2816903393525,1066.9256658575896,973.6104241483225,399355000
1617674400,1199.29003906,1209.41003418,1195.32995605,1204.82995605,1111.7298426861614,1069.9902056396431,975.9111160080407,415801000
1617760800,1204.82995605,1208.16003418,1198.64001465,1208.16003418,1115.1737780966557,1073.0606462738733,978.2220505172145,417915000
1617847200,1208.15002441,1213.22998047,1200.5300293,1203.33996582,1118.3225705153466,1075.9557422637872,980.4620297739586,389782000
1617933600,1203.17004395,1206.4699707,1197.47998047,1204.23999023,1121.3910497908698,1078.806503329703,982.6886761466556,412146000
1618192800,1205.02001953,1229.41003418,1205.02001953,1228.93994141,1125.2320816344102,1082.1428019537095,985.1389374925595,548440000
1618279200,1229.02001953,1248.82995605,1227.69995117,1228.16003418,1128.9080799396097,1085.387629336516,987.5570578576087,598689000
1618365600,1228.13000488,1239.47998047,1213.19995117,1239.47998047,1132.8570763871237,1088.811903806149,990.0637536049957,508465000
1618452000,1239.5,1250.54003906,1234.15002441,1234.15002441,1136.474681673655,1092.041639819568,992.4924727174832,478832000
1618538400,1233.11999512,1241.01000977,1212.38000488,1226.68994141,1139.6966552356673,1095.0338242993553,994.8227957890506,612986000
1618797600,1226.84997559,1251.04003906,1220.67004395,1251.04003906,1143.673204657965,1098.500629071814,997.3722210952292,484193000
1618884000,1251.04003906,1273.5300293,1247.80004883,1255.56994629,1147.669516859109,1101.9910583433293,999.941352689207,477349000
1619056800,1255.23999023,1258.66003418,1213.06994629,1213.06994629,1150.0052464816408,1104.4594780754776,1002.062035212598,477670000
1619143200,1213.06005859,1240.08996582,1203.23999023,1240.08996582,1153.2225578865823,1107.4734889142449,1004.4304723330696,446293000
1619402400,1240.08996582,1244.10998535,1207.7199707,1211.68994141,1155.3106787267043,1109.789410080817,1006.492755607467,456713000
1619488800,1211.70996094,1219.18005371,1201.09997559,1217.7199707,1157.5395820114647,1112.1878669834657,1008.594518941721,345042000
1619575200,1217.7199707,1229.06994629,1214.65002441,1228.18005371,1160.0624560006981,1114.7654711329442,1010.7794496359328,364035000
1619661600,1228.18994141,1241.41003418,1227.29003906,1241.16003418,1162.9587980785304,1117.5742392006566,1013.0717937607494,393219000
1620093600,1240.82995605,1251.95996094,1214.29003906,1250.7199707,1166.0931256721544,1120.5330332339754,1015.4364522377568,490340000
1620180000,1251.04003906,1279.54003906,1251.04003906,1267.44995117,1169.7130122970775,1123.7978536325538,1017.9440492420578,431085000
1620266400,1267.45996094,1273.42004395,1259.51000977,1264.4699707,1173.0971893828962,1126.9239006784971,1020.3970434854203,433331000
1620352800,1264.41003418,1267.13000488,1247.94995117,1258.72998047,1176.1555033502927,1129.852924673864,1022.7685154952171,494437000
1620612000,1257.98999023,1282.68994141,1252.89001465,1281.83996582,1179.9299484384965,1133.2304144771115,1025.3463408715832,471487000
1620698400,1281.91003418,1294.93005371,1274.81005859,1274.81005859,1183.31852380105,1136.3766287907313,1027.8285669185325,467358000
1620784800,1274.25,1292.5,1267.42004395,1292.31005859,1187.2110786149412,1139.841816119604,1030.4602235520795,450579000
1620871200,1292.30004883,1297.18005371,1283.63000488,1283.63000488,1190.6546116958361,1143.0371092031683,1032.9793258538498,453026000
1620957600,1283.59997559,1296.45996094,1283.59997559,1290.67004395,1194.2265914191992,1146.3178410864311,1035.5434126010753,441467000
1621216800,1290.68005371,1302.5,1282.73999023,1282.89001465,1197.3931422488706,1149.3527782767326,1038.0045728204675,448942000
1621303200,1283.17004395,1290.2800293,1276.73999023,1283.92004395,1200.4833887381967,1152.3431619583607,1040.451492931209,439620000
1621389600,1283.92004395,1301.43005371,1282.22998047,1301.01000977,1204.0736252036183,1155.6468696875083,1043.0441149893065,450391000
1621476000,1300.98999023,1317.77001953,1295.04003906,1317.77001953,1208.1342107152748,1159.2496063506749,1045.7777060792637,454394000
1621562400,1317.66003418,1327.7199707,1308.25,1321.42004395,1212.1801333308006,1162.8533938528822,1048.5204159088232,435864000
1621821600,1321.56005859,1333.13000488,1320.66003418,1329.94995117,1216.3861982536291,1166.5666506821515,1051.320709792019,471285000
1621908000,1328.64001465,1342.61999512,1328.56994629,1341.41003418,1220.8513352509995,1170.452059204326,1054.207170731203,407249000
1621994400,1341.36999512,1352.18994141,1337.72998047,1351.2800293,1225.5095028956066,1174.4704585397853,1057.1631195726836,434124000
1622080800,1351.52001953,1354.79003906,1333.91003418,1337.97998047,1229.5263056661206,1178.104003471568,1059.9573171935524,463289000
1622167200,1338.5,1358.73999023,1334.66003418,1356.89001465,1234.075009558402,1182.0770259421997,1062.911871397099,490485000
1622426400,1357.06994629,1369.31005859,1345,1369.06994629,1238.8962572988162,1186.2324241721508,1065.9582204010085,474033000
1622512800,1367.93994141,1389,1367.93994141,1376.36999512,1243.8060336495728,1190.4577035265474,1069.0468947763218,407598000
1622599200,1376.36999512,1382.14001465,1364.81005859,1373.47998047,1248.4372460360166,1194.5248652364019,1072.0760797085973,529261000
1622685600,1374.33996582,1400.2199707,1374.33996582,1398.66003418,1253.8023456125875,1199.0612023240374,1075.3256712953773,569549000
1622772000,1398.5300293,1406.5,1394.19995117,1406.5,1259.2558332692809,1203.6709533835033,1078.620938247662,613010000
1623031200,1406.31994629,1407.92004395,1376.4699707,1388.27001953,1263.8634827785922,1207.7731548534255,1081.7020236335559,580697000
1623117600,1386.52001953,1397.2199707,1344.18994141,1346.06994629,1266.7994279039997,1210.8464168853493,1084.3325502271523,603677000
1623204000,1345.93994141,1368.81005859,1330.85998535,1360.72998047,1270.1540904956425,1214.177162742786,1087.0827734136483,531014000
1623290400,1360.65002441,1366.60998535,1347.45996094,1354.16003418,1273.1543027700839,1217.2878932191686,1089.740258595403,482036000
1623376800,1354.38000488,1387.68994141,1352.86999512,1384.81005859,1277.1420083350808,1221.0106080051871,1092.676276505797,467330000
1623636000,1385.66003418,1403.35998535,1385.66003418,1395.2800293,1281.3612233695421,1224.8832618117385,1095.6872591206647,498452000
1623722400,1395.27001953,1402.18005371,1387.20996094,1394.02001953,1285.3847518038442,1228.6418564276998,1098.6557442988671,488283000
1623808800,1393.98999023,1395.41003418,1373.30004883,1375.91003418,1288.6177976029926,1231.914482599973,1101.4144934519134,501805000
1623895200,1374.38000488,1381.61999512,1357.59997559,1375.7800293,1291.7307344493142,1235.1114947488627,1104.1444987837351,496867000
1623981600,1375.86999512,1395.68994141,1375.86999512,1393.56005859,1295.3674960257672,1238.6325739453325,1107.0242555977277,512967000
1624240800,1393.90002441,1398.14001465,1384.80004883,1389.51000977,1298.7297286594899,1241.9854058525473,1109.83505912183,483276000
1624327200,1389.56005859,1404.35998535,1389.56005859,1397,1302.239381207365,1245.4301746113795,1112.6924217176327,455580000
1624413600,1397.04003906,1406.06994629,1389.66003418,1394.0300293,1305.517618639245,1248.73239360446,1115.4918008975567,431532000
1624500000,1394.01000977,1401.04003906,1387.2800293,1391.56994629,1308.5909160553433,1251.9065614419164,1118.2388471203672,360637000
1624586400,1391.58996582,1402.89001465,1384.58996582,1402.32995605,1311.9387389122953,1255.2493035443183,1121.0656243236472,363869000
1624845600,1402.40002441,1422.23999023,1402.40002441,1421.13000488,1315.8384269825706,1258.9355413517778,1124.0513395530636,423832000
1624932000,1421.11999512,1434.88000488,1421.11999512,1428.25,1319.8531260189075,1262.698084877294,1127.0781918958191,392604000
1625018400,1428.25,1437.75,1426,1426.56994629,1323.6644410285894,1266.3396817975763,1130.0582093524777,360393000
1625104800,1426.56994629,1440.27001953,1422.19995117,1440.27001953,1327.8289259750684,1270.2048004138524,1133.144894030861,477528000
1625191200,1440.27001953,1450.52001953,1440.27001953,1447.4699707,1332.1018204295303,1274.1440264202113,1136.2725067340366,441942000
1625450400,1447.4699707,1451.35998535,1425.61999512,1445.27001953,1336.1435418259757,1277.9468262670955,1139.3471088514093,546657000
1625536800,1445.27001953,1451.90002441,1382.09997559,1382.09997559,1337.7848430318338,1280.2613406964933,1141.7625602617436,533223000
1625623200,1382.09997559,1420.94995117,1364.09997559,1420.94995117,1340.7550254653397,1283.3877542625712,1144.5405442508804,522976000
1625709600,1420.94995117,1420.94995117,1394.77001953,1404.39001465,1343.027703650506,1286.0766933822918,1147.1261111205233,382837000
1625796000,1404.39001465,1407.40002441,1365.86999512,1378.39001465,1344.2906433290593,1288.1281005215742,1149.427244488976,523308000
1626055200,1378.39001465,1378.39001465,1297.44995117,1330.47998047,1343.7974053698072,1289.069253409317,1151.2287642499812,665378000
1626141600,1330.47998047,1342.30004883,1310.88000488,1332.14001465,1343.3810699869568,1290.0263814368877,1153.02887619426,334496000
1626228000,1332.14001465,1340.06005859,1293.66003418,1308.16003418,1342.1231758509941,1290.4293514978458,1154.5724698060583,388483000
1626314400,1308.16003418,1334.08996582,1300.69995117,1326.23999023,1341.5559192216729,1291.2251434696714,1156.2806043376397,306862000
1626400800,1334.31994629,1338.9699707,1329.13000488,1332.18005371,1341.2210668819703,1292.1352525861232,1158.0308476149767,281328000
1626660000,1300.63000488,1309.81005859,1268.25,1275.15002441,1338.8613867936856,1291.7578030710984,1159.1962125582106,494782000
1626746400,1279.2199707,1306.88000488,1258.10998535,1306.88000488,1337.7191945824825,1292.093852000185,1160.6657030290742,381699000
1626832800,1311.25,1318.88000488,1300.5300293,1304.81994629,1336.5442214291795,1292.3766540955144,1162.100073608785,276541000
1626919200,1303.17004395,1329.7199707,1299.57995605,1327.94995117,1336.2372832056374,1293.1671718082807,1163.7503211467074,344957000
1627005600,1322.04003906,1330.39001465,1302.16003418,1302.16003418,1335.0202385975788,1293.367013194319,1165.1275322216654,395513000
1627264800,1296.79003906,1311.31994629,1287.58996582,1306.76000977,1334.0109447108796,1293.6646353404453,1166.536810605231,327894000
1627351200,1317.69995117,1323.63000488,1310.41003418,1311.47998047,1333.2062674165625,1294.0605318988798,1167.9790312009004,382887000
1627437600,1307.91003418,1316.07995605,1305.08996582,1309.18005371,1332.3481883556137,1294.3965212724604,1169.3840164994983,244363000
1627524000,1319.5300293,1327.33996582,1315.15002441,1327.33996582,1332.1693232650562,1295.1285978179612,1170.955717487762,306840000
1627610400,1330.7199707,1348.41003418,1329.43994141,1345.64001465,1332.650419385947,1296.251073747562,1172.6938696983316,408365000
1627869600,1342.26000977,1355.02001953,1336.89001465,1345.81994629,1333.1207596325205,1297.352604248505,1174.4165172266069,414590000
1627956000,1347.81994629,1364.90002441,1347.32995605,1364.90002441,1334.2557333745733,1298.8536580298717,1176.3118755070386,446856000
1628042400,1370.86999512,1375.20996094,1361.36999512,1368.26000977,1335.470171817267,1300.3960214018746,1178.221807191247,441443000
1628128800,1365.09997559,1383.94995117,1361.07995605,1382.33996582,1337.1440930316505,1302.2169979444996,1180.2528336452644,393954000
1628215200,1384.2800293,1387.52001953,1374.7199707,1374.7199707,1338.486088662663,1303.828175116844,1182.1878300338687,462549000
1628474400,1370.56994629,1396.32995605,1366.41003418,1395.20996094,1340.5119412439965,1305.8588814684697,1184.3074532269645,440545000
1628560800,1403.81005859,1406,1389.55004883,1394.56994629,1342.4425842813537,1307.8302384645037,1186.3996173370444,458848000
1628647200,1396.92004395,1404.36999512,1387.67004395,1387.67004395,1344.057850698091,1309.6044563641815,1188.4023081491137,536780000
1628733600,1386.19995117,1393.86999512,1379.55004883,1379.55004883,1345.325429202802,1311.158802863422,1190.3042757180776,462749000
1628820000,1379.72998047,1386.35998535,1364.25,1386.35998535,1346.790949065202,1312.8299402520124,1192.2550787989924,492623000
1629079200,1394.06005859,1405.51000977,1391.18005371,1402.86999512,1348.7937721385877,1314.83083036019,1194.3507496081565,569886000
1629165600,1408.95996094,1412.5,1392.18994141,1397.56005859,1350.5354252261382,1316.6692576541857,1196.3727327821052,493704000
1629252000,1395.47998047,1403.45996094,1389.18005371,1393.85998535,1352.0827309448475,1318.3846071585372,1198.337780071338,443505000
1629338400,1393.92004395,1406.75,1385.2199707,1406.75,1354.035133411103,1320.348282555014,1200.4115335034642,438656000
1629424800,1399.2800293,1400.83996582,1343.0300293,1357.29003906,1354.151380041421,1321.1692104773472,1201.9725136582556,803985000
1629684000,1350.23999023,1354.30004883,1321.77001953,1321.77001953,1352.9949028802987,1321.1825617896284,1203.164528642054,529612000
1629770400,1324.2199707,1331.65002441,1313.47998047,1323.98999023,1351.959013142788,1321.2449490883032,1204.366772040939,433327000
1629856800,1326.32995605,1335.17004395,1316.51000977,1334.48999023,1351.3351194673314,1321.5392833358965,1205.6615304308798,320312000
1629943200,1338.17004395,1340.97998047,1318.98999023,1323.83996582,1350.3531496942123,1321.590409613321,1206.8374352606222,340658000
1630029600,1315.83996582,1332.9699707,1305.63000488,1332.9699707,1349.7323218729905,1321.8432887485806,1208.0924853644967,449143000
1630288800,1342.81994629,1350.08996582,1337.4699707,1348.60998535,1349.692238425741,1322.438104228612,1209.4906694439544,403487000
1630375200,1353.20996094,1354.68994141,1345.20996094,1348.4699707,1349.6485860069645,1323.0165901501985,1210.8735480634175,458078000
1630461600,1344.7199707,1353.88000488,1343.82995605,1348.15002441,1349.5950659499301,1323.5751109115274,1212.2394831514432,429610000
1630893600,1354.48999023,1364.05004883,1352.79003906,1363.05004883,1350.0756010527898,1324.4523317541602,1213.7400857950108,549473000
1630980000,1366.80004883,1372.7800293,1359.34997559,1361.47998047,1350.48290031769,1325.27516839229,1215.2101344982445,522686000
1631066400,1363.84997559,1364.65002441,1348.54003906,1352.51000977,1350.555297083844,1325.8803870895724,1216.5763024113962,374059000
1631152800,1352.20996094,1366.02001953,1351.11999512,1364.66003418,1351.059037694421,1326.7421570249153,1218.049772379243,368998000
1631239200,1368.91003418,1370.51000977,1364.72998047,1365.22998047,1351.5651427935488,1327.5974419903616,1219.514252061738,321117000
1631498400,1366.70996094,1369.0300293,1358.92004395,1359.56994629,1351.8510286327078,1328.3079420859092,1220.9078410590341,441010000
1631584800,1359.06994629,1362.67004395,1350.51000977,1352.36999512,1351.8695631501112,1328.8426543755556,1222.2159221939692,362967000
1631671200,1347.81005859,1361.81994629,1347.32995605,1359.81005859,1352.1531522729642,1329.5308189136545,1223.585018078507,322705000
1631757600,1366.29003906,1367.93005371,1357.04003906,1362.39001465,1352.5187545007154,1330.261023263351,1224.9661623229993,304022000
1631844000,1365.84997559,1374.67004395,1365.63000488,1371.31005859,1353.189872503904,1331.1732240483877,1226.4223204948103,467734000
1632103200,1383.55004883,1388.70996094,1370.06994629,1373.18005371,1353.903807546979,1332.1067091519792,1227.8825964472003,483709000
1632189600,1358.23999023,1370.79003906,1349.16003418,1363.90002441,1354.2608152920868,1332.8132272688242,1229.2360036906111,470809000
1632276000,1367.73999023,1372.73999023,1359.04003906,1372.19995117,1354.901498716298,1333.6884877999614,1230.6585305312021,374014000
1632362400,1377.66003418,1382.95996094,1371.76000977,1373.88000488,1355.5793025078588,1334.5816326239624,1232.0836198282052,445727000
1632448800,1375.95996094,1378.60998535,1369.5,1372.90002441,1356.1978997186495,1335.43315244143,1233.4847780827504,361392000
1632708000,1375.48999023,1376.52001953,1347.41003418,1347.41003418,1355.8840473779835,1335.6993053689537,1234.618362720534,410948000
1632794400,1342.06005859,1363.19995117,1337.88000488,1361.19995117,1356.0739010848413,1336.2659863867548,1235.8778810135634,337624000
1632880800,1359.41003418,1361.93994141,1348.81994629,1359.60998535,1356.2001898085969,1336.7847419192713,1237.1090462308414,352772000
1632967200,1359.60998535,1369.81005859,1359.60998535,1363.18005371,1356.4494706622183,1337.3713044035096,1238.363484116206,274232000
1633053600,1360.06994629,1363.75,1348.9699707,1351.64001465,1356.2777043760677,1337.6883868534317,1239.4906137732587,394532000
1633312800,1352.43005371,1358.39001465,1342.93005371,1353.26000977,1356.169929568708,1338.0344229182442,1240.6226475642711,455953000
1633399200,1356.60998535,1365.81005859,1355.13000488,1365.73999023,1356.5117174494685,1338.6501021918389,1241.8675962475122,367621000
1633485600,1371.0300293,1371.4699707,1365.56994629,1371.4699707,1357.0459407798446,1339.3794326031314,1243.1571721127111,361603000
1633572000,1377.0300293,1379.77001953,1372.72998047,1374.83996582,1357.6814416741358,1340.167444452395,1244.4674486670126,376062000
1633658400,1378.95996094,1385.2199707,1376.4699707,1385.2199707,1358.6649605679168,1341.1686117023419,1245.867971274306,336150000
1633917600,1390.17004395,1413.57995605,1390.13000488,1413.52001953,1360.6240698165625,1342.7764207651787,1247.5361508589397,423881000
1634004000,1417.84997559,1420.09997559,1408.97998047,1414.81005859,1362.559283701328,1344.377168272397,1249.2005678512885,395363000
1634090400,1417.57995605,1422.81994629,1409.91003418,1412.23999023,1364.3335946487805,1345.885230982566,1250.822850661027,339723000
1634176800,1412.5300293,1419.20996094,1408.63000488,1412.72998047,1366.0620369995383,1347.3706698600647,1252.4338668780317,397334000
1634263200,1417.31994629,1420.95996094,1409.10998535,1414.43994141,1367.7898192999119,1348.8610981167299,1254.0458676196433,390607000
1634522400,1418.47998047,1424.83996582,1413.68005371,1417.81005859,1369.576256417415,1350.3932972383582,1255.6753620571594,438278000
1634608800,1418.82995605,1420.43994141,1410.9699707,1415.27001953,1371.2081765285786,1351.8350021781725,1257.2633685991777,336347000
1634695200,1418.59997559,1423.93994141,1396.83996582,1414.34997559,1372.7489550664866,1353.2242238095464,1258.8264194150067,400437000
1634781600,1418.36999512,1419.31994629,1405.06005859,1405.06005859,1373.902923049469,1354.376131249112,1260.2814805013252,374089000
1634868000,1410.51000977,1413.56005859,1404.16003418,1407.64001465,1375.1078191780596,1355.559773102465,1261.7477345724562,379432000
1635127200,1411.2199707,1411.52001953,1397.66003418,1397.66003418,1375.9132554281289,1356.4953344597436,1263.100095762581,456238000
1635213600,1394.51000977,1405.33996582,1387.39001465,1405.18994141,1376.958851356053,1357.577436836416,1264.5139250725056,370278000
1635300000,1410.47998047,1435.42004395,1408.29003906,1435.42004395,1379.046751091551,1359.307272550051,1266.2144834692965,481526000
1635386400,1440.83996582,1448.73999023,1433.55004883,1447.68994141,1381.4982936029242,1361.27133185805,1268.0202094189553,451418000
1635472800,1448.58996582,1454.61999512,1441.33996582,1450.45996094,1383.961210293534,1363.2533013932043,1269.8355303296125,506318000
1635732000,1454.56005859,1457.93994141,1439.31005859,1443.44995117,1386.085808181979,1365.035449166022,1271.5630370046413,605917000
1635818400,1443.26000977,1454.94995117,1443.26000977,1454.94995117,1388.5452418601226,1367.0335492105548,1273.387782419222,501396000
1635904800,1461.70996094,1470.79003906,1447.56994629,1455.4699707,1390.9354107472611,1368.9988030214313,1275.1995454866924,792372000
1635991200,1456.07995605,1462.45996094,1448.81994629,1457.56005859,1393.3148624559303,1370.966830922955,1277.014077955382,434013000
1636077600,1461.31005859,1467.2199707,1453.56005859,1463.93005371,1395.836833572147,1373.0326803182227,1278.8739384106518,425080000
1636336800,1467.33996582,1478.09997559,1463.9699707,1472.83996582,1398.5869454381418,1375.2506199960399,1280.8039486336304,575654000
1636423200,1477.98999023,1482.43005371,1465.5,1469.58996582,1401.1227675946368,1377.347049903239,1282.6824164663306,540563000
1636509600,1473.18005371,1476.47998047,1463.43994141,1471.09997559,1403.6219535944713,1379.4304482518337,1284.5572180496506,515032000
1636596000,1473.65002441,1478.59997559,1453.18994141,1466.19995117,1405.8568820793116,1381.3586594277929,1286.3646084289576,665352000
1636682400,1468.44995117,1483.89001465,1458.69995117,1483.22998047,1408.6202070218362,1383.6224665620641,1288.3234678522515,456427000
1636941600,1492.31994629,1492.55004883,1477.01000977,1486.40002441,1411.398057642842,1385.9064122920183,1290.2943788627763,634598000
1637028000,1482.18005371,1487.83996582,1468.75,1474.5,1413.651698441312,1387.875158685529,1292.1272706153854,602844000
1637114400,1474.70996094,1481.05004883,1471.13000488,1478.93994141,1415.9834214044795,1389.8988205238506,1293.9861031606056,420660000
1637200800,1482.93005371,1484.56994629,1471.48999023,1471.48999023,1417.9657988625338,1391.7119576284317,1295.752310992142,593682000
1637287200,1477.69995117,1490.22998047,1444.97998047,1464.26000977,1419.6191635378004,1393.324136564911,1297.4290045123196,815556000
1637546400,1467.56005859,1486.69995117,1462.73999023,1467.23999023,1421.319907348236,1394.966711090802,1299.1186660617493,683132000
1637632800,1463.89001465,1481.32995605,1458.02001953,1481.32995605,1423.463123373299,1396.8858943121174,1300.931713723324,452201000
1637719200,1486.31005859,1513.56994629,1482.18005371,1511.65002441,1426.6126555531812,1399.4362083142926,1303.0284133321468,682074000
1637805600,1519.68005371,1527.9699707,1514.63000488,1523.89001465,1430.0868469494962,1402.201848455086,1305.2260412059563,569187000
1637892000,1529.7800293,1537.68994141,1514.73999023,1517.4699707,1433.2076727977285,1404.763362282751,1307.3379211014194,587220000
1638151200,1490.92004395,1514.91003418,1490.92004395,1509.51000977,1435.932756261024,1407.0910655602454,1309.349583675236,569911000
1638237600,1524.01000977,1526.54003906,1492.19995117,1500.02001953,1438.2215870920588,1409.15615342624,1311.2468019424477,613160000
1638324000,1499.60998535,1510.29003906,1492.86999512,1510.29003906,1440.7954603766282,1411.4035731069903,1313.2273316650105,455363000
1638410400,1513.91003418,1516.2199707,1502.57995605,1502.57995605,1443.00204950782,1413.4297149501683,1315.111437380284,406154000
1638496800,1511.01000977,1513.45996094,1462.41003418,1462.41003418,1443.6951918175407,1414.518166488609,1316.5770950598833,559858000
1638756000,1465.10998535,1472.4699707,1415.88000488,1431.7199707,1443.267505349057,1414.9004288044177,1317.7227953150089,589004000
1638842400,1445.32995605,1464.27001953,1437.20996094,1464.27001953,1444.0175951412336,1415.997530820542,1319.1809766504814,384897000
1638928800,1469,1479.42004395,1464.32995605,1470.04003906,1444.9469681383325,1417.1984754480854,1320.682061848586,408885000
1639015200,1464.16003418,1486.05004883,1464.16003418,1486.05004883,1446.414935305892,1418.728510412128,1322.3275144553663,345471000
1639101600,1485.7199707,1491.60998535,1477.14001465,1479.63000488,1447.6011877906815,1420.0818769558584,1323.892713365064,436751000
1639360800,1485.73999023,1493,1483.85998535,1488.31005859,1449.0550760335143,1421.5980587699505,1325.5287068498892,454983000
1639447200,1488.18005371,1499.63000488,1481.7800293,1488.44995117,1450.4620358598174,1423.0836563788405,1327.149813758547,477508000
1639533600,1489.93005371,1496.95996094,1481.92004395,1489.60998535,1451.8601769130382,1424.5620192448662,1328.7663328788599,476928000
1639620000,1496.63000488,1497.18994141,1481.29003906,1488.31005859,1453.1619584015011,1425.9786423414248,1330.3538326371797,489949000
1639706400,1493.65002441,1498.42004395,1490.63000488,1492.36999512,1454.5622454271618,1427.4540057365043,1331.9659337564117,572274000
1639965600,1496.36999512,1497.11999512,1482.95996094,1490.15002441,1455.8332375336918,1428.8472505959153,1333.539904807691,491793000
1640052000,1488.34997559,1498.45996094,1485.79003906,1493.14001465,1457.1656224307028,1430.275978686006,1335.127965602142,486177000
1640138400,1499.73999023,1503.72998047,1484.70996094,1490.56994629,1458.3586339971062,1431.6158446327615,1336.6746519771457,565831000
1640224800,1491.45996094,1492.82995605,1455.18994141,1466.01000977,1458.6318974175667,1432.3801594135891,1337.9615709601592,676140000
1640311200,1473.73999023,1493.68005371,1466.54003906,1492.57995605,1459.8443280830109,1433.717932672176,1339.500062354088,459282000
1640570400,1500.42004395,1506.60998535,1484.93994141,1504.86999512,1461.4523876200462,1435.2990896154608,1341.145534321908,390848000
1640656800,1511.5,1519.15002441,1503.29003906,1516.26000977,1463.4098026968304,1437.0982211744506,1342.8879669134312,509149000
1640743200,1521.43005371,1523.59997559,1507.14001465,1507.14001465,1464.9715959808723,1438.6547054739071,1344.5223156471284,424097000
1640829600,1507.07995605,1515.47998047,1507.07995605,1509.27001953,1466.5536825361983,1440.2239346751537,1346.1615962827789,378741000
1640916000,1513.55004883,1524.47998047,1513.47998047,1524.25,1468.6142653027625,1442.0911805712615,1347.933620200363,459622000
1641261600,1524.7800293,1551.98999023,1524.7800293,1548.69995117,1471.4744683694496,1444.4602643623446,1349.9312951353843,477193000
1641348000,1551.81994629,1557.60998535,1542.44995117,1542.44995117,1474.0093070408977,1446.6378129580703,1351.8469036531417,579295000
1641434400,1539.10998535,1555.77001953,1537.93005371,1545.97998047,1476.5796882347943,1448.8454166805577,1353.7785760592797,609125000
1641520800,1550.33996582,1552.06005859,1539.67004395,1539.67004395,1478.832915224623,1450.8637417309897,1355.628242406451,514235000
1641780000,1539.02001953,1547.54003906,1514.30004883,1514.30004883,1480.0995985676723,1452.273437444301,1357.207066350964,734366000
1641866400,1516.17004395,1522.89001465,1497.68005371,1500.81994629,1480.8396109863268,1453.352248751983,1358.6360502309544,672932000
1641952800,1496.18994141,1520.92004395,1474.89001465,1520.92004395,1482.2710550207437,1454.853755311939,1360.2508163376117,673085000
1642039200,1523.82995605,1532.38000488,1504.30004883,1505.81005859,1483.1117337196456,1455.9861176070071,1361.6991670067896,584009000
1642125600,1496.68994141,1510.29003906,1485.93994141,1500.94995117,1483.7488129143012,1456.985313908407,1363.084746948712,405364000
1642384800,1502.89001465,1506.75,1448.93005371,1448.93005371,1482.505285799862,1456.8063081262203,1363.9389291055409,571463000
1642471200,1435.57995605,1451.90002441,1424.59997559,1436.60998535,1480.8661679266525,1456.3575009534154,1364.6620241925505,437423000
1642557600,1436.35998535,1448.41003418,1435.5300293,1444.43994141,1479.5652312653435,1456.092666296895,1365.455834314117,325075000
1642644000,1442.27001953,1466.95996094,1437.65002441,1461.59997559,1478.9236149912242,1456.215050947853,1366.4124924362652,423088000
1642730400,1468.07995605,1476.91003418,1463.51000977,1470.34997559,1478.6174135840376,1456.529160384345,1367.4466962487402,478252000
1642989600,1463.64001465,1465.68005371,1427.08996582,1431.79003906,1476.9450073510363,1455.979402132693,1368.0869285155188,493196000
1643076000,1426.56005859,1474.19995117,1423.40002441,1474.19995117,1476.846969630285,1456.3843032224108,1369.1427794872052,425055000
1643162400,1478.97998047,1488.92004395,1476.11999512,1480.5300293,1476.978507475632,1456.920874913024,1370.2511103311135,486296000
1643248800,1476.26000977,1484.20996094,1461.72998047,1470.75,1476.7560607800735,1457.2281888038456,1371.2510992830428,326848000
1643335200,1469.82995605,1487.5,1468.72998047,1484.57995605,1477.0354856111423,1457.83600585376,1372.3787495991319,407460000
1644199200,1501.30004883,1507.64001465,1495.5,1495.5,1477.6949325536016,1458.6729835014544,1373.6038366677972,359253000
1644285600,1492.97998047,1507.23999023,1490.14001465,1502.84997559,1478.5933269477587,1459.6546944367553,1374.889867900854,464690000
1644372000,1505.43005371,1518.70996094,1504.48999023,1508.0300293,1479.644637746053,1460.7297018781608,1376.2146456262185,496080000
1644458400,1512.40002441,1514.31005859,1494.4699707,1505.81994629,1480.579470194051,1461.731707309535,1377.5042506079476,411843000
1644544800,1501.42004395,1509.61999512,1499.55004883,1504.56005859,1481.4359197796207,1462.683448449101,1378.7684875032915,375130000
1644804000,1487.75,1496.94995117,1467.35998535,1467.35998535,1480.9332078357056,1462.7873714913433,1379.6499949445522,506587000
1644890400,1470.54003906,1491.58996582,1467.97998047,1490.01000977,1481.257379333359,1463.3923190086468,1380.7481045448053,366103000
1644976800,1498.31005859,1498.43994141,1485.4699707,1490.17004395,1481.5756887839534,1463.9873795628992,1381.836880061275,370143000
1645063200,1490.60998535,1505.36999512,1490.60998535,1505.36999512,1482.4254854388123,1464.9069932419459,1383.06606528574,363297000
1645149600,1491.69995117,1503.94995117,1490.01000977,1502.61999512,1483.1467179274262,1465.745059950347,1384.2556566273745,410694000
1645408800,1502.72998047,1514.14001465,1498.06005859,1507.93005371,1484.031837062518,1466.682504256117,1385.486247643122,422961000
1645495200,1506.66003418,1506.66003418,1479.86999512,1501.09997559,1484.6414134384995,1467.4473369524255,1386.636632995827,535127000
1645581600,1506.38000488,1518.89001465,1504.9699707,1510.01000977,1485.547434736053,1468.3931741261495,1387.8642287846249,403793000
1645668000,1509.81005859,1513.29003906,1469.17004395,1493.98999023,1485.8489545751224,1468.9619922617906,1388.9202065104496,678197000
1645754400,1504.70996094,1513.4699707,1501.67004395,1501.67004395,1486.4139934813682,1469.688837854862,1390.0420954401964,461490000
1646013600,1501.86999512,1507.72998047,1489.07995605,1492.7199707,1486.6392069534622,1470.200640806976,1391.0637658407913,434602000
1646100000,1496.84997559,1503.60998535,1493.79003906,1499.94995117,1487.1145906754814,1470.861736592821,1392.1472104709328,478715000
1646186400,1497.18005371,1498.48999023,1474.95996094,1480.60998535,1486.8822833424285,1471.0783643429804,1393.027437086645,585250000
1646272800,1488.26000977,1503.55004883,1483.2199707,1503.55004883,1487.4775606812705,1471.7999573315808,1394.1271645666784,555405000
1646359200,1506.64001465,1512.40002441,1503.4699707,1506.82995605,1488.1687176587252,1472.5784017475457,1395.2485853774576,509155000
1646618400,1498.56005859,1504.06005859,1490.93005371,1495.70996094,1488.4380477759137,1473.092436396267,1396.248201054697,530744000
1646704800,1484.86999512,1492.55004883,1470.44995117,1471.89001465,1487.8470465928453,1473.0657159130167,1397.0008559163416,591503000
1646791200,1476.31005859,1480.68005371,1460.61999512,1474.14001465,1487.3575097377438,1473.089589218283,1397.768409734587,531227000
1646877600,1478.07995605,1490.61999512,1478.07995605,1478.08996582,1487.026526026396,1473.2007086983213,1398.5676291981235,357217000
1646964000,1476.70996094,1479.9699707,1458.41003418,1466.84997559,1486.3059349393818,1473.059581295914,1399.247055530381,496745000
1647223200,1460.18005371,1462.76000977,1442.30004883,1448.59997559,1484.9592935340468,1472.5160345024494,1399.73812936182,475965000
1647309600,1448.72998047,1458.75,1441.80004883,1458.09997559,1484.0000321789023,1472.1956776377283,1400.3188442496626,376028000
1647396000,1465.69995117,1468.19995117,1459.5300293,1464.5,1483.3036024582273,1472.0246625791121,1400.95746271484,299231000
1647482400,1472.32995605,1472.59997559,1463.2800293,1463.35998535,1482.5913304186477,1471.832114196243,1401.5783833380754,370981000
1647568800,1467.30004883,1476.0300293,1467.30004883,1469.73999023,1482.1323539833388,1471.7856225525488,1402.2566082822736,403354000
1647828000,1472.9699707,1495.48999023,1472.9699707,1495.48999023,1482.6094124207195,1472.3123862787145,1403.184303625037,386536000
1647914400,1501.0300293,1511.39001465,1500.47998047,1507.10998535,1483.4844328824795,1473.0856662580763,1404.21839001036,489675000
1648000800,1509.29003906,1515.95996094,1504.06005859,1504.43994141,1484.2328439013195,1473.7824279281192,1405.2156193775206,439012000
1648087200,1505.35998535,1506.86999512,1496.7800293,1499.18994141,1484.767025955201,1474.3470393388277,1406.1506872584407,410563000
1648173600,1500.42004395,1504.08996582,1496.25,1500.69995117,1485.3360589985866,1474.9326596017427,1407.091475954078,382259000
1648432800,1500.54003906,1500.54003906,1475.09997559,1485.60998535,1485.3458420825657,1475.1699335072594,1407.872754654535,546996000
1648519200,1487.2800293,1502.7800293,1487.2800293,1501.30004883,1485.9156351806882,1475.7506027366537,1408.8023794722012,347968000
1648605600,1496.80004883,1510.04003906,1488.92004395,1496.26000977,1486.2850771303065,1476.2063673373948,1409.6726046492938,470630000
1648692000,1499.09997559,1506.39001465,1495.68005371,1499.70996094,1486.764537266367,1476.7286694174527,1410.5684987417387,337046000
1648778400,1497.69995117,1529.68005371,1494.19995117,1529.68005371,1488.2972342822109,1477.9053668461759,1411.753688343413,501931000
1649037600,1544.59997559,1544.81005859,1533.72998047,1533.72998047,1489.9198323603462,1479.1459138155942,1412.9673827924337,458583000
1649124000,1530.7800293,1537.34997559,1526.33996582,1526.57995605,1491.2291224921196,1480.2000036430254,1414.0978561581805,381924000
1649210400,1519.61999512,1536.7800293,1515.13000488,1534.68994141,1492.7812945963296,1481.4108911489582,1415.2977774044673,538599000
1649296800,1537.32995605,1539.44995117,1515.90002441,1515.90002441,1493.6069635182464,1482.177316332537,1416.298794787607,468941000
1649383200,1515.30004883,1520.98999023,1494.39001465,1494.39001465,1493.6349296300948,1482.4487096284806,1417.0758218509143,422753000
1649728800,1500.70996094,1503.27001953,1470.82995605,1470.82995605,1492.8204662879486,1482.1905151045144,1417.6106888578704,386174000
1649815200,1475.69995117,1494.67004395,1465.20996094,1494.67004395,1492.886522633022,1482.4678379677473,1418.3774486100308,378441000
1649901600,1498,1502.7199707,1488.33996582,1489.32995605,1492.759502397914,1482.6203294806862,1419.0834437089359,293785000
1649988000,1485.91003418,1490.2199707,1464.07995605,1466.57995605,1491.8245185997744,1482.263876737782,1419.5560458217824,406779000
1650247200,1463.20996094,1463.20996094,1430.69995117,1437.7199707,1489.8922133176395,1481.2740121591646,1419.7367813927099,483066000
1650333600,1441.33996582,1449.20996094,1407.68994141,1407.68994141,1486.9564178923667,1479.638810586961,1419.6169123381555,404780000
1650420000,1406.80004883,1417.16003418,1392.23999023,1392.23999023,1483.5736883329964,1477.6966145790286,1419.3445051529998,405453000
1650506400,1387.44995117,1406.17004395,1368.73999023,1382.64001465,1479.9689142728894,1475.584245691717,1418.9792863420246,473846000
1650592800,1392.82995605,1407.51000977,1363.25,1391.65002441,1476.8146682063575,1473.7190407743453,1418.707353387477,447040000
1650852000,1391.65002441,1392.97998047,1307.75,1315.66003418,1471.059145562559,1470.206618405582,1417.6820069277012,439597000
1650938400,1294.34997559,1348.52001953,1264.81005859,1348.52001953,1466.6827482042534,1467.5024717639023,1416.9938279486196,428998000
1651024800,1346.34997559,1361.54003906,1319.65002441,1357.97998047,1462.8005064994586,1465.068638624038,1416.4066254861457,280093000
1651111200,1357.77001953,1365.7199707,1349.77001953,1356.25,1458.9951312673352,1462.6504466546148,1415.808052098224,267300000
1651197600,1355.90002441,1376.75,1350.2199707,1376,1456.031019436359,1460.7248811734012,1415.411952077346,329127000
1651629600,1372.84997559,1372.93994141,1349.33996582,1349.33996582,1452.2206246643461,1458.2496608322144,1414.754519378268,293529000
1651716000,1362.52001953,1362.85998535,1328.65002441,1358.11999512,1448.8598878949051,1456.0245571497207,1414.1909917737082,326766000
1651802400,1350.60998535,1350.60998535,1324.38000488,1324.63000488,1444.4231063586585,1453.1046782103936,1413.2998376752635,338026000
1652061600,1306.36999512,1308.79003906,1257.45996094,1263.56994629,1437.964064927635,1448.8927952788292,1411.8099880097384,413310000
1652148000,1258.90002441,1288.60998535,1227.63000488,1288.60998535,1432.6299906570052,1445.3309550581885,1410.5841173365072,386922000
1652234400,1290.5,1300.86999512,1272.20996094,1297.38000488,1427.7996340221123,1442.0431561653397,1409.457708257338,231275000
1652320800,1284.85998535,1286.51000977,1229.90002441,1229.90002441,1420.7317908216796,1437.3288643485544,1407.6710646369665,326528000
1652407200,1227.38000488,1232.13000488,1167.80004883,1172.59997559,1411.869940277691,1431.4460001539198,1405.332048825554,476103000
1652666400,1199.56005859,1205.94995117,1160.4699707,1162.39001465,1402.959942933845,1425.4669782538326,1402.9147151521654,362790000
1652752800,1155.2800293,1222.7199707,1147.45996094,1222.7199707,1396.5228010683506,1420.9614891970807,1401.121732620303,350702000
1652839200,1235.27001953,1246.66003418,1218.47998047,1234.30004883,1390.7291313455523,1416.8134571889234,1399.461815368658,333651000
1652925600,1205.83996582,1240.9699707,1203.90002441,1233.7800293,1385.123806272497,1412.7460476802808,1397.8132403829004,296177000
1653012000,1235.54003906,1248.17004395,1226.25,1235.45996094,1379.7786689391935,1408.8063568638302,1396.1977848660556,280528000
1653271200,1241.36999512,1241.45996094,1199.81005859,1210.33996582,1373.7272866849366,1404.3959926184118,1394.348453333259,306635000
1653357600,1210.81994629,1226.68005371,1193.17004395,1226.68005371,1368.4755997929747,1400.4467495315582,1392.6801110484503,313731000
1653444000,1232.56005859,1266.32995605,1229.04003906,1266.32995605,1364.8275410878684,1397.4663763430792,1391.422895575829,390314000
1653530400,1268.25,1275.60998535,1260.56005859,1266.14001465,1361.3029865722303,1394.5480127498997,1390.1762997457213,306550000
1653616800,1267.90002441,1291.66003418,1267.0300293,1288.84997559,1358.7153790371508,1392.1991674796798,1389.1680776148187,330999000
1653876000,1291.40002441,1297.40002441,1284.67004395,1297.07995605,1356.514113930467,1390.0854072256868,1388.2517778977558,284115000
1653962400,1296.48999023,1296.48999023,1280.43005371,1288.77001953,1354.094681987593,1387.8339541657826,1387.2619096552905,320957000
1654048800,1285.44995117,1294.91003418,1276.4699707,1291.47998047,1351.858442647679,1385.6927547503208,1386.3088556335463,312849000
1654135200,1294.15002441,1297.75,1273.98999023,1279.86999512,1349.2874266645476,1383.341137869647,1385.249762494108,327962000
1654221600,1280.65002441,1285.89001465,1267.36999512,1281.77001953,1346.8760906954567,1381.0840019065436,1384.2201133103854,260197000
1654480800,1284.17004395,1293.83996582,1275.43005371,1279.29003906,1344.4623031370475,1378.8219138432871,1383.1760329695855,332182000
1654567200,1274.41003418,1277.32995605,1247.27001953,1277.32995605,1342.06471931251,1376.5665370034362,1382.1228381743658,385870000
1654653600,1284.27001953,1305.07995605,1280.54003906,1299.04003906,1340.5281235892062,1374.8437259380266,1381.2961436558148,365005000
1654740000,1302.20996094,1304.23999023,1291.45996094,1300.34997559,1339.0931897320918,1373.188309263626,1380.4907091476973,293790000
1654826400,1289.88000488,1303.54003906,1279.22998047,1279.22998047,1336.9552179727314,1371.1003464015455,1379.4831397081182,370694000
1655085600,1245.47998047,1255.18005371,1215.44995117,1215.44995117,1332.6157441583482,1367.6414487297334,1377.8509686778882,447712000
1655172000,1201.51000977,1227.05004883,1198.81994629,1214.60998535,1328.4012527723357,1364.240749543517,1376.2266802865659,342363000
1655258400,1217.63000488,1221.11999512,1178.39001465,1201.22998047,1323.859421618681,1360.61828800855,1374.4854195918736,419487000
1655344800,1216.79003906,1233.36999512,1210.85998535,1223.94995117,1320.2912262455138,1357.5812138565823,1372.987554234442,356785000
1655431200,1196.86999512,1203.20996094,1174.93005371,1200.2800293,1316.0051120688884,1354.085631977547,1371.2690713992736,465173000
1655690400,1200.45996094,1205.64001465,1162.11999512,1164.32995605,1310.5881422110708,1349.8688391791572,1369.2099757241565,408023000
1655776800,1155.35998535,1172.83996582,1146.32995605,1155.45996094,1305.0478500228182,1345.5486418849537,1367.0831099054087,417563000
1655863200,1164.40002441,1171.76000977,1153.98999023,1161.31994629,1299.914710603789,1341.4546708717326,1365.0357152425688,344986000
1655949600,1161.5,1181.06005859,1155.29003906,1181.06005859,1295.6699016032965,1337.8903461543607,1363.205111693787,249366000
1656036000,1182.27001953,1188.88000488,1178.27001953,1178.27001953,1291.4770486721072,1334.3432277849304,1361.364961523003,257519000
1656295200,1181.35998535,1197.33996582,1180.90002441,1197.33996582,1288.1150099988176,1331.2987108523764,1359.7328720135206,285415000
1656381600,1196.27001953,1215.5,1191.86999512,1214.11999512,1285.4723308960026,1328.6947393916569,1358.2839876663213,349131000
1656468000,1202,1216.95996094,1201.86999512,1214.42004395,1282.9347492193597,1326.1553017151757,1356.8525056392932,331492000
1656554400,1216.05004883,1217.35998535,1189.5,1189.5,1279.597793890097,1323.1185172326163,1355.1873065782056,310632000
1656640800,1186.4699707,1197.90002441,1163.82995605,1194.16003418,1276.546445329022,1320.2527731647804,1353.585045161308,312513000
1656900000,1198.72998047,1204.94995117,1188.33996582,1192.84997559,1273.5572856954855,1317.4215998853408,1351.9856912352254,268732000
1656986400,1195.94995117,1197.73999023,1180.14001465,1181.61999512,1270.2738110320752,1314.403786446111,1350.2905101793526,353776000
1657072800,1179.79003906,1179.79003906,1151.68994141,1151.68994141,1266.0386728312867,1310.7879232230864,1348.314385116971,331756000
1657159200,1151.44995117,1167.2199707,1147.04003906,1167.2199707,1262.509433469455,1307.597524278129,1346.5124506451602,231592000
1657245600,1174.88000488,1178.57995605,1167.2800293,1174.33996582,1259.360523910546,1304.6362452012816,1344.7992915921736,299351000
1657504800,1167.59997559,1168.20996094,1146.23999023,1155.07995605,1255.6362179155265,1301.312772109031,1342.9115370096645,316998000
1657591200,1154.57995605,1171.94995117,1152.40002441,1171.94995117,1252.6474226746147,1298.4380427548301,1341.2104267028021,300647000
1657677600,1170.7199707,1178.66003418,1167.54003906,1169.68005371,1249.68430235445,1295.5767541093894,1339.5036568222768,307772000
1657764000,1165.06994629,1177.39001465,1164.35998535,1176.26000977,1247.0620061907196,1292.9252709018474,1337.8793419262342,315084000
1657850400,1178.44995117,1184.65002441,1173.30004883,1174.81994629,1244.4819326228367,1290.3007081326953,1336.256860377615,367880000
1658109600,1180.57995605,1181.08996582,1169.42004395,1171.29003906,1241.8679364241639,1287.6560265977464,1334.615399468982,298111000
1658196000,1170.67004395,1172.45996094,1161.39001465,1170.44995117,1239.3172940936581,1285.0514471437964,1332.981912421231,291336000
1658282400,1179.36999512,1190.44995117,1177.40002441,1185.84997559,1237.4077470042419,1282.8469699981565,1331.517913049776,362115000
1658368800,1187.82995605,1197.5300293,1187.63000488,1192.73999023,1235.8124699765904,1280.8445926699753,1330.137038195848,316241000
1658455200,1195.66003418,1199.31005859,1187.5300293,1187.5300293,1234.0880970952835,1278.770935706198,1328.7180629829538,281285000
1658714400,1185.97998047,1188.54003906,1177.07995605,1180.43005371,1232.1717384029519,1276.5855827729492,1327.2425604031234,254678000
1658800800,1180.02001953,1184.86999512,1174.67004395,1175.15002441,1230.1352486174892,1274.3314592537727,1325.7292018360276,248854000
1658887200,1174.69995117,1179.44995117,1168.67004395,1179.44995117,1228.325059422936,1272.2229812963556,1324.2736869040273,252446000
1658973600,1179.47998047,1201.56994629,1179.47998047,1196.16003418,1227.1763085214025,1270.5326935826588,1322.9989241903554,415150000
1659060000,1202.01000977,1202.06994629,1191.79003906,1191.79003906,1225.9125131834953,1268.7828568154887,1321.6933631442823,351757000
1659319200,1191.82995605,1216.69995117,1191.82995605,1216.69995117,1225.5834931115849,1267.6254589122557,1320.6486525773742,477677000
1659405600,1216.56005859,1224.79003906,1211.34997559,1224.30004883,1225.5376558158139,1266.6626720215388,1319.6899600027734,465759000
1659492000,1217.47998047,1231.63000488,1215.25,1230.9699707,1225.7316670616776,1265.8695008810603,1318.8071740395617,471690000
1659578400,1235.01000977,1240.2800293,1229.60998535,1234.9699707,1226.061606477332,1265.1828446548145,1317.9729730113074,437736000
1659664800,1231.82995605,1234.59997559,1226.16003418,1233.39001465,1226.3233353406415,1264.476337321374,1317.1313515350755,405336000
1659924000,1233.13000488,1241.08996582,1232.23999023,1238.09997559,1226.7439296352613,1263.8901959495659,1316.3449696848757,386343000
1660010400,1242.45996094,1246.17004395,1236.26000977,1242.36999512,1227.3020034025735,1263.4119692644645,1315.6089002862202,411352000
1660096800,1240.32995605,1244.40002441,1238.10998535,1239.31005859,1227.73086251641,1262.8763712494763,1314.8497078315315,374196000
1660183200,1244.85998535,1251.58996582,1226.38000488,1231.4699707,1227.8644020943955,1262.1784512372658,1314.0200587058446,494333000
1660269600,1230.43005371,1241.68005371,1227.11999512,1241.68005371,1228.3578182235242,1261.7229312922154,1313.3002576611098,335433000
1660528800,1248.17004395,1255.91003418,1247.04003906,1255.45996094,1229.3257518919697,1261.5837541732774,1312.724732320601,409787000
1660615200,1255.69995117,1258.9699707,1253.0300293,1257.15002441,1230.3194759104708,1261.4852268452046,1312.1717501523365,393018000
1660701600,1259.35998535,1264.19995117,1255.79003906,1259.04003906,1231.3452103086684,1261.4308893388668,1311.6430764101242,419519000
1660788000,1256.98999023,1266.84997559,1252.47998047,1256.9699707,1232.2603803226446,1261.3317578135586,1311.0990654080333,368606000
1660874400,1256.15002441,1260.67004395,1245.9699707,1251.55004883,1232.94929705505,1261.114386502813,1310.5065378798936,375653000
1661133600,1250.94995117,1253.07995605,1238.07995605,1244.0300293,1233.3450374923696,1260.7347341205282,1309.8450800830788,351188000
1661220000,1234.86999512,1253.81994629,1234.81005859,1253.81994629,1234.076284235142,1260.5810721687387,1309.2876160652372,341531000
1661306400,1256.68005371,1262.31005859,1254.27001953,1258.70996094,1234.9560584031728,1260.5394919192113,1308.784355815235,333646000
1661392800,1261.65002441,1272.23999023,1261.65002441,1272.18994141,1236.285839939131,1260.7983907967844,1308.4202322888148,365324000
1661479200,1275.43005371,1278.57995605,1264.36999512,1266.7199707,1237.3727731805905,1260.9299814613003,1308.0053043128066,401594000
1661738400,1254.83996582,1254.83996582,1231.64001465,1253.51000977,1237.9491030587837,1260.7650932014935,1307.4630625760624,538590000
1661824800,1253.69995117,1265.70996094,1251.75,1254.5300293,1238.54127899597,1260.6265362259048,1306.9363657275444,322743000
1661911200,1250.93994141,1261.93005371,1249.39001465,1258.35998535,1239.2490899371853,1260.5761684286624,1306.4530186591112,307093000
1662343200,1258.07995605,1262.69995117,1253.31005859,1256.38000488,1239.860908328,1260.4829203498032,1305.9547797160355,314024000
1662429600,1257.77001953,1265.01000977,1257,1257.31994629,1240.4844453980716,1260.4126320373632,1305.4708510252292,362742000
1662516000,1255.33996582,1255.81005859,1223.84997559,1223.84997559,1239.8903571906403,1259.6001285607551,1304.6587030109483,547026000
1662602400,1232.48999023,1232.63000488,1217.15002441,1217.15002441,1239.0782024484745,1258.6567929129606,1303.7879698905408,353651000
1662688800,1225.01000977,1230.23999023,1209,1230.23999023,1238.7625520121005,1258.0253084088947,1303.056149197401,382448000
1662948000,1236.7199707,1238.32995605,1228.82995605,1228.82995605,1238.4078164420255,1257.3765228009192,1302.3175801113573,267715000
1663034400,1230.95996094,1232.20996094,1223.59997559,1228.06994629,1238.0386067937388,1256.7252655451211,1301.5787976852741,292131000
1663120800,1209.68005371,1223.43005371,1208.40002441,1222.36999512,1237.4790135196768,1255.9618150912295,1300.7906503960673,407406000
1663207200,1229.2800293,1230.88000488,1222.80004883,1224.43005371,1237.0129792407597,1255.2611092827576,1300.0308434638678,264111000
1663293600,1221.81994629,1224.84997559,1206.69995117,1210.14001465,1236.0532305053755,1254.2584182909186,1299.136407356267,405715000
1663552800,1209.16003418,1211.05004883,1179.52001953,1182.98999023,1234.1581147812549,1252.6746754451203,1297.9807216137172,431049000
1663639200,1189.7199707,1196.69995117,1176.83996582,1196.69995117,1232.8203232237101,1251.430792683451,1296.9729527535806,272779000
1663725600,1190.90002441,1193.19995117,1181.25,1185.93005371,1231.1456707410775,1249.9752207062631,1295.8680482854852,213007000
1663812000,1175.9699707,1190.39001465,1171.30004883,1190.39001465,1229.6901115949677,1248.651105016124,1294.8185156124953,285314000
1663898400,1189.31005859,1192.39001465,1176.01000977,1177.67004395,1227.8322520362187,1247.0737481035433,1293.6528591780425,272853000
1664157600,1159.13000488,1162.43005371,1131.76000977,1145.18994141,1224.8807409424253,1244.8096635103534,1292.1756162151764,476335000
1664244000,1148.36999512,1152.18005371,1139.25,1140.16003418,1221.8550014151958,1242.4841161919012,1290.663023359105,267078000
1664330400,1133.15002441,1137.42004395,1119.18994141,1120.31994629,1218.2287494464388,1239.7693568607478,1288.9680673683677,308922000
1664416800,1126.56005859,1136.40002441,1105.84997559,1105.84997559,1214.2152218087087,1236.7933706102867,1287.1459968034087,264580000
1664503200,1098.67004395,1114.38000488,1080.2800293,1109.44995117,1210.4736050001834,1233.963516844947,1285.37787694636,411584000
1664762400,1100.81994629,1102.55004883,1054.31994629,1058.77001953,1205.0556198048198,1230.0703280157259,1283.1230723949534,338116000
1664848800,1071.75,1074.95996094,1043.85998535,1049.45996094,1199.4986319882191,1226.056764302932,1280.7980663108244,354509000
1664935200,1065.85998535,1082.56994629,1064.79003906,1074.2800293,1195.0265390350685,1222.6839479695334,1278.7431604699207,266169000
1665021600,1075.5300293,1077.68005371,1036.86999512,1039.56994629,1189.4745178656017,1218.6147479322103,1276.363327493006,334869000
1665108000,1020.47998047,1022.51000977,986.78997803,999.39001465,1182.6857856079016,1213.7430871926056,1273.607374131384,567790000
1665367200,984.80999756,1012.41998291,973.92999268,1002.67999268,1176.257007289048,1209.0527962034366,1270.9115792910716,387857000
1665453600,996.33001709,996.33001709,953.73999023,965.36999512,1168.7253282830106,1203.637622846027,1267.8713645232003,417922000
1665540000,965.30999756,1001.61999512,961.80999756,998.27001953,1162.637638684689,1199.073898327893,1265.1887640755067,375278000
1665626400,998.21002197,1011.9699707,987.7199707,1011.9699707,1157.2566505423786,1194.9160332694953,1262.6691740916708,269245000
1665712800,1028.56994629,1032.9699707,1019.05999756,1024.40002441,1152.5117710376508,1191.1267886281732,1260.2983367814054,359964000
1665972000,1015.92999268,1016.7199707,996.45001221,1016.7199707,1147.6620638827346,1187.2510815631026,1257.874671447262,289792000
1666058400,1030.79003906,1035.55004883,1020.10998535,1025.93994141,1143.314845222994,1183.6663895597003,1255.5668631881847,322715000
1666144800,1027.5300293,1028.9699707,1013.79998779,1021.57000732,1138.9668152978873,1180.0642477321514,1253.2385362641232,235669000
1666231200,1018.28997803,1024.68994141,1009.02001953,1017.67999268,1134.635143061534,1176.4557087309925,1250.8946701588086,249083000
1666317600,1019.09997559,1019.09997559,967.23999023,975.10998535,1128.9378160004078,1171.981359322526,1248.1505439418056,456519000
1666576800,975.07000732,977.42999268,928.47998047,939.42999268,1122.1696794532504,1166.8135511749144,1245.0786976605937,376125000
1666663200,936.28997803,968.70001221,913.7800293,953.91998291,1116.160761719563,1162.0825829912496,1242.1815960212843,492677000
1666749600,957.90997314,961.52001953,939.96002197,950.92999268,1110.259662825293,1157.3903032065552,1239.283570117391,242766000
1666836000,951.80999756,990.02001953,946.92999268,990.02001953,1105.965389850461,1153.6709635692985,1236.8033357831882,416486000
1666922400,998.46002197,1006.2800293,986.71002197,989.17999268,1101.7944828086588,1150.0156086606473,1234.339421921465,365378000
1667181600,986.78997803,991.27001953,960.59997559,985.35998535,1097.636107899421,1146.3565948092996,1231.8620145923956,437593000
1667268000,986.76000977,1004.40997314,986.76000977,993.48999023,1093.9166036969416,1142.959559151982,1229.4901536534662,442294000
1667354400,993.39001465,995.22998047,978.82000732,981.76000977,1089.9110110566937,1139.3773469434934,1227.0251770974119,360643000
1667440800,968.7800293,985.51000977,967.72998047,980.58001709,1086.0063327007404,1135.8485173911936,1224.572986450572,291046000
1667527200,967.10998535,968.57000732,933.2199707,954.05999756,1081.2939635885712,1131.808772506056,1221.8813149193224,522553000
1667786400,948.75,954.46002197,923.26000977,925.89001465,1075.7438225550507,1127.2328001092546,1218.936127851966,382695000
1667872800,909.53997803,932.80999756,904.22998047,932.10998535,1070.6140426548702,1122.896737559049,1216.0821363842847,393718000
1667959200,933.02001953,944.13000488,921.44000244,929.41998291,1065.571397663982,1118.5972541224035,1213.2297766482222,371093000
1668045600,918.51000977,918.51000977,877.19000244,886.76000977,1059.1852766677684,1113.4453153590166,1209.981321256399,485891000
1668132000,895.04998779,906.78997803,887.78997803,891.84002686,1053.2086606032053,1108.5207533923717,1206.8157362375293,478421000
1668391200,886.15997314,886.15997314,857.71002197,874.88000488,1046.8397800416624,1103.3287367587634,1203.5128931394445,437423000
1668477600,858.13000488,861.60998535,832.13000488,842.47998047,1039.5412157712458,1097.5320977301242,1199.9205258492013,424715000
1668564000,817.42999268,875.45001221,803.79998779,875.14001465,1033.6697443026299,1092.5900514394548,1196.6888789715974,676331000
1668650400,876.09997559,905.25,876.09997559,901.72998047,1028.957609880036,1088.3487165290226,1193.7539645586462,446161000
1668736800,899.9699707,909.53997803,875.03997803,904.4699707,1024.5116227664632,1084.2625221772664,1190.87551685856,619964000
1668996000,906.48999023,907.94000244,890.96002197,895.22998047,1019.8944212558753,1080.061799028216,1187.933770227828,371842000
1669082400,894.94000244,922.22998047,883.65997314,889.40997314,1015.234262394594,1075.8250917862556,1184.9633841871532,751335000
1669168800,884.82000732,895.47998047,878.03997803,882.33001709,1010.4876822051442,1071.52520123745,1181.9521069026043,354473000
1669255200,877.01000977,885.64001465,868.45001221,884.13000488,1005.9749080149605,1067.3608635406176,1178.9887029023794,346487000
1669341600,891.90997314,909.27001953,891.59002686,909.27001953,1002.5211619976405,1063.847733673715,1176.3049349086243,402344000
1669600800,919.15002441,945.09002686,918.23999023,944.64001465,1000.4539781637963,1061.1986732509658,1173.9998113239615,661508000
1669687200,949.15002441,968.32000732,936.90002441,968.32000732,999.3063363479464,1059.1347028969444,1171.9532461099916,820983000
1669773600,974.2199707,988.23999023,961.35998535,988.23999023,998.9111097008769,1057.559264837679,1170.1252535141707,746647000
1669860000,999.69000244,1012.04998779,981.04998779,983.13000488,998.347498814417,1055.905281283064,1168.2646042740298,933400000
1669946400,978.80999756,1027.48999023,976.53997803,1027.48999023,999.3883020792592,1055.2738303707736,1166.863861845731,779095000
1670205600,1030.95996094,1052.76000977,1030.95996094,1045.22998047,1001.0255048789286,1055.0506337063118,1165.653574468858,814715000
1670292000,1042.66003418,1044.2800293,998.44000244,998.44000244,1000.9331655061097,1053.7926196781716,1163.989757831755,1001298000
1670378400,995.03997803,1006.46002197,980.51000977,989.34997559,1000.519480151963,1052.3605609206568,1162.2520485557177,568128000
1670464800,1001.92999268,1031.18005371,999.78997803,1008.15997314,1000.7923549015358,1051.378325636642,1160.7187940739693,648196000
1670551200,1013.90002441,1019.71002197,998.90002441,1011.91998291,1001.1897701875523,1050.50147357605,1159.2382088882582,553015000
1670810400,1017.44000244,1022.60998535,989.80999756,989.80999756,1000.7833497365683,1049.1527741090267,1157.5523560392207,602755000
1670896800,991.98999023,1008.45001221,981.44000244,1008.45001221,1001.0571591106194,1048.2482682890484,1156.0687506279846,550540000
1670983200,1008.9699707,1023.03997803,1006.65002441,1009.89001465,1001.3726182370259,1047.395862652625,1154.6142358421341,482449000
1671069600,1007.98999023,1024.20996094,1007.80999756,1019.54998779,1002.021810006775,1046.7770654334556,1153.2703129759436,501040000
1671156000,1011.53997803,1028.98999023,1009.45001221,1018.01000977,1002.5928171411759,1046.1377975298233,1151.9244393122028,596819000
1671415200,1017.90997314,1033.48999023,1004.38000488,1004.38000488,1002.6566452747054,1045.2098465820495,1150.4563354870068,625740000
1671501600,1001.90002441,1004.42999268,969.34997559,984.78997803,1002.018550015966,1043.8671828364484,1148.8079140197729,693805000
1671588000,994.14001465,994.64001465,963.61999512,983.76000977,1001.3664592928958,1042.5314678794161,1147.165646315795,507306000
1671674400,985.02001953,996.09002686,979.42999268,988.70001221,1000.9140861827924,1041.3352133089847,1145.5888738371302,399584000
1671760800,987.48999023,989.26000977,973.90002441,984.09002686,1000.3132269212641,1040.063098054563,1143.9819201358653,313773000
1672020000,982.40002441,982.91998291,940.64001465,940.64001465,998.1820407687189,1037.8536962011283,1141.9586175937175,409559000
1672106400,940.11999512,965.15997314,937.38000488,962.45001221,996.9058968916219,1036.1780587791031,1140.1724623162675,374106000
1672192800,965.20001221,977.25,954.29998779,971.26000977,995.9899723515639,1034.7354354677898,1138.491741395409,290454000
1672279200,971.20001221,977.10998535,965.40002441,965.40002441,994.8974742107938,1033.1946485553945,1136.7694357537632,264716000
1672365600,971.63000488,972.64001465,963.80999756,966.09002686,993.8686368054083,1031.7034347399413,1135.0711331777059,241746000
1672711200,969.97998047,1001.86999512,969.73999023,1001.86999512,994.154399602358,1031.0404694150536,1133.7457487194201,368219000
1672797600,1005.88000488,1012.09997559,1000.66998291,1004.09002686,994.5092434329881,1030.441570691608,1132.4556420342517,384294000
1672884000,1006.76000977,1017.34997559,1003.98999023,1013.7199707,995.1953408353814,1030.0699795806834,1131.2741925682392,360142000
1672970400,1012.78997803,1025.93994141,1005.28997803,1008.96002197,995.6869365901892,1029.6008694115571,1130.057136144376,467833000
1673229600,1016.32000732,1019.75,1007.54998779,1010.69000244,996.2227603705396,1029.1806279233003,1128.8694034707007,278396000
1673316000,1012.14001465,1014.7199707,1001.02001953,1010.35998535,996.7276612626632,1028.7623914216715,1127.690205280445,299882000
1673402400,1015.76000977,1024.66003418,1013.15997314,1013.71002197,997.3341741450681,1028.4278943227455,1126.5560741032268,377494000
1673488800,1017.33001709,1019.7199707,1008.01000977,1013.72998047,997.9197386566728,1028.1012740149067,1125.4334264053837,277422000
1673575200,1019.23999023,1024,1011.4699707,1016.86999512,998.5965335303631,1027.8516900394643,1124.3531932582655,354590000
1673834400,1019.2800293,1022.57000732,1013.84002686,1021.41998291,999.411656722493,1027.708763214365,1123.3289822100242,288121000
1673920800,1023.39001465,1046.18994141,1023.39001465,1046.18994141,1001.0823097470469,1028.119456063157,1122.5614295652479,449287000
1674007200,1050.0300293,1058.35998535,1047.19995117,1056.95996094,1003.0779401467952,1028.7603561715314,1121.9086786336534,390613000
1674093600,1052.79003906,1065.69995117,1051.70996094,1063.58996582,1005.2390839208382,1029.534347497053,1121.328392934015,424866000
1674784800,1070.5300293,1081.67004395,1068.59997559,1072.81994629,1007.6526861483082,1030.4962496924518,1120.8457218231292,413781000
1675044000,1074.38000488,1074.68005371,1059.48999023,1059.48999023,1009.5040184369401,1031.1405550377306,1120.2352170311578,515122000
1675130400,1058.06005859,1069.79003906,1046.5,1069.79003906,1011.6570906020494,1031.9994324604477,1119.733274961793,461801000
1675216800,1072.82995605,1075.5,1033.57995605,1033.57995605,1012.4400500823333,1032.0345552068823,1118.8760280074468,722832000
1675303200,1037.98999023,1041.42004395,1025.15002441,1033.93005371,1013.2075502118928,1032.0766773958405,1118.0307944323479,411335000
1675389600,1035.31005859,1037.19995117,1022.97998047,1026.47998047,1013.6815655782538,1031.9523063530442,1117.1198410595882,365333000
1675648800,1026.4699707,1035.14001465,1017.02001953,1035.14001465,1014.4479387593875,1032.0231443151988,1116.304121393821,291841000
1675735200,1036.15002441,1038.57995605,1011.69000244,1012.10998535,1014.364440423338,1031.5806296715277,1115.2673638212457,427805000
1675821600,1015.45001221,1023.82000732,1004.71002197,1015.19000244,1014.393924781076,1031.2163935108272,1114.2715691806363,335204000
1675908000,1013.32000732,1018.57000732,1006.33001709,1006.33001709,1014.1059280778233,1030.6633629236976,1113.1975238862021,260927000
1675994400,1006.85998535,1009.27001953,994.96002197,995.02001953,1013.4242884868296,1029.8712886260598,1112.0216283204688,282765000
1676253600,990.27001953,991.77001953,968.83001709,980.9699707,1012.2652057087286,1028.7845926721475,1110.7176317272304,405135000
1676340000,982.91998291,985.40997314,974.5,978.90002441,1011.0735920909168,1027.6760467107665,1109.4060137439744,243462000
1676426400,977.47998047,992.66998291,974.11999512,987.41998291,1010.2288203344555,1026.781467515194,1108.1922223923925,348957000
1676512800,991.78997803,999.38000488,985.84997559,999.38000488,1009.8413626396534,1026.172546123301,1107.1095137604284,293192000
1676599200,1000.11999512,1003.78997803,993.65997314,999.5,1009.4720282596658,1025.5798228761164,1106.0387723299764,294633000
1676858400,999.25,1030.5,999.25,1030.5,1010.223027250392,1025.689160145536,1105.2871427545538,449042000
1676944800,1033.83996582,1039.5300293,1024.72998047,1024.72998047,1010.7411327225208,1025.6678450416352,1104.4855789507274,424075000
1677031200,1022.33001709,1022.33001709,995.90002441,995.90002441,1010.2110931399308,1025.0063379164878,1103.405125671715,499642000
1677117600,994.9699707,995.60998535,972.16998291,995.59002686,1009.6889122013619,1024.3526421152326,1102.3323386188622,417381000
1677204000,994.34997559,994.35998535,974.0300293,976.59997559,1008.5071644652418,1023.2914717480052,1101.0812703300178,235824000
1677463200,974.84997559,974.84997559,953.14001465,955.64001465,1006.6190519718402,1021.7881060347162,1099.6340936565848,330839000
1677549600,962.47998047,969.47998047,954.01000977,959.07000732,1004.9208718057031,1020.3943705077224,1098.2354460313452,222579000
1677636000,957.75,977.2800293,947.53997803,977.2800293,1003.9336988590709,1019.4362740364397,1097.0319095464563,325814000
1677722400,977.27001953,981.88000488,970.7800293,973.84002686,1002.858924859104,1018.4230240991855,1095.8061196689791,217999000
1677808800,974.7800293,978.65997314,958.32000732,959.09997559,1001.2961052423503,1017.1047341323147,1094.4458595288897,267338000
1678068000,968.9699707,977.98999023,961.71002197,962.15997314,999.8983862386949,1015.8837394435966,1093.1295820523833,275417000
1678154400,971.46002197,980.51000977,969.53997803,973.26000977,998.9470156505272,1014.93654545085,1091.936849989872,313046000
1678240800,964.65002441,986.59997559,963.89001465,986.59997559,998.5060499340798,1014.3068438983867,1090.8887218863906,338536000
1678327200,988.47998047,1000.2800293,988.02001953,994.9699707,998.3797613900055,1013.8771356050892,1089.9343064517002,413993000
1678413600,989.91998291,993.38000488,984.34002686,991.2800293,998.1261995296481,1013.3749776871983,1088.9526718531758,329077000
1678672800,985.45001221,995.54998779,984.69000244,991.19000244,997.8784782050178,1012.8819782372606,1087.9799089734427,383614000
1678759200,989.52001953,991.16998291,973.4699707,977.65002441,997.1560334266243,1012.0990459299882,1086.8820991767916,408308000
1678845600,981.42999268,1003.65997314,981.42999268,1003.60998535,997.386531709602,1011.9104001393217,1086.0535209297589,402629000
1678932000,996.85998535,998.5300293,982.7800293,988.39001465,997.0652275289019,1011.3877249062257,1085.0817447478707,348508000
1679018400,995.13000488,996.59997559,985.79998779,989.57000732,996.7975410928697,1010.9028867376429,1084.1313792013248,398590000
1679277600,985.05999756,985.41998291,966.64001465,968.2199707,995.7769135788386,1009.9543774923619,1082.978031853053,348666000
1679364000,974.25,978.22998047,960.82000732,978.0300293,995.1430962831658,1009.2449475325317,1081.9337731211817,293203000
1679450400,978.39001465,986.28997803,978.39001465,983.59002686,994.73048666091,1008.6748381842532,1080.9552283822645,290315000
1679536800,979.30999756,988.34002686,975.64001465,988.34002686,994.5022559537346,1008.2229534881586,1080.0336840885107,281968000
1679623200,991.10998535,997.13000488,989.29998779,992.91998291,994.4457462021726,1007.8828874753107,1079.1668810917095,374277000
1679882400,994.16998291,1000.48999023,989.54998779,998.41998291,994.5876832274521,1007.6726007071926,1078.3634293685084,380003000
1679968800,1002.84997559,1005.89001465,997.76000977,999.71002197,994.7706238968289,1007.4956545130327,1077.580808399369,417477000
1680055200,1000.79998779,1001.72998047,994.42999268,1001.72998047,995.0191723458706,1007.3675284231875,1076.8260737931066,311351000
1680141600,1007.91998291,1011.45001221,1004.33001709,1005.02001953,995.3763454595895,1007.3153615588944,1076.1115856909862,413768000
1680228000,1005.44000244,1014.51000977,1005.44000244,1011.41998291,995.9493325113899,1007.4065753666968,1075.467888150877,436353000
1680487200,1018.58001709,1027.88000488,1018.58001709,1027.88000488,997.0897136674117,1007.8615404669924,1074.9943768745497,580344000
1680573600,1029.26000977,1031.61999512,1024.83996582,1030.67004395,998.2890111775042,1008.3683960999482,1074.553338735997,510066000
1680660000,1030.5300293,1033.42004395,1025.72998047,1033.42004395,999.5436909193791,1008.925099385505,1074.1440522207133,487408000
1680746400,1035.55004883,1037.61999512,1021.65997314,1021.65997314,1000.3335581415441,1009.2080965800493,1073.6218225781192,650901000
1680832800,1022.20001221,1023.82000732,1015.21002197,1022.4699707,1001.1241443043461,1009.502804893826,1073.1128489275907,418632000
1681092000,1027.06005859,1032.08996582,1018.92999268,1022.16998291,1001.8757813974053,1009.7842977386299,1072.6059547383609,558784000
1681178400,1020.55999756,1027.01000977,1012.89001465,1027.01000977,1002.7734324107122,1010.167091339327,1072.1522637436508,459127000
1681264800,1029.35998535,1031.33996582,1025.04003906,1027.60998535,1003.6604521585439,1010.5547112062309,1071.7090569934653,485857000
1681351200,1028.82995605,1029.43994141,1019.90997314,1022.4699707,1004.3322206778817,1010.8194947505368,1071.2191158363164,423474000
1681437600,1026.23999023,1027.85998535,1010.4699707,1010.4699707,1004.5514260358144,1010.8117275494138,1070.6146467304825,538343000
1681696800,1010.2199707,1012.59997559,1006.59997559,1012.15997314,1004.8231598609639,1010.841688562538,1070.0330081872937,280089000
1681783200,1013.76000977,1015.51000977,1008.16998291,1012.65997314,1005.1030460495009,1010.8820948864816,1069.4621322166738,358254000
1681869600,1015.86999512,1016.01000977,1003.73999023,1004.25,1005.0725801191616,1010.7347150001153,1068.8132552791944,361115000
1681956000,1005.32000732,1006.67999268,999.39001465,1002.69000244,1004.9874880591915,1010.5559436098905,1068.155312464874,225946000
1682042400,1004.17999268,1005.40002441,994.84002686,996.17999268,1004.6729346527918,1010.2364780336707,1067.4391401287062,371059000
1682301600,997.96002197,1002.59997559,991.61999512,994.80999756,1004.3206868994778,1009.893667356478,1066.7164620931967,292151000
1682388000,995.34002686,1000.34002686,985.59997559,986.36999512,1003.6795907644964,1009.3709190845562,1065.9169947601301,321941000
1682474400,985.86999512,994.02001953,979.51000977,994.02001953,1003.3346060775501,1009.0297879833439,1065.2016019717707,312219000
1682560800,995.83001709,999.41998291,991.34997559,993.27001953,1002.9751565579948,1008.679570906603,1064.4858648330467,335392000
1682647200,997.78997803,1003.65997314,997.10998535,1003.65997314,1002.9996142930663,1008.5680242895673,1063.880632079882,397887000
1683165600,1000.22998047,1002.79998779,993.70001221,995.02001953,1002.7146287658139,1008.2669575171325,1063.195451855505,396717000
1683252000,994.39001465,997.78997803,990.60998535,993.90002441,1002.399821467392,1007.947692336974,1062.5059451147538,300272000
1683511200,997.36999512,1003.84002686,997.32000732,1003.84002686,1002.4512573742709,1007.8564108819302,1061.922204634607,398858000
1683597600,1003.95001221,1007.96002197,1003.04998779,1004.65002441,1002.529784768404,1007.7851578492206,1061.352332194561,341271000
1683684000,1006.84002686,1011.60998535,1004.82000732,1011.2800293,1002.8422935016754,1007.8628216592379,1060.8541003249634,413629000
1683770400,1014.65002441,1017.15002441,1010.29998779,1011.64001465,1003.1564978284013,1007.9467592812548,1060.3644079301876,464529000
1683856800,1012.70001221,1020.84002686,1008.5,1020.84002686,1003.7880524366726,1008.2332763385602,1059.9711305066037,445994000
1684116000,1021.96002197,1031.5300293,1021,1021,1004.4027648496486,1008.5169813088145,1059.5833580637518,502278000
1684202400,1023.11999512,1023.84997559,1017.41998291,1020.30999756,1004.9708803035898,1008.7790483366186,1059.1925783572467,385633000
1684288800,1020.26000977,1023.36999512,1012.10998535,1012.10998535,1005.2258483409615,1008.8530691591383,1058.7240948447368,474010000
1684375200,1015.15002441,1023.9699707,1012.40002441,1018.25,1005.6909966144987,1009.0618898444908,1058.3213675328489,405369000
1684461600,1020.73999023,1020.73999023,1010.15002441,1018.64001465,1006.153461544338,1009.274737062391,1057.926528200681,453840000
1684720800,1020.69000244,1025.44995117,1019.28997803,1025.44995117,1006.8426218881117,1009.6341862647822,1057.6033781804754,445366000
1684807200,1026.08996582,1028.80004883,1017.52001953,1021.34997559,1007.3607416631792,1009.8945371386759,1057.2426478064408,483757000
1684893600,1025.55004883,1025.56005859,1014.78997803,1015.34002686,1007.6457161344943,1010.015548021372,1056.8257063044862,468538000
1684980000,1014.58001709,1017.14001465,1010.89001465,1015.20001221,1007.9155124229052,1010.1307583366748,1056.4115202935957,433800000
1685066400,1017.35998535,1018.10998535,1014.9699707,1016.0300293,1008.2053165970872,1010.261853246971,1056.0097144130623,395713000
1685325600,1019.44000244,1027.4699707,1019.42999268,1026.58996582,1008.8619112121912,1010.6247001930383,1055.716980596216,447569000
1685412000,1030.89001465,1031.61999512,1024.31005859,1029.93005371,1009.6143448728272,1011.0537080489707,1055.4603942590397,538856000
1685498400,1030.7800293,1032.02001953,1023.58001709,1026.67004395,1010.2234769827263,1011.4007377356603,1055.173923111686,571921000
1685584800,1026.29003906,1031.5300293,1022.42999268,1031.5300293,1010.9844252797718,1011.848055325979,1054.938660486694,506384000
1685671200,1038.60998535,1049.84997559,1038.29003906,1048.15002441,1012.3117681058513,1012.6547657500683,1054.8711118690155,687645000
1685930400,1058.27001953,1059.58996582,1050.19995117,1051.5300293,1013.7124202913567,1013.5186604956224,1054.8378672663387,642182000
1686016800,1052.17004395,1062.82995605,1050.33996582,1062.82995605,1015.4666179970225,1014.6144670634974,1054.917390537818,562455000
1686103200,1064.82995605,1067.65002441,1060.93005371,1067.07995605,1017.3099514989145,1015.780366818753,1055.038411090178,650771000
1686189600,1069.06994629,1071.54003906,1051.84997559,1051.84997559,1018.5435237878819,1016.5819136803362,1055.006685363808,819845000
1686276000,1054.70996094,1061.57995605,1048.31005859,1061.57995605,1020.0805392258147,1017.5818701774399,1055.0720910422774,590322000
1686535200,1065.42004395,1069.36999512,1053.27001953,1069.36999512,1021.8408769363214,1018.7327173983857,1055.2143587445432,494408000
1686621600,1071.44995117,1073.43994141,1068.48999023,1073.06005859,1023.6701334239527,1019.9399916470883,1055.3919278972344,583878000
1686708000,1075.13000488,1080.86999512,1067.65002441,1067.65002441,1025.2408438163116,1021.0002145973752,1055.5138990068142,573594000
1686794400,1067.13000488,1069.73999023,1061.68005371,1066.32995605,1026.708312110372,1022.0075421852114,1055.6215214649553,469225000
1686880800,1066.44995117,1083.11999512,1064.18005371,1066.79003906,1028.139802358573,1023.002708782429,1055.7326509932643,786450000
1687140000,1068.27001953,1069.63000488,1058.85998535,1059.86999512,1029.273023528624,1023.8219818121528,1055.7738185965154,484375000
1687226400,1060.58996582,1067.63000488,1057.82995605,1067.63000488,1030.6429157197445,1024.7954934358827,1055.8917905993362,432981000
1687312800,1067.91003418,1076.34997559,1066.33996582,1076.34997559,1032.2753107151107,1025.941148594863,1056.0953546290941,575037000
1687399200,1083.09997559,1087.01000977,1080.90002441,1083.41003418,1034.1015508388566,1027.2182349411994,1056.3671424853221,603265000
1687485600,1085.40002441,1091.88000488,1083.0300293,1090.57995605,1036.1186367392545,1028.6262731880615,1056.7075684909407,608676000
1687744800,1093.04003906,1095.83996582,1079.14001465,1093.30004883,1038.1608300282096,1030.063468202327,1057.0716727729214,703322000
1687831200,1096.38000488,1097.15002441,1089.81005859,1095.13000488,1040.1954434157735,1031.5093912396085,1057.4503626446335,449088000
1687917600,1096.42004395,1101.43005371,1092.91003418,1099.59997559,1042.3170338505674,1033.0225153362837,1057.8697617784183,573228000
1688004000,1100.47998047,1101.06994629,1082.93994141,1082.93994141,1043.76785197769,1034.1317914712552,1058.1192163021155,577007000
1688090400,1083.10998535,1085.31994629,1079.2800293,1082.38000488,1045.146857438487,1035.2039739914494,1058.3606171834874,375739000
1688349600,1086.61999512,1089.05004883,1080.65002441,1083.85998535,1046.5294691496124,1036.285218688306,1058.6143422398707,354781000
1688436000,1084.64001465,1091.18005371,1081.61999512,1091.18005371,1048.124132883912,1037.5051039110103,1058.9383791699217,457055000
1688522400,1095.01000977,1097.83996582,1092.45996094,1092.55004883,1049.7107727391294,1038.7283249092102,1059.2728236441515,538120000
1688608800,1092.70996094,1094.10998535,1079.27001953,1084.45996094,1050.9518151748748,1039.7445834876721,1059.5234419257022,654388000
1688695200,1082.9699707,1094.80004883,1079.44995117,1094.80004883,1052.5178235197006,1040.9680382730571,1059.8744529396754,526596000
1688954400,1100.34997559,1107.19995117,1098.45996094,1107.19995117,1054.4707566500686,1042.439858559656,1060.3453534195792,593237000
1689040800,1108.01000977,1116.11999512,1107.76000977,1110.4699707,1056.4707285804232,1043.9516388294414,1060.8441058303297,579966000
1689127200,1112.0300293,1114.29003906,1105.9699707,1110.0300293,1058.3835607489796,1045.420047506565,1061.3335180041572,500965000
1689213600,1115.79003906,1121.97998047,1115.25,1121.97998047,1060.6548614533017,1047.1213793501968,1061.936965391877,547853000
1689300000,1127.08996582,1127.72998047,1113.2800293,1126.56005859,1063.008618493898,1048.8866833333036,1062.5799812445946,713232000
1689559200,1131.04003906,1133.98999023,1127.9699707,1131.75,1065.4636678334016,1050.7280903703413,1063.2682401376833,594652000
1689645600,1131.76000977,1134.42004395,1127.32995605,1134.2199707,1067.9192500786373,1052.583465488778,1063.9742275064625,540017000
1689732000,1137.43005371,1138.58996582,1131.63000488,1131.63000488,1070.194634178686,1054.3400552530275,1064.6474193211245,567274000
1689818400,1131.56005859,1135.42004395,1127.26000977,1135.42004395,1072.52411309909,1056.1418327796268,1065.3516245413123,545005000
1689904800,1136.5,1152.82995605,1135.93005371,1152.82995605,1075.3921789187655,1058.2904577411907,1066.2220557006026,688358000
1690164000,1158.85998535,1161.31994629,1151.04003906,1160.40002441,1078.4281734005954,1060.5595592227198,1067.1591499166166,677513000
1690250400,1162.5300293,1167.86999512,1160.34997559,1163.95996094,1081.4828800984312,1062.8573459275483,1068.1223420661029,664797000
1690336800,1164,1167.79003906,1160.7800293,1167.79003906,1084.565278632773,1065.189183552714,1069.1140604441516,614511000
1690423200,1168.36999512,1172.43994141,1158.73999023,1168.07995605,1087.5479456833882,1067.4756451637647,1070.0987957238117,763021000
1690509600,1168.81994629,1180.48999023,1167.2199707,1180.48999023,1090.8673044171958,1069.9870750541256,1071.1972155696444,738014000
1690768800,1190.63000488,1194.81994629,1183.22998047,1193.97998047,1094.5498999905103,1072.742472952256,1072.4189346233793,745400000
1690855200,1200.80004883,1201.80004883,1185.36999512,1185.36999512,1097.7934748165635,1075.245306778206,1073.5428257725994,830575000
1690941600,1184.26000977,1191.58996582,1180.29003906,1188.93005371,1101.0483526341861,1077.7716344878015,1074.690957393867,591890000
1691028000,1188.15002441,1192.54003906,1178.60998535,1181.0300293,1103.9048410865366,1080.066265483628,1075.7490576118385,702237000
1691114400,1182.18005371,1201.09997559,1182.18005371,1199.73999023,1107.3275249845174,1082.725681589103,1076.9827982349047,759419000
1691373600,1199.72998047,1216.10998535,1199.72998047,1216.10998535,1111.2126128547131,1085.689777228234,1078.3671483554529,697307000
1691460000,1217.85998535,1219.82995605,1210.18994141,1213.06005859,1114.8500216309733,1088.5202279251623,1079.7073763179856,686709000
1691546400,1211.29003906,1213.33996582,1202.26000977,1205.97998047,1118.1046630180813,1091.130444648381,1080.9638201403936,616447000
1691632800,1207.89001465,1209.27001953,1191.58996582,1192.61999512,1120.765924878864,1093.3857679921948,1082.0748268566085,566302000
1691719200,1200.01000977,1205.45996094,1185.55004883,1205.45996094,1123.7907118810476,1095.876305613257,1083.3025396335577,631320000
1691978400,1210.39001465,1215.01000977,1202.93005371,1212.70996094,1126.9663993474387,1098.4726090649624,1084.5901756664575,702143000
1692064800,1214.67004395,1214.91003418,1206.29003906,1210.17004395,1129.9379580832444,1100.9547742846298,1085.839726594652,522285000
1692151200,1209.86999512,1222.22998047,1208.48999023,1222.22998047,1133.2341017399142,1103.649778866527,1087.1968435486356,581519000
1692237600,1223.41003418,1225.75,1213.70996094,1213.70996094,1136.1082395684887,1106.095560690382,1088.4556805376044,716695000
1692324000,1206.19995117,1209.17004395,1151.55004883,1153.98999023,1136.7468735206855,1107.1598813468179,1089.1077632211109,1134923000
1692583200,1153.57995605,1164.93005371,1140.7800293,1155.10998535,1137.402698943161,1108.2254392135553,1089.7645017497566,674135000
1692669600,1157.45996094,1161.51000977,1122.44995117,1161.31994629,1138.2568863484053,1109.4053171485875,1090.476496222794,676354000
1692756000,1173.72998047,1174.15002441,1148.2199707,1152.13000488,1138.7523548673907,1110.35475465373,1091.0899639706267,472462000
1692842400,1153.91003418,1173.58996582,1150.4699707,1173.58996582,1139.9965552585554,1111.759981568536,1091.9108595114164,547970000
1692928800,1173.42004395,1177.89001465,1166.68005371,1170.30004883,1141.078822886107,1113.060871952124,1092.6908514449347,591574000
1693188000,1177.02001953,1191.10998535,1176.04003906,1191.10998535,1142.8656501169603,1114.795296694299,1093.6701463096617,528496000
1693274400,1194.68005371,1198.04003906,1186.44995117,1194.25,1144.700805469926,1116.5609567677589,1094.6709408737447,624643000
1693360800,1195.55004883,1207.64001465,1194.25,1206.80004883,1146.9186355899287,1118.5662699246975,1095.7866533907224,578376000
1693447200,1207.91003418,1218.92004395,1207.91003418,1218.92004395,1149.4901144599312,1120.7963537919265,1097.0118612569838,610671000
1693879200,1226.34997559,1231.85998535,1222,1228.32995605,1152.305823088148,1123.1859893976616,1098.318508966367,660612000
1693965600,1230.63000488,1243.04003906,1222.01000977,1243.04003906,1155.5463308014284,1125.8494127234915,1099.7585241911793,731079000
1694052000,1245.56005859,1253.31005859,1237.66003418,1240.42004395,1158.5775348424488,1128.3954267507472,1101.1581413032072,733659000
1694138400,1238.33996582,1246.22998047,1237.22998047,1239.04003906,1161.4511957073614,1130.854195913175,1102.5301004848668,633599000
1694397600,1242.44995117,1249.5,1217.82995605,1218.97998047,1163.50579516317,1132.8125466811045,1103.6888057583508,894247000
1694484000,1218.95996094,1244.98999023,1214.58996582,1244.98999023,1166.4159449869853,1135.3053787599688,1105.0947876933922,602456000
1694570400,1249.17004395,1251.98999023,1231.4699707,1237.90002441,1168.9689478235216,1137.585259774414,1106.416232834851,806380000
1694656800,1237.94995117,1244.64001465,1221.04003906,1222.43994141,1170.8786261658959,1139.470919366316,1107.5706975967928,739091000
1694743200,1224.56005859,1234.0300293,1219.35998535,1225.84997559,1172.8418886453283,1141.3904539490645,1108.7476058355312,620652000
1695002400,1222.88000488,1225.22998047,1203.51000977,1211.63000488,1174.2271785108524,1142.9513328586409,1109.7713112986603,551199000
1695088800,1213.47998047,1218.39001465,1199.26000977,1214.44995117,1175.6637061058218,1144.5401910433377,1110.8128898048428,623027000
1695175200,1216.36999512,1231.10998535,1213.04003906,1229.75,1177.5953594591854,1146.4337423534857,1111.9963436376304,527902000
1695261600,1229.39001465,1230.54003906,1212.55004883,1213.36999512,1178.8730250185001,1147.921214637186,1113.0050366872063,658105000
1695348000,1203.07995605,1203.07995605,1168.97998047,1185.27001953,1179.1014891081966,1148.7511880792485,1113.724091242856,965379000
1695607200,1182.39001465,1187.2800293,1139.29003906,1139.29003906,1177.6796516064753,1148.5409403232652,1113.978478783325,699450000
1695693600,1137.54003906,1155.06994629,1128.89001465,1128.89001465,1175.9371645723154,1148.1042530860816,1114.1268522745358,676841000
1695780000,1131.26000977,1149.75,1114.59997559,1149.75,1175.0019086947327,1148.1408252397243,1114.4813114558838,529450000
1695866400,1149.2800293,1149.64001465,1127.84997559,1146.34997559,1173.9786253695636,1148.1010285808416,1114.7984125915466,470436000
1695952800,1152.38000488,1159.08996582,1146.65002441,1148.4699707,1173.0676019885077,1148.1092272946007,1115.133452970735,375051000
1696212000,1149.45996094,1157.64001465,1143.81005859,1150.7199707,1172.2694722996325,1148.1672438147207,1115.487547674509,315356000
1696298400,1140.54003906,1141.63000488,1108.93994141,1110.70996094,1170.0709183225028,1147.334859750838,1115.4400094980463,673465000
1696384800,1106.39001465,1131.35998535,1097.31005859,1122.60998535,1168.3758850020563,1146.785418097486,1115.5113525413492,479008000
1696471200,1126.76000977,1128.85998535,1108.20996094,1108.20996094,1166.22710199984,1145.9281857162084,1115.4387018786492,395954000
1696557600,1109.32995605,1126.60998535,1103.52001953,1125.5300293,1164.773635117703,1145.4748933514038,1115.539113096772,429069000
1696816800,1125.67004395,1138.15002441,1123.38000488,1138.15002441,1163.8227918781422,1145.3121184860393,1115.7640972889435,394579000
1696903200,1141.86999512,1151.38000488,1141.86999512,1144.55004883,1163.134479626423,1145.295183604794,1116.0505246674616,447952000
1696989600,1146.5,1154.2800293,1139.17004395,1154.2800293,1162.818249257622,1145.4948468424652,1116.4309177483824,356624000
1697076000,1155.06005859,1161.17004395,1150.01000977,1153.58996582,1162.4886677062784,1145.6747383752993,1116.8006595202394,427386000
1697162400,1145.31005859,1158.06994629,1139.9699707,1156.81994629,1162.2862133699828,1145.9224096622927,1117.198861378645,419344000
1697421600,1156.41003418,1158.68994141,1140.79003906,1141.95996094,1161.5602757831978,1145.8343552462418,1117.445240478758,442339000
1697508000,1146.60998535,1149.5,1120.14001465,1120.14001465,1160.0809807427265,1145.2633698996585,1117.4720541521037,403164000
1697594400,1123.90002441,1125.41003418,1085.44995117,1103.68005371,1158.0666619201293,1144.339296206555,1117.334820316859,668826000
1697680800,1104.48999023,1104.68994141,1084.31994629,1084.31994629,1155.4328506476247,1143.005532875076,1117.0063141076364,441125000
1697767200,1084.20996094,1107.92004395,1073.44995117,1107.35998535,1153.715962601281,1142.2134095967408,1116.9103307369137,419097000
1698026400,1106.41003418,1106.60998535,1085.29003906,1091.81994629,1151.5053905901639,1141.093554856591,1116.6606751702777,367281000
1698112800,1094.07995605,1107.19995117,1087.15002441,1104.25,1149.8176980690866,1140.2748091931112,1116.5371858651008,316323000
1698199200,1105.27001953,1113.06994629,1099.68994141,1099.68994141,1148.0274210455477,1139.3729232423755,1116.3695515919158,336790000
1698285600,1079.09997559,1080.76000977,1041.67004395,1050.41003418,1144.5410858003495,1137.3959701521005,1115.713237985827,822273000
1698372000,1057.35998535,1060.63000488,1036.4699707,1058.25,1141.45926130748,1135.6371708153872,1115.14146447353,452822000
1698631200,1053.55004883,1056.91003418,1033.35998535,1033.35998535,1137.5985728804271,1133.364344471712,1114.3277184125993,319798000
1698717600,1035.52001953,1038.65002441,1016.13000488,1019.2199707,1133.3707656596976,1130.8278028323407,1113.3813726642152,517669000
1698804000,1019.45001221,1035.33996582,1014.04998779,1035.33996582,1129.8696656654226,1128.7058508987332,1112.60484125283,428377000
1698890400,1035.70996094,1074.2800293,1035.70996094,1074.2800293,1127.8843215095146,1127.496388196539,1112.2234998403642,502966000
1698976800,1075.85998535,1082.77001953,1068.93994141,1074.83996582,1125.9898802348891,1126.3262454770604,1111.851524377475,529957000
1699236000,1082.65002441,1091.04003906,1081.51000977,1091.04003906,1124.7416716215002,1125.5421075566812,1111.6444449215796,400458000
1699322400,1087.42004395,1092.23999023,1079.5300293,1080.72998047,1123.1698255089466,1124.5462825103104,1111.336838310121,386109000
1699408800,1080.36999512,1120.88000488,1076.81994629,1120.88000488,1123.08804620077,1124.4648096740814,1111.4317951914134,618891000
1699495200,1123.81005859,1132.30004883,1117.65002441,1118.40002441,1122.9206168510996,1124.3300366682129,1111.5011308055286,694606000
1699581600,1109,1124.41003418,1106.81005859,1107.19995117,1122.359164505346,1123.9493681015858,1111.45833299821,695958000
1699840800,1107.72998047,1115.69995117,1098.20996094,1107.7800293,1121.838481105155,1123.5900494615505,1111.4217329614119,522701000
1699927200,1114.85998535,1127.93005371,1111.91003418,1120.67004395,1121.7967512067567,1123.5251604501827,1111.5137559563232,561870000
1700013600,1133.0300293,1144.42004395,1127.2199707,1130.56994629,1122.1100796025867,1123.681711246623,1111.7033697904892,642582000
1700100000,1127.43005371,1134.15002441,1122.89001465,1134.15002441,1122.540077631423,1123.9143404280314,1111.9267195876982,415181000
1700186400,1136.94995117,1139.64001465,1102.4699707,1108.54003906,1122.040076253872,1123.5726892865196,1111.89302127399,791330000
1700445600,1095.9699707,1119.36999512,1090,1109.83996582,1121.604358024091,1123.2675176539303,1111.8725928615124,536136000
1700532000,1110.64001465,1120.7800293,1110.64001465,1117.64001465,1121.4627743321591,1123.1424620316207,1111.92998014299,420658000
1700618400,1118.30004883,1123.75,1110.43005371,1122.13000488,1121.486603994582,1123.1199629838068,1112.0314729264428,559861000
1700704800,1124.69995117,1127.5,1090.68994141,1090.68994141,1120.38672318799,1122.399295837722,1111.8191193790155,671748000
1700791200,1094.48999023,1098.10998535,1074.31994629,1098.10998535,1119.5911254080618,1121.8595333824394,1111.6827100851945,632967000
1701050400,1098.16003418,1099.5300293,1085.81005859,1086.25,1118.4003709292024,1121.0682104183852,1111.429648293302,354684000
1701136800,1086.45996094,1095.61999512,1073.7800293,1095.2800293,1117.574644442445,1120.4951397268655,1111.2689555670006,423595000
1701223200,1097.89001465,1106.33996582,1097.06005859,1102.83996582,1117.048405920215,1120.1028025289352,1111.1850850222543,394626000
1701309600,1102.31005859,1108.72998047,1093.85998535,1093.85998535,1116.2202480427072,1119.5196288138477,1111.012695970789,448801000
1701396000,1100.56005859,1103.04003906,1088.70996094,1102.57995605,1115.7330947572534,1119.1431916413178,1110.9287881108808,398787000
1701655200,1109.10998535,1128.61999512,1108.64001465,1123.52001953,1116.011199213423,1119.2404544832884,1111.0540739956482,770538000
1701741600,1124.92004395,1126.91003418,1115.01000977,1117.7199707,1116.072226766515,1119.2066659547709,1111.1204013260397,500277000
1701828000,1119.18005371,1128.93005371,1117.44995117,1128.93005371,1116.5314348716395,1119.4227412382204,1111.2976117975218,545404000
1701914400,1129.84997559,1134.40002441,1110.32995605,1126.44995117,1116.885667596581,1119.5789014589266,1111.4483813435165,918866000
1702000800,1126.61999512,1133.48999023,1122.70996094,1128.84997559,1117.3129643106317,1119.784925328506,1111.621531535024,530385000
1702260000,1132.38000488,1133.23999023,1123.54003906,1129.68005371,1117.754646074895,1120.004817070317,1111.8012183228345,433821000
1702346400,1132.14001465,1133.90002441,1127.68005371,1132.70996094,1118.2887644629343,1120.2871536007542,1112.009265513055,371695000
1702432800,1135.91003418,1137.36999512,1116.42004395,1117.48999023,1118.260236811758,1120.2249944147375,1112.063800087353,548849000
1702519200,1122.55004883,1124.39001465,1110.77001953,1112.30004883,1118.0473729552666,1120.0488845128543,1112.0661508211108,417674000
1702605600,1112.79003906,1116.85998535,1105.54003906,1106.35998535,1117.6299662550784,1119.7446867536798,1112.0093730552292,473813000
1702864800,1108.20996094,1108.69995117,1094.19995117,1095.82995605,1116.85139446204,1119.213248293598,1111.8483838312966,356080000
1702951200,1095.86999512,1102.81005859,1086.95996094,1102.81005859,1116.3499181808957,1118.8487329668515,1111.758450246806,368751000
1703037600,1103.11999512,1108.72998047,1100.09997559,1108.02001953,1116.0524218005066,1118.6080948904769,1111.7212519312159,312125000
1703124000,1103.75,1109.70996094,1101.77001953,1109.68994141,1115.8251903579885,1118.4099137020219,1111.7010398862287,314713000
1703210400,1109.59997559,1112.7800293,1106.4699707,1109.58996582,1115.602503767346,1118.213914860199,1111.680034174127,361796000
1703469600,1112.14001465,1125.72998047,1111.92004395,1124.15002441,1115.9077723617265,1118.3458284057504,1111.8041136789616,384536000
1703556000,1125.04003906,1130,1123.76000977,1128.29003906,1116.3499961723792,1118.5668108647337,1111.9681527374794,414001000
1703642400,1130.29003906,1133.61999512,1128.60998535,1128.60998535,1116.7878529287227,1118.789992519962,1112.1337431117333,398699000
1703728800,1129.36999512,1139.5,1127.33996582,1138.08996582,1117.5486426748398,1119.2188808155183,1112.3920139844524,438319000
1703815200,1140.13000488,1144.19995117,1139.16003418,1141.65002441,1118.4094063082384,1119.7173506731735,1112.6831384662987,427857000
1704160800,1147.93005371,1150.43994141,1138.40002441,1140.25,1119.1894275115155,1120.1736317693253,1112.9574355959874,567080000
1704247200,1140.06994629,1152.77001953,1136.27001953,1152.77001953,1120.3887343693186,1120.8979959417848,1113.3535807097587,426124000
1704333600,1153.85998535,1172.17004395,1153.22998047,1161.0300293,1121.8402091882715,1121.7898189053008,1113.8279732330448,840136000
1704420000,1161.59997559,1166.4699707,1157.4699707,1164.81005859,1123.3748466669047,1122.7458242316275,1114.3352576644572,531950000
1704679200,1168.20996094,1173.79003906,1164.56005859,1167.79003906,1124.9611035380867,1123.746806783369,1114.8671460365522,565308000
1704765600,1168.44995117,1169.88000488,1161.26000977,1164.85998535,1126.386063602798,1124.6604329737386,1115.3645872237507,584778000
1704852000,1165.18994141,1171.55004883,1159.97998047,1164.42004395,1127.7444200437694,1125.5439798843222,1115.8527012210268,690347000
1704938400,1166.66003418,1175.04003906,1161.9699707,1167.26000977,1129.1556911054206,1126.4710027706706,1116.3642167289768,587909000
1705024800,1164.25,1168.5,1151.93994141,1163.43005371,1130.3797754841555,1127.2923150137667,1116.8325335148577,775982000
1705284000,1168.07995605,1172.31005859,1158.7199707,1158.7199707,1131.3919253132929,1127.9907073623497,1117.2493239346104,404229000
1705370400,1155.86999512,1169.94995117,1153.06005859,1169.94995117,1132.768997665318,1128.9231350025198,1117.7737082852113,416166000
1705456800,1170.11999512,1177.60998535,1167.68005371,1168.2800293,1134.037248795128,1129.797732653575,1118.27625874307,510051000
1705543200,1170.54003906,1176.68994141,1168.81005859,1175.48999023,1135.5177038463735,1130.8131161552733,1118.8455496036365,412828000
1705629600,1179.05004883,1185.56005859,1178.68005371,1183.75,1137.24028585186,1131.9894913518228,1119.491365030466,458598000
1705888800,1187.68005371,1190.55004883,1179.81994629,1187.36999512,1139.0306326114364,1133.2201692133378,1120.1667742850884,543287000
1705975200,1189.80004883,1190.97998047,1180.36999512,1182.84997559,1140.5956091463852,1134.323053799486,1120.7904877309084,422947000
1706061600,1181.70996094,1187.11999512,1177.9699707,1178.73999023,1141.9579084708,1135.3100968312751,1121.3670996960734,444199000
1706148000,1180.18994141,1180.18994141,1174.23999023,1177.83996582,1143.2394105189858,1136.2552050310246,1121.9290187619831,326341000
1706234400,1180.43994141,1184.65002441,1180.43994141,1182.98999023,1144.6590740800934,1137.2937558132242,1122.5365906173863,351291000
1706493600,1185.06005859,1186.31994629,1179.72998047,1180.68994141,1145.9458907704472,1138.2581154931524,1123.1152309237805,383088000
1706580000,1180.85998535,1186.0300293,1180.27001953,1185.64001465,1147.36353805186,1139.3110465855268,1123.737368075285,383184000
1706666400,1188.02001953,1189.15002441,1168.86999512,1170.92004395,1148.2048418339364,1140.0134687491818,1124.2068474372225,754387000
1706752800,1170.07995605,1180.47998047,1169.81994629,1178.44995117,1149.2850243102243,1140.8676128029779,1124.746579812673,386218000
1706839200,1179.48999023,1184.67004395,1177.88000488,1179.48999023,1150.3637730930734,1141.7258878569116,1125.2912903640893,544497000
1707098400,1181.54003906,1199.55004883,1181.31005859,1196.90002441,1152.025782068678,1142.9519797803136,1126.003815080964,559907000
1707184800,1199.06005859,1202.81994629,1197.60998535,1199.68005371,1153.7277203415822,1144.2126036454179,1126.7369119827454,386169000
1707271200,1202.07995605,1212.66003418,1201.86999512,1211.20996094,1155.7806575058114,1145.7014338075196,1127.5774398330664,484336000
1707962400,1212.73999023,1224.67004395,1212.73999023,1217.39001465,1157.9809916895324,1147.294513381797,1128.4710972939313,645967000
1708048800,1221.39001465,1223.42004395,1217.41003418,1222.64001465,1160.290242509549,1148.9688578544237,1129.408101446728,557785000
1708308000,1225.98999023,1234.18005371,1222,1234.18005371,1162.9291643381366,1150.8624399845476,1130.4506084344223,727520000
1708394400,1236.52001953,1238.17004395,1230.36999512,1235.70996094,1165.528478502489,1152.7479404502242,1131.4979651757712,594587000
1708480800,1236.08996582,1242.08996582,1229.08996582,1237.0300293,1168.0821053166858,1154.620875757997,1132.5480354655645,648911000
1708567200,1237.18994141,1238.55004883,1232.23999023,1234.57995605,1170.4570285571613,1156.3977442089304,1133.5632784564543,531794000
1708653600,1235.82995605,1247.20996094,1215.22998047,1215.22998047,1172.0560625540484,1157.7051272369542,1134.3758824565891,988549000
1708912800,1216.08996582,1228.89001465,1212.59997559,1228.15002441,1174.0594183346182,1159.2705693963553,1135.3089584959266,590905000
1708999200,1234.20996094,1242.56005859,1231.94995117,1242.56005859,1176.5058697723105,1161.1214469339918,1136.3761336212408,656699000
1709085600,1247.31005859,1255.79003906,1242,1255.79003906,1179.3374472468709,1163.2251934256808,1137.5643316853082,646271000
1709172000,1259.38000488,1266.27001953,1250.02001953,1258.08996582,1182.1500371959112,1165.333299478888,1138.7635917264495,745010000
1709258400,1260.11999512,1265.66003418,1255.35998535,1264.43994141,1185.0889623464143,1167.5356692995792,1140.0141026685744,639411000
1709517600,1270.2199707,1273.95996094,1263.32995605,1267.79003906,1188.0425722290424,1169.7635441831442,1141.285505020728,781445000
1709604000,1268.80004883,1278.67004395,1264.41003418,1278.67004395,1191.279267647648,1172.1836886224075,1142.6525153583325,628307000
1709690400,1278.77001953,1284.31005859,1260.95996094,1267.89001465,1194.015365754875,1174.310495867465,1143.8986596298914,674414000
1709776800,1268.15002441,1278.44995117,1264.36999512,1275.7800293,1196.9355323100579,1176.565374388188,1145.21091206442,668677000
1709863200,1277.05004883,1281.43005371,1251.76000977,1251.76000977,1198.8935493621987,1178.2363662855616,1146.2711020913412,972232000
1710122400,1251.93005371,1257.7199707,1235.44995117,1238.55004883,1200.30985291462,1179.5766703421048,1147.1893005663526,667327000
1710208800,1237.4699707,1248.68005371,1235.33996582,1245.35998535,1201.9187862158835,1181.0385217867247,1148.1661233005182,573334000
1710295200,1245.66003418,1276.47998047,1245.66003418,1276.47998047,1204.5816860106734,1183.1594430907974,1149.4428780982244,627819000
1710381600,1277,1282.19995117,1261.60998535,1267.59997559,1206.832339209935,1185.0358993685575,1150.6185706105803,739816000
1710468000,1266.2199707,1272.7199707,1253.08996582,1264.79003906,1208.902257061723,1186.808213583923,1151.7546051225147,755614000
1710727200,1265.05004883,1268.66003418,1219.47998047,1243.39001465,1210.1339626898757,1188.0655869409468,1152.6664002421912,1185936000
1710813600,1243.73999023,1249.14001465,1237.16003418,1242.02001953,1211.2727504341658,1189.2645743318146,1153.5554909813734,598606000
1710900000,1243.85998535,1267.09997559,1235.2800293,1265.41003418,1213.20622485366,1190.9566956617743,1154.668471510713,649951000
1710986400,1274.70996094,1285.42004395,1270.26000977,1285.42004395,1215.7852898213864,1193.0558811792905,1155.9694821817507,857623000
1711072800,1291.67004395,1298.06994629,1281.29003906,1289.20996094,1218.407599504194,1195.1926385073064,1157.295258089793,901553000
1711332000,1289.0300293,1294.5300293,1270.63000488,1274.66003418,1220.41661502833,1196.9585806333662,1158.4630668071084,775286000
1711418400,1274.30004883,1291.54003906,1269.61999512,1291.41003418,1222.9520942837466,1199.0575018232914,1159.7859222038535,615892000
1711504800,1293.72998047,1296.63000488,1285.51000977,1294.20996094,1225.4970180928985,1201.172000914774,1161.1234748280938,544588000
1711591200,1300.0300293,1308.63000488,1299.77001953,1305.91003418,1228.3689115245807,1203.4995127651123,1162.5641371102022,633082000
1711677600,1307.68994141,1308.10998535,1297.60998535,1300.31005859,1230.9382382054885,1205.6508582278875,1163.9347432940808,542077000
1711936800,1296.81994629,1302.43005371,1287.97998047,1296.10998535,1233.2658006035067,1207.6610610528232,1165.2499198319506,596356000
1712023200,1288.63000488,1299.88000488,1279.30004883,1299.88000488,1235.6448793276672,1209.7103709156495,1166.5895226682496,763993000
1712109600,1296.95996094,1301.14001465,1282.06994629,1282.22998047,1237.3086329398934,1211.321917794635,1167.74017398966,716577000
1712196000,1282.47998047,1286.30004883,1273.15002441,1275.11999512,1238.65903873204,1212.7396528463098,1168.808629921305,644818000
1712282400,1264.97998047,1273,1258.70996094,1262.06994629,1239.4951425733957,1213.8358815895028,1169.736603218506,673824000
1712541600,1262.02001953,1264.25,1252.18005371,1256.57995605,1240.1053144832745,1214.7857499108472,1170.6007161820035,531711000
1712628000,1258.15002441,1272.09997559,1254.25,1272.09997559,1241.2479809513718,1216.059399370384,1171.610659061685,431510000
1712714400,1276.75,1280.14001465,1268.39001465,1268.39001465,1242.2173392977513,1217.2223019321532,1172.5736377242554,440112000
1712800800,1266.41003418,1272.23999023,1257.97998047,1267.69995117,1243.1274325789032,1218.344027470772,1173.5201682063025,445925000
1712887200,1268.47998047,1289.44995117,1268.47998047,1289.44995117,1244.781808242871,1219.9241591085326,1174.6736983850458,497858000
1713146400,1288.73999023,1292.7800293,1226.38000488,1226.38000488,1244.1246009799113,1220.0676223478986,1175.1881889969359,965391000
1713232800,1225.56994629,1230.81005859,1201.93005371,1227.5,1243.5308652306287,1220.2327862957231,1175.7087045293047,885849000
1713319200,1227.73999023,1233.2800293,1205.52001953,1205.60998535,1242.1765480920349,1219.907835163596,1176.0062297116,545514000
1713492000,1200.61999512,1203.76000977,1176.17004395,1185.51000977,1240.152743151962,1219.1434390437382,1176.1007946873056,740048000
1713751200,1196.48999023,1208.76000977,1193.17004395,1202.92004395,1238.8230038947493,1218.7829191527662,1176.3676528889243,441103000
1713837600,1204.09997559,1208.08996582,1186.18994141,1194.0300293,1237.2232548020797,1218.2328549338158,1176.5433979278405,504533000
1713924000,1203.90002441,1231.36999512,1202.64001465,1228.93994141,1236.927422180934,1218.470790188842,1177.064756569454,491509000
1714010400,1230.77001953,1231.77001953,1220.91003418,1228.52001953,1236.6271578005435,1218.6941063964234,1177.5767492357281,348875000
1714096800,1221.06994629,1239.34997559,1219.25,1234.2199707,1236.5411868326669,1219.0391256031696,1178.1403633796513,400427000
1714615200,1237.45996094,1241.27001953,1231.33996582,1240.60998535,1236.6865010654287,1219.5184780419881,1178.7619516579632,373673000
1714701600,1243.26000977,1252.17004395,1242.44995117,1247.16003418,1237.0605558195205,1220.132734845055,1179.442529593506,415570000
1714960800,1254.20996094,1267.85998535,1249.13000488,1267.85998535,1238.160535445609,1221.1933404118315,1180.322305272675,487688000
1715047200,1272.70996094,1277.7800293,1265.65002441,1276.92004395,1239.5448036064802,1222.4317116015686,1181.2834768018026,409500000
1715133600,1270.61999512,1278.34997559,1262.58996582,1278.34997559,1240.9307026058916,1223.6743396902004,1182.2493126106403,563548000
1715220000,1281.94995117,1284.90002441,1269.56005859,1274.48999023,1242.1292485924669,1224.8035763688627,1183.1671302983953,444246000
1715306400,1278.45996094,1278.93994141,1263.0300293,1272.60998535,1243.2178463338073,1225.865941012888,1184.0571089556252,409718000
1715565600,1276.07995605,1276.85998535,1261.38000488,1268.30004883,1244.1136392801,1226.8089211866015,1184.8953471633304,410874000
1715652000,1275.7800293,1281.40002441,1269.7800293,1272.47998047,1245.126722894025,1227.8238336151214,1185.766836051954,357077000
1715738400,1278.42004395,1290.05004883,1277.54003906,1285.72998047,1246.5768392360242,1229.1106368785631,1186.7614942053674,513656000
1715824800,1296.95996094,1306.43005371,1293.0300293,1303.92004395,1248.6248108329519,1230.7730681468172,1187.9272509192444,609547000
1715911200,1305.95996094,1310.86999512,1301.68005371,1310.86999512,1250.847853128918,1232.5529998573325,1189.150561806814,621204000
1716170400,1320.22998047,1323.7800293,1313.54003906,1313.54003906,1253.0868597693136,1234.352711839614,1190.3882680481393,707023000
1716256800,1312.98999023,1315.40002441,1300.34997559,1312.13000488,1255.1955435232667,1236.0810961294003,1191.5996286136303,580044000
1716343200,1313.40002441,1316.73999023,1295.64001465,1299.48999023,1256.7774880485072,1237.490182664969,1192.6731645501116,708074000
1716429600,1298.38000488,1312.80004883,1290.84997559,1312.80004883,1258.7782937907034,1239.1637352464143,1193.868456931006,595832000
1716516000,1312.23999023,1316.32995605,1275.7199707,1288.73999023,1259.8483543778211,1240.265429801605,1194.812452287215,911615000
1716775200,1291.0300293,1293.2800293,1281.11999512,1292.17004395,1261.0027004339704,1241.4188656715694,1195.781184542566,435764000
1716861600,1298.89001465,1309.27001953,1295.55004883,1309.27001953,1262.7265332588286,1242.9266690906456,1196.9104266817444,527848000
1716948000,1312.14001465,1313.11999512,1297.42004395,1298.75,1264.0130856424419,1244.167187555298,1197.9237557694883,670113000
1717034400,1293.23999023,1295.93005371,1276.79003906,1294.7199707,1265.1097601087831,1245.2905827362913,1198.8869021867072,657355000
1717120800,1296.75,1300.01000977,1290.98999023,1292.90002441,1266.1022695481122,1246.3485703290403,1199.8223561391778,398922000
1717380000,1302.97998047,1316.65002441,1302.48999023,1313.73999023,1267.8036167153225,1247.8461574379505,1200.9558649361015,664236000
1717466400,1320.56994629,1322.35998535,1313.54003906,1315.51000977,1269.5074164672753,1249.349798600885,1202.0957071732548,561714000
1717552800,1316.5,1325.67004395,1312.86999512,1312.86999512,1271.056079990587,1250.761358523532,1203.197938894118,570867000
1717639200,1317.55004883,1321.25,1307.83996582,1313.93994141,1272.5876464698517,1252.16532703212,1204.2998493669127,554525000
1717725600,1315.09997559,1325.35998535,1313.5300293,1319.19995117,1274.252371637714,1253.6549853462952,1205.4431339619682,387332000
1717984800,1324.9699707,1329.04003906,1318.18994141,1322.68994141,1275.982284843867,1255.1890954810442,1206.6097688619486,509880000
1718071200,1327.41003418,1329.25,1311.55004883,1318.06005859,1277.4850624776575,1256.5862279945766,1207.7187269686954,596076000
1718157600,1318.86999512,1339.02001953,1316.10998535,1339.02001953,1279.682739515241,1258.4180900286972,1209.0252074916934,566077000
1718244000,1339.43005371,1345.84997559,1336.84997559,1341.9699707,1281.9072834861254,1260.2747984880596,1210.3480409564527,633323000
1718330400,1344.69995117,1346.5,1321.72998047,1321.72998047,1283.329522664121,1261.6404691987693,1211.4563189615626,727420000
1718589600,1323.19995117,1324.43005371,1311.43994141,1316.14001465,1284.501325949331,1262.8515702087966,1212.497947774383,571568000
1718676000,1321.11999512,1326.5,1316.92004395,1318,1285.6977071654262,1264.0770908708234,1213.5477194383195,457668000
1718762400,1321.42004395,1325.08996582,1308.57995605,1320.2800293,1286.932790098804,1265.3260450581386,1214.6097324717691,570041000
1718848800,1322.45996094,1328.81005859,1314.9699707,1325.15002441,1288.2976913242037,1266.6554668215133,1215.7096358741396,602776000
1718935200,1327.58996582,1329.15002441,1320.93005371,1324.91003418,1289.605274997625,1267.950012762813,1216.796207001561,503198000
1719194400,1323.34997559,1326.52001953,1290.07995605,1293.56005859,1289.7465172687812,1268.519124892306,1217.5600264203515,777507000
1719280800,1294.04003906,1298.23999023,1288.0300293,1295.68005371,1289.958429284539,1269.1227010882549,1218.337340124726,384491000
1719367200,1297.31994629,1300.52001953,1282.75,1298.43005371,1290.260987299734,1269.7739755909604,1219.13428254846,412360000
1719453600,1296.30004883,1297.51000977,1288.57995605,1296.31005859,1290.4770255601006,1270.3636663242723,1219.9022007180276,328305000
1719540000,1296.92004395,1297.72998047,1275.80004883,1283.25,1290.2189175043827,1270.650029294844,1220.5325270790422,465876000
1719799200,1282.90002441,1289.7800293,1275.79003906,1289.7800293,1290.2032429256546,1271.0751404060697,1221.2215569518876,299723000
1719885600,1293.86999512,1306.79003906,1291.83996582,1303.84997559,1290.6906262350956,1271.8034700768237,1222.0437302716698,345822000
1719972000,1303.95996094,1315.36999512,1303.95996094,1312.67004395,1291.4756054391994,1272.7116161628942,1222.9454846366284,358757000
1720058400,1316.08996582,1319.93994141,1310.39001465,1318.2199707,1292.430761341371,1273.7229129303855,1223.8934894730799,342708000
1720144800,1319.42004395,1323.65002441,1314.76000977,1323.39001465,1293.5364489595363,1274.8266263019325,1224.8835046489696,402929000
1720404000,1326.06005859,1327.17004395,1317.56005859,1323.54003906,1294.6080057488387,1275.9091465854451,1225.8651617077858,473821000
1720490400,1324.06994629,1331.68005371,1319.47998047,1331.68005371,1295.9320074617372,1277.148500077102,1226.9180462053203,541435000
1720576800,1332.93005371,1334.65002441,1321.45996094,1321.45996094,1296.8437200859607,1278.1331992073885,1227.8587617748196,466574000
1720663200,1326.08996582,1329.81994629,1318.60998535,1318.60998535,1297.6210867025336,1279.032683343891,1228.761759024324,458651000
1720749600,1317.56005859,1323.81005859,1309.68994141,1313.95996094,1298.2046179253002,1279.808845068249,1229.6095023269675,373841000
1721008800,1314.11999512,1319.42004395,1306.40002441,1310.81994629,1298.6551653668967,1280.4979806509546,1230.4175664460026,315868000
1721095200,1311.23999023,1321.93005371,1309.80004883,1313.43994141,1299.1831930827218,1281.2300242233778,1231.2436597292265,426830000
1721181600,1318.93994141,1327,1290.67004395,1306.31994629,1299.4380771258388,1281.7875780470804,1231.9906874561993,842747000
1721268000,1307.08996582,1310.27001953,1290.94995117,1310.27001953,1299.8249322117017,1282.4205211911453,1232.7695862828043,460275000
1721354400,1310.27001953,1317.10998535,1298.5300293,1303.92004395,1299.9711862023553,1282.8982883635642,1233.4775510357117,564301000
1721613600,1300.31005859,1305.85998535,1283.33996582,1295.60998535,1299.815429029057,1283.1807705188185,1234.0957842129683,582172000
1721700000,1298.02001953,1301.94995117,1271.69995117,1273.33996582,1298.8698767715907,1282.9620859699558,1234.4862735821926,486929000
1721786400,1268.06994629,1282.7800293,1255.94995117,1279.07995605,1298.1630938886767,1282.8758164161788,1234.929991815703,476138000
1721872800,1270.48999023,1274.61999512,1263.79003906,1271.39001465,1297.2069124872953,1282.6205763769303,1235.2927781125618,294789000
1721959200,1273.22998047,1280.11999512,1269.89001465,1280.11999512,1296.5966654384633,1282.565007904554,1235.7388200728349,291663000
1722218400,1285.35998535,1289.93005371,1282.2199707,1284.11999512,1296.1510700699469,1282.5995631760084,1236.2202247996722,303702000
1722304800,1284.14001465,1285.48999023,1273.45996094,1282.19995117,1295.65281582352,1282.5906829092082,1236.6777345147998,377041000
1722391200,1284.22998047,1292.35998535,1282.17004395,1288.98999023,1295.4148577666087,1282.7328897385592,1237.198254472165,467844000
1722477600,1288.98999023,1293.31994629,1253.52001953,1259.56994629,1294.1346823567299,1282.2181576619246,1237.4208583708498,599690000
1722564000,1255.5300293,1269.82995605,1240.58996582,1269.82995605,1293.2666564172039,1281.9428642927708,1237.743336954722,475209000
1722823200,1251.11999512,1254.34997559,1211.95996094,1216.52001953,1290.5257050998036,1280.4890232980424,1237.532159666914,710612000
1722909600,1228.48999023,1243.5,1216.0300293,1240.81005859,1288.7501462958821,1279.6072685267525,1237.5647755765963,437336000
1722996000,1246.54003906,1246.54003906,1232.79003906,1243.16003418,1287.1219280060293,1278.7973299857135,1237.6204497915555,374166000
1723082400,1237.10998535,1246.45996094,1227.82995605,1233.75,1285.2157877200996,1277.7962782082532,1237.581937853331,478590000
1723168800,1241.83996582,1255.51000977,1238.82995605,1254.84997559,1284.1312944297388,1277.286360372292,1237.7537591243427,402198000
1723428000,1256.73999023,1263.88000488,1251.39001465,1263.43994141,1283.3923175361767,1276.9786621731298,1238.0093430276825,356491000
1723514400,1262.31005859,1265.02001953,1253.92004395,1260.48999023,1282.5743772752419,1276.6122472410602,1238.2330310595464,348450000
1723600800,1265.55004883,1266.04003906,1257.38000488,1259.56994629,1281.7527904543404,1276.2335294421478,1238.4453386737798,317955000
1723687200,1259.20996094,1261.22998047,1250.52001953,1254.39001465,1280.7755484613283,1275.7481180023221,1238.6039921660806,314969000
1723773600,1256.51000977,1287.31994629,1256.51000977,1287.31994629,1281.0092769552093,1276.0052697420483,1239.08872802801,693038000
1724032800,1293.80004883,1299.63000488,1291.76000977,1297.18994141,1281.5871578285946,1276.4760402235584,1239.666849554199,446647000
1724119200,1299.15002441,1309.81994629,1297.25,1306.01000977,1282.4594025407878,1277.1323506579238,1240.3269805016198,575143000
1724205600,1304.4699707,1316.70996094,1301,1316.70996094,1283.682636769331,1278.0118531086366,1241.0870101577232,550610000
1724292000,1319.33996582,1320.13000488,1313.55004883,1316.98999023,1284.872185107212,1278.8780339335558,1241.8422636907806,448906000
1724378400,1317.95996094,1321.13000488,1308.23999023,1318.92004395,1286.088180065883,1279.7678563783657,1242.609206777937,471450000
1724637600,1321.43994141,1325.07995605,1312.56005859,1314.45996094,1287.1014579542443,1280.538792035291,1243.3241396551716,534296000
1724724000,1313.27001953,1318.72998047,1309.36999512,1315.4699707,1288.1146191237356,1281.3150404500623,1244.0420086207919,449922000
1724810400,1318.95996094,1320.39001465,1311.30004883,1316.70996094,1289.1358813314594,1282.1015942387276,1244.765072822973,524527000
1724896800,1316.67004395,1323.58996582,1315.83996582,1317.18994141,1290.1378120485501,1282.8813352869781,1245.4857182815504,448512000
1724983200,1318.80004883,1322.89001465,1318.20996094,1321.48999023,1291.2575326978877,1283.739305396823,1246.2419796939728,386912000
1725415200,1321.49,1321.49,1302.8,1309.65,1291.914406530106,1284.315098610227,1246.8729052691572,541216810
1725501600,1309.65,1314.47,1296.35,1300.33,1292.214963439745,1284.6709853077775,1247.404816659514,580393360
1725588000,1300.33,1305.41,1293.9,1305.19,1292.6783576026112,1285.1269634120492,1247.9797936081754,567650383
1725847200,1305.19,1305.19,1293.76,1298.41,1292.8830591168037,1285.4221420028925,1248.4815867066015,409028085
1725933600,1298.41,1303.16,1282.47,1285.92,1292.6343784340606,1285.4332055139394,1248.854108231909,586830880
1726020000,1285.92,1288.88,1276.24,1284.29,1292.3363649185585,1285.4078009469629,1249.2067041699001,433448073
1726106400,1284.29,1292.49,1284.29,1286.78,1292.1379233143243,1285.4382942592526,1249.5805678100007,349177197
1726192800,1286.78,1288.27,1282.8,1285.49,1291.9004974816698,1285.4394432757138,1249.9378755929858,402279226
1726452000,1285.49,1290.2,1272.45,1272.45,1291.2058368573246,1285.1507889806978,1250.1618768308665,526646983
1726538400,1272.45,1293.78,1272.45,1293.78,1291.2977712552772,1285.3425492255712,1250.5958880066787,510048319
1726624800,1293.78,1306.41,1292.94,1300.16,1291.6142794247316,1285.6718259094475,1251.0890632503933,696315063
1726711200,1300.16,1307.65,1300.16,1307.15,1292.169126588134,1286.1491186670153,1251.6468835165585,525566064
1726797600,1307.15,1322.87,1307.15,1313.3,1292.9238006385579,1286.752471585526,1252.260347362165,803894019
1727056800,1316.19,1319.27,1307.59,1308.65,1293.4854506157521,1287.23908332807,1252.8214384331882,480615695
1727143200,1308.65,1318.53,1306.52,1318.53,1294.3798988080466,1287.9344370318906,1253.4752549661912,751378834
1727229600,1318.53,1331.9,1318.53,1331.9,1295.719902422045,1288.911449542293,1254.2556006879206,874766581
1727316000,1334.67,1345.63,1332.6,1338.15,1297.235263049829,1290.0056395524643,1255.0903708303294,838527535
1727402400,1342.68,1347.7,1334,1339.45,1298.7429322266207,1291.1044031179651,1255.92977012555,834849702
1727661600,1339.45,1342.15,1333.4,1340.04,1300.2178275042413,1292.1918608264548,1256.7666878357436,618029203
1727748000,1340.04,1355.61,1340.04,1344.98,1301.816476521947,1293.364930585867,1257.644432235388,812792684
1727834400,1344.98,1346.58,1336.31,1338.8,1303.137316646163,1294.37459879507,1258.4519503225981,655953648
1727920800,1338.8,1352.94,1327.28,1328.69,1304.0499124802286,1295.1371632662906,1259.15083638904,897053632
1728007200,1329.56,1330.49,1320.26,1320.26,1304.6288441773634,1295.6954485270396,1259.7588877682535,511360612
1728266400,1326.88,1330.2,1314.62,1321.63,1305.2360283138862,1296.2717718931053,1260.3745207257834,420177209
1728352800,1321.63,1331.19,1319.07,1325.88,1305.9733130169618,1296.929732517703,1261.0263165394572,575743683
1728439200,1328.1,1338.28,1327.01,1337.92,1307.114266123499,1297.840627350643,1261.7914278176715,575452850
1728525600,1337.92,1354.1,1337.92,1342.91,1308.3926851905169,1298.8421689650731,1262.598577789635,606285946
1728612000,1342.91,1346.63,1338.62,1344.63,1309.6868750051412,1299.8596763214048,1263.4148108464547,406719701
1728871200,1345.48,1353.93,1338.13,1338.56,1310.7180580406718,1300.7196835142624,1264.1625241713655,689996652
1728957600,1340.1,1346.08,1330.55,1332.47,1311.4949131106478,1301.4252461028343,1264.8422005477698,612273451
1729044000,1331.57,1334.8,1325.88,1328.95,1312.1183090709817,1302.036907300549,1265.4800890995334,435444680
1729130400,1328.95,1339.42,1320.69,1339.42,1313.0933694613038,1302.8676426938703,1266.2158096060057,577674251
1729216800,1344.4,1347.43,1337.33,1338.25,1313.9918205519716,1303.6539173006731,1266.9325677193788,580864729
1729476000,1336.9,1341.71,1333.41,1333.41,1314.6853269608298,1304.3151635828804,1267.5940347072456,514976538
1729562400,1333.09,1335.67,1319.82,1324.86,1315.0487081408,1304.7717155032608,1268.1638453071735,672781133
1729648800,1325.54,1329.05,1317.67,1327.65,1315.4987542786287,1305.2801218254106,1268.755747343918,496115472
1729735200,1327.9,1330.92,1310.55,1310.55,1315.3220130543918,1305.3972302292902,1269.1716105544263,583925814
1729821600,1310.55,1314.99,1304.46,1306.53,1315.0080125881636,1305.4224028908616,1269.5433358225414,486707275
1730080800,1306.53,1309.63,1304.92,1309.56,1314.813440710015,1305.5143494932868,1269.941511585501,403852344
1730167200,1309.95,1317.55,1309.95,1317.2,1314.8986749703715,1305.7740306156581,1270.4117453010683,812536621
1730253600,1317.2,1320.46,1309.7,1315.62,1314.9244365785726,1305.9928299353103,1270.8615786811572,430511944
1730340000,1315.62,1321.57,1310.73,1319.6,1315.0914209864807,1306.2952114923035,1271.346538097265,513147098
1730426400,1319.6,1319.6,1305.91,1306.72,1314.7924416655349,1306.304651236919,1271.6985128425658,502994112
1730685600,1306.72,1308.59,1292.04,1294.46,1314.066283034623,1306.0414367649873,1271.9249953018439,610483362
1730772000,1294.46,1299.96,1294.46,1295.76,1313.4124872119578,1305.8129603924322,1272.162159527696,371044833
1730858400,1296.36,1313.4,1296.36,1312.88,1313.3934698115308,1305.9700057170448,1272.5673121692116,487466754
1730944800,1312.88,1319.84,1310.41,1311.22,1313.3158458896905,1306.0866722566661,1272.9519160282243,397224460
1731031200,1311.22,1315.49,1299.39,1303.59,1312.9684942507731,1306.0311906509623,1273.2567725851575,469951008
1731290400,1303.64,1304.25,1287.9,1298.4,1312.448190884674,1305.8616086364966,1273.5069539524693,676308287
1731376800,1300.7,1304.39,1288.29,1291.84,1311.7121840673642,1305.5500173334633,1273.6893723211015,503275364
1731463200,1291.84,1294.73,1279.69,1293.69,1311.0685346363869,1305.2864613927197,1273.888383541787,550385001
1731549600,1293.69,1293.77,1275.41,1275.8,1309.8089441136588,1304.6312066951036,1273.9074046010728,578550226
1731636000,1272.17,1272.61,1257.83,1260.23,1308.0382675381709,1303.6445132129902,1273.7713110229527,649830841
1731895200,1259.94,1267.31,1244.04,1259.53,1306.3058294118077,1302.664190697146,1273.6296064356595,558317207
1731981600,1259.53,1261.85,1245.32,1245.32,1304.1277640756718,1301.3898753483206,1273.347918809434,414020219
1732068000,1245.32,1265.53,1235.84,1259.16,1302.5217725015407,1300.4514336739135,1273.2067454879473,637502319
1732154400,1259.16,1272.84,1255.43,1272.84,1301.4617091979142,1299.8378462589376,1273.203096279112,389492655
1732240800,1272.84,1276.88,1269.48,1270.87,1300.3691481551316,1299.1941163420722,1273.1798813907626,440641599
1732500000,1270.87,1277.81,1270.58,1277.14,1299.5395357210198,1298.704024867804,1273.2192855560286,409566419
1732586400,1277.14,1289.73,1277.14,1284.87,1299.0156237309834,1298.396602092964,1273.3352130629337,461093178
1732672800,1284.87,1288.69,1282.61,1286.67,1298.5747085977341,1298.1360109353427,1273.4678975100687,336385384
1732759200,1291.59,1295.97,1284.18,1287.02,1298.1620404335292,1297.888988470113,1273.6027443010132,371255309
1732845600,1286.95,1297.28,1285.21,1296.08,1298.0876818466174,1297.8487887263327,1273.8263985865754,405775114
1733104800,1296.08,1304.04,1291.31,1295.86,1298.008121780667,1297.804593421303,1274.0456384016343,410732896
1733191200,1295.86,1300.4,1290.5,1296.98,1297.971403145643,1297.7862691230519,1274.2738410046031,553207537
1733277600,1296.98,1296.98,1284.73,1285.33,1297.51992446187,1297.5094631425395,1274.3838525368956,465944507
1733364000,1287.03,1322.4,1282,1322.4,1298.4084985882319,1298.0625861838164,1274.8616251484686,765248228
1733450400,1322.34,1327.96,1321.32,1323.54,1299.3060522100807,1298.6287509352871,1275.3459870872898,587355443
1733709600,1323.54,1329.86,1318.93,1324.48,1300.2051217740063,1299.2032231367252,1275.8348827381626,626476325
1733796000,1324.48,1328.29,1320.61,1324,1301.0549388535062,1299.7542626225759,1276.3141376362903,502735104
1733882400,1324.1,1330.25,1317.54,1323.33,1301.8504767515954,1300.2781678976298,1276.7819571622974,521569245
1733968800,1323.33,1329.45,1319.99,1322.05,1302.5718882961812,1300.7619863887935,1277.2323854492397,447855168
1734055200,1322.05,1322.05,1314.73,1316.87,1303.082535142746,1301.1199422468203,1277.626789574123,386917205
1734314400,1316.87,1321.76,1311.73,1318.26,1303.6245874590766,1301.5008324191133,1278.0311001256243,433987167
1734400800,1318.26,1319.76,1312.75,1314.91,1304.0276379069667,1301.7988139209108,1278.39805435323,393630440
1734487200,1314.91,1320.03,1313.98,1319.06,1304.564507981718,1302.1823958337795,1278.8026508273272,396682287
1734573600,1318.48,1318.48,1298.74,1305.12,1304.5843469823708,1302.2476759263623,1279.0645149981995,620799715
1734660000,1305.12,1308.47,1304.16,1306.81,1304.6638345901433,1302.3490609057765,1279.3405894758293,433266125
1734919200,1306.81,1315.08,1306.81,1312.75,1304.9526262119239,1302.580192885648,1279.6730214213435,370761741
1735005600,1312.75,1313.05,1303.31,1312.18,1305.2107467043552,1302.7935219326337,1279.9964739445143,488823519
1735092000,1312.36,1335.42,1312.36,1329.18,1306.0667914649139,1303.3798881119085,1280.4858622634742,635371620
1735178400,1330.82,1332.29,1325.31,1326.91,1306.8111917697383,1303.9027794871995,1280.9477939822457,427816056
1735264800,1326.91,1333.93,1326.91,1332.13,1307.715434920819,1304.5300510541506,1281.4570696640144,542955944
1735524000,1332.13,1332.48,1324.85,1332.48,1308.599883673647,1305.151161030725,1281.9647605131288,404387600
1735610400,1331.71,1331.9,1326.14,1329.75,1309.3552449710166,1305.6978018967088,1282.4402355328987,373677197
1735783200,1329.75,1331.69,1320.53,1328.51,1310.039343364909,1306.2047396323376,1282.8986411494868,330317501
1735869600,1327.21,1327.21,1306.77,1306.77,1309.9225811018764,1306.2173009738412,1283.1361671081984,442630222
1736128800,1306.77,1311.28,1294.93,1296.3,1309.436060348238,1305.996916507756,1283.2671505200572,441869035
1736215200,1299.15,1304.44,1291,1295.92,1308.9533439072295,1305.7729850298058,1283.3930495198576,436654914
1736301600,1295.92,1299.72,1288.33,1299.72,1308.6235816248284,1305.6384742513658,1283.5555067385656,338102441
1736388000,1299.72,1302.26,1291.24,1294.05,1308.1030965667987,1305.3809526013354,1283.6599295570873,271043765
1736474400,1294.05,1295.47,1275.7,1275.7,1306.9458431179844,1304.7213758768612,1283.5807262779122,403963357
1736733600,1275.7,1282.59,1266.14,1282.59,1306.0759915780563,1304.229567524042,1283.5708683049977,409679981
1736820000,1282.59,1282.81,1271.05,1273.9,1304.9268490216973,1303.555577134619,1283.4746407596742,285391141
1736906400,1273.9,1285.14,1273.9,1283.24,1304.152318699494,1303.1041198649607,1283.4723060257472,373149100
1736992800,1283.24,1295.01,1281.95,1289.87,1303.6422358887976,1302.810028312406,1283.5359646722573,434257674
1737079200,1289.87,1299.59,1286.51,1299.59,1303.4975131784834,1302.738472127686,1283.6957063173095,327013208
1737338400,1299.59,1304.31,1298.57,1301.43,1303.423673422109,1302.709394969293,1283.872166950968,344274934
1737424800,1301.43,1306.69,1294.98,1299.52,1303.2842565141766,1302.638519525531,1284.0278667823015,394104586
1737511200,1299.52,1304.75,1297.08,1297.08,1303.0626759243846,1302.514996869408,1284.157738754617,406827665
1737597600,1297.3,1325.73,1297.3,1321.22,1303.711151784228,1302.9306636056433,1284.5265174734766,443175078
1737684000,1321.39,1328.44,1320.08,1328.12,1304.5828963633626,1303.490426636629,1284.9602834687653,413940013
1738548000,1328.12,1328.12,1304.74,1309,1304.7406500646712,1303.6128616002595,1285.19948462828,434481843
1738634400,1313.6,1322.36,1311.87,1322.03,1305.3581268480757,1304.022131342476,1285.5659574180484,513014002
1738720800,1322.03,1329.42,1322.03,1326.89,1306.1271223177873,1304.530306201532,1285.9771419213514,463475717
1738807200,1326.89,1334.71,1326.48,1330.11,1306.9836536635805,1305.098743841498,1286.4162748375568,427272047
1738893600,1330.11,1336.39,1326.93,1332.45,1307.8931660327385,1305.706549533909,1286.8743218540985,484106088
1739152800,1328.18,1331.38,1318.21,1319.52,1308.3084101029979,1306.0135150998221,1287.1991544724658,656385415
1739239200,1319.52,1327.53,1318.43,1327.53,1308.9948954564622,1306.491659208715,1287.6004564180134,507678684
1739325600,1327.53,1333.28,1325.85,1326,1309.6022206187315,1306.9251778929658,1287.9825414287795,394306436
1739412000,1326,1328.39,1320.72,1328.18,1310.2657127394912,1307.397507273122,1288.382516140931,382467631
1739498400,1328.18,1338.53,1328.18,1331.93,1311.0394372845094,1307.942673778164,1288.8158244380363,524513440
1739757600,1331.93,1334.91,1327.99,1328.53,1311.664100238634,1308.4001699164269,1289.210990364026,695266195
1739844000,1328.53,1340.31,1328.06,1332.45,1312.40645380154,1308.9346105849506,1289.6412292658765,526288553
1739930400,1332.45,1344.03,1332.3,1343.21,1313.506580451485,1309.696285905285,1290.174251860246,613370789
1740016800,1343.21,1349.44,1343.21,1346.76,1314.6942025782178,1310.5199239962787,1290.7372941302933,585661603
1740103200,1346.76,1349.98,1343.51,1348.68,1315.9079810575672,1311.3679256852504,1291.3138384673052,568064564
1740362400,1348.68,1357.98,1346.67,1357.98,1317.4105531626542,1312.4037495589114,1291.9771833581779,741476216
1740448800,1360.26,1363.09,1350.59,1355.1,1318.7566048354165,1313.352555124269,1292.6052710859572,716669166
1740535200,1355.1,1359.27,1354.07,1356.04,1320.0881546627231,1314.3011650103963,1293.2364624184352,603537875
1740621600,1358.31,1360.4,1346.72,1360.4,1321.5278634247688,1315.3255835657208,1293.9047563247193,726074705
1740708000,1360.4,1360.4,1349.66,1355.34,1322.735439731027,1316.2147928198158,1294.5160522816873,658135321
1740967200,1355.34,1362.09,1354.24,1360.08,1324.0691740263476,1317.1895752015976,1295.1684298709242,786747594
1741053600,1356.6,1366.32,1347.13,1364.61,1325.5170606682636,1318.2433624193397,1295.859390767731,858524996
1741140000,1364.61,1374.24,1357.07,1357.07,1326.643951358683,1319.106176587799,1296.4684515561116,838907882
1741226400,1357.07,1374.06,1357.07,1374.06,1328.3373816673013,1320.3273726636255,1297.2405067645086,911667719
1741312800,1374.06,1382.27,1374.06,1380.67,1330.206403750612,1321.6683199377671,1298.070650975807,785843961
1741572000,1380.67,1389.66,1376.11,1379.71,1331.9743893309474,1322.9581350502613,1298.8829828068936,864947254
1741658400,1367.06,1382.28,1363.89,1382.28,1333.7710182834135,1324.276398715811,1299.7128038734916,764210001
1741744800,1382.28,1387.8,1375.1,1379.53,1335.4052676304343,1325.5042565221263,1300.5070048299742,803080813
1741831200,1379.53,1386.08,1369.76,1371.38,1336.690079500776,1326.5237174883014,1301.2122087620144,870163015
1741917600,1371.38,1377.24,1366.69,1368.45,1337.8243623757483,1327.455412655228,1301.881241510651,838725461
1742176800,1374.25,1379.65,1372.82,1378.63,1339.2817065766144,1328.592625707334,1302.644910749351,834557604
1742263200,1378.63,1384.7,1373.22,1373.22,1340.4937884845924,1329.58434513606,1303.3471504433874,769771122
1742349600,1373.22,1373.22,1359.42,1363.26,1341.3068674672854,1330.3326930219253,1303.9432982001695,806049276
1742436000,1363.26,1372.56,1355.65,1363.47,1342.0984079148823,1331.069077621438,1304.535603690715,762596376
1742522400,1363.47,1365.36,1360.81,1362.13,1342.8138219179223,1331.7593203409617,1305.1086822609568,695343510
1742781600,1363.08,1371.19,1355.3,1371.19,1343.827256849425,1332.6355576667181,1305.766207810599,781274878
1742868000,1371.19,1378.22,1367.37,1369.77,1344.7537833905171,1333.4607674963465,1306.403061464225,837870591
1742954400,1369.77,1376.69,1359,1361.44,1345.3497196979986,1334.08252821865,1306.9506926934366,710648198
1743040800,1361.44,1364.06,1358.79,1360.77,1345.9004439944986,1334.6755831471244,1307.4862081890244,554053333
1743127200,1361.33,1362.49,1349.7,1353.66,1346.177570994695,1335.0974590771882,1307.9456489035615,596548394
1743386400,1353.66,1353.66,1340.26,1344.57,1346.1201577448846,1335.307959986584,1308.310070307506,722263004
1743472800,1349.54,1355.08,1343.09,1355.08,1346.4401521111388,1335.7473386535487,1308.7754427422572,508645468
1743559200,1355.08,1362.57,1355.08,1355.47,1346.7626466785982,1336.185620016803,1309.2400652025333,726268345
1743645600,1315.81,1315.81,1263.55,1263.67,1343.7950521543626,1334.5741617942074,1308.786631717931,1500987815
1743732000,1263.67,1263.67,1188.86,1248.93,1340.407014577421,1332.6709581987805,1308.191043342628,1737105546
1744077600,1248.93,1248.93,1164.98,1167.88,1334.2453354853703,1329.0089369054742,1306.7949135581243,1000283721
1744164000,1167.88,1177.85,1102.84,1131.7,1327.01157350375,1324.6242938631303,1305.0526756122724,1432850789
1744250400,1131.7,1209.22,1131.7,1209.13,1322.8015173071876,1322.0577539995052,1304.0982211285682,247758210
1744336800,1209.13,1266.42,1209.13,1266.42,1320.7878916890738,1320.821359466183,1303.723313455647,1513515490
1744596000,1277.18,1287.48,1269.33,1285.22,1319.5176098430354,1320.030218144712,1303.539200883949,899019692
1744682400,1285.22,1287.12,1258.75,1268.15,1317.6830523486412,1318.8773244081628,1303.1870695318698,895200393
1744768800,1268.15,1274.84,1245.28,1249.89,1315.2618719076183,1317.344272754648,1302.6567504320503,678914359
1744855200,1249.89,1259.58,1239.26,1259.58,1313.2732336252034,1316.0606222489891,1302.2281260496418,701088673
1744941600,1270.43,1283.83,1267.27,1267.27,1311.6302609957318,1314.9763861990116,1301.8802839993966,929085599
1745200800,1267.27,1270.95,1249.42,1255.9,1309.6398945315984,1313.6635776168114,1301.422768735721,737704221
1745287200,1248.58,1253.28,1180.19,1246.42,1307.38204115547,1312.1692758919933,1300.87547750452,1507861832
1745373600,1246.42,1267.45,1246.42,1262.33,1305.7730396856318,1311.0617364277268,1300.4919404149227,728662470
1745460000,1266.06,1273.24,1258.13,1271.82,1304.5604311254308,1310.189697840444,1300.2066474754708,666645282
1745546400,1271.82,1277.72,1264.05,1275.79,1303.532915728094,1309.4252601106564,1299.963695759297,749583018
1745805600,1276.97,1281.09,1268.48,1274.65,1302.501383023519,1308.6524765526417,1299.7118181895528,548765491
1745892000,1274.65,1277.13,1271.44,1273.69,1301.4724050583934,1307.8755326292496,1299.4528946254777,539420983
1746410400,1273.69,1286.26,1272.45,1285.9,1300.9162477348793,1307.3871874597107,1299.3180399525875,540829297
1746496800,1285.9,1296.66,1284.13,1285.29,1300.3581674586337,1306.896138849495,1299.178457465497,663133523
1746583200,1285.29,1291.45,1283.71,1290.06,1299.9903757636826,1306.5220024306172,1299.0877265454424,637366165
1746669600,1290.06,1312.62,1290.06,1310.79,1300.3760766292653,1306.616846821048,1299.2041670773285,685710625
1746756000,1310.79,1319.94,1309.18,1312.94,1300.8247881782202,1306.7573613361358,1299.340842031783,641180641
1747015200,1312.94,1332.81,1312.94,1331.89,1301.934260028998,1307.315864417555,1299.6647142503723,838874354
1747101600,1331.89,1343.41,1331.89,1343.22,1303.4087507422482,1308.113734097165,1300.0981001782293,854500078
1747188000,1343.22,1361.88,1340.76,1360.95,1305.4637953585966,1309.2878733394502,1300.7035917187445,943553915
1747274400,1360.95,1368.71,1351.46,1367.22,1307.6693740957896,1310.575253931907,1301.3654465275133,1057503534
1747360800,1367.22,1369.44,1348.93,1349.97,1309.1801107352258,1311.45069273342,1301.8490739252495,788676803
1747620000,1349.97,1351.01,1335.45,1339.57,1310.2654639232535,1312.075566228233,1302.2244065230082,805653297
1747706400,1339.57,1361.8,1339.57,1361.07,1312.0799116402802,1313.164331423161,1302.8099348163116,822156558
1747792800,1361.07,1379.12,1360.26,1369.31,1314.123843367413,1314.4120129470907,1303.471627007194,933700206
1747879200,1369.31,1377.37,1357.9,1359.26,1315.735848961434,1315.4086348815997,1304.0267351961772,1029595502
1747965600,1359.26,1364.37,1352.73,1359.03,1317.2820686413827,1316.3779985508975,1304.5740313633794,624877264
1748224800,1359.03,1375.11,1331.2,1375.06,1319.3455661899047,1317.6820430275443,1305.2753842851369,858605046
1748311200,1375.06,1383.88,1373.99,1383.41,1321.6335816831224,1319.142664293599,1306.0528431479713,940269520
1748397600,1383.41,1389.27,1376.68,1381.79,1323.7820251944395,1320.5348273092968,1306.8064466987378,786144345
1748484000,1381.79,1389.41,1377.13,1382.77,1325.8887385803523,1321.917831146868,1307.5623029504916,748859899
1748570400,1382.77,1388.1,1367.17,1371.73,1327.5259264881968,1323.024768232493,1308.2007874982478,833140127
1748829600,1371.73,1377.5,1363.75,1377.43,1329.308214827904,1324.233773382882,1308.8896353838375,778695661
1748916000,1377.43,1395.41,1377.43,1390.82,1331.505064298336,1325.7134673077069,1309.704862892456,964221843
1749002400,1390.82,1395.68,1386.07,1389.54,1333.5777405733954,1327.131834700869,1310.499242366163,840661814
1749088800,1389.54,1392.21,1379.43,1385.01,1335.4146069814885,1328.4180161519607,1311.240642939634,650168657
1749175200,1385.01,1388.75,1368.22,1370.94,1336.683371017864,1329.3629491263616,1311.834666392971,864857955
1749434400,1370.94,1371.89,1351.51,1353.41,1337.2807506243687,1329.8973280346647,1312.2483513044838,649667398
1749520800,1353.41,1369.5,1346.51,1360.99,1338.1275095306412,1330.5882763005611,1312.7333428337924,642987046
1749607200,1360.99,1366.86,1353.51,1361.77,1338.971884190261,1331.281203493882,1313.2212697707696,476988842
1749693600,1361.77,1377.42,1355.63,1374.41,1340.237531183466,1332.239621194018,1313.8301128576277,748812202
1749780000,1374.41,1379.35,1350.14,1363.26,1341.059762212628,1332.928962945262,1314.321952530686,1017441238
1750039200,1363.26,1386.89,1354.98,1386.72,1342.6904849907482,1334.124319324256,1315.0423311124703,687148747
1750125600,1386.72,1400.21,1385.94,1394.52,1344.5415390982216,1335.4664455614948,1315.8331536884655,734877730
1750212000,1394.52,1401.82,1388.33,1393.43,1346.2875555589994,1336.754524549017,1316.6052616119634,696505446
1750298400,1393.43,1400.52,1387.71,1398.9,1348.1665714318924,1338.1355351145944,1317.4241147302523,668740082
1750384800,1398.9,1407.42,1393.27,1399.2,1349.9891938807534,1339.492523223159,1318.2378051309463,719510997
1750644000,1399.2,1402.81,1384.4,1402.65,1351.8699369564408,1340.8960227070888,1319.0777274679517,722105180
1750730400,1402.65,1419.36,1402.65,1413.88,1354.0845820651393,1342.5178888691535,1320.0210336623004,855719792
1750816800,1413.88,1421.54,1411.04,1414.64,1356.247275562813,1344.120602449839,1320.9625159144168,751673491
1750903200,1414.64,1420.94,1408.47,1414.54,1358.3291585784268,1345.6854779509538,1321.8936351590494,669532886
1750989600,1414.54,1422.64,1413.04,1420.73,1360.5577600577687,1347.3531339964882,1322.8770815753774,632924657
1751248800,1420.73,1429.87,1420.73,1427.53,1362.9496257699914,1349.1348421298997,1323.9184041467665,578372283
1751335200,1427.53,1433.03,1419.73,1426.78,1365.2292819924917,1350.8602900825686,1324.9419026129679,697369896
1751421600,1426.78,1438.42,1422.55,1438.15,1367.8335933499027,1352.800061414067,1326.068351343187,798031498
1751508000,1438.15,1450.65,1433.84,1438.9,1370.371679301692,1354.7133933826433,1327.1910543148965,1180819241
1751594400,1438.9,1448.4,1438.9,1448.26,1373.1534050409173,1356.792206863029,1328.3957204411165,709209938
1751853600,1448.26,1468.18,1448.26,1467.99,1376.540426289456,1359.2632689327395,1329.7847182476726,1148384732
1751940000,1467.99,1482.95,1467.99,1482.65,1380.3300539219754,1362.0051962897896,1331.3057658272978,967792674
1752026400,1482.65,1497.78,1482.63,1494.2,1384.3968377104763,1364.942858594461,1332.92660397827,1275021293
1752112800,1494.2,1507.71,1494.2,1507.6,1388.796950649388,1368.113017292362,1334.6646477197796,901296406
1752199200,1507.6,1528.15,1507.36,1522.24,1393.5627738404812,1371.5380613525317,1336.5310691355032,1056703759
1752458400,1522.24,1536.89,1509,1535.66,1398.6376747747497,1375.1852155446977,1338.512451532165,1064795772
1752544800,1535.66,1546.73,1527.75,1527.96,1403.25632924708,1378.5802107548157,1340.3975017656758,1164125222
1752631200,1527.96,1544.32,1523.34,1544.04,1408.2843174882557,1382.257094960264,1342.4237952804451,1113489926
1752717600,1544.04,1560.88,1544.04,1555.96,1413.5584490065323,1386.1171595167027,1344.5485336358636,1159562099
1752804000,1555.96,1571.26,1550.43,1568.47,1419.0910043991562,1390.169444860776,1346.776607928044,1129716723
1753063200,1568.47,1585.3,1557.38,1561.64,1424.1820399563292,1393.9799016416475,1348.914552127765,1205222992
1753149600,1561.64,1587.4,1549.33,1587.4,1430.0112528150316,1398.2781260496108,1351.2875416588322,1040943855
1753236000,1587.4,1605.95,1586.5,1593.19,1435.839065214495,1402.6095010262861,1353.6945312940677,1222858980
1753322400,1593.19,1610.25,1586.85,1605.47,1441.8973128854059,1407.117512114591,1356.1997598384053,1169134908
1753408800,1605.47,1625.7,1605.47,1622.44,1448.3452659966415,1411.902456289822,1358.8489164569287,1131552051
1753668000,1622.44,1658.85,1622.44,1658.66,1455.8565064967615,1417.3859572611593,1361.8321113180539,1445809404
1753754400,1658.66,1671.62,1575.95,1578.81,1460.2477026933057,1420.9731582109114,1363.9910952850385,2254819490
1753840800,1578.81,1603.73,1568.32,1599.05,1465.2049275971162,1424.93042136178,1366.3299898593166,1389778591
1753927200,1599.05,1620.08,1577.43,1597.8,1469.9404658972192,1428.7719675537403,1368.633174039821,1391258705
1754013600,1597.8,1607.12,1574.72,1593.67,1474.3593778294614,1432.4363682747683,1370.8723464374345,1142407050
1754272800,1593.67,1630.53,1584.91,1630.53,1479.9369000498377,1436.8384489797734,1373.456004681838,1088818041
1754359200,1630.53,1699.33,1618.39,1656.32,1486.2362964766291,1441.715816780223,1376.2705717994318,2346494205
1754445600,1656.32,1689.77,1656.32,1689.03,1493.478928745321,1447.2116875184402,1379.38260591088,1127762020
1754532000,1689.03,1707.17,1682.71,1701.46,1500.9068241472737,1452.8616500180303,1382.5873561008216,1370042541
1754618400,1701.46,1715.35,1680.05,1703.18,1508.130866142014,1458.4242800176296,1385.7773326570323,1498081168
1754877600,1703.18,1723.57,1703.18,1717.27,1515.6001209226563,1464.176407128349,1389.0757671579572,1311966825
1754964000,1717.27,1730.66,1708.66,1730.45,1523.2733308897043,1470.0935980810523,1392.472525693699,1302141062
1755050400,1730.45,1744.92,1706.7,1736.25,1530.8796405007863,1476.0081847903623,1395.8931970798315,1570606969
1755136800,1736.25,1777.12,1736.25,1777.05,1539.6714390543298,1482.698002906132,1399.6858020840123,1477757820
1755223200,1777.05,1809.15,1753.25,1768.43,1547.8413876595323,1489.0476028415512,1403.3548985806888,1668552149
1755482400,1768.43,1784,1763.09,1778.16,1556.0670523859776,1495.4723227784057,1407.0843025749107,1324829196
1755568800,1778.16,1819,1778.16,1804.39,1564.9357290864784,1502.3371600499966,1411.0375930965533,1517083630
1755655200,1804.39,1825.82,1754.48,1817.6,1573.9594530476757,1509.3430009377744,1415.0829901801696,1956826173
1755741600,1817.6,1861.69,1817.6,1855.24,1584.0051868674016,1517.029600916935,1419.4626619196704,1418338082
1755828000,1855.24,1863.48,1775.94,1797.62,1591.6342873364229,1523.2649431187808,1423.2254215025591,1884288287
1756087200,1797.62,1817.53,1747.7,1754.96,1597.4673485029791,1528.4137221605856,1426.526263079648,1291322661
1756173600,1754.96,1822.48,1739.49,1822.28,1605.4963717707299,1534.9440838903504,1430.4641112082088,1240675404
1756260000,1822.28,1854.55,1816.88,1823.27,1613.2740013503467,1541.3513264705648,1434.3726275145948,1352583289
1756346400,1823.27,1842.25,1806.87,1838.37,1621.313144159263,1547.9517414378856,1438.3925018676834,1050614123
1756432800,1838.37,1864.01,1838.03,1844.4,1629.2805318678606,1554.5394805170438,1442.43237747099,1281314315
1756864800,1844.4,1856.13,1831.41,1845.56,1637.0047985868657,1561.0066031722206,1446.443597595657,1110395393
1756951200,1845.56,1864.96,1840.28,1864.54,1645.131055780192,1567.7517897683936,1450.6037608036604,1164732111
1757037600,1864.54,1881.74,1823.4,1824.91,1651.5517323594709,1573.4664166624293,1454.3282009946688,1384593946
1757296800,1824.91,1825.71,1771.12,1772.72,1655.8791704894898,1577.8942740699308,1457.4962785967118,1619426692
1757383200,1772.72,1792.59,1758.98,1792.59,1660.761700114865,1582.6652902017101,1460.8305444813216,941263450
1757469600,1792.59,1814.66,1778.95,1795.38,1665.5694965393343,1587.3922837527832,1464.15939478499,845438710
1757556000,1795.38,1816.54,1746.52,1813.71,1670.8602288057866,1592.4215663360546,1467.637510259766,1078106116
1757642400,1813.71,1837.24,1807.22,1823.56,1676.3137920627228,1597.5579759730313,1471.1790275706142,935293398
1757901600,1823.56,1840.69,1821.38,1840.69,1682.1843709176255,1602.9609098402973,1474.855753664439,1029099888
1757988000,1840.69,1855.59,1830.46,1836.72,1687.7035005277103,1608.1555562882907,1478.4563929314595,1121319858
1758074400,1836.72,1842.98,1817.15,1824.79,1692.599446937435,1612.9696550374397,1481.90249847443,869764501
1758160800,1824.79,1835.05,1797.35,1819.65,1697.1369666896694,1617.5625515921633,1485.263170131401,758814036
1758247200,1819.65,1828.61,1796.68,1814,1701.3106464507528,1621.9278282234486,1488.5341833639243,768440080
1758506400,1814,1823.73,1761.32,1780.83,1704.1506233632258,1625.4589875962608,1491.4425994498554,1015212265
1758592800,1780.83,1794.3,1769.83,1781.08,1706.8981011002534,1628.9172323163439,1494.3245636344338,669380280
1758679200,1781.08,1814.83,1762.35,1814.83,1710.7528117752443,1633.0486271537584,1497.5136724539916,862596001
1758765600,1814.83,1830.67,1809.67,1821.95,1714.7241399261284,1637.2464354392305,1500.7418946186285,772063537
1758852000,1821.95,1827.68,1803.94,1812.71,1718.2236349287666,1641.145625762803,1503.8460548711794,770486557
1759111200,1812.71,1827.18,1797.75,1820.38,1721.8720765384535,1645.128611856963,1506.9956463649985,767152248
1759197600,1820.38,1832.18,1797.07,1817.7,1725.294502376366,1648.963531593475,1510.0872319733069,953385561
1759284000,1817.7,1832.98,1814.33,1826.3,1728.90184157721,1652.9043420025089,1513.233627675065,612161984
1759370400,1826.3,1844.39,1803.72,1810.69,1731.8228472351668,1656.4106899580088,1516.1933925738206,649551594
1759456800,1810.69,1816.18,1795.31,1803.15,1734.3702455481966,1659.6715635144974,1519.0486821999518,709040176
1759716000,1803.15,1864.34,1803.15,1864.34,1739.012022492904,1664.219750991953,1522.484416705425,943055150
1759802400,1864.34,1887.95,1839.36,1850.55,1742.995521689586,1668.360423192132,1525.7487508675601,750469948
1759888800,1850.55,1912.27,1845.1,1861.87,1747.2410387721009,1672.6606360100845,1529.093240908679,921798591
1759975200,1861.87,1882.75,1861.87,1879.62,1751.9688588159545,1677.2597329876382,1532.581069357349,952340313
1760061600,1879.62,1911.56,1879.62,1911.55,1757.6681852868132,1682.4661833656908,1536.3519044881216,902738274
1760320800,1911.55,1936.66,1866.21,1935.65,1764.024678669427,1688.0924904020087,1540.3250198663493,1139405228
1760407200,1935.65,1971.66,1925.45,1935.25,1770.1398687169474,1693.5848795041863,1544.2546216587239,1335642453
1760493600,1935.25,1959.26,1926.55,1937.17,1776.105230548485,1698.997882181871,1548.1642274133635,1024231526
1760580000,1937.17,1950.26,1933.02,1950.03,1782.3168294574677,1704.5763736889405,1552.1628918172107,1007576370
1760666400,1950.03,1966.36,1902.07,1908.4,1786.8197998339867,1709.105787606964,1555.7075396598254,1063015690
1760925600,1908.4,1908.4,1799.19,1800.51,1787.3087355542016,1711.1369923268091,1558.1433850363446,1440324515
1761012000,1800.51,1849.5,1767.38,1832.98,1788.9398521415515,1713.8446147195468,1560.8780777225502,1359087606
1761098400,1832.98,1866.34,1788.37,1847.12,1791.0177145650675,1716.8062899480014,1563.7262560536692,816726924
1761184800,1847.12,1871.19,1837.53,1854.2,1793.2742247591723,1719.8594835047124,1566.6165420630855,611888784
1761271200,1854.2,1858.98,1821.2,1848.01,1795.2290738749161,1722.7072727601633,1569.4164769679305,807049399
1761530400,1848.01,1863.98,1810.03,1810.65,1795.7798212365262,1724.6615555877152,1571.8168105304387,823788535
1761616800,1810.65,1853.81,1782.26,1853.69,1797.8480419066502,1727.5288543524325,1574.6215188833696,747442977
1761703200,1853.69,1877.22,1848.52,1859.11,1800.0359689814127,1730.4528798112674,1577.452250038759,742855294
1761789600,1859.11,1865.78,1826.75,1835.82,1801.3139700892193,1732.794371371017,1580.023073421458,645191050
1761876000,1835.82,1842.16,1780.59,1798.62,1801.2177568717473,1734.2571631183278,1582.1981672182594,687644865
1762135200,1798.62,1811.52,1763.08,1765.36,1799.9371226977562,1734.9483372712539,1584.0206730170828,845389979
1762221600,1765.36,1821.01,1748.07,1812.1,1800.3715111728363,1736.662818665226,1586.2901190567138,994173463
1762308000,1812.1,1823.89,1794,1802.59,1800.4507429166636,1738.1278671393322,1588.4423566780401,562481536
1762394400,1802.59,1806.12,1781.31,1785.91,1799.93143066964,1739.1896923140137,1590.4072088503979,490818451
1762480800,1785.91,1789.34,1732.17,1735.99,1797.6478081457242,1739.1185880403689,1591.855793836961,728080285
1762740000,1735.99,1752.89,1715.49,1715.56,1794.7161007119482,1738.595063861694,1593.086681460474,625115852
1762826400,1715.56,1737.83,1712.51,1732.96,1792.5105256865215,1738.469840220323,1594.4784557743,553188715
1762912800,1732.96,1780.02,1732.96,1779.78,1792.05586405486,1739.3878437709825,1596.3222522342573,637659234
1762999200,1779.78,1787.35,1766.56,1773.67,1791.3992260529008,1740.1496694649607,1598.0869064408816,581634127
1763085600,1773.67,1785.02,1763.42,1780.35,1791.0046108367258,1741.043010143517,1599.9004695608728,573961032
1763344800,1780.35,1804.18,1780.35,1804.18,1791.4751604496998,1742.44605436255,1601.9331017045456,644530475
1763431200,1804.18,1811.38,1785.87,1810.72,1792.1624761479247,1743.9632531544935,1604.0105832796248,616480811
1763517600,1810.72,1813.01,1789.09,1796.7,1792.3245305712132,1745.1351808621714,1605.9278909086834,728481313
1763604000,1796.7,1809.55,1794.27,1804.39,1792.75544019367,1746.4519546207898,1607.9026382628258,583192846
1763690400,1804.39,1807.44,1781.18,1802.47,1793.1023887581819,1747.696800073661,1609.838631911952,584783271
1763949600,1802.47,1822.73,1802.47,1813.34,1793.8251605882467,1749.155537849802,1611.863521146659,464843134
1764036000,1813.34,1828.85,1797.24,1803.41,1794.1674762815237,1750.3611925642508,1613.7694562596275,785331664
1764122400,1803.41,1829.13,1800.2,1826.35,1795.316852128612,1752.0498327294897,1615.8846855505765,682442027
1764208800,1826.35,1842.81,1824.61,1827.32,1796.4598216954473,1753.722503113279,1617.9885195251977,593306450
1764295200,1827.32,1838.09,1816.63,1829.88,1797.6533994920385,1755.414891932984,1620.0968924652454,606786796
1764554400,1829.88,1849.21,1828.94,1834.56,1798.9714923673228,1757.1736721122509,1622.230853734248,518285766
1764640800,1834.56,1850.83,1818.22,1847.4,1800.7010819256327,1759.1787016208675,1624.4713427518177,580144920
1764727200,1847.4,1878.54,1842.18,1868.56,1803.124614714003,1761.6093971404039,1626.9000856100085,681251035
1764813600,1868.56,1884.57,1864.35,1878.72,1805.8244499027885,1764.2118549817283,1629.4057563999588,771609826
1764900000,1878.72,1899.85,1870.75,1876.2,1808.3378624062602,1766.7004804265787,1631.8614205153822,536796447
1765159200,1876.2,1901.97,1873.88,1880.12,1810.9015101774653,1769.220914194877,1634.3316551371197,566394194
1765245600,1880.12,1897.25,1845.21,1869.86,1813.00717052827,1771.4573383238796,1636.6752207576458,799378155
1765332000,1869.86,1874.16,1838.87,1844.94,1814.147628723689,1773.0902863611268,1638.7475071182662,509616493
1765418400,1844.94,1848.54,1820.21,1827.05,1814.608427697843,1774.2893911086574,1640.6211637638555,455716251
1765504800,1827.05,1834.97,1804.25,1807.55,1814.3563409943486,1775.0285157506871,1642.2821472089913,236698726