time,open,high,low,close,55EMA,89EMA,200EMA,Volume
1347242400,463.92999268,464.54000854,452.63000488,455.58999634,,,,19762000
1347328800,449.60998535,453.98999023,449.60998535,453.39001465,,,,13464000
1347415200,453.20001221,457.48999023,452.75,453.95999146,,,,13243000
1347501600,453.86999512,456.10998535,452.3500061,456.10998535,,,,12861000
1347588000,463.13000488,465.92001343,460.16000366,463.8999939,,,,17440000
1347847200,464.17999268,472.47000122,464.17999268,468.32000732,,,,12868000
1347933600,470.13000488,473.64001465,459.26000977,460.44000244,,,,18361000
1348020000,454.23999023,460.94000244,454.23999023,457.13000488,,,,19379000
1348106400,453.89001465,454.70999146,445.3999939,449.66000366,,,,21442000
1348192800,452.27999878,457.52999878,452.27999878,457.52999878,,,,31534000
1348452000,455.45001221,457.92999268,453.83999634,454.51998901,,,,11339000
1348538400,455.25,459.1000061,453.51998901,456.51998901,,,,9221000
1348624800,457.70001221,463.75,457.63000488,460.23001099,,,,9851000
1348711200,461.85998535,462.8500061,455.39001465,458.38000488,,,,10035000
1348797600,456.61999512,458.3500061,454.67999268,456.48001099,,,,9501000
1349056800,454.82000732,455.26998901,450.42999268,451.54998779,,,,12025000
1349143200,451.23001099,452.25,448.6499939,448.97000122,,,,12514000
1349229600,450.52999878,452.58999634,447.3500061,450.44000244,,,,11155000
1349316000,450.48001099,451.57000732,448.16000366,449.61999512,,,,9268000
1349402400,450.44000244,453.20001221,449.6000061,453.20001221,,,,12707000
1349661600,452.48001099,460.26000977,452.48001099,460.26000977,,,,15114000
1349748000,461.05999756,462.51000977,458.47000122,460.08999634,,,,14073000
1349834400,459.35998535,461.70999146,457.45001221,461.70999146,,,,14419000
1349920800,462.3999939,465.23999023,461.27999878,461.27999878,,,,17366000
1350007200,461.08999634,463.07000732,459.95001221,460.17999268,,,,21402000
1350266400,459.57000732,462.82000732,459.55999756,461.33999634,,,,15129000
1350352800,461.63000488,471.67999268,461.63000488,471.67999268,,,,16903000
1350439200,472.04998779,473.67001343,468.02999878,469.39001465,,,,14921000
1350525600,467.79000854,472.30999756,467.39001465,471.95999146,,,,17248000
1350612000,472.86999512,474.48999023,466.45001221,471.26000977,,,,19936000
1350871200,470.72000122,470.94000244,466.48001099,469.39001465,,,,11420000
1350957600,469.60998535,471.42999268,467.58999634,469.82000732,,,,10962000
1351044000,469.38000488,470.57000732,466.32000732,466.61999512,,,,7562000
1351130400,464.30999756,464.80999756,459.23001099,459.92999268,,,,13077000
1351216800,459.42999268,463.94000244,459.42999268,462.16000366,,,,6015000
1351476000,460.57000732,463.25,459.70001221,461.02999878,,,,6798000
1351562400,460.91000366,462.70999146,459.04000854,459.04000854,,,,7335000
1351648800,458.41000366,460.57000732,456.38000488,458.55999756,,,,7799000
1351735200,458.29998779,460.76000977,458.05999756,458.05999756,,,,12101000
1351821600,452.82998657,452.82998657,441.42001343,441.8999939,,,,22144000
1352080800,437.29000854,446.51000977,437.16000366,446.51000977,,,,10589000
1352167200,446.04998779,449.30999756,443.85998535,446.63000488,,,,9853000
1352253600,447.42001343,451.3999939,444.52999878,450.82998657,,,,12813000
1352340000,449.11999512,455.77999878,448.45999146,455.77999878,,,,10811000
1352426400,456.07000732,457.23001099,453.20001221,457.23001099,,,,11387000
1352685600,455.92001343,460.64001465,455.92001343,460.55999756,,,,15743000
1352772000,457.5,458.6499939,455.07998657,455.07998657,,,,9990000
1352858400,454.08999634,459.85998535,453.76998901,458.20999146,,,,9396000
1352944800,460.72000122,461.97000122,456.3500061,457.07998657,,,,10000000
1353031200,454.82000732,455.79000854,452.1000061,455.67001343,,,,6214000
1353290400,454.63000488,455.92001343,451.04000854,452.35998535,,,,8423000
1353376800,452.11999512,455.66000366,450.3999939,455.1000061,,,,9242000
1353463200,454.57000732,456.42999268,451.54998779,452.86999512,,,,8538000
1353549600,451.76000977,453.42999268,450.94000244,452.23999023,,,,4810000
1353636000,452.42001343,453.45999146,449.08999634,449.73001099,457.772363282,,,6769000
1353895200,450.54000854,450.64001465,444.54000854,445.17001343,457.3222793587143,,,6305000
1353981600,444.89001465,445.76998901,442.47000122,443.67999268,456.8350548344745,,,4542000
1354068000,442.51000977,443.5,439.32000732,441.48999023,456.2870168128861,,,5721000
1354154400,442.57000732,444.66000366,442.16000366,444.26998901,455.85783724849733,,,4907000
1354240800,445.16000366,446.64001465,442.67999268,443.67999268,455.42291422819386,,,6616000
1354500000,443.6000061,445.72000122,440.39001465,445.72000122,455.07638162075835,,,6997000
1354586400,445.47000122,448.08999634,444.33999634,448.01998901,454.82436759894557,,,9836000
1354672800,449.13000488,453.64001465,448.98001099,451.60998535,454.7095682329118,,,13772000
1354759200,451.26000977,452.33999634,449.83999634,451.72000122,454.6027979824507,,,7163000
1354845600,452.51000977,452.55999756,449.80999756,449.80999756,454.4316265387917,,,9609000
1355104800,451.45999146,454.42001343,449.79998779,453.69000244,454.40513996383487,,,13183000
1355191200,453.04998779,455.8999939,452.45001221,455.8999939,454.4585276044122,,,13625000
1355277600,454.58999634,460.77999878,452.14001465,457.64001465,454.57215214175466,,,16902000
1355364000,458.6000061,461.11999512,456.79998779,457.82998657,454.68850337133483,,,13936000
1355450400,459.52999878,463,459.52999878,460.73999023,454.90462790200144,,,12356000
1355709600,459.32998657,464.61999512,459.32998657,462.25,455.1669626197871,,,19448000
1355796000,465.23001099,465.23001099,459.38000488,460.42001343,455.35457157729473,,,18691000
1355882400,463.07998657,467.11999512,462.35998535,467.11999512,455.7747652752485,,,29233000
1355968800,467.38000488,469.75,465.72000122,468.32000732,456.22280963398964,,,29525000
1356055200,466,468.8999939,460.44000244,465.23999023,456.54485179813287,,,34060000
1356314400,465.23001099,468.47000122,463.57000732,466.98999023,456.9178924564138,,,14119000
1356400800,468.95001221,469.23999023,464.72000122,469.1499939,457.3547532222562,,,14817000
1356487200,466.79000854,475.92999268,465.1499939,475.92999268,458.01815463146136,,,20415000
1356573600,476.17999268,482.1499939,476.17999268,480.8500061,458.8335778981949,,,23956000
1356660000,480.73001099,485.38000488,477.54998779,485.38000488,459.7816645761165,,,16518000
1357092000,486.41000366,492.29000854,485.36999512,490.82000732,460.8901768169695,,,22642000
1357178400,492.54998779,492.54998779,483.83999634,491.33999634,461.97767037136344,,,32692000
1357264800,489.70999146,499.8500061,487.95001221,498.30999756,463.2752534852433,,,20146000
1357524000,500.57998657,509.60998535,498.54000854,509.17999268,464.9147084564846,,,26031000
1357610400,512.40997314,525.35998535,511.64001465,525.35998535,467.07346834553874,,,32893000
1357696800,534.17999268,539.75,521.64001465,531.52001953,469.37513088784095,,,61608000
1357783200,530.09997559,545.79998779,526.32000732,545.79998779,472.1045900629181,,,33051000
1357869600,556.64001465,556.64001465,545.23999023,545.7199707,474.7337107999567,,,29858000
1358128800,538.42999268,542.22998047,533.40997314,537.41998291,476.9725062324583,464.1075264579775,,26016000
1358215200,538.36999512,542.72998047,535.59002686,542.72998047,479.3209874552276,465.8546921026891,,29523000
1358301600,544.32000732,552.10998535,543.72998047,546.34002686,481.71452457682665,467.64325509729605,,30712000
1358388000,545.86999512,547.46002197,537.75,537.75,483.71579155622567,469.20118276180057,,31724000
1358474400,538.34997559,539.65997314,529.51000977,534.9699707,485.5462979542176,470.66271138264943,,29142000
1358733600,534.7199707,536.80999756,527.89001465,527.89001465,487.05857355049557,471.934429233035,,12761000
1358820000,530.90997314,530.90997314,518.92999268,521.19000244,488.27755315369217,473.02899752652314,,17302000
1358906400,521.71002197,526.33001709,519.32000732,521.91998291,489.4790685021317,474.1154638683782,,12905000
1358992800,523.40002441,532.17999268,522.55999756,532.10998535,491.00160124669844,475.40423101241424,,11320000
1359079200,535.59002686,547.30999756,535.59002686,547.30999756,493.01261540074495,477.00213693569395,,23302000
1359338400,551.84002686,568.44000244,551.84002686,562.59997559,495.49787826464694,478.90431112801184,,37768000
1359424800,561.2800293,569.59997559,558.57000732,569.59997559,498.14438174055243,480.9197703382782,,34904000
1359511200,572.25,577,568.15002441,572.76000977,500.809225598747,482.96066454787206,,29159000
1359597600,569.01000977,569.59997559,563.80999756,564.01000977,503.066396462006,484.76176110836377,,20070000
1359684000,562.90997314,566.09002686,555.30999756,566.09002686,505.3172404047915,486.5690559028446,,18840000
1359943200,566.35998535,569.67999268,562.07000732,562.07000732,507.34412493747755,488.2468548232258,,16872000
1360029600,561,562.91998291,556.83001709,556.83001709,509.11147822863904,489.7709250958208,,21055000
1360116000,560.64001465,570.52001953,560.64001465,570.0300293,511.2871407669019,491.55446074480255,,20010000
1360202400,573.21002197,576.14001465,569.46002197,571.59002686,513.4408152702268,493.33302888069585,,17595000
1360288800,573.39001465,576.4699707,569.57000732,574.17999268,515.6100716062901,495.1296280762359,,12008000
1361152800,577.69000244,578.57000732,573.76000977,574.42999268,517.7107830732084,496.891858400764,,17174000
1361239200,573.73999023,574.88000488,569.32000732,570.2199707,519.5861112027367,498.52137200741373,,26808000
1361325600,565.83001709,573.72998047,565.38000488,572.38000488,521.4716074054961,500.16267496013785,,19245000
1361412000,571.59997559,574.4699707,550.41998291,550.41998291,522.5054779592284,501.27950402569036,,27073000
1361498400,557.09997559,562.70001221,542.52001953,551.33001709,523.5349257853273,502.3917376493417,,29462000
1361757600,555.95001221,558.90002441,552.2199707,558.16998291,524.7718921112086,503.63125421068963,,13373000
1361844000,557.72998047,557.72998047,535.69000244,536.94000244,525.2064674800939,504.3714486157854,,24143000
1361930400,537.15002441,539.57000732,529.76000977,535.85998535,525.586950261162,505.07119387654575,,18026000
1362016800,539.34997559,547.75,539.34997559,545.67999268,526.3045589189776,505.97361162773365,,17405000
1362103200,548.91998291,551.48999023,546.84997559,547.70001221,527.0686822507998,506.90086497400625,,12334000
1362362400,546.17999268,549.4699707,534.5300293,534.5300293,527.3351589311284,507.5148464034728,,19608000
1362448800,533.73999023,533.88000488,525.79998779,528.28997803,527.369259613231,507.97651599517343,,14685000
1362535200,532.80999756,539.08001709,531.36999512,539.08001709,527.787500951687,508.6677049083918,,9619000
1362621600,538.9699707,542.10998535,533.69000244,533.69000244,527.9983045762696,509.22375596464974,,14167000
1362708000,535.82000732,541.65002441,535.82000732,540.01000977,528.4272940474742,509.90789493810195,,8670000
1362967200,542.44000244,550.2199707,541.44000244,550.2199707,529.2056039279215,510.8037188439219,,15132000
1363053600,547.33001709,551.97998047,541.89001465,547.63000488,529.8636182476386,511.62208075583476,,17546000
1363140000,549.52001953,551,542.71002197,542.94000244,530.3306319687944,512.3180345710384,,16300000
1363226400,541.14001465,546.15002441,540.40997314,546.15002441,530.895610270266,513.0698565674597,,16328000
1363312800,546.97998047,553.33001709,545.85998535,553.33001709,531.6968390852566,513.9645268012939,,40230000
1363572000,553.19000244,553.19000244,548.7199707,548.7199707,532.3048080714974,514.7368699990429,,12677000
1363658400,547.03997803,549.79998779,545.22998047,547.2199707,532.8374924510867,515.4587166812864,,10403000
1363744800,547.15002441,553.39001465,547.09997559,551.15002441,533.4915114496193,516.2518568530356,,15467000
1363831200,552.90997314,561.16998291,552.46002197,559.39001465,534.4164579924901,517.210482581857,,16237000
1363917600,560.03997803,566.08001709,551.79998779,554.84002686,535.1458711663297,518.0466946769269,,16939000
1364176800,555.20001221,561.80999756,554.11999512,561.80999756,536.0981613946751,519.019212518773,,11961000
1364263200,563.30999756,563.91998291,557.16998291,557.16998291,536.8507264487939,519.8670074163558,,10965000
1364349600,556.85998535,558.28997803,552.82000732,554.83001709,537.4928439716941,520.6439631868813,,10933000
1364436000,556.14001465,556.15997314,550.4699707,551.91998291,538.0080989337765,521.338985847395,,10803000
1364522400,549.52001953,553.88000488,543.26000977,552.2800293,538.5178107325702,522.0265645907862,,10337000
1364781600,553.38000488,566.97998047,551.79998779,566.97998047,539.5343167946212,523.025529388102,,16180000
1364868000,568.03997803,577.33001709,568.03997803,573.5,540.747376909099,524.1471842905886,,28288000
1364954400,572.38000488,575.61999512,567.25,569.33001709,541.7681854869883,525.1512472416866,,19647000
1365040800,569.45001221,571.45001221,564.09002686,564.39001465,542.5761079570958,526.0232198507603,,18313000
1365127200,567.65997314,570.83001709,564.04998779,570.20001221,543.5626759661282,527.0049263476322,,14688000
1365386400,572.2199707,576.05999756,569.70001221,575.02001953,544.6861525219807,528.0719284183515,,17717000
1365472800,573.21002197,579.03997803,572.58001709,575.92999268,545.8020039561957,529.1354409574992,,18698000
1365559200,576.23999023,581.01000977,558.36999512,558.36999512,546.2508607834744,529.7850977166659,,23132000
1365645600,562.03997803,565.76000977,557.55999756,565.76000977,546.9476161044217,530.5845402067399,,20176000
1365732000,566.67999268,566.94000244,552.23999023,557.77001953,547.334130512478,531.1886619694791,,17714000
1365991200,555.44000244,555.44000244,539.55999756,540.83001709,547.1018407473896,531.4029143054906,,18674000
1366077600,534.44000244,539.64001465,525.82000732,538.16998291,546.7828458246257,531.5532936078131,,16660000
1366164000,542.75,544.90002441,536.82000732,543.98999023,546.6831009819605,531.8296646438616,,8760000
1366250400,537.9699707,539.54998779,529.26000977,532.44000244,546.1744188911762,531.8432277059981,,13628000
1366596000,530.22998047,531.11999512,525.42999268,527.63000488,545.512118390777,531.749600532087,,12080000
1366682400,528.16998291,534.23999023,528.15997314,532.23999023,545.0381138136064,531.7604980809296,,9463000
1366768800,532.9699707,535.42999268,531.69000244,531.69000244,544.5613955502633,531.7589315111311,,10241000
1366855200,534.5,537.78997803,534.5,537.22998047,544.2995592973967,531.8805103768838,,9148000
1366941600,537.40002441,540.59997559,535.78997803,537.36999512,544.0520748624897,532.0024989267308,,8239000
1367460000,536.15002441,539.59997559,534.51000977,536.25,543.7734293316864,532.0968878394701,,6709000
1367546400,533.86999512,539.33001709,533.69000244,539.33001709,543.6147360373404,532.2576240450375,,7278000
1367805600,542.28997803,551.98999023,542.28997803,551.98999023,543.9138522585068,532.6961210713699,,13223000
1367892000,553.45001221,555.64001465,547.84997559,549.57000732,544.1158577964173,533.0710963213395,,15856000
1367978400,551.2800293,552.26000977,548.58001709,549.73999023,544.3167196690453,533.4415161859764,,11719000
1368064800,549.2800293,553.86999512,549.2800293,552.5300293,544.6100521558651,533.865705366288,,12649000
1368151200,552.2199707,554.89001465,549.92999268,551.80999756,544.8671930631556,534.2644674150372,,11781000
1368410400,552.54998779,555.22998047,552.54998779,554.38000488,545.2069363423286,534.7114793587031,,9992000
1368496800,552.64001465,552.64001465,545.65002441,548.27001953,545.3163321704598,535.0127802513986,,14586000
1368583200,547.86999512,553.0300293,547.66998291,551.80999756,545.5482487915148,535.3860517471453,,13452000
1368669600,552.26000977,557.76000977,551.92999268,556.01000977,545.921883112175,535.8443619254309,,18172000
1368756000,555.57000732,558.34002686,553.51000977,553.51000977,546.1928876356687,536.2369318775325,,13694000
1369015200,551.20001221,559.11999512,550.70001221,558.78997803,546.6427837211805,536.7381106809206,,15831000
1369101600,563.15002441,570.05999756,562.2800293,566.46002197,547.3505422300669,537.3985975984557,,28326000
1369188000,570.39001465,570.55999756,567.52001953,567.78997803,548.0805220800645,538.0739616080456,,19184000
1369274400,566.71002197,570.80999756,561.78997803,561.78997803,548.5701455068479,538.6009841952001,,24700000
1369360800,562.35998535,567.86999512,560.15002441,563.80999756,549.1144259373176,539.1611844921956,,21905000
1369620000,567.90002441,579.38000488,567.90002441,574.82000732,550.0324824152706,539.953602777258,,23597000
1369706400,578.67999268,579.29998779,573.94000244,577.40002441,551.0098946293681,540.7857454802078,,25468000
1369792800,579.57000732,583.34002686,572.89001465,579.33001709,552.0213275743906,541.6422848493143,,28018000
1369879200,581.69000244,584.95001221,577.60998535,584.70001221,553.1884234542338,542.5991232351073,,21446000
1369965600,585.7800293,591.04998779,581.95001221,581.95001221,554.215623052654,543.4735874345494,,33404000
1370224800,581.65997314,585.09002686,579.77001953,580.89001465,555.1682798954164,544.3050635948927,,18441000
1370311200,585.28997803,586.73999023,574.95001221,574.95001221,555.8747703352229,544.9860624530062,,25987000
1370397600,575.54998779,577.65002441,572.53997803,577.2800293,556.6392438696793,545.7037061607172,,18200000
1370484000,575.13000488,583.70001221,575.13000488,582.91998291,557.5778416925478,546.5307345329235,,24807000
1370570400,585.01000977,588.21002197,583.63000488,588.21002197,558.6718481310282,547.456940920414,,24171000
1370829600,591.61999512,593.16998291,584.10998535,584.10998535,559.5803530317058,548.2714530188492,,24224000
1370916000,585.65002441,585.65002441,579.94000244,581.15002441,560.3506984380734,549.0020879386526,,20851000
1371002400,580.77001953,582.75,575.39001465,575.39001465,560.8878168742136,549.5884863100159,,20907000
1371088800,574.59997559,576.15997314,565.90002441,571.78997803,561.2771797726346,550.0818527926822,,19329000
1371175200,571.42999268,574.57000732,562.9699707,562.9699707,561.337636591469,550.3682554128447,,18414000
1371434400,562.92999268,563.85998535,551.27001953,552.72998047,561.0302203014165,550.4207381918926,,26701000
1371520800,551.11999512,554.0300293,547.86999512,552.86999512,560.7387836877945,550.4751661236284,,18774000
1371607200,554.64001465,557.79998779,554.07000732,556.72998047,560.5956121443018,550.6141619979921,,15615000
1371693600,555.5300293,558.33001709,553.85998535,555.01000977,560.3961263452195,550.7118475040368,,16895000
1371780000,554.08001709,555.84002686,550.30999756,553.57000732,560.152336380033,550.7753621666137,,45727000
1372039200,554.4699707,556.13000488,543.72998047,546.55999756,559.666895707889,550.6816873975779,,22592000
1372125600,544.13000488,544.72998047,522.28997803,530.46002197,558.623793074393,550.2323170547428,,31304000
1372212000,528.58001709,532.55999756,522.59997559,529.88000488,557.5972292103075,549.7800434508596,,25442000
1372298400,532.60998535,539.89001465,530.59997559,539.89001465,556.9648286902966,549.5602650330627,,19819000
1372384800,541.29998779,542.70001221,536.98999023,538.53997803,556.3067983095717,549.315369766328,,17444000
1372644000,535.90997314,537.02001953,531.45001221,534.84997559,555.5404832124442,548.9939165624096,514.33750015295,11138000
1372730400,536.20001221,544.97998047,536.20001221,544.97998047,555.163322400214,548.9047179825783,514.6424004546122,12620000
1372816800,545.16998291,549.29998779,543.20001221,543.95001221,554.7628470362778,548.7946134098544,514.934018482029,17096000
1372903200,545.54998779,547.83001709,543.65997314,543.65997314,554.3663158256965,548.6805102927465,515.2198488766358,14962000
1372989600,544.73999023,546.60998535,542.10998535,543.38000488,553.9739475776358,548.5627212835743,515.5000494338832,13759000
1373248800,542.75,543.29998779,537.57000732,539.91998291,553.4720202680775,548.3706604308283,515.7430338465808,11542000
1373335200,539.25,541.86999512,537.57000732,541.5300293,553.0455205906461,548.2186464056988,515.9996208660178,9119000
1373421600,543.52001953,544.72998047,538.9699707,538.9699707,552.5428223802659,548.0131202789055,516.2281815608833,9474000
1373508000,538.90002441,539.84997559,536.52001953,539.51000977,552.0773647870421,547.8241622675965,516.4598415430636,12828000
1373594400,540.5,548.27001953,540.33001709,548.27001953,551.9413881707192,547.8340702067611,516.7763607270132,21913000
1373853600,551.40997314,551.65002441,547.03997803,548.59997559,551.822052007122,547.8510903263887,517.093013611222,18625000
1373940000,548.82000732,552.46002197,548,549.75,551.7480501497248,547.8932883191355,517.4179587494187,17284000
1374026400,551.01000977,552.52001953,547.44000244,551.38000488,551.7349056758061,547.9707709093769,517.7558895566882,19223000
1374112800,549.78997803,554.71002197,548.58001709,550.66998291,551.6968727198845,548.0307533982797,518.0833929731391,22709000
1374199200,551.88000488,557.45001221,551.88000488,556.55999756,551.8705557498886,548.220292157429,518.466244760073,18510000
1374458400,557.22998047,560.48999023,554.38000488,557.9699707,552.0883919981069,548.4369516805972,518.8593166599727,22156000
1374544800,557.23999023,559.67999268,556.07000732,556.78997803,552.2563057849602,548.6225744883617,519.2367361760923,21814000
1374631200,556.08001709,556.10998535,547.09997559,548.23999023,552.1128659437117,548.6140726159537,519.5253257686685,24745000
1374717600,547.54998779,548.84002686,543.52001953,544.15002441,551.8284787460791,548.5148715447102,519.7703476456967,19475000
1374804000,544.46002197,546.66998291,539.83001709,544.88000488,551.5803189651477,548.4340967299389,520.0201949813614,19525000
1375063200,544.40002441,544.98999023,536.51000977,537.41998291,551.0745926774639,548.1893386450514,520.1933271995568,12138000
1375149600,537.45001221,543.03997803,537.0300293,541.7800293,550.7426439854116,548.0469095484947,520.4081202552826,10210000
1375236000,540.67999268,543.69000244,538.65997314,542.52001953,550.4489788262898,547.924089770306,520.6281391535385,7985000
1375322400,540.5300293,544.67999268,540.27001953,543.55999756,550.2029437810652,547.8271099434103,520.8563168491253,10859000
1375408800,544.39001465,546.63000488,543.90997314,545.59002686,550.03819674817,547.7773969860011,521.1024234163976,9147000
1375668000,544.54998779,548.71002197,544.16998291,546.17999268,549.9004037457354,547.7418991125344,521.3519514687717,8205000
1375754400,545.78997803,549.45001221,544.57000732,549.45001221,549.8843183337449,547.779857181367,521.6315341627143,10652000
1375840800,550.32000732,554.5300293,548.26000977,553.28997803,550.0059490371825,547.9023043113366,521.9465435544286,15048000
1375927200,553.13000488,556.75,550.07000732,550.07000732,550.0082368329975,547.9504754893069,522.2263790147825,9642000
1376013600,551.14001465,553.7199707,550.53997803,552.27001953,550.0890147864618,548.0464653568779,522.5253207114514,9376000
1376272800,553.17999268,553.41998291,549.22998047,550.07000732,550.0883359483739,548.0914329560584,522.7993971951186,9506000
1376359200,550.5,553.91998291,548.5300293,550.35998535,550.0980377127178,548.1418452314794,523.0736319031273,12230000
1376445600,549.70001221,554.34002686,547.5300293,554.34002686,550.2495373251207,548.2795826010021,523.3847403106583,11674000
1376532000,554.34997559,560.46002197,554.34997559,559.07000732,550.5645541106521,548.5193698169797,523.7398175943334,21010000
1376618400,558.7199707,561.11999512,556.26000977,559.15997314,550.8715333617002,548.7558276686024,524.0922569529968,19567000
1376877600,559.07000732,565.55999756,558.71002197,561.61999512,551.2554069959252,549.0416980564112,524.4656672830167,23413000
1376964000,560.53997803,562.28997803,556.04998779,557.52001953,551.4791431578565,549.2301052002687,524.7945663103499,21025000
1377050400,557.90002441,557.90002441,549.41998291,555.92999268,551.6381020693616,549.3789915887071,525.1043715478588,17490000
1377136800,553.71002197,556.44000244,546.70001221,549.53997803,551.5631690679559,549.3825690651803,525.3475119108653,20012000
1377223200,549.69000244,550.72998047,537.72998047,542.08001709,551.2244850687432,549.2202901323985,525.5140044997123,22414000
1377482400,541.28997803,543.38000488,533.46002197,543.38000488,550.9443250620023,549.0905060156786,525.6917756477749,16079000
1377568800,541.80999756,542.80999756,538.57000732,539.9699707,550.552383834788,548.8878274531079,525.8338472403343,8157000
1377655200,535.42999268,535.65997314,523.27001953,528.61999512,549.7690842378313,548.4374311790389,525.8615701048086,27014000
1377741600,528.16998291,531.0300293,523.51000977,523.51000977,548.8312601496945,547.8834884810602,525.838171494512,17988000
1377828000,523.89001465,531.22998047,517.75,531.22998047,548.2026430182768,547.5134105252589,525.8918213350642,15108000
1378173600,531.15002441,533.09997559,525.96002197,527.91998291,547.4782623001241,547.0780010226975,525.9120020472526,10047000
1378260000,528.07000732,530.5,522.85998535,525.65997314,546.6990376872626,546.6020448475265,525.9094942969317,14798000
1378346400,526.60998535,531.90002441,523.90997314,531.71002197,546.1637156973603,546.2711110058036,525.9672109901961,11932000
1378432800,532.79998779,535.44000244,529.47998047,534.79998779,545.7578682720974,546.0161971565635,526.0550993165623,14582000
1378692000,534.2199707,534.2199707,523.38000488,524.16998291,544.9868723663083,545.5307257288621,526.0363419393826,13465000
1378778400,525.79998779,530.59002686,525.79998779,530.19000244,544.458412726083,545.1898207668874,526.0776718946126,9287000
1378864800,531.42999268,534.41998291,528.89001465,531.90997314,544.0102541694372,544.8947130418454,526.1357047428255,12176000
1378951200,530.21002197,532.59997559,529.61999512,531.16998291,543.5516730530287,544.5897190389155,526.1857970628969,8242000
1379037600,530.09002686,532.79998779,529.08001709,531.21002197,543.1108998000634,544.292392437384,526.2357893505298,11459000
1379296800,532.53997803,534.86999512,529.55999756,531.98999023,542.7137244582755,544.0190057216644,526.2930450806738,16669000
1379383200,532.82000732,536.65002441,532.82000732,535.79998779,542.4668052915514,543.8363608787384,526.3876415255427,14217000
1379469600,536.15002441,536.67999268,530.53997803,531.63000488,542.0797767054246,543.5651085232109,526.43980434499,13243000
1379556000,532.88000488,537.03997803,532.88000488,533.83001709,541.7851424334451,543.3487731580285,526.5133388001642,14035000
1379642400,533.83001709,537.57000732,532.27001953,537.57000732,541.6346018936792,543.2203561394057,526.6233554023516,62592000
1379901600,535.4699707,540.25,534.19000244,540.25,541.5851518260479,543.1543482251967,526.7589439058108,13947000
1379988000,539.42999268,544.36999512,539.42999268,543.22998047,541.643895706189,543.1560289417479,526.9228348168973,22877000
1380074400,542.38000488,549.39001465,542.34997559,545.83001709,541.7934000413252,543.215450900598,527.1109659837939,30617000
1380160800,545.41998291,547.58001709,542.59997559,545.83001709,541.9375649359207,543.2735523714736,527.297225198781,18274000
1380247200,544.54998779,547.55999756,543.33001709,545.48999023,542.0644372678521,543.3228065461075,527.478247736405,16882000
1380506400,546.09997559,551.55999756,545.42999268,551.55999756,542.4035644211431,543.505855235305,527.7178671376348,24861000
1380592800,551.71002197,555.21002197,549.32000732,549.63000488,542.6616515803879,543.6419474496316,527.9358983589519,40195000
1380679200,550.35998535,554.15997314,549.90997314,552.72998047,543.021234755017,543.8439037389732,528.182605643639,21525000
1380765600,552.40997314,552.65997314,548.44000244,549.58001709,543.2554769812664,543.9713729245515,528.3955152102694,19124000
1380852000,549.73999023,552.27001953,548.63000488,552.07000732,543.5702816362211,544.1513425777837,528.6310822959384,17846000
1381111200,552.54998779,557.95001221,552.29998779,557.53997803,544.0691993645704,544.4488678100552,528.91873299976,22797000
1381197600,557.83001709,560.35998535,555.02001953,558.54998779,544.5863703797643,544.7622260318317,529.2135713558818,29154000
1381284000,558.23999023,558.98999023,555.25,556.7199707,545.0197132483441,545.0279536911244,529.4872668717436,17697000
1381370400,556.19000244,557.46002197,551.85998535,551.85998535,545.2640086805461,545.1797766168771,529.7098809859551,22758000
1381456800,551.89001465,555.80999756,551.89001465,552.15997314,545.5102931255266,545.3348920951687,529.9332649874879,16841000
1381716000,551.28997803,552.67999268,549.63000488,551.47998047,545.723496244972,545.4714496146094,530.1476601664183,11063000
1381802400,550.70001221,553.90002441,550.58001709,553.90002441,546.0155151080087,545.6587512767292,530.3840020991903,19915000
1381888800,553.14001465,558.51000977,552.69000244,557.15002441,546.4131761545084,545.914112901913,530.6503306793974,23977000
1381975200,559.66998291,560.30999756,556.59997559,557.78997803,546.8194905072045,546.1780210158705,530.920376921692,20089000
1382061600,557.32000732,560.0300293,555.70001221,559.38000488,547.2680803062328,546.4713984350734,531.2035572993866,19231000
1382320800,561.2800293,562.90997314,559.25,561.29998779,547.7692198592246,546.8009226429607,531.5030242694424,28327000
1382407200,560.2199707,563.19000244,558.60998535,560.35998535,548.2188900553236,547.1022351475616,531.7901582105425,20460000
1382493600,562.07000732,565.7800293,562.05999756,565.2800293,548.8282164569192,547.5061861287269,532.1233907586962,27327000
1382580000,564.71002197,566.5300293,561.4699707,562.02001953,549.2993522809578,547.8287157598663,532.420869651943,33297000
1382666400,563.01000977,563.0300293,559.17999268,560.57000732,549.7018756752093,548.1118555723137,532.7009605740133,21910000
1382925600,560.40002441,560.84002686,555.95001221,555.95001221,549.9250234085947,548.286036830929,532.9322944211375,16251000
1383012000,553.5,556.94000244,552.53997803,556.15002441,550.1473448729306,548.4607921104639,533.1633166100814,13424000
1383098400,557.07000732,558.86999512,556.95001221,557.22998047,550.4002961442545,548.6556629628981,533.4027859022199,10710000
1383184800,557.69000244,558.5300293,555.10998535,555.55999756,550.5845711948168,548.8090926206114,533.623255669959,10270000
1383271200,557.02001953,557.17999268,553.84997559,554.72998047,550.7326215260733,548.9406679061534,533.8332728321485,12221000
1383530400,555.48999023,555.92999268,552.23999023,554.9699707,550.8839554251422,549.0746524126833,534.0435882338187,16628000
1383616800,555.4699707,557.95001221,552.83001709,557.7199707,551.1280988278156,549.266770596846,534.2791741290046,16803000
1383703200,560.2199707,561.92999268,559.15002441,561.92999268,551.5138807511079,549.5481755320271,534.5543066519,21067000
1383789600,561.63000488,562.75,558.83001709,559.11999512,551.785527692854,549.7608826339821,534.7987413630253,28146000
1383876000,558.40002441,559.75,556.7800293,556.7800293,551.963902750252,549.9168636710046,535.0174606459803,17292000
1384135200,557.02001953,559.95001221,556.0300293,559.32000732,552.2266207706002,550.1258224187601,535.2592770307965,18938000
1384221600,559.23999023,559.77001953,554.08001709,555.10998535,552.3295980770074,550.2365815950099,535.4567965165597,27775000
1384308000,554.33001709,556.26000977,552.84002686,553.09002686,552.3567562478286,550.2999914897874,535.6322515448527,19381000
1384394400,552.4699707,555.72998047,552.34997559,555.72998047,552.4772285414775,550.42065791157,535.832228947093,18924000
1384480800,555.38000488,559.90002441,555.38000488,559.75,552.736970379282,550.6279766246462,536.0702167187637,25459000
1384740000,562.53997803,567.04998779,562.53997803,565.35998535,553.1877923425219,550.9553545963207,536.3616572026566,35388000
1384826400,565.7199707,567.54998779,564.89001465,564.89001465,553.6057288535033,551.2650137086247,536.645521455864,20334000
1384912800,564.79998779,566.44000244,562.82000732,566.44000244,554.0640957673068,551.6022356804331,536.9419839532186,23865000
1384999200,567.09002686,571.65002441,563.45001221,563.45001221,554.3993070688315,551.8655196033124,537.2057454284104,41158000
1385085600,565.08001709,567.39001465,562.86999512,566.2800293,554.8236185770875,552.1858420410165,537.4950417853416,23208000
1385344800,566.65997314,571.14001465,566.65997314,567.41998291,555.2734887318344,552.5243785047717,537.7928023935472,23759000
1385431200,567.15002441,570.95001221,565.30999756,568.84997559,555.7583632624832,552.8871695511101,538.1018289925169,24349000
1385517600,571.09997559,573.34002686,568.09997559,568.33001709,556.2073508991801,553.2303439408632,538.4026069835365,24717000
1385604000,569.17999268,570.84997559,567.98999023,570.55999756,556.7199454227808,553.6154473546218,538.7225810191233,16044000
1385690400,569.07000732,570.7800293,568.13000488,569.05999756,557.1606615705387,553.9586595814079,539.024445860326,20590000
1385949600,569.65997314,569.91998291,567.23999023,568.86999512,557.578852054448,554.2900225933766,539.3214164997257,16928000
1386036000,568.28997803,575.7199707,568.28997803,571.71002197,558.0835366942891,554.677133690635,539.643691181022,37323000
1386122400,572.22998047,572.86999512,570.46002197,570.90997314,558.5416237102074,555.0378634561764,539.9547984641958,27519000
1386208800,570.69000244,572.83001709,567.83001709,569.17999268,558.9215654591286,555.3521329944836,540.2455964165919,24494000
1386295200,569.30999756,571.53997803,568.51000977,570.10998535,559.3211518838026,555.6800852690506,540.5427545154317,20208000
1386554400,574.91998291,575.26000977,572.75,573.21002197,559.8171829583097,556.0696394179605,540.8678019527906,33156000
1386640800,574.15002441,575.59002686,570.67999268,572.13000488,560.25692659837,556.426536428228,541.1788686485837,18692000
1386727200,572.11999512,572.2800293,564.39001465,565.69000244,560.4509650212854,556.6323912284896,541.4227605271053,28848000
1386813600,563.69000244,568.19000244,562.54998779,567.40002441,560.6991457137394,556.8716719658565,541.681240764746,21208000
1386900000,567.76000977,569.69000244,566.0300293,566.4699707,560.9052466061058,557.084967493282,541.9278947939525,15746000
1387159200,563.59002686,567.9699707,560.92999268,560.92999268,560.9061303944592,557.1704124974312,542.1169703948087,16052000
1387245600,561.88000488,565.94000244,561.60998535,565.94000244,561.0859115389428,557.3652922739328,542.3540154897858,13959000
1387332000,564.90002441,566.54998779,563.98999023,566.27001953,561.2710582529091,557.5631751018454,542.5919856792406,13198000
1387418400,566.36999512,568.0300293,565.32000732,565.52001953,561.4228068699481,557.7399938669156,542.8201253195466,24581000
1387504800,565.97998047,566.36999512,560.67999268,560.67999268,561.3962777917357,557.805327173873,542.9978354425361,37626000
1387764000,562.85998535,566.78997803,562.53997803,565.97998047,561.5599814588165,557.9869861360091,543.2265135025109,23305000
1387850400,566.33001709,567.01000977,562.84997559,562.84997559,561.6060526777874,558.09505256832,543.4217718317396,17245000
1387936800,563.67999268,563.71002197,559.98999023,561.17999268,561.590836249295,558.1636067930241,543.5984705466477,14081000
1388023200,561.13000488,564.75,560.7199707,562.45001221,561.6215211050344,558.2588602467347,543.7860480756362,17979000
1388109600,562.72998047,565.34002686,562.2800293,562.2800293,561.6450392548546,558.3482195590294,543.9700677893115,16598000
1388368800,562.27001953,563.17999268,556.36999512,556.36999512,561.456644821467,558.3042590159399,544.0934501508109,24078000
1388455200,556.82000732,563.53997803,554.67999268,562.20001221,561.4831936567717,558.3908313091413,544.2736149474198,18233000
1388628000,563.40997314,564.33001709,559.89001465,562,561.5016510261728,558.4710350578271,544.4499968882415,14637000
1388714400,561.34997559,563.60998535,560.97998047,562.79998779,561.5480201963095,558.5672340074309,544.6325838623883,14100000
1388973600,563.89001465,566.29998779,561.11999512,566.29998779,561.7177333246556,558.7390729803769,544.8481799213695,18331000
1389060000,567.26000977,571.39001465,567.26000977,568.15002441,561.947458006275,558.9482052343685,545.0800390705101,23901000
1389146400,568.20001221,573.64001465,566.60998535,573.10998535,562.3461196971224,559.2629114591604,545.3589440086145,25131000
1389232800,572.02001953,577.19000244,572.02001953,577.19000244,562.8762583665109,559.6612912587345,545.6756709581805,27344000
1389319200,577.75,581.07000732,576.15997314,576.15997314,563.3506767512783,560.0279286338738,545.9789973480493,29088000
1389578400,576.52001953,579,575.5,576.60998535,563.824223486947,560.396418783121,546.2837832983175,25173000
1389664800,576.80999756,582.9699707,575.79998779,580.59002686,564.4230021788417,560.8451656292739,546.6251389556477,28446000
1389751200,582.09997559,585.32000732,580.15997314,583.07000732,565.0889666481687,561.3390510001789,546.9877744617606,33366000
1389837600,584.94000244,589.46002197,582.61999512,589.46002197,565.9593614810913,561.9639614661749,547.4103838897033,30774000
1389924000,594.36999512,612.22998047,594.36999512,605.5,567.3715271424809,562.9314289891488,547.988390020154,53957000
1390183200,607.09002686,627.5300293,607.09002686,620.69000244,569.2757584031066,564.2149528436122,548.7117891487097,39268000
1390269600,624.60998535,634.08001709,614.5,634.08001709,571.5901962133528,565.7675098268653,549.5612242526032,36430000
1390356000,634.35998535,640.04998779,625.70001221,626.03997803,573.534831278233,567.1068980091571,550.322206877254,42824000
1390442400,624.08001709,630.30999756,621.84997559,626.61999512,575.4307299868675,568.4294112782869,551.0813888498186,27035000
1390528800,628.2800293,628.38000488,623.7199707,627.90997314,577.304988670908,569.7512015418805,551.8458523750941,30855000
1390788000,625.63000488,625.77001953,622.30999756,624.70001221,578.9976680830184,570.9722862233942,552.5707693883767,28151000
1391652000,623.08001709,629.39001465,619.04998779,626.30999756,580.6873941357678,572.2020131419855,553.3044930517759,33664000
1391738400,629.97998047,632.23999023,621.9699707,622.82000732,582.192130320919,573.3268574570525,553.9961897111613,42172000
1391997600,622.92999268,631.41998291,622.46002197,631.41998291,583.9502679133861,574.6178158004514,554.7665757131398,38713000
1392084000,634.90002441,637.26000977,627.40002441,627.40002441,585.5020449311223,575.7907537695525,555.4892965956956,64470000
1392170400,629.7199707,637.78997803,627.33001709,637.78997803,587.3694711132251,577.1685143086735,556.3082088487732,45512000
1392256800,640.17999268,643.65002441,637.28997803,641.72998047,589.3109178759671,578.6032135567029,557.1581767256014,58958000
1392343200,641.80999756,645.94000244,639.57000732,641.40997314,591.1715984211112,579.9989193252206,557.9965030580829,49178000
1392602400,638.4699707,642.7199707,635.2800293,638.79998779,592.872612327143,581.3056097355491,558.8005178315349,58495000
1392688800,640.03997803,645.59997559,638.32000732,645.59997559,594.7557324436735,582.7343734212035,559.6641940281365,53195000
1392775200,648.90997314,650.57000732,645.44000244,650.42999268,596.7440988806852,584.2387205158434,560.5673363032795,47882000
1392861600,650.4699707,654.30999756,631.72998047,638.70001221,598.2425243567321,585.4489714423802,561.3447758645403,86195000
1392948000,637.92999268,643.63000488,630.09997559,639.36999512,599.7113625982774,586.647216412994,562.1211462053907,42450000
1393207200,641.39001465,648.48999023,638.09997559,648.48999023,601.4534564422676,588.0215002755941,562.9805376882226,40009000
1393293600,645.98999023,661.5300293,645.98999023,661.5300293,603.5990483300437,589.6550231428031,563.9611296445587,51004000
1393380000,668.59002686,669.61999512,659.73999023,667.90997314,605.8958670732565,591.3940220316297,564.9954464952596,58443000
1393466400,666.7199707,677.65997314,662.73999023,662.73999023,607.9260143288544,592.9794879915935,565.9680290199833,86911000
1393552800,664.15997314,668.41998291,657.21002197,663.80999756,609.9218708728239,594.5534993153359,566.9415809457546,44824000
1393812000,663.16998291,663.47998047,643.95001221,643.95001221,611.1371616348658,595.651199601884,567.70783399316,52083000
1393898400,636.92999268,641.89001465,631.92999268,638.78997803,612.1247622204063,596.6098391225088,568.4151190084519,46917000
1393984800,646.22998047,647.84997559,642.65997314,645.76000977,613.3260210614632,597.7020651368974,569.184719911552,32132000
1394071200,646.39001465,650.73999023,645.29998779,648.61999512,614.5865201349824,598.8335746920775,569.9751206598947,39901000
1394157600,650.92999268,654.20001221,650.09002686,651.46002197,615.9034309148044,600.0030512982536,570.7859156978062,47091000
1394416800,652.53997803,656.86999512,651.7800293,655.79998779,617.3283079460614,601.2429832202924,571.6318268629027,48392000
1394503200,656.92999268,662.84997559,653.70001221,661.60998535,618.9097964247735,602.5844721565081,572.5271319224759,49249000
1394589600,665.91998291,672.15002441,663.84002686,663.84002686,620.5144475117459,603.9457067054747,573.4357179417547,53069000
1394676000,664.09997559,669.21002197,661.95001221,669.21002197,622.2535751709693,605.3960248224641,574.3886960912895,48198000
1394762400,669.70001221,673.90997314,665.77001953,668.39001465,623.9013051523632,606.7958912630761,575.3240325943613,50692000
1395021600,672.53997803,673.79998779,669.53997803,672.15002441,625.6244736972787,608.2482053330077,576.2874752989944,51378000
1395108000,671.86999512,677.52001953,669.65997314,673.67999268,627.340742232376,609.7022450518298,577.2565550739298,72169000
1395194400,673.55999756,681.94000244,673.5300293,681.94000244,629.2907158112197,611.3075285493446,578.2981814158808,65273000
1395280800,683.10998535,684.79998779,674.9699707,676.08001709,630.9617622854619,612.7469171835814,579.271135004678,63084000
1395367200,676.92999268,688.70001221,676.42999268,679.97998047,632.7124129349097,614.2409852566129,580.2732130690096,111573000
1395626400,688.28997803,690.57000732,683.95001221,689.32000732,634.7341127343772,615.9094079691326,581.3582557978751,63011000
1395712800,689.2199707,692.83001709,682.75,682.75,636.4489658510065,617.3947544587074,582.3671288745132,80417000
1395799200,684.59997559,685.25,663.77001953,664.86999512,637.4640026106134,618.4497598067362,583.1880529167569,82709000
1395885600,665.7199707,670.34002686,658.32000732,669.89001465,638.622074469163,619.592876581031,584.0507590036548,50559000
1395972000,672.57000732,677.71002197,670.94000244,676.30999756,639.9680717224071,620.8532570472303,584.9687613773498,39880000
1396231200,677.70001221,678.80999756,670.42999268,670.42999268,641.0559974708925,621.9549622835141,585.8191218878239,41071000
1396317600,669.92999268,672.22998047,657.85998535,660.13000488,641.7372120212178,622.803296563436,586.5585336588904,65611000
1396404000,661.04998779,663.5300293,649.14001465,658.01000977,642.3183833693886,623.5856679680263,587.2694936201949,49386000
1396490400,661.44000244,667.41998291,659.39001465,664.88000488,643.1241555661961,624.5033198994036,588.0417375133273,32489000
1396576800,665.33001709,667.34002686,662.5,667.33001709,643.9886506206177,625.4550242814169,588.8306756185679,33886000
1396836000,669.29998779,674.70001221,669.29998779,672.9699707,645.02369776631,626.5109119796076,589.667882534801,39997000
1396922400,673.20001221,675.44000244,670.82000732,672.05999756,645.9892799017989,627.5231138813941,590.4877045748527,37142000
1397095200,674.67999268,677.09002686,667.57000732,670.05999756,646.8489483895918,628.4683779631409,591.2794686841577,42558000
1397181600,665.34997559,668.28997803,662.13000488,665.84997559,647.5275565038921,629.2990801326267,592.0214637777482,42619000
1397440800,668.96002197,668.96002197,661.11999512,661.11999512,648.0130007401817,630.0062115767906,592.709011353293,33809000
1397527200,660.76000977,663.35998535,647.73999023,647.73999023,648.0032503648181,630.4002955468619,593.2565832824145,48888000
1397613600,644.19000244,646.21002197,626.26000977,634.76000977,647.5302774864317,630.4971780851539,593.6695527002014,56152000
1397700000,640.61999512,645.40997314,636.57000732,642.47998047,647.3499097358449,630.7634625825949,594.1552285984084,33947000
1397786400,642.08001709,642.08001709,621.13000488,621.13000488,646.4134845624219,630.5493857447594,594.4236343325535,39104000
1398045600,619.85998535,625.25,613.66998291,613.66998291,645.2440737891211,630.174287903987,594.615140288548,31622000
1398132000,615.04998779,630.88000488,612.22998047,630.88000488,644.731071328081,630.1899705034539,594.9759847123436,30629000
1398218400,630.5,636.57000732,626.61999512,629.7800293,644.1971055413638,630.1808606989326,595.3222936137133,22604000
1398304800,629.7199707,631.77001953,626.94000244,629.15997314,643.660065098458,630.1581743087341,595.6589869423331,15889000
1398391200,629.65002441,637.46002197,629.65002441,636.34997559,643.3989904731559,630.2957698927622,596.0638724015138,23945000
1398650400,636.48999023,638.27001953,628.90002441,628.90002441,642.8811702566146,630.2647533264786,596.3906002821952,20411000
1398736800,626.58001709,633.01000977,626.58001709,632.09997559,642.4961275899498,630.3055360434457,596.7459174494371,14988000
1399255200,631.64001465,631.95001221,613.75,614.35998535,641.4912653670945,629.9511904724802,596.9211818066566,28435000
1399341600,613.38000488,613.38000488,593.84997559,605.20001221,640.1951491829125,629.4011642888695,597.0035582285805,37736000
1399428000,606.86999512,612.48999023,603,609.51000977,639.099251346737,628.9591386328946,597.1280005324752,17092000
1399514400,598.77001953,598.77001953,572.2800293,575.30999756,636.8210637114964,627.7669354979414,596.9109059755351,68705000
1399600800,568.9699707,588.53997803,568.9699707,587.90997314,635.0742390482287,626.8812252233205,596.8213444547836,36958000
1399860000,578.80999756,578.80999756,556.45001221,563.29998779,632.5108729318634,625.4683088359134,596.487798617323,39841000
1399946400,552.55999756,564.5,552.55999756,560.10998535,629.9251269467969,624.0159016473375,596.1258303261059,36768000
1400032800,556.94000244,581.83001709,556.84002686,581.83001709,628.2074444519113,623.0784375460634,595.9835834282342,38135000
1400119200,581.20001221,589.7800293,562.22998047,575.5300293,626.326108196486,622.0218062517064,595.7800654767094,44625000
1400205600,573.63000488,582.69000244,569.90997314,581.92999268,624.7405326423258,621.130877061224,595.6422538070904,33268000
1400464800,582.53997803,590.5,577.92999268,589.30999756,623.4751563893856,620.4237464056413,595.5792462822437,31019000
1400551200,586.34997559,590.60998535,581.60998535,590.27001953,622.2892586444075,619.7536635861826,595.5264181553557,29140000
1400637600,590.69000244,597.7800293,585.09997559,596.82000732,621.3796425256786,619.2440267802674,595.5392896893322,35248000
1400724000,595.27001953,600.15002441,592.75,592.75,620.3571552926187,618.6552706295948,595.5115355630702,33892000
1400810400,593.67999268,597.42999268,591.77001953,594.34997559,619.4283274460965,618.1151529620483,595.4999777523929,21610000
1401069600,594.03997803,597.79998779,588.04998779,596.23999023,618.6001725455217,617.6290382346695,595.5073410606277,18602000
1401156000,596.01000977,606.02001953,595.38000488,605.86999512,618.145523351753,617.3677261654545,595.6104520462931,37760000
1401242400,608.25,615.46002197,608.25,614.88000488,618.0288976920475,617.3124434702222,595.8021888904095,34817000
1401328800,614.21002197,622.34997559,611.75,615.01000977,617.9210802662601,617.2612782768839,595.9933114862264,36571000
1401415200,614.32000732,619.25,612.7800293,618,617.9238988281794,617.2776943151754,596.2122835112391,27222000
1401674400,614.73999023,617.67999268,607.90997314,610.98999023,617.6762592353873,617.137967557727,596.3593253691372,24075000
1401760800,611.10998535,614.82000732,608.2800293,612.48999023,617.4910353423378,617.0346791726664,596.519829497106,15235000
1401847200,612.9699707,613.38000488,601.05999756,603.83001709,617.0031418333257,616.7412422374961,596.5925676821099,21146000
1401933600,601.64001465,604.76000977,597.70001221,601.59997559,616.4530287532069,616.4047696453295,596.6423926364173,13607000
1402020000,603.7199707,608.47998047,602.19000244,608.47998047,616.1682770288066,616.2286632192111,596.760179580035,17256000
1402279200,609.20001221,615.4699707,606.29998779,610.91998291,615.9808379531349,616.110692545673,596.9010731455073,36322000
1402365600,609.9699707,612.27001953,608.59002686,608.59002686,615.7168804140944,615.9435666415469,597.0173811426664,24570000
1402452000,609.35998535,615.52001953,609.20001221,615.52001953,615.7098496682338,615.9341544835125,597.2014869972668,25086000
1402538400,615.98999023,617.65997314,612.09002686,616.10998535,615.7241402282968,615.9380618361012,597.389631259483,28908000
1402624800,616.23999023,620.84002686,614.60998535,617.72998047,615.7957773797863,615.9778822501878,597.592022793916,20910000
1402884000,619.97998047,620.85998535,618.07000732,618.61999512,615.8966422990796,616.036595869517,597.8012563493995,25272000
1402970400,617.55999756,622.72998047,616.65002441,620.60998535,616.0649759794696,616.138226746861,598.0282088767686,31520000
1403056800,619.71002197,622.69000244,618.60998535,618.60998535,616.1558691712743,616.1931547158197,598.2330026725222,24595000
1403143200,612.7199707,617.0300293,606.96002197,613.82000732,616.0724455337288,616.1404181070237,598.388097246129,35572000
1403229600,616.09002686,619.32000732,607.22998047,607.22998047,615.7566432100242,615.9424083817565,598.4760761836799,68330000
1403488800,609.0300293,613.05999756,609.0300293,609.98999023,615.5506913178805,615.8101324228286,598.5906424925985,16574000
1403575200,609.75,613.75,608.66998291,612.53997803,615.4431658433133,615.7374623252102,598.7294418511796,15363000
1403661600,612.63000488,619.02001953,612.63000488,618.09997559,615.5380519056949,615.7899626199834,598.9221834804216,37149000
1403748000,618.09997559,622.36999512,616.40002441,619.90997314,615.6941919497773,615.8815184093171,599.1310172083776,33732000
1403834400,619.51000977,621.22998047,616.84997559,616.84997559,615.7354699369281,615.903039679999,599.3073252519758,18329000
1404093600,617.01000977,619.0300293,615.05999756,615.05999756,615.7113459234664,615.8843054106657,599.4640682600159,18765000
1404180000,615.86999512,621.09997559,615.42999268,617.96002197,615.7916557822712,615.9304324453175,599.6481076004137,27737000
1404266400,618.77001953,622.40997314,617.69000244,620.20001221,615.9490970832614,616.0253119956437,599.8526041636932,33935000
1404352800,621.90997314,627.16998291,621.90997314,627.16998291,616.349843005645,616.2729713492961,600.1244188775868,42165000
1404439200,628.05999756,633.2199707,628.05999756,631.02001953,616.8737778815148,616.6006835310895,600.4318377895511,35243000
1404698400,635.48999023,639.54998779,634.61999512,636.75,617.583642957175,617.0484461192875,600.7932125379137,35623000
1404784800,637.73999023,638.90997314,632.25,636.21002197,618.2488707790616,617.47425891597,601.1456186019146,31668000
1404871200,636.26000977,638.15002441,635.14001465,636.64001465,618.9056973458808,617.9001645989484,601.4987966720448,27128000
1404957600,635.72998047,635.72998047,625.15997314,628.7800293,619.2583520585279,618.1419393700829,601.7702517230692,38022000
1405044000,627.44000244,629.45001221,623.72998047,627.09997559,619.5384100417947,618.3410068416366,602.0222887764716,21519000
1405303200,628.47998047,632.53997803,627.08001709,632.53997803,620.0027517556591,618.6565395347113,602.3259473760091,21957000
1405389600,635.40997314,637.80999756,635.40997314,636.09002686,620.5772972950998,619.0439503641622,602.6619083658996,26598000
1405476000,641.52001953,643.0300293,637.13000488,637.13000488,621.1684654231319,619.4458626867364,603.0048745003683,35173000
1405562400,635.90997314,638.55999756,633.35998535,636.29998779,621.7088769362343,619.8203988001422,603.3361691599666,22238000
1405648800,635.72998047,645.52001953,635.30999756,645.52001953,622.5592748860117,620.3915014830279,603.7559089646436,31396000
1405908000,644.77001953,650.9699707,642.55999756,645.33001709,623.3725156790113,620.9456907187384,604.1695816823088,29806000
1405994400,644.75,645.57000732,640.13000488,641.95001221,624.0359976979752,621.4124534185443,604.5455063641764,25094000
1406080800,642.73999023,643.55999756,638.9699707,640.84002686,624.6361415966189,621.8441772727988,604.9066458715976,15757000
1406167200,640.07000732,647.40002441,640.07000732,646.64001465,625.4219942056683,622.395195881181,605.3219032723777,22263000
1406253600,647.59997559,650.57000732,641.96002197,641.96002197,626.0126380543944,622.8299697942659,605.6864616673789,29281000
1406512800,640.13000488,640.27001953,628.09997559,630.29998779,626.1657576878089,622.9959701941712,605.9313723750666,44843000
1406599200,630.60998535,633.58001709,627.23999023,633.58001709,626.4305526664585,623.2311712363007,606.2064832677526,27432000
1406685600,631.61999512,635.2199707,629.07000732,629.07000732,626.524818904085,623.3609231492718,606.4339810195162,41149000
1406772000,628.92999268,637.07000732,628.40997314,637.03997803,626.9003603014392,623.6649021466213,606.7385183032026,26590000
1406858400,635.86999512,636.75,632.79998779,635.01000977,627.189990639602,623.9170156493631,607.0198266760066,26580000
1407117600,631.14001465,639.17999268,631.14001465,638.97998047,627.6110617049734,624.2517482009328,607.3378381565439,34389000
1407204000,640.25,643.55999756,638.75,643.55999756,628.1806665569386,624.680820408912,607.6982576530957,35110000
1407290400,643.55999756,647.63000488,641.58001709,644,628.7456427513337,625.1101355109362,608.0594690197315,37896000
1407376800,641.03997803,644.46002197,639.53997803,644.19000244,629.2972270259289,625.5341325538043,608.4189768149581,40584000
1407463200,644.03997803,646.29998779,640.17999268,641.92999268,629.74839722786,625.8984850010531,608.7524197588889,43746000
1407722400,639.42999268,642.15002441,636.47998047,638.2199707,630.0509534232935,626.1722957943631,609.0456292209896,33951000
1407808800,637.2199707,642.92999268,635.82000732,639.96002197,630.404848728533,626.4786897093772,609.3532351189897,35926000
1407895200,639.75,645.16998291,639.75,645.16998291,630.9321749492997,626.8940517805022,609.709620669149,43805000
1407981600,646.41998291,650.48999023,645.84997559,649.84997559,631.6078106864676,627.4041834207133,610.1090271857744,49921000
1408068000,649.61999512,650.09002686,645.13000488,645.13000488,632.0907461933795,627.7980905642529,610.4574946255179,46217000
1408327200,646.34997559,649.17999268,643.94000244,647,632.623219543616,628.224799662825,610.8211016441695,57062000
1408413600,647.97998047,650.20001221,644.70001221,645.46002197,633.0816767731296,628.6078046029845,611.1657675180584,51917000
1408500000,645.90002441,649.32000732,643.28997803,645.44000244,633.5230455469464,628.981853443807,611.5068046814607,44317000
1408586400,644.95001221,653.44000244,644.95001221,649.94000244,634.109365435984,629.4475900881669,611.8892245596552,71639000
1408672800,650.98999023,657.39001465,650.98999023,654.96002197,634.8540317407703,630.0145330188743,612.3177897080168,78578000
1408932000,659.13000488,663.41998291,657.73999023,661.76000977,635.8149595275286,630.7199880577882,612.8097520966933,71860000
1409018400,665.29998779,670.28997803,663.80999756,668.25,636.9733538301168,631.5539883231706,613.3613963544376,59947000
1409104800,670.79998779,674.59997559,664.19000244,667.90002441,638.0778777793984,632.361678013989,613.9040692704134,72120000
1409191200,667.34997559,673.28997803,666.35998535,668.96002197,639.1808115004912,633.1749745463449,614.4518896952849,63865000
1409277600,672.14001465,678.67999268,668.35998535,676.82000732,640.5250684940452,634.1448641635371,615.072467980108,75103000
1409709600,681.09002686,684.82000732,678.47998047,678.90002441,641.8956026339007,635.1394232801252,615.707568044087,81873000
1409796000,678.40002441,680.40997314,675.32000732,678.59002686,643.2061177848328,636.1049922485669,616.333264151708,57472000
1409882400,678.80999756,679.70001221,675.84002686,677.61999512,644.4351848325174,637.0275478679321,616.943082370298,53837000
1410141600,681.26000977,683.35998535,678.40997314,678.83001709,645.663571698856,637.9564916284224,617.5588727655189,65120000
1410228000,678.83001709,678.89001465,659.9699707,664.65002441,646.3416592956826,638.5496812457908,618.0274414385983,96196000
1410314400,663.89001465,667.54998779,653.5300293,666.41998291,647.0587422819082,639.1690212827732,618.5089592641845,57255000
1410400800,668.19000244,670.39001465,663.84002686,665.09002686,647.7027167311257,639.7450436289338,618.9724524740931,52319000
1410487200,666.15002441,669.86999512,664.22998047,669.7800293,648.4911921800141,640.4124877549575,619.4780005022116,50655000
1410746400,670.66998291,674.09002686,668.41998291,668.41998291,649.202934706085,641.0348765361807,619.9649854017915,99518000
1410832800,666.69000244,668.96002197,659.9699707,666.65997314,649.8264003644391,641.6043231273767,620.4296121454553,79419000
1410919200,667.78997803,671.29998779,664.33001709,665.65997314,650.3918851064234,642.1388931276572,620.8796654886846,78224000
1411005600,665.51000977,668.20001221,658.02001953,659.63000488,650.7218179554797,642.5275844999314,621.2652410050162,68239000
1411092000,658.85998535,662.47998047,654.53997803,654.53997803,650.858180815284,642.7945265783774,621.5963329157125,138990000
1411351200,659.7199707,662.59997559,653.19000244,653.19000244,650.9414601590238,643.0255371530801,621.910697786601,44436000
1411437600,652.88000488,663.40997314,652.76000977,658.30999756,651.2046222090587,643.3651918287894,622.2728798738984,48444000
1411524000,656.9699707,661.13000488,653.34002686,655.14001465,651.3451719390923,643.6268545581496,622.5999160408248,45962000
1411610400,653.5300293,653.7199707,642.83001709,653.39001465,651.4182020359104,643.8438136713019,622.9062851812147,53244000
1411696800,655.54998779,656.44000244,649.63000488,649.63000488,651.3543378517708,643.9723956981618,623.172192839909,54839000
1411956000,650.08001709,650.08001709,642.97998047,642.97998047,651.0552536595646,643.9503420264249,623.3692852541388,48716000
1412042400,641.13000488,646.88000488,637.84997559,644.25,650.8122088860088,643.9570010925044,623.5770535600678,64730000
1412128800,648.97998047,655.84997559,648.86999512,655.05999756,650.9639156243655,644.2037343473376,623.8903166844452,70404000
1412215200,655.9699707,659.83001709,653.0300293,659.64001465,651.2737763038525,644.5467627985079,624.2460350721622,68719000
1412301600,659.04998779,663.53997803,658.03997803,659.25,651.5586414358578,644.8735014029854,624.5943332306481,69622000
1412560800,658.84002686,663.65002441,657.92999268,662.42999268,651.9469039802915,645.2636456535857,624.9708074540247,57167000
1412647200,661.84002686,662.15997314,658.14001465,659.15997314,652.2045135931382,645.5724529310617,625.3109981573677,59340000
1412733600,657.34997559,661.66998291,655.15002441,658.97998047,652.4464945530261,645.8703979874825,625.6460129067472,55361000
1412820000,660.90002441,662.75,657.10998535,657.10998535,652.6130477957752,646.1201665955384,625.9590872594164,44389000
1412906400,655.7199707,659.10998535,651.52001953,651.7199707,652.5811521852117,646.2446066867486,626.2154144578301,48942000
1413165600,650.76000977,653.69000244,646.51000977,651.07000732,652.5271827257399,646.351837811932,626.4627238395432,41344000
1413252000,651.90997314,653.09997559,641.13000488,641.13000488,652.1201406598205,646.2357970801113,626.608666934473,37234000
1413338400,640.11999512,642.63000488,634.34002686,641.63000488,651.7454929533984,646.1334461423311,626.7581329836822,41893000
1413424800,639.78997803,639.97998047,622.0300293,623.76000977,650.7460114111342,645.6362586673904,626.7283009119043,69087000
1413511200,623.35998535,627.41998291,613.76000977,624.77001953,649.8182974153794,645.1725644643373,626.7088155250196,53870000
1413770400,624.97998047,632.52001953,622.21002197,628.09002686,649.0422877526873,644.7929525175742,626.7225589213876,31723000
1413856800,627.96002197,635.35998535,627.10998535,633.80999756,648.4982773886628,644.5488868518504,626.7930806988862,28356000
1413943200,635.7199707,639.54998779,635.02001953,637.84997559,648.1179808958534,644.4000221571426,626.9030995535242,42823000
1414029600,636.33001709,638.55999756,630.84002686,630.84002686,647.5009111088586,644.0986889283173,626.9422729595587,66736000
1414116000,629.83001709,633.03997803,625.48999023,629.52001953,646.8587364096137,643.7747184972436,626.9679221791652,31844000
1414375200,626.19000244,628.64001465,615.15002441,615.15002441,645.7262824096275,643.1386141841938,626.8503311565864,40921000
1414461600,613.22998047,621.19000244,613.22998047,618.98999023,644.7714148317837,642.6019780963228,626.7721188090582,54298000
1414548000,620.17999268,628.59997559,620.17999268,628.09997559,644.1760062874342,642.27971137396,626.7853313143412,44203000
1414634400,628.5,630.61999512,626.5,627.21002197,643.5700782760973,641.9448293872053,626.7895570920094,36336000
1414720800,628.5300293,638.7800293,626.64001465,638.7800293,643.3990050983796,641.8745004963786,626.9088652731834,52202000
1414980000,644.0300293,646.76000977,642.4699707,644.64001465,643.4433268680802,641.9359563664591,627.0852946202165,39207000
1415066400,641.72998047,644.75,639.90997314,639.90997314,643.317135663506,641.8909345169823,627.2129033617068,33905000
1415152800,638.90002441,643.35998535,633.89001465,637.67999268,643.1158091283808,641.797358031716,627.3170535041774,48118000
1415239200,638.16998291,641.39001465,636.16998291,637.55999756,642.9173872866529,641.7031944656779,627.4189733455288,26104000
1415325600,638.86999512,643.48999023,637.07000732,642.77001953,642.9121241524867,641.7269016893296,627.5717200737325,54482000
1415584800,644.04998779,647.01000977,642.90002441,642.90002441,642.9116920188264,641.7529710831222,627.7242405148894,53919000
1415671200,643.26000977,647.09997559,641.4699707,642.02001953,642.879846572797,641.7589054930529,627.8664870722537,59141000
1415757600,643.07000732,644.76000977,640.58001709,641.89001465,642.844495432697,641.761819029874,628.006024660092,46244000
1415844000,642.40002441,644.5300293,638.86999512,638.86999512,642.7025489929579,641.6975562763213,628.1141238686482,60402000
1415930400,638.23999023,638.71002197,632.2800293,637.90002441,642.5310302578522,641.6131666792919,628.2114960133383,65403000
1416189600,639.5300293,640.92999268,637.17999268,637.21002197,642.3409942475718,641.5153190190854,628.3010335850464,40382000
1416276000,637.11999512,637.60998535,627.84002686,627.84002686,641.8231025551585,641.2114236377723,628.2964464534539,48274000
1416362400,628.44000244,630.64001465,623.65997314,623.65997314,641.17441936176,640.8213914044885,628.2503123906334,56967000
1416448800,627.65002441,630.57000732,624.86999512,628.79998779,640.7324753770542,640.5542491019443,628.2557817975924,75828000
1416535200,629.07000732,631.21002197,623.73999023,623.73999023,640.1256009075166,640.1805989047899,628.2108485481635,68728000
1416794400,620.57000732,622.23999023,615.45001221,616.39001465,639.2779013983196,639.6519192546834,628.0932283103708,49002000
1416880800,618.47998047,624.83001709,618.47998047,623.22998047,638.7047613651654,639.2869872816905,628.044837784596,42603000
1416967200,624.67999268,625.91998291,615.2199707,616.47998047,637.911019190338,638.7801649080974,627.9297645774856,70171000
1417053600,615.90997314,616.55999756,609.70001221,615.57000732,637.1131259092546,638.2643836283619,627.8067819182071,48098000
1417140000,615.19000244,616.97998047,611.15002441,611.15002441,636.1858722842812,637.6618423123983,627.6410430375284,52814000
1417399200,612.85998535,617.19000244,612.67999268,614.44000244,635.4092340755569,637.1458014263451,627.5096893997421,53405000
1417485600,615.32000732,616.15997314,613.57000732,613.57000732,634.6292616914299,636.6218948906485,627.370986095466,44309000
1417572000,614.7199707,621.04998779,614.7199707,619.28997803,634.081430132093,636.2367411826341,627.2905780550136,46509000
1417658400,619.42999268,626.09997559,619.42999268,624.30999756,633.7324503973754,635.9717024354644,627.2609205376502,44079000
1417744800,625.5300293,628.13000488,623.13000488,624.66998291,633.4087908442548,635.7205531126763,627.2351400637433,35168000
1418004000,622.90002441,623.84997559,617.09997559,619.86999512,632.9252624255314,635.3683184906168,627.1618550394275,42631000
1418090400,617.02001953,617.02001953,603.13000488,603.84997559,631.8868593242624,634.6679108706031,626.9298960399307,71382000
1418176800,601.91998291,611.51000977,597.9699707,610.80999756,631.1341142612531,634.1377350192564,626.7694990401303,48315000
1418263200,604.88000488,612.79998779,601.84002686,604.79998779,630.1936097444226,633.4857850808285,626.550896938139,41321000
1418349600,603.34997559,609.65997314,603.34997559,609.33001709,629.448481435336,632.9489902365879,626.3795448998491,31791000
1418608800,607.55999756,610.59002686,603.91998291,603.91998291,628.5367493451455,632.303901184886,626.1560666710943,32350000
1418695200,601.75,602,591.2800293,591.7800293,627.2240093435331,631.4033706985551,625.8140165479989,48619000
1418781600,592.34002686,593.39001465,563.91998291,569.71002197,625.1699383659069,630.0324073934761,625.2557678457302,74428000
1418868000,573.92999268,579.72998047,571.14001465,578.88000488,623.5167264556959,628.8956873376211,624.7943174679618,50622000
1418954400,578.40002441,582.59002686,570.60998535,570.60998535,621.6271999876353,627.600449515674,624.2551698846985,123090000
1419213600,577.08001709,587.64001465,576.97998047,587.55999756,620.4105141866484,626.7106616944368,623.8900437919154,32382000
1419300000,589.20001221,594.40997314,584.61999512,589.60998535,619.3104952996252,625.8862022201159,623.5489486830406,40038000
1419386400,591.60998535,593.54998779,588.16998291,591.19000244,618.30619198321,625.1151755583355,623.2269691184333,25595000
1419472800,588.63000488,589.78997803,584.09997559,585.19000244,617.1234709280955,624.2279494890391,622.8484918380509,28754000
1419559200,585.45001221,587.46002197,577.97998047,582.45001221,615.8851331167349,623.2995508828383,622.4465169163788,40237000
1419818400,583.35998535,589.17999268,578.5300293,583.35998535,614.7235206964943,622.4120049821086,622.0575962042755,50289000
1419904800,582.65002441,591.17999268,578.33001709,591.17999268,613.882680410191,621.7179602642839,621.750356368213,38821000
1419991200,592.02001953,601.92999268,591.84002686,601.65997314,613.4461551505414,621.2722272170776,621.5504520574846,56991000
1420423200,600.47998047,604.98999023,599.69000244,599.69000244,612.9548639823078,620.7926222220314,621.3329351458679,50121000
1420509600,594.36999512,606.45001221,593.46002197,606.36999512,612.7196900943682,620.4721193975417,621.1840501704861,44823000
1420596000,606.48999023,611.7800293,606.48999023,607.65002441,612.5386306056407,620.1871839533742,621.0493832474962,52994000
1420682400,607.52001953,609.84997559,605.36999512,606.84997559,612.3354643550821,619.8908015452992,620.9080956091132,35327000
1420768800,608.26000977,619.52001953,608.26000977,618.40997314,612.5524110974006,619.8578942474036,620.883238669122,54770000
1421028000,618.03997803,624.17999268,615.48999023,615.72998047,612.6658957178506,619.766162830128,620.8319624681357,74156000
1421114400,614.2199707,619.58001709,614.05999756,619.39001465,612.9060428225703,619.7578039816807,620.8176147286517,46041000
1421200800,620.55999756,621.75,611.90002441,616.84002686,613.0465422524785,619.6929644900878,620.7780367399089,46842000
1421287200,617.11999512,619.04998779,613.79998779,617.61999512,613.20987985489,619.6468985040858,620.7466134402083,50257000
1421373600,616.89001465,617.52001953,613.40002441,614.7199707,613.2638116707868,619.5374112195506,620.6866468457783,45619000
1421632800,616.90997314,618.28997803,609.77001953,611.64001465,613.2058189200444,619.3619135180049,620.5966306050243,37282000
1421719200,611.46002197,614.5,608.32000732,609.19000244,613.0623969029,619.1358710496048,620.4831318173126,27310000
1421805600,611.5,611.63000488,606.5300293,606.5300293,612.8290980599393,618.8557412329469,620.3442949763443,27806000
1421892000,607.67999268,613.34997559,604.34997559,610.30999756,612.7391301849415,618.6658358179925,620.2444512209578,35661000
1421978400,611.78997803,618.90002441,611.78997803,615.15997314,612.8255888619078,618.5879277584816,620.1938593992567,43466000
1422237600,618.14001465,619.21002197,612.64001465,612.64001465,612.8189612114826,618.4557519116264,620.1186967649357,27978000
1422324000,613.0300293,616.69000244,606.75,609.97998047,612.717569042144,618.2674014351459,620.0178140157324,56520000
1422410400,610.53997803,614.95001221,608.40997314,613.5300293,612.7465854799245,618.1621264988092,619.9532589439341,42687000
1422496800,613.86999512,615.63000488,610.57000732,613.90002441,612.7877797274273,618.067413119058,619.8930277545417,38861000
1422583200,613.40997314,613.4699707,604.97998047,606.53997803,612.5646439525192,617.8112478948567,619.7601615881283,33841000
1422842400,606.02001953,609.78997803,598.46002197,598.46002197,612.0609074531435,617.3812206520821,619.5482199003858,28618000
1422928800,600.02001953,601.33001709,585.4699707,585.4699707,611.1112311405312,616.6720817642581,619.2091328436655,37859000
1423015200,585.32000732,588.83001709,581.23999023,588.83001709,610.3154734958694,616.0533692159413,618.9068530849225,45744000
1423101600,587.53997803,593.55999756,587.4699707,591.2800293,609.6356362031597,615.5028505511426,618.6319593159184,29516000
1423188000,592.40002441,597.05999756,592.40002441,595.69000244,609.1375778544755,615.0625650375616,618.4036811380486,23398000
1423447200,595.69000244,598.82000732,594.77001953,594.77001953,608.6244507714584,614.611619581838,618.1685203260282,27637000
1423533600,594.78997803,599.42999268,594.7199707,595.5300293,608.1567928617635,614.1875842422417,617.9432617088538,23233000
1423620000,596.70001221,607.33001709,596.40997314,607.33001709,608.1272651556291,614.0351938610808,617.8376572847856,36021000
1423706400,608.89001465,614.69000244,608.89001465,613.35998535,608.3141480197137,614.0201892275012,617.7931033351857,37582000
1423792800,615.33001709,618.46002197,614.96002197,617.20001221,608.6315003122239,614.0908519604457,617.787201930955,30278000
1424743200,619.47998047,624.16998291,618.72998047,624.16998291,609.1864461192873,614.3148326482135,617.850712189453,27535000
1424829600,623.69000244,627.94000244,619.22998047,619.44000244,609.5526445593127,614.4287253102532,617.8665260227918,37930000
1424916000,621,623.98999023,618.09002686,623.84002686,610.0629082129087,614.637865344692,617.9259638420675,45481000
1425002400,625.34997559,625.34997559,618.39001465,618.39001465,610.3603048713762,614.7212464403656,617.930581263042,31016000
1425261600,619.20001221,621.03997803,615.39001465,617.04998779,610.5992221184699,614.7729962481352,617.921819138932,33075000
1425348000,618,627.39001465,618,627.27001953,611.1946077403103,615.0507078766211,618.0148360582461,46446000
1425434400,628.77001953,630.52001953,625.65997314,629.69000244,611.8551575510135,615.3760255335851,618.1310068680149,38282000
1425520800,629.58001709,630.7199707,625.25,625.25,612.3335447813345,615.5954471883944,618.2018426205719,44972000
1425607200,625.15002441,629.71002197,622.75,622.75,612.705561039144,615.7544372508745,618.2470979178797,37192000
1425866400,623.72998047,628.07000732,620.03997803,620.88000488,612.9975054620317,615.868338753744,618.2732959971048,36115000
1425952800,619.36999512,622.95001221,618.96002197,621.09997559,613.2868793951734,615.9845973501052,618.3014221622083,48319000
1426039200,622.47998047,623.65002441,619.27001953,619.27001953,613.5005629714173,616.0576067318807,618.3110599469624,33458000
1426125600,619,621.80999756,616.52001953,620.23999023,613.7412568020809,616.1505485873945,618.330253283112,35830000
1426212000,620.40002441,622.55999756,616.94000244,616.94000244,613.8554977177208,616.1680920063413,618.3164199413895,50022000
1426471200,613.98999023,616.41998291,609.7800293,610.63000488,613.740301544945,616.0450234035337,618.2399381994852,52212000
1426557600,609.36999512,612.7199707,609.36999512,611.23999023,613.6510047122684,615.9382448885663,618.1702869759082,44166000
1426644000,610.30999756,611.20001221,607.08001709,607.17999268,613.4198971396875,615.7436170617092,618.0609308137599,41907000
1426730400,607.64001465,608.80999756,600.86999512,601.30999756,612.9874007261272,615.4228699616712,617.8942548609862,39521000
1426816800,600.19000244,604.66998291,599.90997314,603.76000977,612.6578510491227,615.1636952907452,617.7536156063495,105743000
1427076000,604.09002686,607.40002441,597.94000244,598.07000732,612.1368566302255,614.7838355580619,617.5577588074804,46211000
1427162400,596.65002441,596.65002441,590.17999268,593.79998779,611.4819684573603,614.3175278298828,617.3213630759632,35141000
1427248800,593.5,593.96002197,589.41998291,590.16998291,610.7208261163831,613.7809157205521,617.0512000892372,38156000
1427335200,587.98999023,590.94000244,585.80999756,586.70001221,609.8629399054408,613.179117864762,616.7491982197921,30028000
1427421600,588.67999268,590.64001465,580.34002686,583.02001953,608.9042641777465,612.5089156795451,616.4135845014857,34429000
1427680800,583.2199707,584.98999023,576.40997314,576.59997559,607.750539585327,611.7109392331108,616.0174291889336,36168000
1427767200,576.79998779,582.51000977,576.79998779,579.9699707,606.758376410851,611.0055843768195,615.6587480099392,38524000
1427853600,580.27001953,580.60998535,568.45001221,569.47998047,605.4270051272492,610.0827931788901,615.1992577856612,49556000
1427940000,571.2199707,576.98999023,567.47998047,576.13000488,604.3806836898475,609.3282867722481,614.8105090005303,35101000
1428026400,577.35998535,580.10998535,574.42999268,577.65997314,603.4263725987815,608.6245464693093,614.4408519272912,30629000
1428285600,578.14001465,579.55999756,572.71002197,572.71002197,602.3293600763251,607.8264459248802,614.0256197884127,20253000
1428372000,572.7199707,578.21002197,570.09002686,577.69000244,601.4493830178849,607.1567471807717,613.6640713570852,40889000
1428458400,578.59997559,580.08001709,574.84997559,575.94000244,600.5383337115319,606.463041742088,613.2887074872634,26890000
1428544800,575.5,581.25,575.35998535,578.34997559,599.7458923500486,605.8383069387082,612.9410584136588,22954000
1428631200,579.5300293,586.90002441,579.5300293,583.34002686,599.1599685825469,605.3383451591814,612.6465207862592,32636000
1428890400,586.09002686,589.77001953,585.85998535,589.77001953,598.8246132592416,604.9923823674218,612.4188939080875,26926000
1428976800,589.10998535,592.0300293,587.23999023,587.23999023,598.410876722483,604.597884764368,612.1683575530817,20014000
1429063200,588.32000732,592.45001221,587.21002197,590.7800293,598.1383464573943,604.2908213096043,611.9555383664839,31429000
1429149600,593.90997314,597.01000977,592.84002686,595.09002686,598.0294779003444,604.0863592107243,611.7877223315935,37405000
1429236000,595.42999268,602.83001709,595.42999268,599.11999512,598.0684249439036,603.9759955642637,611.6616752946622,45870000
1429495200,599.65997314,599.89001465,593.96002197,595.82000732,597.9881243144785,603.7947513810578,611.5040467576009,21455000
1429581600,595.09997559,598.23999023,593.66998291,593.66998291,597.8339049786042,603.5697565261454,611.326593385983,31596000
1429668000,594.89001465,597.40002441,593.98999023,594,597.696979800797,603.3570952700088,611.1541894716946,26167000
1429754400,594.13000488,596.84997559,589.60998535,592.71002197,597.5188741639828,603.1204936411198,610.9706654169514,27232000
1429840800,594.29998779,596.92999268,593.0300293,596.09997559,597.4681992149119,602.9644821288726,610.8226983539967,19367000
1430100000,599.98999023,600.35998535,593.15002441,593.15002441,597.3139786861651,602.7463830684533,610.6468508520663,16769000
1430704800,589.53997803,593.95001221,575.15997314,576.52001953,596.5713372877307,602.163574989821,610.3072803911502,44368000
1430791200,576.34002686,585.45001221,571.07000732,585.45001221,596.1741471063831,601.7921624836027,610.0599443893477,37349000
1430877600,585.64001465,585.64001465,578.89001465,579.39001465,595.5747138043694,601.2943369761894,609.7547709591055,24917000
1430964000,578.84002686,584.45001221,577.61999512,582.40002441,595.1041891831419,600.8744633636073,609.4825844262785,19650000
1431050400,581.86999512,586.21002197,581.34997559,582.90997314,594.6686814673154,600.4752524697494,609.2181803338777,26935000
1431309600,582.98999023,585.88000488,579.40997314,579.40997314,594.1237275984827,600.0071351513105,608.9215812573217,51361000
1431396000,580.10998535,580.27001953,570.10998535,571,593.2978801842512,599.3625321479481,608.5442520905822,30321000
1431482400,572.33001709,573.23999023,565.10998535,569.2800293,592.4400997955279,598.6940320846603,608.1535633065963,36536000
1431568800,568.77001953,570.65997314,567.2800293,569.89001465,591.6347396117591,598.0539428083346,607.7728314791675,23843000
1431655200,569.39001465,570.58001709,561.86999512,561.86999512,590.5717130227677,597.2498550819271,607.3160868387778,27115000
1431914400,559.98999023,560.96002197,552.86999512,552.90002441,589.2262955723116,596.2643032892175,606.7746334812775,47280000
1432000800,552.46002197,556.91998291,552.46002197,556.44000244,588.0553565318719,595.3793188259016,606.2737913813643,30454000
1432087200,556.98999023,572.34002686,556.98999023,572.34002686,587.4940947578765,594.8673345599926,605.9361419831417,56796000
1432173600,574.5,578.64001465,570.48999023,578.64001465,587.1778776111667,594.5067274508817,605.6645387260955,50168000
1432260000,577.85998535,586.58001709,574.59997559,586.58001709,587.1565254496965,594.330578331751,605.4746429884229,45581000
1432519200,585.08001709,589.17999268,582.45001221,588.35998535,587.1995061604216,594.1978984877121,605.3043478875431,44376000
1432605600,588.5,594.29998779,587.77001953,591.13000488,587.3398811146923,594.1297230742074,605.1633096486621,55049000
1432692000,589.30999756,592.2800293,587.96002197,589.82000732,587.4284570505961,594.0339516130027,605.01063997375,45576000
1432778400,589.05999756,599.2199707,588.19000244,594.27001953,587.6727985677177,594.0391975667138,604.9037681285386,65731000
1432864800,594.34002686,597.08001709,588.15002441,589.32000732,587.7316274517277,593.9343266723424,604.7487058319361,59340000
1433124000,590.44000244,597.20001221,590.13000488,593.60998535,587.9415688052375,593.9271190874015,604.6378727923149,49287000
1433210400,593.34002686,596.96002197,588.63000488,588.63000488,587.9661558079075,593.8094054383481,604.4785905245307,51862000
1433296800,587.59002686,591.82000732,585.41998291,585.59997559,587.8816493715536,593.6269736639404,604.2907436097593,66722000
1433383200,586.82000732,590.41998291,586.17999268,587.47998047,587.867304053641,593.4903738151861,604.1234723347368,37308000
1433469600,589.15997314,593.95001221,585.85998535,592.2199707,588.022756433868,593.4621426348486,604.0050295324011,63414000
1433728800,592.2199707,599.19000244,592.2199707,594.51000977,588.2544440530156,593.4854285711854,603.9105517238199,86061000
1433815200,593.55999756,599.44000244,591.90002441,593.35998535,588.4367848136222,593.482640944048,603.8055709638815,60363000
1433901600,593.59997559,597.29998779,590.69000244,595.05999756,588.6733281259928,593.5176933132914,603.7185503329971,55791000
1433988000,598.4699707,602.96002197,597.27001953,601.40002441,589.1278529932788,593.6928562265516,603.6954804233155,79229000
1434074400,602.29998779,604.63000488,600.0300293,604.28997803,589.669357458876,593.9283478221838,603.701395822387,65167000
1434333600,605.4699707,606.79998779,601.88000488,604.5300293,590.2000957389162,594.163940743913,603.709640931617,75545000
1434420000,605.79998779,607.59997559,600.91998291,600.91998291,590.5829488521691,594.3140750142705,603.6818831403571,76575000
1434506400,599.52001953,603.61999512,595.34997559,598.25,590.8567721074488,594.4015400139534,603.6278345518958,54835000
1434592800,598.58001709,602.54998779,598.58001709,600.45001221,591.199387825397,594.5359505071989,603.5962144290909,42400000
1434679200,603.42999268,606.82000732,601.09002686,603.26000977,591.6301243234186,594.7298184908167,603.5928691091,124377000
1434938400,608,615.19000244,607.64001465,615.09997559,592.4683332972251,595.1824886485763,603.7073676810493,91262000
1435024800,614.85998535,617.34997559,612.70001221,614.41998291,593.2523207833956,595.6099885210524,603.813960867407,52726000
1435111200,612.65997314,615.34002686,610.10998535,610.72998047,593.87652291506,595.9459883421401,603.8827769828557,57374000
1435197600,610.48999023,611.40002441,606.17999268,609.48999023,594.4341467477365,596.2469661618703,603.938570149494,45886000
1435284000,606.76000977,617.82000732,606.76000977,608.91998291,594.9514980392458,596.5285887562732,603.9881364456185,73955000
1435543200,608.75,620.2199707,608.75,620.2199707,595.8539434914156,597.0550639105782,604.1496472342193,52259000
1435629600,616.19000244,626.85998535,616.19000244,622.42999268,596.8030881052937,597.6189512165653,604.3315412187544,65958000
1435716000,624.35998535,624.9699707,617.57000732,622.90997314,597.7354768565332,598.180973925975,604.5164012378713,45220000
1435802400,622.57000732,633.2800293,621.78997803,633.2800293,599.0049251580856,598.9609529342866,604.8026064922208,47992000
1435888800,635.89001465,639.86999512,635.34002686,639.86999512,600.4643919424396,599.8700427606358,605.1515357322982,66982000
1436148000,643.19000244,649.53997803,642.34997559,649.53997803,602.2170914455668,600.973819099955,605.5932117750614,66836000
1436234400,647.83001709,656.46002197,644.73999023,653.27001953,604.0404103057251,602.1359568872894,606.0676078721254,68618000
1436320800,652.97998047,655.90002441,640.60998535,645.66998291,605.5271807558778,603.103379687794,606.4616613550894,88584000
1436407200,638.89001465,648.90997314,635.72998047,646.58001709,606.9933534820965,604.0695271856208,606.8608489743423,50984000
1436493600,651,652.28997803,647.20001221,648.72998047,608.483947303093,605.0619817030515,607.2774572479309,74169000
1436752800,652.36999512,655.45001221,648.2199707,652.2800293,610.0480930886969,606.1112716496503,607.7252440345186,53613000
1436839200,653.66998291,658.51000977,648.89001465,658.2800293,611.7706622391006,607.2705773752136,608.2282767237274,59942000
1436925600,658.80999756,661.9699707,651.45001221,651.45001221,613.1877818809185,608.2523425937644,608.6583437434913,48799000
1437012000,647.98999023,652.54998779,644.13000488,649.05999756,614.4689324408856,609.1591793707919,609.0603502491282,47414000
1437098400,649.23999023,653.17999268,648.65997314,651.0300293,615.7746859001397,610.089642702552,609.477958995903,39671000
1437357600,646.69000244,647.03997803,639.90002441,644.19000244,616.7895186337062,610.8474284744954,609.8233524630084,37224000
1437444000,643.83001709,647.0300293,636.90997314,641.45001221,617.6702505471452,611.5274858908399,610.1380455948192,36948000
1437530400,640.41998291,655.10998535,639.65997314,655.05999756,619.0055986547471,612.4948750390434,610.5850301914877,43579000
1437616800,656.5300293,662.04998779,655.16998291,655.73999023,620.3175412110062,613.4558775988424,611.034333276448,47321000
1437703200,657.4699707,661.15002441,653.95001221,657.9699707,621.6622708356131,614.4450796677571,611.501354544344,43926000
1437962400,658.63000488,667.16998291,658.15997314,665.65997314,623.233617346484,615.5831884115847,612.040246271664,56838000
1438048800,666.01000977,668.79998779,659.59997559,659.59997559,624.5324158551811,616.5613392377718,612.5134774091599,71458000
1438135200,659.5300293,662.57000732,651.21002197,651.21002197,625.4851875021388,617.3313099651547,612.8985176535464,54243000
1438221600,651.34997559,652.73999023,648.11999512,651.70001221,626.4214312417054,618.095058903929,613.2846021764962,39567000
1438308000,653.0300293,654.55999756,647.35998535,647.35998535,627.169236745573,618.7453906027306,613.623660715536,39553000
1438567200,642.46002197,642.60998535,632.92999268,636.91998291,627.5174776800168,619.149270431781,613.8554649164759,60167000
1438653600,637.20001221,638.14001465,631.27001953,631.27001953,627.6514970318019,619.4186204117415,614.0287440668592,32762000
1438740000,632.89001465,639.33001709,632.89001465,639.33001709,628.0685870338804,619.8610958934805,614.2804980272884,33712000
1438826400,639.96002197,640.52001953,632.9699707,633.5300293,628.2636385433847,620.164849969181,614.4720356518925,40264000
1438912800,635,638.75,631.9699707,638.40002441,628.6256523243352,620.5700760678659,614.7101250922717,29630000
1439172000,637.58001709,649.98999023,637.58001709,649.98999023,629.3886643923946,621.2238519381356,615.061168526478,34570000
1439258400,646.63000488,648.86999512,642.2800293,643.41998291,629.8897829108805,621.7170992930659,615.3433457840255,45008000
1439344800,639.70001221,641.11999512,630.98999023,632.90002441,629.9972915358491,621.9656087401089,615.5180391036869,45376000
1439431200,632.09997559,632.09997559,619.09997559,622.83001709,629.7413174484973,621.984817814551,615.5907951035507,53405000
1439517600,621.34002686,625.84002686,615.54998779,618.94000244,629.3555561981938,621.9171552506721,615.6241205496846,39349000
1439776800,618.98999023,621.01000977,604.66998291,607.44000244,628.5728578496869,621.5954407437682,615.5426865386429,51755000
1439863200,605.41998291,611.79998779,604.70001221,611.79998779,627.9738267761267,621.3777640114623,615.5054457550743,41587000
1439949600,610,611.63000488,600.69000244,608.90997314,627.2929748605507,621.1007019920964,615.4398191618895,42681000
1440036000,606.65997314,609.7199707,597.46002197,598.2199707,626.2546532833882,620.5922412967166,615.2684773861494,48142000
1440122400,589.51000977,591.32000732,572.15997314,587.83001709,624.88234484791,619.8641918699007,614.995457880715,91075000
1440381600,580.85998535,580.85998535,552.22998047,558.91998291,622.5265462072704,618.5098761152362,614.4374929556333,84593000
1440468000,544.09997559,567.55999756,544.09997559,561,620.3291695570107,617.231878868231,613.905776607816,72790000
1440554400,561.16998291,577.15002441,561.16998291,574.88000488,618.7059851042603,616.2907261129369,613.5174604712208,61455000
1440640800,579.73999023,583.70001221,577.88000488,581.51000977,617.377557413751,615.517821305316,613.1989783746913,53832000
1440727200,585.34997559,597.80999756,582.41998291,597.80999756,616.6787159904028,615.1243141109757,613.0458541874804,71453000
1440986400,596.58001709,596.58001709,586.22998047,586.22998047,615.5912611503884,614.4822178078429,612.7790295733761,40144000
1441072800,586.5300293,591.08001709,583.02001953,583.60998535,614.4490727289459,613.7961681976685,612.4887903273724,30988000
1441245600,581.29998779,581.89001465,572.64001465,575.58001709,613.0608921704121,612.9469203952759,612.1215388523736,35154000
1441332000,576.94000244,579.89001465,575.88000488,578.7800293,611.8365756393259,612.1876561487143,611.7897825384197,23084000
1441591200,577.16998291,580.4699707,573.25,574.09002686,610.4884846114928,611.3410421645207,611.4146605913708,23193000
1441677600,572.90997314,583.7800293,572.84997559,583.34997559,609.5192521464395,610.7190184628647,611.1354099943422,40648000
1441764000,585.23999023,589.73999023,585.23999023,587.69000244,608.7396360854952,610.2072625512455,610.9021223569856,28698000
1441850400,583.90997314,591.09997559,582.78997803,588.53997803,608.0182197263704,609.7257673396623,610.6796134582096,23682000
1441936800,588.89001465,590.03997803,582.79998779,583.27001953,607.1343554336429,609.1378618327809,610.406881180317,34014000
1442196000,583.07000732,585.77001953,574.96002197,576,606.0224141681556,608.4014649031635,610.0645241536472,26979000
1442282400,574.39001465,574.92999268,570.59002686,571.5300293,604.7905432800072,607.5820996675377,609.6810963441582,24743000
1442368800,572.4699707,577.23999023,572.4699707,576.7800293,603.7901677807213,606.8976092149258,609.3537225427237,23776000
1442455200,577.52001953,580.28997803,576.67999268,576.67999268,602.8219472414098,606.2261066252607,609.0286108027962,20036000
1442541600,578.7800293,586.19000244,578.7800293,582.72998047,602.1043769995738,605.7039704884771,608.766932889037,59602000
1442800800,583.36999512,590.46002197,582.80999756,590.46002197,601.688507177089,605.3652160769554,608.5847745714347,29559000
1442887200,591.80999756,593.92999268,589.01000977,592.7800293,601.3703472529073,605.0855452596898,608.4275134244552,34391000
1442973600,590.58001709,593.13000488,588.23999023,591.22998047,601.0081912963749,604.7776438199189,608.2563936935651,27631000
1443060000,591.39001465,593.66998291,589.41998291,589.41998291,600.5943267111472,604.4363624663652,608.0689667205943,28408000
1443146400,588.90997314,591.11999512,584.86999512,588.10998535,600.1484573768205,604.0735540860015,607.8703698910361,22919000
1443405600,588.69000244,589.64001465,582.41998291,582.41998291,599.515297574434,603.5923636154238,607.6171322096328,26546000
1443492000,577.84997559,579.65997314,575.05999756,578.97998047,598.7818933921328,603.0454217677477,607.3321854261538,31615000
1443578400,580.39001465,583.90002441,580.32000732,580.32000732,598.122540318128,602.5404125577977,607.0634075345503,22546000
1443664800,581.66998291,584.42999268,581.20001221,582.33001709,597.5585216314091,602.0912926585133,606.8173041470423,18425000
1443751200,582.4699707,584.05999756,580.73999023,580.73999023,596.9578597956445,601.616819271213,606.5578283866737,18068000
1444010400,582.94000244,588.72998047,582.15997314,588.72998047,596.6640069625857,601.3304450756305,606.3804368651148,28032000
1444096800,596.86999512,599.91998291,592.44000244,599.91998291,596.7802918178505,601.2991014719498,606.3161537411833,70115000
1444183200,602.11999512,605.2199707,598.35998535,598.41998291,596.8388522139987,601.235121059462,606.2375848771914,57897000
1444269600,598.60998535,606.08001709,597.72998047,604.90997314,597.1271065327845,601.3167844390296,606.2243748101546,65838000
1444356000,609.08001709,611.15002441,605.59997559,605.59997559,597.4297089991137,601.4119664646067,606.2181618825908,72465000
1444615200,605.86999512,612.47998047,605.28997803,609.54998779,597.8625760987882,601.5928113829488,606.251314379182,52125000
1444701600,608.05999756,608.94000244,605.38000488,607.0300293,598.1899851416886,601.7136384477722,606.2590627863543,42043000
1444788000,610.7800293,612.59002686,607.57000732,607.57000732,598.5249859337711,601.8437799782661,606.2721070105697,42330000
1444874400,609.7199707,610.86999512,606.71002197,607.95001221,598.861594015065,601.9794740278602,606.2888025846934,40378000
1444960800,609.76000977,616.34997559,609.72998047,609.72998047,599.2497506741697,602.1517075043522,606.3230431606665,51911000
1445220000,610.96002197,615.13000488,608.01000977,611.36999512,599.682616547235,602.3565583402554,606.3732615881225,36535000
1445306400,611.80999756,612.26000977,603.94000244,605.55999756,599.8925230119767,602.427745878472,606.3651694087382,52250000
1445392800,605.85998535,609.32000732,603.97998047,604.34002686,600.0513624351204,602.4702410113948,606.3450187366115,38509000
1445479200,603.84002686,611.05999756,603.84002686,609.7800293,600.3988148231518,602.6326807511416,606.3791979461975,33713000
1445565600,613.48999023,617.15997314,613.11999512,616.07000732,600.9585002694679,602.9312880082274,606.4756239101159,35321000
1445824800,619.09002686,622.09002686,612.21002197,612.21002197,601.3603403302012,603.1374820962668,606.532682597279,34431000
1445911200,611.09002686,614.4699707,608.89001465,611.57000732,601.7249712941226,603.3248715456831,606.5828052313359,31831000
1445997600,612.25,615.04998779,609.51000977,609.67999268,602.0090792007611,603.466096459779,606.6136230168947,41739000
1446084000,610.55999756,618.01000977,610.55999756,618.01000977,602.5805410068053,603.7892945333394,606.7270199000102,37804000
1446170400,618.40997314,620.36999512,615.65997314,619.21002197,603.1744510412051,604.1319773652652,606.851228875831,29036000
1446429600,619.89001465,621.94000244,613.19000244,613.19000244,603.5321493054478,604.3332668113704,606.9143012496038,36687000
1446516000,613.47998047,623.84997559,611.29998779,623.84997559,604.2577859584675,604.7669714508955,607.082815422145,38917000
1446602400,626.75,630.59997559,621.34997559,621.34997559,604.8682213024508,605.1354826539867,607.22477721486,33332000
1446688800,619.95001221,627.16998291,619.92999268,625.71002197,605.6125713262919,605.5926946387871,607.4087099984932,26413000
1446775200,626.15002441,630.35998535,620.02001953,622.66998291,606.2217645971386,605.9721899337029,607.5605634602992,39322000
1447034400,623.5,623.5,619.21002197,619.44000244,606.693844520098,606.271474656065,607.6787668332316,49863000
1447120800,619.26000977,619.95001221,614.09997559,614.55999756,606.9747785572373,606.4556640539303,607.7472367907119,47026000
1447207200,613.80999756,619.59002686,612.71002197,612.71002197,607.1796086791217,606.5946497853985,607.7966177377695,28925000
1447293600,612.11999512,614.39001465,603.05999756,614.39001465,607.4371231780816,606.767880115723,607.8622236771946,56061000
1447380000,613.13000488,622.34002686,613.13000488,622.34002686,607.9693697381501,607.1139278211514,608.0062814203071,52420000
1447639200,620.95001221,622.51000977,615.41998291,619.14001465,608.3683213421448,607.3811741951258,608.1170648355279,47081000
1447725600,618.61999512,620.89001465,614.13000488,614.39001465,608.5833818174253,607.5369262052342,608.1794822466172,73073000
1447812000,613.23999023,617.19000244,611.21002197,612.25,608.714332466803,607.6416611784512,608.21998491083,39565000
1447898400,613.72998047,615.11999512,609.04998779,609.04998779,608.7263201569172,607.6729573253745,608.2282436459461,40369000
1447984800,608.85998535,614.0300293,608.11999512,611.15997314,608.8132363348844,607.7504465656995,608.2574150836979,47777000
1448244000,611.14001465,615.96002197,606.92999268,606.92999268,608.7459776329242,607.7322142571284,608.2442069005765,46137000
1448330400,607.47998047,607.47998047,597.01000977,600.21002197,608.4411220735341,607.5650544285255,608.1642647619638,55366000
1448416800,599.38000488,603.7199707,593.58001709,602.66998291,608.2350099605508,607.4562750614472,608.1095952907999,61037000
1448503200,601.9699707,603.46002197,598.03997803,598.03997803,607.8709016773169,607.247024016304,608.009400094175,45528000
1448589600,596.92999268,599.63000488,590.59002686,590.59002686,607.2537275766983,606.8768685239417,607.8360729973175,54288000
1448848800,589.57000732,589.76000977,580.5300293,581.94000244,606.3496659646734,606.3227159442985,607.5784006534636,49380000
1448935200,582.73999023,586.14001465,579.05999756,579.05999756,605.3750349502208,605.7168777579807,607.2946354485535,42934000
1449021600,579.53997803,586.15002441,579.53997803,583.94000244,604.6094980748558,605.2329471953589,607.0622510405083,44203000
1449108000,583.57000732,587.27001953,583.5,585.22998047,603.9173724461109,604.7884368236843,606.8450145174187,25746000
1449194400,585.13000488,585.14001465,578.88000488,582.96002197,603.1688956433926,604.3033609380468,606.6073529000314,27429000
1449453600,581.61999512,581.79998779,574.72998047,575.34002686,602.1750074725571,603.659731291868,606.2962352279912,27918000
1449540000,574.21002197,584.84997559,568.51000977,584.84997559,601.5562563338943,603.2417367207154,606.0828396097028,41143000
1449626400,584.47998047,587.61999512,574.53997803,574.53997803,600.5913892516124,602.6039198609217,605.7689802905018,35868000
1449712800,575.36999512,578.09997559,572.5,572.5,599.5881253497691,601.9349438640123,605.4379456607455,32691000
1449799200,572.39001465,580.72998047,571.70001221,578.01000977,598.8174783647773,601.4032786619232,605.165030875763,30392000
1450058400,581.57000732,582.92999268,577.67999268,579.41998291,598.1247106699639,600.9147609785472,604.9088612442629,43758000
1450144800,580.59002686,584.57000732,580.07000732,582.2800293,597.5588291924652,600.500655830135,604.6836987373548,29464000
1450231200,584.14001465,588.21002197,582.58001709,583.9699707,597.0735128177342,600.1333072716875,604.4775919907145,24527000
1450317600,587.73999023,590.01000977,584.22998047,586.4699707,596.694814884958,599.8296775700944,604.2984116793641,27881000
1450404000,585.89001465,587.76000977,578.84997559,578.84997559,596.0574991958523,599.3634619705367,604.0451934098182,111583000
1450663200,581.35998535,581.91998291,576.11999512,577.72998047,595.4029449556433,598.8827179371915,603.7833504949941,41093000
1450749600,578.17999268,580.64001465,575.71002197,576.79998779,594.7385536282989,598.3919906005873,603.5148593238001,24202000
1450836000,575.42999268,578.35998535,572.2199707,575.46002197,594.0500346405024,597.8823912976853,603.2357067133146,24882000
1450922400,575.85998535,578.09997559,575.10998535,576.71002197,593.4307484736987,597.4118942015145,602.9717695516896,18796000
1451008800,577.97998047,581.69000244,577.63000488,579.32000732,592.9267934324952,597.0098522708142,602.7364286339613,26898000
1451268000,583.14001465,586.52001953,582.58001709,583.15997314,592.5779784220489,596.7020771790184,602.5416380320313,33543000
1451354400,582.71002197,589.42999268,579.17999268,589.42999268,592.4655503598328,596.5404753012624,602.4111738991753,38917000
1451440800,589.92999268,594.79998779,587.80999756,594.79998779,592.548923125196,596.5017978010121,602.3354407040591,28701000
1451527200,594.21002197,595.57000732,590.36999512,595.57000732,592.6568189892961,596.4810913458786,602.2681229589441,30783000
1451872800,593.30999756,594.67999268,587.94000244,589.90997314,592.5587173518212,596.335066496859,602.145156294079,34556000
1451959200,586.92999268,589.65002441,583.05999756,583.61999512,592.2394772721133,596.052509355151,601.9608263321479,38365000
1452045600,582.80999756,589.9699707,582.80999756,589.9699707,592.1584234659664,595.917341829481,601.8415143358081,34673000
1452132000,589.11999512,589.11999512,577.19000244,582.29998779,591.806336477539,595.614733961937,601.6470712856011,53139000
1452218400,578.9699707,579.9699707,571.96002197,575.96002197,591.2403966736983,595.1779625843384,601.3914787550976,49591000
1452477600,574.95001221,579.23999023,573.02001953,573.7199707,590.6146671746377,594.701118320242,601.1161403664897,41347000
1452564000,574.22998047,582.39001465,574.22998047,582.39001465,590.3209295844721,594.4275382386811,600.9298107573704,37783000
1452650400,583.36999512,584.0300293,577.28997803,578.63000488,589.9033965593123,594.0764819418215,600.7079221416752,58499000
1452736800,571.02001953,573.72998047,565.78997803,569.16998291,589.1629175004083,593.5230041855588,600.3941118010615,64773000
1452823200,570.33001709,572.27001953,555.76000977,555.76000977,587.9699565100366,592.6838265318797,599.949991382842,58789000
1453082400,543.44000244,543.44000244,531.91998291,541.17999268,586.2988863732496,591.5392968907269,599.365215276346,71911000
1453168800,541.42999268,550.28997803,541.42999268,550.28997803,585.0128539324193,590.6226453604885,598.8769044579744,46672000
1453255200,546.69000244,551.88000488,543.59002686,544.23999023,583.5566802287615,589.591919690922,598.3332535701339,54081000
1453341600,541.34002686,548.09002686,537.88000488,538.5300293,581.9485855527342,588.4572110155682,597.7381966122222,62931000
1453428000,541.84002686,542.40002441,531.5300293,539.36999512,580.4279216087081,587.3663839956666,597.1574184879214,72569000
1453687200,546.86999512,562.2199707,546.86999512,562.19000244,579.7765673526827,586.8069088499851,596.8094839998823,61950000
1453773600,553.09002686,560.04998779,549.32000732,554.52001953,578.874547787587,586.0894224206521,596.3886933086397,58753000
1453860000,558.65002441,561.94000244,557.01000977,558.97998047,578.1640275262446,585.4869903773043,596.0164673102453,47280000
1453946400,558.65002441,562.45001221,555.72998047,556.85998535,577.403168877093,584.8508347100309,595.6268505743225,43940000
1454032800,557.30999756,562.78997803,554.63000488,561.60998535,576.8391266082682,584.334371390919,595.2883743034337,40299000
1454292000,562.40002441,565.78997803,557.97998047,557.97998047,576.1655856747586,583.748718259343,594.917146504096,33491000
1454378400,555.13000488,559.79998779,553.76000977,555.09002686,575.4128871456601,583.1118584504687,594.5208567563935,26468000
1454464800,552.09002686,556.5300293,549.01000977,556.5300293,574.738499365458,582.5211511360138,594.1428385727478,32011000
1454551200,560,562.88000488,559.33001709,561.2199707,574.2556947702631,582.047791570769,593.8152478476459,24669000
1454637600,560.01000977,565.9699707,560.01000977,563.9699707,573.8883474820394,581.6460622180853,593.5182799158285,23063000
1455501600,558.64001465,561.47998047,554.23999023,559.19000244,573.3634065876809,581.1470386674612,593.1767050155715,26536000
1455588000,560.97998047,564.21002197,560.95001221,562.32000732,572.968999470978,580.7286601930731,592.8696731977052,41863000
1455674400,565.69000244,567.30999756,561.09997559,561.09997559,572.5451057609431,580.2924672018937,592.5535568035987,48801000
1455760800,564.27001953,569.38000488,563.15997314,566.84997559,572.341708254838,579.9937451660738,592.2977997765977,43464000
1455847200,566.67999268,568.9699707,565.25,567.51000977,572.1691475946652,579.7163288239389,592.0511550999151,72050000
1456106400,567.86999512,576.63000488,567.86999512,574.36999512,572.2477492919986,579.5975214082957,591.8752231598165,72129000
1456192800,579.61999512,580.04998779,573.4699707,573.7800293,572.3024735779986,579.4682438058892,591.6951714796194,68992000
1456279200,571.53997803,581.76000977,570.14001465,578.86999512,572.5370279187844,579.4549493906472,591.5675577844988,61697000
1456365600,580.63000488,583.86999512,573.02001953,573.02001953,572.554277619185,579.3119509492996,591.383005165051,51915000
1456452000,574.11999512,577.72998047,572.16998291,577.71002197,572.7384113459998,579.2763525275374,591.2469555810206,33428000
1456711200,576.97998047,577.73999023,570.65997314,570.65997314,572.6641814100713,579.0848774300365,591.0421099845926,43529000
1456797600,570.88000488,576.29998779,570.88000488,572.98999023,572.6758174393544,578.9494354922579,590.8624869024574,44836000
1456884000,575.95001221,579.60998535,573.27001953,579.16998291,572.907751920449,578.9543365459855,590.7461435791494,47270000
1456970400,582.26000977,582.42999268,578.54998779,579.10998535,573.1292602572187,578.9577954082969,590.6303609102026,46475000
1457056800,579.08001709,583.72998047,577.5300293,580.94000244,573.4082153351751,579.0018444534459,590.5339394328872,40486000
1457316000,582.59997559,587.90997314,582.30999756,582.59997559,573.7364924871331,579.081802923147,590.4549945190277,52733000
1457402400,583.28997803,585.66998291,582.08001709,582.53997803,574.0509026850926,579.1586512588549,590.3762381360523,50591000
1457488800,582.45001221,585.47998047,580.52001953,581.25,574.3080133034822,579.2051256753248,590.2854297963901,36202000
1457575200,582.95001221,583.78997803,580.19000244,583.77001953,574.6459420972864,579.3065677609842,590.2205998434906,37820000
1457661600,583.92999268,588.46002197,582.53997803,583.89001465,574.9760875455976,579.4084221362957,590.157608946043,48008000
1457920800,586.63000488,587.92999268,584.05999756,587.09002686,575.4087282353977,579.5791244634892,590.1270857412067,44201000
1458007200,586.45001221,588.04998779,581.7199707,583.02001953,575.6805600673478,579.6555887983005,590.0563686644782,46022000
1458093600,582.95001221,585.30999756,581.40002441,583.78997803,575.9701821374425,579.7474641145606,589.9940165188615,50974000
1458180000,588.61999512,590.97998047,586.36999512,586.4699707,576.3451745861053,579.8968531497925,589.9589513863355,56257000
1458266400,587.13000488,587.91998291,581.95001221,581.95001221,576.5453473583872,579.942478906686,589.8792604492575,77604000
1458525600,582.84997559,587.7800293,579.95001221,579.95001221,576.6669425316591,579.9426463134263,589.7804619593146,52166000
1458612000,580.01000977,580.66998291,575.67999268,577.9699707,576.713479251957,579.8988090775723,589.6629446333512,37385000
1458698400,577.77001953,581.73999023,577.25,580.59997559,576.8522826926014,579.9143905556263,589.5727658369,46642000
1458784800,579.84002686,584.35998535,577.30999756,577.30999756,576.8686296521514,579.8565151557234,589.450748242105,44065000
1458871200,576.64001465,579.84002686,571.71002197,578.23999023,576.917606815646,579.8205923795962,589.3391984111388,45475000
1459130400,578.45001221,582.82000732,577.46002197,582.36999512,577.1123349693729,579.8772457738273,589.2698531047592,33122000
1459216800,582.86999512,583.28997803,575.15997314,575.15997314,577.042607761181,579.7724174930756,589.1294562891895,42581000
1459303200,573.58001709,579.9699707,572.15997314,577.10998535,577.0450141036388,579.7132523343406,589.0098595634264,37937000
1459389600,575.36999512,579.44000244,571.69000244,571.69000244,576.8537636870802,579.5349578922442,588.8375226766261,45363000
1459476000,570.70001221,572.16998291,566.80999756,568.27001953,576.5472013957559,579.2846259286388,588.6328709040229,39573000
1459735200,568.01000977,570.25,563.04998779,565.71002197,576.1601592734074,578.9829680628912,588.4047828549282,36166000
1459821600,565.59002686,570.42999268,565.36999512,570.42999268,575.9555104665001,578.7929019432714,588.2259292213467,32931000
1459908000,571.4699707,576.40002441,569.40002441,576.40002441,575.9713859644822,578.7397268869765,588.1082585267064,29251000
1459994400,577.88000488,580.36999512,575.09002686,579.2800293,576.0895517978936,578.7517336072659,588.0204154498238,37795000
1460080800,578.42999268,581.39001465,576.67999268,578.9699707,576.1924239015402,578.7565833204378,587.9303612732086,35501000
1460340000,580.78997803,588.41998291,580.65002441,586.7800293,576.570552665771,578.9348821199836,587.918915183923,46007000
1460426400,588.72998047,590.2199707,584.75,587.4699707,576.9598175955648,579.1245507550951,587.9144480746302,48924000
1460512800,587.94000244,589.0300293,582.40002441,584.63000488,577.2337528557232,579.246894180093,587.8817670478179,42441000
1460599200,582.40002441,591.64001465,582.40002441,586.21002197,577.5543338955188,579.4016303532021,587.8651327684366,39084000
1460685600,586.27001953,591.76000977,584.4699707,584.4699707,577.8013209242503,579.5142601386865,587.831350061288,33335000
1461031200,584.14001465,584.41998291,575.05999756,575.05999756,577.7034165183842,579.4152765258268,587.7042719269468,38489000
1461117600,575.41998291,578.65002441,572.14001465,575.34997559,577.6193650566562,579.3249365050307,587.5813436051861,40304000
1461204000,578.09002686,584.36999512,577.19000244,582.76000977,577.8029595107042,579.4012714664744,587.5333701341892,33751000
1461290400,582.42999268,595.47998047,581.7199707,595.38000488,578.4307111310362,579.7563544312195,587.6114461018092,44774000
1461549600,599.84997559,604.11999512,594.15997314,594.15997314,578.9924704884992,580.0764348469702,587.676605574826,47012000
1461636000,593.34997559,601.27001953,593.34997559,601.27001953,579.7880972399813,580.547403395482,587.8118634251263,58765000
1461722400,603.92999268,603.92999268,593.92999268,597.42999268,580.4181649342677,580.922572046249,587.9075662037817,57830000
1461808800,597.86999512,600.35998535,593.46002197,595.63000488,580.9614449323295,581.2494038869991,587.9844063896147,33519000
1461895200,595.5,603.03997803,595.19000244,601.25,581.6860361847463,581.693861578399,588.116402345937,41004000
1462327200,600.63000488,606.88000488,597.40002441,602.57000732,582.4318922967196,582.1577759282123,588.260219310853,53001000
1462413600,603.67999268,609.59002686,603.32000732,604.69000244,583.2268248018368,582.6584920729188,588.4236997399987,43705000
1462500000,604.96002197,610.19000244,604.70001221,607.54998779,584.0955091942711,583.2116364221872,588.6140110638793,38019000
1462759200,610.7800293,612.82000732,604.23999023,604.23999023,584.8149549455471,583.6789331734719,588.7694934436416,39065000
1462845600,601.22998047,605.36999512,597.90997314,604.55999756,585.5201350389204,584.1429568265058,588.9266128875855,40948000
1462932000,606.32000732,611.96002197,604.25,611.96002197,586.4644167150304,584.7611138296946,589.1558010376593,37769000
1463018400,613.32000732,615.57000732,611.39001465,612.03997803,587.3778296191365,585.3673108119236,589.3835042913145,28991000
1463104800,612.64001465,615.33001709,608.66998291,609.9699707,588.1846918005959,585.9140365872142,589.5883447530924,39462000
1463364000,612.0300293,615.89001465,608.96002197,615.16998291,589.1484521973604,586.5641687277206,589.8428884163452,33327000
1463450400,619.23999023,625.11999512,617.10998535,622.92999268,590.3549357860261,587.3722981488824,590.1721133343915,48925000
1463536800,625.17999268,628.29998779,622.71002197,623.91998291,591.5536874690251,588.1844689213516,590.5079130316612,42230000
1463623200,624.72998047,625.98999023,620.10998535,621.13000488,592.6099845194171,588.9165919426549,590.812610462988,44206000
1463709600,621.34002686,623.19000244,615.90997314,616.40002441,593.4596288012236,589.5273348863738,591.0672115967891,35393000
1463968800,616.80999756,617.39001465,612.42999268,614.45001221,594.2092853515371,590.0811721602321,591.2998762795077,24717000
1464055200,616.33001709,616.45001221,611.94000244,614.61999512,594.9382392718394,590.6264793371158,591.5319172629952,33863000
1464141600,614.90997314,618.60998535,612.73999023,612.73999023,595.5740160917737,591.117890690291,591.7429428646569,38581000
1464228000,613.04998779,615.94000244,607.15997314,607.15997314,595.9878002720675,591.4743814113956,591.8963461509787,31598000
1464314400,607.21002197,612.65997314,605.15997314,611,596.5239502623508,591.9082840466979,592.0864322589292,29542000
1464573600,612.40002441,617.42999268,611.83001709,616.72998047,597.2455941983383,592.459877300549,592.3316416938652,36138000
1464660000,618.90997314,621.29998779,616.84997559,617.52001953,597.9696808173262,593.0167693500923,592.5822723191004,37021000
1464746400,617.69000244,620.19000244,617.02001953,619.38000488,598.734335248136,593.6026190285347,592.848916424184,35111000
1464832800,619.14001465,622.88000488,618.09997559,621.17999268,599.5359658707025,594.2154495541229,593.1308176804608,43213000
1464919200,622.07000732,622.65002441,619.15002441,621.04998779,600.3043237963917,594.8117726260313,593.4086203681179,40279000
1465178400,620.60998535,622.22998047,615.90997314,618.88000488,600.9677409779491,595.346622231675,593.6620669801764,42670000
1465264800,620.96002197,624.01000977,619.59002686,624.01000977,601.7906791490938,595.9835863991934,593.9640365601747,38924000
1465351200,624.83001709,632.59997559,624.83001709,630.09002686,602.801370138769,596.7415072983225,594.3234991502227,45578000
1465437600,630.34002686,631.72998047,627.28997803,630.65997314,603.7963202459558,597.4952509836932,594.6850561053449,38390000
1465524000,630.54998779,634.07000732,628.40002441,629.27001953,604.706095220386,598.2013569513889,595.029185094645,50138000
1465783200,626.67999268,626.91998291,620.35998535,621.75,605.3148061053722,598.7246601302469,595.2950638499221,40156000
1465869600,620.01000977,625.35998535,617.71002197,625.35998535,606.0307053641089,599.3165562462414,595.5942172976842,29924000
1465956000,624.65997314,625.79998779,621.05999756,624.19000244,606.6792516882479,599.8692994949915,595.8787524732296,37320000
1466042400,625.02001953,627.46002197,622.53997803,622.53997803,607.2457062004532,600.3730923513251,596.1440382996651,45734000
1466128800,621.15002441,622.15002441,615.39001465,615.75,607.5494309790084,600.7148014101846,596.3391224956883,80070000
1466388000,615.97998047,624.78997803,615.97998047,624.19000244,608.1437371026153,601.2364725441805,596.6162456792139,36748000
1466474400,627.15997314,631.02001953,626.9699707,626.9699707,608.8161025882362,601.8083280587542,596.9182727938486,40127000
1466560800,626.5300293,628.26000977,623.76000977,624.17999268,609.3648129486563,602.3054761614486,597.1895336882382,30458000
1466647200,623.71002197,627.60998535,623.09002686,626.5,609.9767839147758,602.8431322467497,597.481180119201,36642000
1466733600,625.79998779,625.79998779,591.44000244,612.69000244,610.0736845763909,603.0619515843775,597.632511684582,111980000
1466992800,609.64001465,614.41998291,601.71002197,614.41998291,610.2289095168769,603.3143522805025,597.7995511992629,38475000
1467079200,612.52001953,616.51000977,612,614.30999756,610.3746626612742,603.5586999533803,597.9638342476284,30146000
1467165600,616.09002686,622.42999268,616.09002686,621.39001465,610.768068089443,603.9549513910829,598.1969305700401,46980000
1467252000,623.97998047,626.90002441,621.52001953,621.78997803,611.1617077301771,604.3512853163921,598.4316872611839,34653000
1467338400,623.77001953,630.60998535,623.5,626.34002686,611.7037905562422,604.8399240173612,598.7093821825652,40595000
1467597600,629.19000244,634.22998047,629.19000244,633.57000732,612.4847268692336,605.4783703129755,599.05625407448,51258000
1467684000,636.57000732,641.85998535,634.42999268,636.27001953,613.3342016071181,606.1626291844649,599.426540297918,53355000
1467770400,632.79998779,638.28997803,630.21002197,636.17999268,614.1501227168638,606.8296817065878,599.7922462917695,42782000
1467856800,639.90002441,645.01000977,638.63000488,644.52001953,615.2347618887616,607.6672447693303,600.2372987618016,44291000
1467943200,645.21002197,648.72998047,639.66998291,643.55999756,616.2463774484487,608.4648614980118,600.6683703916344,48033000
1468202400,643.77001953,648.36999512,633.89001465,636.02001953,616.9525789513613,609.0771983431671,601.0201280945038,51212000
1468288800,637.69000244,641.58001709,633.5,641.58001709,617.8321303134555,609.7994832042078,601.4237090795336,47502000
1468375200,645.03997803,657.65997314,645.03997803,656.89001465,619.2270547540464,610.8459394585587,601.9756126175482,65837000
1468461600,657.04998779,664.42999268,651.14001465,651.14001465,620.3668033217591,611.7413633517019,602.4648106477218,65684000
1468548000,653.75,656.72998047,649.53997803,653.63000488,621.554774805982,612.6722220523308,602.9739170579933,49964000
1468807200,653.82000732,662.40997314,652.51000977,662.28997803,623.0096034925541,613.7748388518345,603.5641266199038,52273000
1468893600,664.82000732,665.10998535,647.33001709,654.16998291,624.1224741860343,614.6725087197938,604.0676674785118,53470000
1468980000,654.45001221,654.48999023,645.15002441,645.15002441,624.8734581226045,615.3497868462428,604.4764471494718,49363000
1469066400,647.51000977,650.11999512,642.2199707,643.15997314,625.5265479446543,615.967790986104,604.8613578558452,38449000
1469152800,642.19000244,642.34997559,626.40002441,634.34002686,625.8413150487738,616.3760628944128,605.1546779454388,75634000
1469412000,636.36999512,638.16998291,631.17999268,633.21002197,626.1044831531033,616.7501508738703,605.4338355974245,35569000
1469498400,633.57000732,636.0300293,627.9699707,634.67999268,626.4107513504924,617.1485918028955,605.7248421355596,35707000
1469584800,634.66998291,640.40997314,634.41998291,639.63000488,626.8828675479748,617.6481787601645,606.0622069389868,50116000
1469671200,639.58001709,644.33001709,636.60998535,644.33001709,627.5059800316186,618.2411085008275,606.4429811693452,51214000
1469757600,644,645.39001465,639.10998535,639.16998291,627.9225515629894,618.7061945988091,606.7686229777099,42971000
1470016800,642.03997803,642.03997803,633.41998291,635.40997314,628.1899594764541,619.0773896775023,607.0536115365387,37305000
1470103200,631.09002686,631.13000488,620.84997559,623.15997314,628.010317107295,619.1681137544467,607.2138738410507,63860000
1470189600,620.85998535,622.40002441,616.5300293,619.79998779,627.7170910602488,619.1821553996813,607.3391088057168,34005000
1470276000,620.41998291,626.78997803,617.40997314,617.40997314,627.3489797059542,619.1427735716884,607.439316411033,43576000
1470362400,615.05999756,615.65002441,608.84002686,615.05999756,626.9100874864558,619.0520452158731,607.5151440841571,51706000
1470621600,614.38000488,616.9699707,609.21002197,614.65002441,626.4722280908682,618.9542225312982,607.5861379182451,36307000
1470708000,614.15997314,621.88000488,614.15997314,621.42999268,626.2921482547657,619.0092396457138,607.7238877168695,36457000
1470794400,621.17999268,633.39001465,621.17999268,632.85998535,626.5267138653098,619.3170339946979,607.9739981410797,50255000
1470880800,634.27001953,645.09997559,633.95001221,645.09997559,627.1900446411917,619.8899882523713,608.3434108520142,65385000
1470967200,650.54998779,652.86999512,638.09997559,641.10998535,627.687185380792,620.3615437434297,608.6694464191584,56880000
1471226400,640.59002686,645.69000244,639.08001709,645.65997314,628.3290706579066,620.9237310633534,609.0375113616543,56928000
1471312800,647.15002441,650.45001221,645.47998047,646.44000244,628.9758896501243,621.4907593161678,609.4096754519861,55430000
1471399200,648.34002686,650.97998047,645.5300293,650.82000732,629.7560367097627,622.1425203829197,609.8217185551505,53901000
1471485600,653.35998535,656.33001709,646.59002686,652.86999512,630.5815352244141,622.8253531548547,610.2500596154972,52776000
1471572000,657.39001465,659.42999268,653.66998291,654.41998291,631.4329083560422,623.5274560383024,610.6895613398207,46597000
1471831200,654.42999268,655.33001709,647.46002197,647.46002197,632.0053052708264,624.0592908367845,611.0554365699717,52650000
1471917600,643.90002441,651.19000244,642.5,650.91998291,632.6808294722255,624.6561951050782,611.4520987226088,41297000
1472004000,651.83001709,656.92999268,650.21002197,650.95001221,633.3333002842888,625.2405021518542,611.8451127871599,37972000
1472090400,649.51000977,650.69000244,646.71002197,649.05999756,633.8949680441357,625.7698242720353,612.2154101480837,42327000
1472176800,652.64001465,659.34002686,652.64001465,656.71002197,634.7097913986308,626.4573842208789,612.6581426040232,49772000
1472436000,660.07000732,666.02001953,656.22998047,656.22998047,635.4783695797512,627.1189974708594,613.0916932295553,45933000
1472522400,655.39001465,661.20001221,654.65997314,661.20001221,636.3969996736887,627.8763533539515,613.5703829706542,36228000
1472608800,662.40997314,666.70001221,661.32000732,665.25,637.4274639710569,628.7068788349748,614.0846080157223,45275000
1472695200,665.20001221,665.20001221,655.2800293,659.09002686,638.2011269313763,629.3820599021975,614.5324231286007,40971000
1473040800,660.23999023,661.13000488,652.13000488,655.08001709,638.8039444370414,629.953125617482,614.9358817749828,50626000
1473127200,656.05999756,659.27001953,656.02001953,656.02001953,639.41880426179,630.5323899266491,615.34467916558,37877000
1473213600,655.19000244,655.75,647.4699707,654.78997803,639.9677747535118,631.0714474400569,615.7371697015444,39075000
1473300000,654.5300293,661.53997803,654.38000488,659.25,640.656425655172,631.6976374969445,616.1701331871012,56183000
1473386400,662.03997803,663.67999268,657.64001465,658.65997314,641.2994094939158,632.2968005112346,616.5929176642445,41912000
1473645600,657.60998535,657.60998535,646.86999512,651.63000488,641.6683593291332,632.7264272749849,616.9415453977346,36825000
1473732000,650.40997314,653.84997559,647.33001709,651.79998779,642.0302032027356,633.1502841753186,617.288395570792,34875000
1473818400,651.15002441,652.5,646.92999268,646.92999268,642.2051956840664,633.456499919867,617.5833368355602,43485000
1473904800,646.36999512,649.9699707,644.08001709,645.02001953,642.3057251071355,633.7134670223145,617.8563386534154,44217000
1473991200,642.28997803,645.7199707,639.36999512,639.36999512,642.2008776075949,633.8391676467076,618.0704048869137,112809000
1474250400,646.4699707,648.83001709,644.22998047,648.83001709,642.4376325891093,634.1722976343362,618.3764706799792,52585000
1474336800,648.77001953,653.65997314,643.59997559,653.65997314,642.8384304659268,634.6053570900177,618.727550306447,47263000
1474423200,653.66998291,658.04998779,652.61999512,657.44000244,643.3599151792865,635.1127936533506,619.1127488351391,59216000
1474509600,659.65002441,665.27001953,659.35998535,662.30999756,644.0367038357406,635.7171759623873,619.5425722055357,51577000
1474596000,662.22998047,664.30999756,660.84997559,664.30999756,644.7607500401784,636.3525719978898,619.9880192239881,36180000
1474855200,662.78997803,666.90002441,661.71002197,666.09997559,645.5228652383863,637.0136254110478,620.4468446604658,35712000
1474941600,665.29998779,671.21002197,664.4699707,671.21002197,646.4402636930868,637.77354533458,620.9519509023517,55298000
1475028000,670.32000732,672.91998291,667.7199707,669.16998291,647.2520393794051,638.4712439473672,621.4317323153631,52729000
1475114400,671.39001465,674.10998535,668.34002686,670.29998779,648.0751803940692,639.1785493660923,621.9179836136182,46358000
1475200800,669.34002686,670.54998779,665.65002441,668.44000244,648.8024954671382,639.8288038788457,622.3808892735822,50609000
1475460000,668.4699707,670.52001953,660.28997803,662.41998291,649.2888343043833,640.330830079538,622.7792882152381,51796000
1475546400,661.77001953,665.5300293,657.44000244,661.89001465,649.7388764595838,640.8099230699927,623.1684496723004,54612000
1475632800,663.55999756,665.97998047,661.76000977,663.95001221,650.2464170220987,641.324147273104,623.5742363642179,53092000
1475719200,665.22998047,667.15002441,663.11999512,663.11999512,650.7061876684523,641.8084994474794,623.9677265010913,68399000
1475805600,665.30999756,666.33001709,654.04998779,657.53997803,650.9502516099362,642.1580878604243,624.3017787551103,53092000
1476064800,657.58001709,657.91998291,647.16998291,647.25,650.8180997667242,642.2712414635259,624.5301192650097,50345000
1476151200,649.08001709,654.88000488,641.45001221,654.88000488,650.9631678064841,642.5514362061142,624.8321081766017,62447000
1476237600,655.0300293,658.02001953,652.71002197,653.25,651.0448403848239,642.7891820682006,625.1148732693717,46556000
1476324000,651.64001465,658.48999023,649.63000488,658.28997803,651.3035953007231,643.133644200685,625.4449738142537,48007000
1476410400,656.91998291,662.04998779,656.89001465,657.59002686,651.5281107135545,643.4548971486698,625.7648250883407,54676000
1476669600,657.08001709,657.80999756,650.46002197,650.46002197,651.489964686999,643.6105665891438,626.010548440397,45875000
1476756000,649.08001709,653.86999512,647.77001953,653.32000732,651.5553233524633,643.8263319387183,626.2822843496467,43309000
1476842400,654.45001221,660.77001953,654.45001221,659.39001465,651.8351337559468,644.1721915545246,626.6117145018891,53926000
1476928800,661.10998535,661.20001221,655.75,657.15002441,652.0249512793058,644.4605878402018,626.9155782820693,48899000
1477015200,657.38000488,658.77001953,653.71002197,655.16998291,652.1372738375449,644.6985743973084,627.1967166365761,40156000
1477274400,654.16998291,654.16998291,648.28997803,648.28997803,651.9998704158468,644.7783833669238,627.4065998345205,35941000
1477360800,645.32000732,646.9699707,640.0300293,644.90997314,651.7466597988522,644.7813075841033,627.580762752983,48467000
1477447200,643.57000732,645.25,639.07000732,641.80999756,651.3917790046074,644.7152784724566,627.7223471789234,34321000
1477533600,641.41998291,644.17999268,640.13000488,644.17999268,651.1342152073,644.7033832326242,627.8861048456008,39581000
1477620000,643.65997314,649.30999756,642.82000732,649.27001953,651.0676367902536,644.8048640392326,628.0988801160923,52986000
1477879200,649.2800293,649.2800293,644.2199707,644.2199707,650.8230772870302,644.7918664094718,628.2592889776238,62958000
1477965600,643.26000977,644.70001221,641.40002441,643.04998779,650.5454669478505,644.7531579957058,628.4064601100853,56538000
1478052000,641.55999756,642.86999512,636.53997803,636.53997803,650.0452709150701,644.5706428853567,628.4873906366516,74560000
1478138400,634.2800293,634.2800293,627.90002441,632.80999756,649.4297254381033,644.3092952114599,628.5304016508143,61747000
1478224800,632.39001465,634.5,631.79998779,632.53997803,648.8265201735283,644.0477548296498,628.5702979331942,34044000
1478484000,633.0300293,639.97998047,632.63000488,639.90997314,648.508072065188,643.9558041254353,628.6831305223167,43894000
1478570400,640,643.42999268,640,642.01000977,648.2759984117885,643.9125642508701,628.8157362859752,32641000
1478656800,641.84002686,641.84002686,620.34997559,635.41998291,647.8168550010103,643.723840221073,628.8814501827317,69095000
1478743200,640.96002197,642.88000488,639.67999268,641.90002441,647.6055396227599,643.683310980827,629.0109882347443,49782000
1478829600,641.79998779,642.90002441,639.88000488,642,647.4053417790899,643.6459040701419,629.1402321329061,49785000
1479088800,640.05999756,642.23999023,634.13000488,634.13000488,646.9312226041224,643.4344396436943,629.1898816129767,59746000
1479175200,636.01000977,639.38000488,635.20001221,637.51000977,646.5947507171894,643.3027856465011,629.2726689578227,50758000
1479261600,638,641.21002197,637.98999023,638.7199707,646.3135085737183,643.2009453143567,629.3666719602325,49701000
1479348000,638.70001221,639.15997314,635.32000732,636.02001953,645.9458839650141,643.0413691858154,629.4328744236133,58780000
1479434400,635.63000488,636.60998535,632.45001221,634.34997559,645.5317443801922,642.8482271059083,629.4818008033783,41886000
1479693600,635.82000732,638.86999512,634.42999268,638.86999512,645.2938247637568,642.7598219506659,629.5752156722004,46481000
1479780000,638.28997803,643.79998779,638.28997803,643.76000977,645.2390456568369,642.7820483466511,629.7163579020292,51292000
1479866400,643.82000732,649.65002441,643.59997559,647.59002686,645.3230092712356,642.8888923136144,629.8942053543474,46661000
1479952800,650.52001953,651.54998779,645.35998535,647.4699707,645.39968646512,642.990694055534,630.0690885916175,55472000
1480039200,648.82000732,648.82000732,641.70001221,643.38000488,645.3275549799372,642.9993454071888,630.2015355198602,51753000
1480298400,640.58001709,640.75,628.47998047,630.61999512,644.8022849849394,642.7242487341401,630.2056992969759,42237000
1480384800,631.2199707,632.89001465,623.32000732,625.7800293,644.1229187104773,642.3477105244925,630.161662779593,53867000
1480471200,626.67999268,632.90002441,622.11999512,631.89001465,643.686029279746,642.1153172828372,630.1788603106419,64011000
1480557600,633.63000488,636.42999268,631.54998779,631.54998779,643.2525992265407,641.8805321829964,630.192503370138,48280000
1480644000,631.80999756,632.29998779,628.67999268,629.64001465,642.7664354916643,641.6085206822631,630.1870059699376,49524000
1480903200,628.59997559,629.84997559,625.32000732,625.32000732,642.1433487712477,641.2465537186573,630.1385781226745,39451000
1480989600,625.67999268,626.15002441,614.22998047,616.26000977,641.2189438069174,640.6912971864649,630.0004829151852,57837000
1481076000,614.64001465,617.2199707,614.09997559,615,640.2825529566703,640.1203794712102,629.8512243787158,50498000
1481162400,619.0300293,620.22998047,616.7199707,619.45001221,639.5385336442893,639.6610379765166,629.7477297302709,36170000
1481248800,620.47998047,621.85998535,617.28997803,619.64001465,638.8278722516361,639.2161263470384,629.6471554508652,30765000
1481508000,616.5,617.89001465,612.23999023,612.83001709,637.8993774244348,638.6297683635487,629.4798207408068,44372000
1481594400,612.52001953,612.73999023,606.07000732,606.71002197,636.7854718724907,637.9204406659143,629.2532555789082,49881000
1481680800,607,615.26000977,606.54998779,615.26000977,636.0167053688303,637.416875534894,629.1140193022027,50769000
1481767200,614.83001709,615.7199707,610.64001465,613.25,635.203608748515,636.8798338563407,628.9561683638723,48964000
1481853600,613.30999756,621.03997803,613.27001953,621.03997803,634.6977647942823,636.5278370601998,628.8774003008486,90982000
1482112800,622.19000244,626.7800293,622.19000244,623.84997559,634.3103437512722,636.2461068053065,628.8273761743725,38644000
1482199200,622.59002686,622.61999512,615.95001221,616.73999023,633.6828311255124,635.8126375480774,628.7071036774136,33909000
1482285600,616.7199707,620.2800293,614.13000488,618.42999268,633.1380868953155,635.426356551009,628.604843866494,32602000
1482372000,619.98999023,621.86999512,617.15002441,618.34997559,632.6099400629828,635.0468814185422,628.5028053761806,39020000
1482458400,617.58001709,620.75,615.73999023,620.75,632.1863707750191,634.7291729425746,628.4256630341291,30706000
1482717600,622.90997314,624.52001953,621.71002197,621.72998047,631.8129282641255,634.4403019987395,628.3590393270233,24316000
1482804000,622.04998779,624.16998291,621.77001953,623.46002197,631.5146101821924,634.1962957758786,628.3102928856599,33538000
1482890400,625.54998779,626.44000244,623.23999023,624.83001709,631.2758747146141,633.9881562495258,628.2756632757529,41686000
1482976800,627.82000732,627.94000244,626.29998779,626.95001221,631.1213796251636,633.8317530486474,628.2624727178847,42825000
1483063200,625.79998779,628.21002197,625.17999268,628.21002197,631.0174025660507,633.7068256913442,628.2619508198959,42151000
1483408800,627.65002441,634.17999268,627.58001709,633.89001465,631.1199958547631,633.7108965570922,628.3179514550213,41742000
1483495200,632.79998779,635.39001465,630.46002197,632.70001221,631.1764250103073,633.6884324604902,628.3615540495982,47309000
1483581600,633.60998535,635.33001709,632.46002197,634.83001709,631.3069104417249,633.7138010078125,628.4259168659206,45027000
1483668000,634.55999756,640.73999023,634.26000977,636.34002686,631.4866645995204,633.7721615823056,628.5046642290458,58777000
1483927200,636.82000732,640.02001953,636.82000732,638.40002441,631.7335703070376,633.8750029784766,628.6031255243787,47878000
1484013600,639,640.85998535,638.60998535,639.35998535,632.0059422728576,633.9968914756215,628.7101589554794,37968000
1484100000,639.55999756,643.39001465,639.52001953,643.39001465,632.412516286327,634.2056275461632,628.8562271713453,43038000
1484186400,644.5300293,645.14001465,641.71002197,642.25,632.7638549903868,634.3843913784707,628.9894985427746,55961000
1484272800,642.21002197,643.84997559,640.07000732,640.07000732,633.0247890021587,634.5107383993935,629.0997523614535,38211000
1484532000,639.59002686,640.52001953,632.70001221,632.70001221,633.0131898310102,634.4705000396292,629.1355758425336,31884000
1484618400,633.41998291,637.53997803,633.41998291,637.53997803,633.174860838117,634.5387106616374,629.2192017349462,45194000
1484704800,637.09002686,638.7199707,633.09997559,633.09997559,633.1721863649699,634.5067387711566,629.2578164001706,38318000
1484791200,632.30999756,634,630.47998047,631,633.0946082805067,634.4288112429088,629.2751515603678,28890000
1484877600,632.16998291,636.39001465,632.16998291,634.2800293,633.1369447454886,634.4255049775107,629.3249513388716,31967000
1485136800,634.80999756,637.14001465,634.80999756,635.41998291,633.2184818227926,634.4476044871216,629.3855984191814,31194000
1485223200,635.30999756,640.17999268,635.30999756,639.32000732,633.4363934476928,634.55588010563,629.4844482589906,32623000
1485309600,640.91998291,644.78997803,639.42999268,644.78997803,633.8418786113466,634.7833045039494,629.6367420875579,31172000
1486000800,645.7199707,652.97998047,645.7199707,652.97998047,634.5253822491557,635.1876750809727,629.8690131162389,35197000
1486087200,656.27001953,657.63000488,651.17999268,651.17999268,635.1201897645429,635.5430599165066,630.081062664137,41522000
1486346400,652.5,654.0300293,649.34997559,654.0300293,635.7955411765236,635.953881458362,630.3193608396182,35397000
1486432800,654.23999023,657.41998291,653.88000488,656.47998047,636.5342711512906,636.410016991954,630.5796655125573,50074000
1486519200,657.61999512,657.9699707,655.11999512,657.9699707,637.2998318494588,636.889127074355,630.8522058626811,41562000
1486605600,658.40002441,660.08001709,657.65002441,658.83001709,638.068767036621,637.376702408036,631.1305920440475,50147000
1486692000,659.11999512,659.80999756,657.65002441,658.7800293,638.8084549745988,637.852331894524,631.4057108227137,43517000
1486951200,660.0300293,662.83001709,659.32000732,662.67999268,639.6610098926488,638.4040576897568,631.7168977068658,46713000
1487037600,664.10998535,665.23999023,660.57000732,663.42999268,640.5099021350543,638.9601895784289,632.0324508906781,53472000
1487124000,663.42999268,670.05999756,663.42999268,669.08001709,641.5302633834452,639.629519078686,632.4010833901739,52680000
1487210400,670.48999023,676.65002441,667.4699707,667.7199707,642.4656100733222,640.2537513369374,632.7525151046996,75921000
1487296800,667.09002686,668.76000977,664.48999023,668.09997559,643.3811231274892,640.8725563203388,633.104231129429,57274000
1487556000,664.90002441,669.5,663.10998535,667.55999756,644.2446543572217,641.4656105701091,633.4470745764993,69307000
1487642400,668.29998779,673.77001953,668.29998779,671.52001953,645.2187745419639,642.1334863247733,633.8259098496685,57987000
1487728800,671.96002197,672.42999268,666.48999023,668.60998535,646.0541749279652,642.7218529697784,634.1720200536519,66145000
1487815200,668.69000244,670.9699707,662.05999756,667.41998291,646.8172394987521,643.2707003017833,634.50284555471,54385000
1487901600,667.27001953,668.29998779,661.36999512,661.80999756,647.3526951437966,643.6826846852993,634.7745585099865,67860000
1488160800,659.63000488,666.64001465,659.63000488,666.2199707,648.026526413661,644.1835132634037,635.087448183519,53159000
1488247200,667.16998291,667.70001221,657.95001221,657.95001221,648.3809366206731,644.489435462217,635.3149363827874,37910000
1488333600,656.69000244,657.64001465,649.45001221,655.98999023,648.6526885352919,644.7450033459455,635.5206583116154,51816000
1488420000,655.94000244,658.71002197,653.76000977,653.76000977,648.8350928651029,644.9453368220356,635.7021443957784,41819000
1488506400,654.35998535,657.40997314,650.59002686,656.77001953,649.1184831031348,645.2081075488793,635.9117749941289,39681000
1488765600,657.26000977,660.78997803,657.26000977,658.60998535,649.4574653262372,645.5059270555709,636.1376278334908,42183000
1488852000,658.21002197,659.90002441,656.35998535,659.90002441,649.830413864943,645.8257958856693,636.374069590471,39890000
1488938400,659.64001465,665.20001221,658.53997803,662.47998047,650.2821841008379,646.1958888764323,636.6338298977299,36986000
1489024800,662.29998779,666.65997314,662.03997803,664.29998779,650.7828199468794,646.5982021856227,636.9091150508868,63381000
1489111200,664.59002686,667.48999023,663.48999023,663.48999023,651.2366474569908,646.9735752532755,637.173601371077,55045000
1489370400,663.85998535,664.48999023,659.95001221,662.66998291,651.6449808660268,647.3223843123138,637.4272967097727,32859000
1489456800,663.13000488,667.66998291,662.82000732,665.46002197,652.1383751911687,647.7254429269291,637.7062292994267,30192000
1489543200,666.46002197,667.41998291,663.53997803,663.57000732,652.5466477671985,648.0775443578862,637.963580324507,35475000
1489629600,663.84997559,668.07000732,663.84997559,668.07000732,653.1010534655128,648.5218213125997,638.2631467622731,58016000
1489716000,669.40002441,671.07000732,668.34997559,668.34997559,653.6456578271017,648.9624469632087,638.5625181933948,108031000
1489975200,672.52001953,678.7800293,672.52001953,676.02001953,654.4447421736338,649.5637263535818,638.9352296494804,46718000
1490061600,677.14001465,682.2800293,677.14001465,679.69000244,655.3463586117183,650.2331991555022,639.3407497767492,78366000
1490148000,679.7800293,685.90002441,677.96002197,677.96002197,656.1539894459427,650.8493507736022,639.7250211418562,90741000
1490234400,677.07000732,689.32000732,677.07000732,689.32000732,657.3384900843018,651.704254252411,640.21850359139,68421000
1490320800,692.52001953,696.2199707,689.95001221,691.76000977,658.5678300730767,652.5943821528019,640.7313543991373,97397000
1490580000,692.82000732,695.5300293,691.38000488,693.48999023,659.8150500786811,653.5031734434064,641.2563159496932,87537000
1490666400,693.90997314,695.03997803,687.40997314,688.30999756,660.8327267744424,654.2766584237751,641.7245117866116,75180000
1490752800,688.57000732,689.90997314,685.69000244,689.90997314,661.8711998589266,655.0685098619134,642.203969113511,70114000
1490839200,692.10998535,696.92999268,692.10998535,692.5,662.9650855782506,655.9003207538709,642.704427132282,73326000
1490925600,693.55999756,696.9699707,693.01000977,693.2199707,664.0456171897417,656.7296463082293,643.2070693568364,61350000
1491184800,693.41998291,697.32000732,693.41998291,696.72998047,665.2129158783224,657.6185426229354,643.7396356365693,70070000
1491271200,699.34997559,702.04998779,698.48999023,699.07000732,666.4220977155252,658.5396862828701,644.2901865985936,72184000
1491357600,697.98999023,698.88000488,691.07000732,691.07000732,667.3023802013993,659.2625823059175,644.7556574515429,75790000
1491530400,687.09002686,697.61999512,685.63000488,697.61999512,668.3851521627779,660.1149692573415,645.2816707616768,83396000
1491789600,698.48999023,699.85998535,696.65997314,696.7199707,669.3971099676787,660.928413733845,645.7934946416601,50577000
1491876000,696.7800293,699.40002441,696.71002197,697.92999268,670.4161414931187,661.7506710437596,646.3122657664197,61693000
1491962400,697.91998291,698.86999512,689.77001953,692.40002441,671.2012801687216,662.4317677852316,646.7708504295399,76987000
1492048800,692.5,693.80999756,687.7199707,687.7199707,671.7912334019816,662.9937278500042,647.1783043625793,56767000
1492135200,686.45001221,686.45001221,674.94000244,678.45001221,672.0290469308394,663.3372008357819,647.4894656346929,59117000
1492394400,680.27001953,683.47998047,669.30999756,669.30999756,671.931938024738,663.4699296518756,647.7065853553428,48710000
1492480800,669.66998291,675.71002197,665.34997559,675.71002197,672.0668695942117,663.7419317033895,647.9852265156876,51821000
1492567200,675.66998291,679.69000244,675.11999512,679.69000244,672.3391243387041,664.0963332753141,648.3006969228946,40459000
1492653600,679.42999268,679.70001221,674.29998779,674.29998779,672.4091551762504,664.3230811534182,648.5593963345076,32410000
1492740000,676.34997559,677.83001709,671.95001221,672.59997559,672.4159701910271,664.5070121408978,648.7986060783434,31045000
1492999200,671.79998779,673.13000488,667.08001709,667.08001709,672.225400437419,664.5641900286556,648.980510665524,35451000
1493085600,667.96002197,670.32000732,665.65997314,668.58001709,672.0952081750112,664.6534306300189,649.1755306299466,28035000
1493172000,669.11999512,673.5300293,667.96002197,673.5300293,672.146451786618,664.8506883782406,649.4178639500466,36838000
1493258400,673.66998291,682.40997314,673.66998291,681.35998535,672.4755065567388,665.2175616442797,649.7356960037774,47238000
1493344800,678.59002686,683.14001465,677.21002197,680.48999023,672.7617381164981,665.5569489461847,650.0417088816503,61611000
1493776800,681.70001221,684.98999023,680.95001221,684.98999023,673.198461406266,665.9887943080472,650.3894529746686,51220000
1493863200,684.79998779,688.75,683.44000244,686.28997803,673.6660155713994,666.4399317240906,650.746672129448,66802000
1493949600,684.95001221,687.40997314,684.09002686,684.16998291,674.0411572620637,666.8339328615552,651.0792423859709,45269000
1494208800,683.15002441,684.16998291,681.05999756,681.10998535,674.2936154080614,667.1511784724096,651.3780557487971,59550000
1494295200,680.41998291,688.08001709,680.34002686,688.08001709,674.7859868967021,667.6162637750227,651.7432493939832,74906000
1494381600,689.07000732,695.65997314,689.07000732,690.5300293,675.3482741253913,668.1254585644667,652.1291875025008,58661000
1494468000,692.13000488,693.19000244,689.69000244,691.02001953,675.907979318413,668.634226585923,652.5161609555107,49915000
1494554400,691.46002197,693.84997559,690.28997803,690.84002686,676.4412667306126,669.1276888142359,652.8974929545603,45701000
1494813600,691.33001709,696.85998535,691.33001709,695.2199707,677.1119347295192,669.7075173005861,653.318612136107,51267000
1494900000,695.85998535,698.66998291,692.90997314,692.90997314,677.6761503870364,670.2231274303509,653.712556026693,71741000
1494986400,692.95001221,697.4699707,691.05999756,696.36999512,678.3437876989279,670.8041689345654,654.1370081569747,44660000
1495072800,693.92999268,701.2800293,693.91998291,695.29998779,678.949366273609,671.3485204646862,654.5465900438705,57622000
1495159200,696.65997314,702.0300293,695.5300293,702.0300293,679.7736756674087,672.0303317721376,655.0190620762698,60064000
1495418400,707.27001953,715.2800293,706.84002686,710.85998535,680.8839010132156,672.8932129627568,655.5746931536204,85452000
1495504800,711.96002197,713.70001221,708.10998535,708.61999512,681.8744758027436,673.68714145514,656.1025071035347,63809000
1495591200,710.80999756,719.59002686,710.27001953,718.2800293,683.1746741419314,674.6780945183591,656.7211889164348,66778000
1495677600,718.41998291,722.05999756,715.7800293,716.40002441,684.3612937943624,675.6052485159511,657.3150081750772,69062000
1495764000,716.23999023,719.35998535,716.07000732,718.86999512,685.5937474131351,676.5666873293744,657.927495607365,52302000
1496023200,723.27001953,725.20001221,721.91998291,722.26000977,686.9032567830232,677.5820944947217,658.5676201263963,67599000
1496109600,722.82000732,723.53997803,711.47998047,711.47998047,687.780996914701,678.3353808497278,659.0941112740938,70920000
1496196000,712.02001953,719.32000732,709.72998047,713.42999268,688.6970324777474,679.1152611126228,659.634766810471,55600000
1496282400,713.63000488,719.76000977,713.63000488,719.76000977,689.8064245238993,680.0184777494534,660.2330279344463,41833000
1496368800,720.39001465,720.75,715.70001221,718.33001709,690.8251242584029,680.8698452903544,660.8111074285315,43043000
1496628000,719.04998779,724.34997559,719.04998779,721.73999023,691.9292266145313,681.7780707334576,661.4173649688446,51855000
1496714400,722.59002686,732.69000244,722.59002686,732.69000244,693.3849686082981,682.9094469936031,662.1265454411944,69348000
1496800800,736.16998291,739.51000977,734.95001221,737.17999268,694.9490766108589,684.1154591199675,662.8733459112323,66900000
1496887200,737.75,740.25,734.0300293,737.52001953,696.4694674293996,685.3022271290793,663.6160988825633,55371000
1496973600,738.4699707,743.90002441,738.4699707,740.20001221,698.0312726001354,686.5221779086553,664.378127870896,56508000
1497232800,740.65002441,742,735.26000977,736.85998535,699.4180123412019,687.6407958517963,665.0993403831259,45624000
1497319200,737.0300293,741.39001465,734.5300293,741.39001465,700.917012423659,688.8352229362008,665.8584515698609,48573000
1497405600,744.41998291,748.03997803,743.66998291,745.5300293,702.5103344549569,690.095107522063,666.6512035870762,67558000
1497492000,746.86999512,750.71002197,744.58001709,746.59002686,704.0846091837085,691.3505501740171,667.4466147639213,63717000
1497578400,751.5,751.5,748.08001709,750.07000732,705.7269448314332,692.6554269994834,668.268738072937,96613000
1497837600,754.0300293,757.5,753.35998535,757.5,707.5759825160249,694.096417510606,669.1566113259427,65741000
1497924000,759.72998047,761.03997803,756.77001953,759.66998291,709.4364825300954,695.5536078528147,670.0572418889681,58499000
1498010400,758.48999023,759.84002686,749.4699707,759.84002686,711.2366091133063,696.9821949418632,670.9506029334559,69937000
1498096800,759.65002441,761.61999512,757.13000488,757.94000244,712.9045874464025,698.3368128862662,671.8161690977001,57512000
1498183200,757.44000244,758.97998047,752.69000244,758.23999023,714.5237089743881,699.6679946050159,672.6761076164295,49703000
1498442400,759.90002441,762.27001953,757.97998047,760.79998779,716.1764332178028,701.02648334246,673.5529621455197,48276000
1498528800,761.96002197,761.96002197,754.22998047,755.07000732,717.5654894357384,702.2274505419608,674.3640770228777,65316000
1498615200,754.15997314,757.09997559,751.20001221,757.09997559,718.9774353698192,703.4468399874728,675.1873197946899,53175000
1498701600,759.13000488,763.14001465,758.94000244,761.21002197,720.4857420341114,704.7304662537512,676.0432670800163,48071000
1498788000,763.63000488,766.28997803,763,765.40997314,722.0901788593217,706.0788997401122,676.9324880358371,61310000
1499047200,765.52001953,770.55999756,765.52001953,765.79998779,723.6512434639887,707.4060350301097,677.8167417647343,63169000
1499133600,765.88000488,767.2800293,760.90002441,763.91998291,725.0894127299177,708.6619005385517,678.6734904328464,62773000
1499220000,764.90997314,765.86999512,761.2800293,765.86999512,726.545862100992,709.9331915292505,679.5411173451564,48991000
1499306400,768.79998779,771.13000488,768.36999512,770.58001709,728.1185104934566,711.2808987639338,680.4469770441101,65784000
1499392800,771.89001465,771.97998047,761.60998535,761.60998535,729.314634595476,712.3993229102908,681.2545691665567,72855000
1499652000,761.69000244,761.69000244,748.05999756,750.78997803,730.0816111467091,713.2524485796177,681.9464637821134,66981000
1499738400,750.40002441,753.20001221,743.13000488,752.75,730.891196462898,714.1301719445152,682.6509765803013,55321000
1499824800,756.08001709,758.7199707,752.27001953,757.57000732,731.844011136366,715.095501619526,683.3964395727361,49814000
1499911200,759.79998779,761.35998535,755.80999756,761.35998535,732.8981530725672,716.1236012579809,684.1721962471368,47469000
1499997600,762.77001953,764.5300293,759.01000977,759.9699707,733.8650037021183,717.0979650233592,684.9264029581105,46730000
1500256800,758.5300293,758.73999023,741.65997314,745.59002686,734.2837545291856,717.7311219530623,685.5300211063881,68033000
1500343200,739.25,743,733.59997559,741.32000732,734.5350492717147,718.2553194056609,686.0851453473196,54153000
1500429600,745.44000244,745.72998047,737.77001953,737.77001953,734.6505839237963,718.688979408424,686.599422702371,45713000
1500516000,735.45001221,736.64001465,732.08001709,736.64001465,734.7216350211606,719.0878913026812,687.0973390401584,47891000
1500602400,737.36999512,739.47998047,728.4699707,728.4699707,734.498361295405,719.296381955955,687.5090070168733,45318000
1500861600,727.57000732,730.85998535,723.45001221,729.53997803,734.3212761787834,719.5240174242671,687.9272256339193,31950000
1500948000,727.78997803,737.92999268,727.78997803,737.92999268,734.4501589109697,719.9330390966167,688.4247656045271,36618000
1501034400,739.67999268,745.84002686,736.34002686,745.78997803,734.8551524509351,720.5076377395807,688.9955637381139,43752000
1501120800,744.5,747.08001709,741.96002197,743.70001221,735.1710402994731,721.0230238389233,689.539886608481,34692000
1501207200,742.77001953,749.85998535,742.20001221,749.85998535,735.6956454798491,721.6638452058362,690.1400865959588,49465000
1501466400,748.88000488,756.23999023,747.60998535,756.23999023,736.4293720780688,722.432203984151,690.7977970798796,68479000
1501552800,755.5,758.80999756,754.64001465,758.35998535,737.212608266352,723.2305991256143,691.4700576596819,52335000
1501639200,753.84997559,759.52001953,750.75,756.03997803,737.8850143293395,723.9596964346006,692.1125444295358,60067000
1501725600,755.70001221,761.16998291,755.70001221,757.88000488,738.5991211347202,724.7134810667205,692.7669470210827,56565000
1501812000,757.78997803,761.44000244,757.78997803,761.44000244,739.414866895623,725.5296259861267,693.4502610053505,44276000
1502071200,762.13000488,766.11999512,761.20001221,763.08001709,740.2600508311365,726.3640791217683,694.1430943992276,43393000
1502157600,764.70001221,764.70001221,757.4699707,758.41998291,740.908619833953,727.0764325392846,694.7826654291855,43868000
1502244000,755.32000732,755.32000732,741.35998535,741.35998535,740.9247400309547,727.3938448239671,695.2461213487956,61760000
1502330400,737.7199707,745.34002686,737.7199707,743.41998291,741.0138558480635,727.749981225879,695.7254632548772,39796000
1502416800,742.17999268,746.41998291,739.29998779,744.98999023,741.1558606474183,728.1330925370817,696.2156575531371,44925000
1502676000,744.7199707,751.39001465,744.45001221,751.39001465,741.5213661475105,728.6499130284799,696.7646561312154,33528000
1502762400,752.13000488,752.25,744.92999268,746.07000732,741.6838176179566,729.0370262349581,697.2552566405565,33666000
1502848800,746.07000732,749.36999512,741.57000732,749.36999512,741.9583239573153,729.4888699879591,697.7738112522923,43684000
1502935200,749.34997559,750.58001709,743.20001221,743.20001221,742.0026699663398,729.7935620373378,698.2258132518714,46160000
1503021600,739.30999756,745.90997314,738.33001709,744.29998779,742.0847170314705,730.1159270540636,698.6842627497632,33252000
1503280800,744.22998047,744.96002197,741.67999268,743.65997314,742.1409761782037,730.4169058559733,699.1317822561338,29393000
1503367200,743.85998535,743.85998535,736.88000488,738.20001221,742.0002274650535,730.5898637749516,699.5205208626398,30051000
1503453600,739.46002197,743.09997559,736.71002197,743.09997559,742.0395041838016,730.8678662597305,699.9541472778375,26206000
1503540000,743.22998047,749.82000732,742.34002686,747.7199707,742.2423779879515,731.2423574695142,700.4294291029336,33631000
1503626400,746.86999512,751.14001465,746.86999512,751.14001465,742.5601507258818,731.6845276290805,700.9340120437004,32784000
1503885600,751.59002686,758.02001953,749.20001221,758.02001953,743.1122888974575,732.2697607824343,701.5020320186884,42764000
1503972000,757.84002686,758.76000977,754.59002686,754.59002686,743.5222081104054,732.7657666952691,702.0302707733283,44550000
1504058400,756.48999023,764.57000732,755.32000732,764.57000732,744.2739152250338,733.4725275980409,702.6525567091161,34232000
1504144800,765.4699707,772.90997314,764.2199707,770.08001709,745.1955617202111,734.2860273645289,703.323476712906,52331000
1504231200,770.9699707,774.76000977,770.39001465,774.05999756,746.2264344287751,735.1698933688726,704.0273226914841,35506000
1504576800,775.2800293,778.71002197,771.67999268,777.02001953,747.3262053252474,736.0998961724532,704.7536181824146,36893000
1504663200,776.86999512,777.98999023,772.63000488,776.9699707,748.3849112314886,737.0081200508431,705.4721888542314,36721000
1504749600,777.15997314,780.53997803,776,779.20001221,749.4854505521497,737.9457176543799,706.2057990368759,41322000
1504836000,780.61999512,786.84997559,780.17999268,784.73999023,750.74454125493,738.9855903782826,706.9872337751159,36355000
1505095200,785.05999756,789.5300293,779.58001709,779.58001709,751.7743796776111,739.8876887496541,707.7095500270053,37683000
1505181600,777.54998779,783.58001709,775.80999756,782.53997803,752.8731510473393,740.8355174003285,708.4541314001694,40953000
1505268000,785.46002197,786.96002197,783.55999756,786.42999268,754.0716096770772,741.848727962099,709.2300106168842,37973000
1505354400,786.82000732,793.15997314,786.82000732,789.40997314,755.3336940864673,742.9056445216079,710.0278211892535,40608000
1505440800,786.2199707,789.88000488,784.48999023,789.48999023,756.5535618058792,743.9408522040166,710.8184895379176,47588000
1505700000,792.15997314,795.32000732,789.83001709,793.70001221,757.8802207488835,745.0466113152606,711.643181305799,44590000
1505786400,794.15002441,797.53997803,792.67999268,792.67999268,759.1230697464234,746.1051309011438,712.4495177373831,42235000
1505872800,793.92999268,793.97998047,789.42999268,790.47998047,760.2429594151226,747.0912386693406,713.2259402521355,33853000
1505959200,790.46002197,791,786,786.40997314,761.1774956195826,747.9649883242441,713.954139584353,38420000
1506045600,786.51000977,791.65002441,785.98999023,789.70001221,762.1961569263832,748.8924332994832,714.7078298592351,37753000
1506304800,789.80999756,791.15997314,785.69000244,789.89001465,763.1852232736552,749.803490662828,715.4559112999392,35485000
1506391200,791.0300293,791.04998779,785.23999023,791.04998779,764.1803934349532,750.7200794878763,716.208091165512,45390000
1506477600,788.02001953,791.42999268,787.60998535,788.30999756,765.0421650108477,751.5554110005902,716.9255230699347,34119000
1506564000,788.15002441,795.95001221,788.15002441,790.75,765.960301974746,752.4264018672437,717.6600949796866,44994000
1506650400,791.40002441,797.26000977,791.40002441,792.7199707,766.9160044292194,753.3218145079717,718.4069594147146,36410000
1506909600,793.64001465,796.0300293,790.36999512,790.70001221,767.7654332785329,754.1524411235723,719.1262932733741,28269000
1506996000,791.71002197,793.19000244,785.09997559,787.02001953,768.4530970732282,754.8828317548263,719.8018527386142,35764000
1507082400,786.16998291,795.76000977,786.11999512,795.76000977,769.4283439552557,755.7912134884969,720.5576552961404,30910000
1507168800,797.40997314,801.35998535,796.71002197,797.41998291,770.4280453464966,756.7162972534192,721.3224545758803,48802000
1507255200,797.82000732,800.72998047,796.22998047,800.41998291,771.4991859737645,757.6874902680098,722.1094946588069,35234000
1507514400,802.89001465,803.22998047,798.96002197,801.48999023,772.5702861257729,758.6608791560541,722.8993503361321,36338000
1507600800,800.22998047,805.29998779,798.63000488,805.29998779,773.7392040423524,759.697303792364,723.7192571764691,38305000
1507687200,804.84002686,810.11999512,804.47998047,806.83001709,774.9210187940541,760.7446974212004,724.5462299119272,51017000
1507773600,807.63000488,813.21002197,806.65002441,809.59997559,776.1595529653379,761.830370269396,725.3925358390721,43691000
1507860000,807.90002441,815.4699707,807.45001221,815.4699707,777.5634964558615,763.0223613900761,726.2888287232605,36086000
1508119200,815.27001953,817.7199707,811.39001465,811.84997559,778.788013567795,764.1074194834077,727.1401834184519,43241000
1508205600,811.72998047,818.47998047,811.23999023,818.47998047,780.2055838143024,765.3156986164431,728.0490371204573,47569000
1508292000,819.35998535,821.28997803,815.05999756,816.84002686,781.5139567802202,766.4606836885222,728.9325295556766,54134000
1508378400,817.61999512,821.08001709,815.28997803,817.39001465,782.7952445612838,767.5924465987772,729.8127035367147,46207000
1508464800,816.98999023,821.53997803,813.38000488,813.98999023,783.9093426208808,768.6235031239155,730.6502884789364,47718000
1508724000,811.48999023,813.22998047,806.58001709,809.35998535,784.8182941469208,769.5287582844951,731.43346954233,43372000
1508810400,807.59997559,815.23999023,804.42999268,815.23999023,785.904783292745,770.5445634388396,732.2673652705656,33008000
1508896800,816.04998779,821.60998535,812.97998047,821.45001221,787.1742557540756,771.6757956337543,733.154754792351,33405000
1508983200,820.01000977,825.90002441,815.15997314,822.5300293,788.4369619521443,772.8058897152265,734.0440610063574,38747000
1509069600,823.15997314,834.90997314,820.15997314,834.90997314,790.0967123517106,774.1859804579992,735.0477019231101,37048000
1509328800,835.33001709,841.32000732,835.33001709,837.52001953,791.7904018937924,775.5934035484881,736.067326973925,51098000
1509415200,836.65002441,839.78997803,829.7199707,831.61999512,793.2128873661569,776.8384389167439,737.0180997912988,38090000
1509501600,832.09997559,835.44000244,831.63000488,835.38000488,794.7188558487942,778.1393626048163,737.996825215067,47546000
1509588000,835.35998535,843.34002686,826.71002197,827.65997314,795.8953243234802,779.2398206167093,738.8889958411858,48545000
1509674400,828.44000244,840.03997803,826.59002686,840.03997803,797.471919098713,780.5909352258935,739.8954732759004,41463000
1509933600,842.90997314,845.66998291,839.88000488,844.72998047,799.1597070048304,782.0162473424292,740.9386027007173,50114000
1510020000,846.16998291,850.69000244,842.66998291,846.0300293,800.8336470868007,783.4387758303752,741.984288537526,48624000
1510106400,849.55999756,856.4699707,848.22998047,853.57000732,802.7170885237007,784.9972476412557,743.0945941970531,60191000
1510192800,857.26000977,858.92999268,852.05999756,853.04998779,804.5146920689257,786.5095307556722,744.1886777153909,48699000
1510279200,850.25,861.35998535,850.09997559,858.54998779,806.444524058964,788.1104298008795,745.3266011987204,59484000
1510538400,861,868.58001709,861,868.10998535,808.6468619622153,789.8881977019711,746.548326414156,56424000
1510624800,868.59002686,873.73999023,861.96002197,871.08001709,810.8766175024933,791.6924603550384,747.7874477144131,55709000
1510711200,870.84997559,880.7199707,868.75,877.58001709,813.2588817734758,793.6010727269264,749.0789160664091,53388000
1510797600,875.20001221,890.01000977,875.20001221,890.01000977,815.9999934876373,795.7434935501059,750.4812155062458,57892000
1510884000,890.48999023,897.39001465,882.80999756,887.40997314,818.5503499037932,797.7805264298813,751.8436907065817,53202000
1511143200,886.48999023,899.30999756,883.70001221,899.30999756,821.434623034372,800.0367368994395,753.3110171429341,46447000
1511229600,902.76000977,923.57000732,902.76000977,910.53997803,824.6169571413586,802.4923644801186,754.8754844154422,73809000
1511316000,912.46002197,922.17999268,909.95001221,922.17999268,828.1013512677387,805.152089551227,756.5402058907115,71918000
1511402400,926.83001709,933.45001221,916.60998535,922.91998291,831.487730969248,807.7691538480886,758.1957260600576,68970000
1511488800,920.32000732,928.40997314,914.95001221,926.21002197,834.8706699335605,810.4011731396866,759.8675100989625,57990000
1511748000,923.79998779,939.35998535,923,930.90002441,838.3002897362906,813.078925390138,761.5693261617589,61673000
1511834400,931.21002197,935.9699707,926.11999512,935.73999023,841.7802790396373,815.8047268310238,763.3023675952737,54896000
1511920800,938.17999268,946.54998779,934.64001465,946.54998779,845.5220543521502,818.7101770745566,765.1257270001963,67067000
1512007200,951.05999756,955.16998291,943.04998779,943.04998779,849.0051948320735,821.4732839793442,766.8961176548212,70834000
1512093600,943.08001709,953.2199707,943.08001709,952.46002197,852.7000100869994,824.3841003791365,768.7425246629324,49064000
1512352800,954.30999756,968.5300293,954.30999756,966.44000244,856.7621526710352,827.5408982027112,770.7096637452913,76805000
1512439200,968.58001709,970.34997559,944.07000732,944.07000732,859.8802903370697,830.1304339608732,772.4346422883233,80813000
1512525600,940.82000732,941.32000732,919.98999023,939.05999756,862.708137023603,832.5510909297427,774.0926060223699,75799000
1512612000,942.07000732,945.52001953,923.22998047,928.73999023,865.06641749526,834.688622025304,775.6313859647344,50049000
1512698400,928.32000732,935.51000977,920.9699707,930.25,867.394402584715,836.8122082025194,777.169879636727,43797000
1512957600,928.39001465,928.39001465,908.28997803,908.28997803,868.854958850618,838.4006030875745,778.47455723268,49025000
1513044000,919.03997803,922.23999023,883.52001953,914.82000732,870.4965677245245,840.0988120705173,779.8312283778275,73926000
1513130400,919.58001709,920.38000488,911.01000977,913.33001709,872.0263337732915,841.7261721820613,781.1595745341675,39787000
1513216800,913.29998779,928.21002197,913.29998779,928.21002197,874.0328940660311,843.6480355106821,782.6227630658674,34121000
1513303200,925.65002441,933.09002686,925.20001221,926.70001221,875.9138625711728,845.4936349928892,784.0563675349632,61768000
1513562400,937.80999756,950.80999756,937.64001465,950.80999756,878.5887245350594,847.8339986054916,785.7156076347148,52512000
1513648800,955.98999023,959.33001709,947.23999023,947.61999512,881.0541270559502,850.0514651947029,787.3265965649167,55559000
1513735200,947.51000977,954.96002197,942.07000732,948.7800293,883.472909278952,852.2454332859318,788.9330983831762,52767000
1513821600,944.90002441,953.26000977,936.5300293,936.5300293,885.3678064225609,854.1184243084666,790.4017245614531,50097000
1513908000,939.47998047,946.01000977,937.75,945.88000488,887.5289563674694,856.1575705433896,791.9487721268117,49827000
1514167200,947.05999756,950.64001465,944.77001953,949.2800293,889.7343518293455,858.2269585157587,793.5142572728136,34740000
1514253600,951.27001953,955.80999756,948.67999268,955.72998047,892.0913385665118,860.3936923369641,795.1283440707955,43576000
1514340000,957.76000977,962.33001709,955.14001465,958.02001953,894.4459343152079,862.5631662745872,796.7491567619319,65129000
1514426400,960.38000488,968.40002441,957.19000244,966.90997314,897.0339357018075,864.8819842049297,798.4422992134549,54598000
1514512800,968.2800293,980.4699707,967.20001221,975.52001953,899.837010124243,867.3406072121535,800.2042665797887,65828000
1514858400,977.20001221,992.7199707,975.48999023,992.7199707,903.1542587162343,870.1268152896612,802.1198457252635,74433000
1514944800,996.22998047,1011.84002686,995.73999023,1004.65997314,906.7794628027973,873.1164410196687,804.1351703761565,86286000
1515031200,1007.59997559,1014.16998291,1006.96002197,1014.15002441,910.6141257173402,876.250520650565,806.2248704162942,91543000
1515117600,1014.41998291,1014.41998291,1005.09997559,1007.72998047,914.0825491013638,879.1722864243302,808.2298963869778,86905000
1515376800,1006.25,1023.5,1000.28997803,1023.5,917.9903152048865,882.379568948234,810.3718874677044,107212000
1515463200,1028.05004883,1040.57995605,1019.52001953,1039.64001465,922.3349473279263,885.8742455193843,812.6531623650407,121153000
1515549600,1040.60998535,1047.58996582,1033.54003906,1039.69995117,926.5265546080004,889.2925945338425,814.9123343929507,143073000
1515636000,1039.69995117,1050.22998047,1031.43005371,1047.19995117,930.836318770929,892.8016469035349,817.2236539628716,92977000
1515722400,1050.07995605,1058.19995117,1044.84997559,1049.85998535,935.0871640058958,896.2918322023453,819.5384433299078,125706000
1515981600,1050.34997559,1063.10998535,1042.64001465,1063.10998535,939.6594076253281,899.9989022722932,821.9620407629435,105735000
1516068000,1056.94995117,1063.45996094,1047.90002441,1061.7800293,944.0208583994234,903.5940384284645,824.3482894051033,117058000
1516154400,1060.35998535,1061.48999023,1030,1030,947.0915420280155,906.4030597967209,826.3945750826645,109084000
1516240800,1028.39001465,1048.56005859,1013.10998535,1048.56005859,950.7154176195149,909.5621042143493,828.6051769086081,105766000
1516327200,1050.01000977,1062.13000488,1046.92004395,1053.4699707,954.3852230866751,912.7600568029194,830.8426375433484,113278000
1516586400,1059.19995117,1084.08996582,1059.18994141,1082.70996094,958.9682494385795,916.536721339299,833.3487800647081,91783000
1516672800,1059.19995117,1084.08996582,1059.18994141,1082.70996094,963.3875962779159,920.2294599970924,835.8299858445617,91783000
1516845600,1093.48999023,1109.97998047,1088.68994141,1095.52001953,968.1066113940618,924.1248057644904,838.4139662792427,174651000
1516932000,1096.08996582,1112.58996582,1088,1104.42004395,972.9749482710596,928.1313666130573,841.0607929227328,94376000
1517191200,1108.97998047,1118.07995605,1095.75,1096.7800293,977.3965583078075,931.8791146727671,843.605262936437,108388000
1517277600,1087.56994629,1099.16003418,1078.97998047,1099.16003418,981.7452538746714,935.5964684395944,846.1480964811491,105161000
1517364000,1097.38000488,1113.36999512,1094.77001953,1095.90002441,985.8222099652189,939.1587696833813,848.6331902913864,104403000
1517450400,1098.30004883,1098.30004883,1076.08996582,1086.90002441,989.4321319096754,942.4419086773061,851.0040045612234,84195000
1517536800,1087.23999023,1090.40002441,1075.65002441,1090.40002441,993.0381280704013,945.7298668046992,853.3860545099674,66558000
1517796000,1081.69995117,1081.69995117,1035.02001953,1035.02001953,994.5374813368155,947.714092420817,855.1933576444951,92445000
1517882400,1013.70001221,1015.55999756,969.01000977,1007.7199707,995.0082845283578,949.0475563825767,856.7110353863409,144851000
1517968800,1034.76000977,1040.22998047,1025.30004883,1030.91003418,996.2904898730593,950.8667225558527,858.444358757422,64846000
1518055200,1024.13000488,1031.97998047,1013.55999756,1013.55999756,996.9072580047358,952.2599064448337,859.9877979494875,45313000
1518141600,983.59997559,996.77001953,966.7800293,996.77001953,996.9023566306381,953.2490200689485,861.3488150796418,64742000
1518400800,1001.70001221,1034.76000977,1001.70001221,1034.76000977,998.2544156713296,955.0603753956385,863.0742996039239,56578000
1518487200,1043.43994141,1055.85998535,1043.43994141,1054.08996582,1000.2485424623536,957.2610329606243,864.9749529991087,52962000
1519178400,1064.55004883,1081.81994629,1063.72998047,1075.4699707,1002.9350220422696,959.8878982437216,867.0694307871773,74173000
1519264800,1068.83996582,1078.47998047,1063.45996094,1064.2800293,1005.1259151586171,962.2077233783056,869.0317252997428,85113000
1519351200,1073.56005859,1089.95996094,1068.75,1089.95996094,1008.1557025079522,965.0466619907877,871.2300162016359,85271000
1519610400,1101.66003418,1113.01000977,1099.70996094,1099.70996094,1011.4254974519539,968.0391797452146,873.5034484875897,97630000
1519696800,1108.86999512,1110.10998535,1094.17004395,1106.08996582,1014.8063713222413,971.106974991321,875.8177421923898,76581000
1519783200,1096.30004883,1113.58996582,1095.97998047,1108.22998047,1018.142928791804,974.1541528908472,878.1303017772417,102126000
1519869600,1106.0300293,1116.79003906,1098.51000977,1105.83996582,1021.2749658285253,977.0805042892728,880.3960695786621,94021000
1519956000,1095.31005859,1109.51000977,1092.18005371,1106.92004395,1024.333718618578,979.9658273928445,882.6500394729043,73543000
1520215200,1113.70996094,1116.80004883,1080.82995605,1080.82995605,1026.3514413839857,982.2072524741146,884.621978941333,105070000
1520301600,1091.97998047,1103.31005859,1075.7800293,1103.31005859,1029.0999634270577,984.8984259433565,886.7979797338571,74499000
1520388000,1102.84997559,1106.89001465,1084.5300293,1092.17004395,1031.352466302877,987.2822396768375,888.8414828603859,71109000
1520474400,1092.29003906,1109.29003906,1091.69995117,1105.0300293,1033.9838078384885,989.8988572240189,890.9926126757055,48218000
1520560800,1107.82995605,1117.90002441,1102.06994629,1106.54003906,1036.5751018106853,992.4908834870407,893.1373631869919,65730000
1520820000,1106.54003906,1116.38000488,1104.84997559,1106.9699707,1039.089204271018,995.0348632028843,895.2650508239373,73670000
1520906400,1106.9699707,1112.97998047,1098.57995605,1111.38000488,1041.6710185784816,997.6203107957091,897.4154483767339,77315000
1520992800,1111.57995605,1121.73999023,1111.57995605,1115,1044.2899107721073,1000.2287483335822,899.5804687908958,84857000
1521079200,1114.89001465,1114.90002441,1105.26000977,1110.26000977,1046.6459857363177,1002.6738874766137,901.6767826314839,72267000
1521165600,1112.43994141,1118.35998535,1109.84997559,1112.93005371,1049.013273878235,1005.1240245040223,903.7788052292801,108042000
1521424800,1117.13000488,1134.75,1117.13000488,1130.26000977,1051.9149430172265,1007.9048241765995,906.0323495530683,72805000
1521511200,1130.08996582,1139.22998047,1126,1134.18994141,1054.8533358169684,1010.7111601151195,908.3025743476646,69643000
1521597600,1134.79003906,1148.64001465,1134.79003906,1147.26000977,1058.1535741724338,1013.7455789963391,910.680260272265,77056000
1521684000,1147.90002441,1159.36999512,1144.43994141,1144.57995605,1061.240230668061,1016.6530095975315,913.0076204292574,71823000
1521770400,1144.18005371,1144.18005371,1113.69995117,1128.93005371,1063.6577243481304,1019.1480550222531,915.1561023524489,95733000
1522029600,1129.05004883,1151.31994629,1123.90002441,1146.72998047,1066.624590638197,1021.9832089210919,917.4603200451609,69781000
1522116000,1146.85998535,1162.34997559,1146.85998535,1150.30004883,1069.6129998593328,1024.834694252401,919.7771332669006,60426000
1522202400,1150.32995605,1158.75,1144.70996094,1151.08996582,1072.5228915007851,1027.6403669539031,922.0787534913095,41767000
1522288800,1151.65002441,1155.65002441,1141.65002441,1144.73999023,1075.102073598257,1030.2425808044832,924.2942881852268,39961000
1522375200,1144.73999023,1154.58996582,1136.19995117,1153.07995605,1077.8869979715334,1032.9723002543835,926.570762492339,49197000
1522634400,1153.10998535,1174.13000488,1153.10998535,1171.20996094,1081.219960934693,1036.0442482696194,929.0049833724153,64577000
1522720800,1171.89001465,1173.18005371,1156.91003418,1160.9699707,1084.0681755691683,1038.820375434739,931.3130926990578,73015000
1522807200,1161.23999023,1176.2199707,1161.23999023,1165.75,1086.9853835845552,1041.6410337584114,933.6457982443409,59706000
1522893600,1165.75,1175.64001465,1163.76000977,1169.11999512,1089.918762567964,1044.4738995664466,935.9888250789246,49974000
1522980000,1169.11999512,1180.59997559,1169.11999512,1174.36999512,1092.934878016251,1047.3604794676367,938.3607770196318,74391000
1523239200,1174.02001953,1181.57995605,1169.56005859,1177.68005371,1095.961491433885,1050.2564700063558,940.7420633548593,79978000
1523325600,1177.68005371,1185.06005859,1161.70996094,1168.06005859,1098.536440260889,1052.8743275304369,943.003933954214,77682000
1523412000,1168.41003418,1172.43994141,1137.19995117,1137.19995117,1099.9172799362145,1054.7482302779827,944.936232632978,87627000
1523498400,1136.76000977,1143.5,1121.4699707,1143.5,1101.4738056527783,1056.7204918273608,946.9119915122518,63713000
1523584800,1146.67004395,1153.94995117,1131.60998535,1134.20996094,1102.6429540558934,1058.4424800298639,948.7756528995926,64877000
1523844000,1133,1136.80004883,1122.26000977,1128.0300293,1103.5496353146114,1059.9888700136446,950.5592785354175,49042000
1523930400,1128.10998535,1136.17004395,1119.69995117,1130.31994629,1104.5057178494467,1061.5517828197858,952.3479418961597,47628000
1524016800,1131.56005859,1136.97998047,1115.18005371,1115.69995117,1104.9055118966094,1062.7550754497906,953.9733350232626,45880000
1524103200,1114.97998047,1115,1066.08996582,1066.08996582,1103.5192423938734,1062.8291841246842,955.0889233893993,75221000
1524189600,1066.32995605,1089.61999512,1047.70996094,1089.44995117,1103.0167677073064,1063.4207567256913,956.4258490389575,56318000
1524448800,1091.18005371,1098.57995605,1055.36999512,1055.36999512,1101.3150972577598,1063.2418509122315,957.4103679054356,67287000
1524535200,1055.23999023,1060.92004395,1027.73999023,1053.98999023,1099.6249148639113,1063.036254008182,958.3713591723466,67320000
1524708000,1055.94995117,1057.19995117,1011.51000977,1018.9699707,1096.7443811437715,1062.057003268,958.9743304313282,78320000
1524794400,1018.05999756,1029.35998535,1007.39001465,1027.9699707,1094.288152199351,1061.2995136553777,959.660854215096,60637000
1525226400,1029.76000977,1033.19995117,1009.97998047,1012.84002686,1091.3792905800885,1060.222636171036,960.1900002115627,57650000
1525312800,1011.83001709,1012.11999512,989,1010.34997559,1088.4853864732997,1059.1143548247906,960.689104444184,74959000
1525399200,1012.44000244,1023.15997314,1006.98999023,1010.89001465,1085.7141231938963,1058.0427028209062,961.1886159885204,46195000
1525658400,1010.98999023,1048.0300293,1010.98999023,1048.0300293,1084.3682626976856,1057.820198964886,962.0527096533112,52321000
1525744800,1047.88000488,1059.68005371,1042.58996582,1047.82995605,1083.063323174554,1057.5981935667774,962.9062145925818,53713000
1525831200,1047.82995605,1058.08996582,1037.09997559,1046.39001465,1081.75356215582,1057.3491229241822,963.7368991702675,41449000
1525917600,1046.90002441,1047.5,1009.78997803,1019.69000244,1079.5370064516835,1056.5122535800892,964.2936464664838,59664000
1526004000,1019.69000244,1031.77001953,1003.4699707,1030.79003906,1077.796043330552,1055.9406488129762,964.9553021141804,55926000
1526263200,1031.18005371,1051.44995117,1029.92004395,1051.44995117,1076.8551114676752,1055.8408555320211,965.8159453883677,43655000
1526349600,1055.81994629,1067.60998535,1052.16003418,1055.48999023,1076.0920714234726,1055.8330585253095,966.7082244415183,47145000
1526436000,1055.31005859,1055.31005859,1031.32995605,1034.30004883,1074.5994991879913,1055.354547198747,967.3807799080703,39849000
1526522400,1034.19995117,1035.44995117,1007.09002686,1007.09002686,1072.1884466048489,1054.2820023023305,967.7758967931641,42808000
1526608800,1007.04998779,1023.22998047,989.20001221,1022.21002197,1070.40350286789,1053.5692916282787,968.3175298795007,46157000
1526868000,1023.2800293,1027.84997559,997.21002197,997.21002197,1067.7894499786796,1052.3168634136503,968.6050173629883,40481000
1526954400,996.19000244,996.19000244,947.70001221,958.95001221,1063.9023272012269,1050.2420444980137,968.5089476599735,64673000
1527040800,957.7199707,973.07000732,945.01000977,968.53997803,1060.49652901654,1048.4264430209466,968.5092564198743,52817000
1527127200,968.92999268,974.16998291,951.16998291,960.54998779,1056.9270096870207,1046.4736329047034,968.4300597170895,43996000
1527213600,958.73999023,960.57000732,936.32000732,936.32000732,1052.6196167453413,1044.0257745583767,968.1105567081632,49219000
1527472800,932,932,894.30999756,898,1047.0974875758648,1040.7807573459684,967.41293922848,73635000
1527559200,897.13000488,932.82000732,881.90997314,924.90002441,1042.733292462798,1038.2056299473913,966.9899251506841,64474000
1527645600,924.90002441,925.17999268,902,918.64001465,1038.3013896837697,1035.548616274116,966.5088315138614,53179000
1527732000,917.94000244,950.48999023,914.57000732,947.30999756,1035.0516971079207,1033.587758080469,966.3177983401912,67378000
1527818400,949.13000488,970.80999756,948.69000244,969.15002441,1032.698065940138,1032.1558084433475,966.3459796941196,68485000
1528077600,970.80999756,997,970.80999756,996.66998291,1031.4113486890615,1031.3672345426064,966.647711069402,59532000
1528164000,996.66998291,1008.83001709,996.15002441,1007.32000732,1030.5509436401665,1030.8328517154373,967.0524105345821,65885000
1528250400,1007.51000977,1023.38000488,995.28997803,1022.7199707,1030.2712660351606,1030.6525654706497,967.6063166058798,60797000
1528336800,1023.95001221,1034.7199707,1020.77001953,1026.75,1030.1455065339048,1030.5658417935242,968.1948109680103,60336000
1528423200,1026.76000977,1028.42004395,1017.90002441,1025.86999512,1029.992809697694,1030.4614896452238,968.7686933973833,46070000
1528682400,1025.70996094,1034.84997559,1016.2199707,1024.84997559,1029.8091370509906,1030.3367893328855,969.3267161057676,49971000
1528768800,1021.02001953,1021.02001953,989.5300293,1008.76000977,1029.0573825052409,1029.8573053425991,969.7190871870037,79034000
1528855200,1008.32000732,1019.32000732,1005.58001709,1018.59002686,1028.6835483750538,1029.6069213763192,970.2053651937001,34757000
1528941600,1018.07000732,1022.95001221,1004.30999756,1004.30999756,1027.8130644173732,1029.0447675137343,970.5447147694842,43470000
1529028000,1004.14001465,1005.71002197,994.38000488,1005.03997803,1026.9997399035385,1028.511327747429,970.8879512198376,55844000
1529287200,1004.9699707,1006.58001709,970.34997559,970.34997559,1024.9765340351978,1027.2188532550417,970.882598228496,51490000
1529373600,970.05999756,970.05999756,919.09002686,945.10998535,1022.1241572964408,1025.3942117460408,970.6261543192572,87420000
1529460000,945.29998779,966.85998535,936.83001709,966.85998535,1020.1504368697822,1024.0934511594621,970.5886800011551,39847000
1529546400,966.90997314,966.90997314,950.05999756,955.75,1017.85042126729,1022.574707800363,970.4410314439297,30312000
1529632800,954.70001221,974.41998291,945.59002686,973.04998779,1016.2504057859583,1021.4741584667993,970.4669912085672,39415000
1529892000,973.45001221,989.17999268,973.45001221,982.09002686,1015.0303922528883,1020.5989555422037,970.5826433046013,34365000
1529978400,981.9699707,981.9699707,959.28997803,973.90002441,1013.5614505442137,1019.5612015170436,970.6156520718192,24306000
1530064800,973.89001465,976.92999268,961.28997803,961.28997803,1011.6946122401347,1018.2662854395538,970.5228592952838,31801000
1530151200,962.92999268,967.2800293,943.11999512,947.0300293,1009.3851628494156,1016.6832575253416,970.2890997928431,47414000
1530237600,947.0300293,951.73999023,939.70001221,947.54998779,1007.1767637401507,1015.146962642334,970.0628399719193,35643000
1530496800,945.94000244,945.94000244,917.79998779,930.11999512,1004.424736289431,1013.257474475171,969.6653987296116,54616000
1530583200,930.11999512,931.11999512,891.9699707,891.9699707,1000.4084946612371,1010.5621966135005,968.8923098934961,67909000
1530669600,892.01000977,901.64001465,880.36999512,900.89001465,996.8542632322643,1008.1250370143116,968.2156701398294,44416000
1530756000,901.25,905.51000977,875.16998291,883.77001953,992.8155402428978,1005.361592181327,967.3754149098809,44755000
1530842400,880.16998291,910.14001465,870.34002686,905.61999512,989.7014136313658,1003.1451122466308,966.7609331209268,58313000
1531101600,905.9699707,916.84002686,896.78997803,898.72998047,986.4524338756027,1000.8247759849279,966.0840082189275,40288000
1531188000,898.09002686,906.25,897.96002197,897.96002197,983.2919905932597,998.5388925623739,965.4061576094854,33123000
1531274400,894.15997314,894.15997314,871.2199707,881.14001465,979.6437057381432,995.9300286087656,964.5676885253114,53413000
1531360800,877.67999268,893.15002441,870.5300293,883.86999512,976.2232160732095,993.4398056423486,963.7647264018755,33200000
1531447200,886.16998291,902.14001465,886.16998291,899.45001221,973.4813159352377,991.3511435660741,963.1247789969811,38297000
1531706400,901.67999268,910.82000732,897.0300293,904.17999268,971.0062686761221,989.4140068797169,962.538263710245,36481000
1531792800,903.86999512,915.5300293,892.39001465,915.5300293,969.0249744126892,987.7721407112788,962.0705200842724,44273000
1531879200,915.69000244,935.41998291,915.22998047,935.41998291,967.824796144736,986.6087594268059,961.8053406099016,54821000
1531965600,935.53997803,946.39001465,934.20001221,941.09002686,966.8699829559954,985.5972320364325,961.5992180850269,47893000
1532052000,941.09002686,941.40997314,926.5,926.5,965.4281978504241,984.2839602134006,961.2499721339321,56213000
1532311200,927.01000977,945.13000488,926.55999756,931.30999756,964.2096906971947,983.106761043325,960.9520619391667,64550000
1532397600,931.20001221,932.83001709,916.19000244,923.5300293,962.7568456472949,981.7828336712512,960.5797034054436,52019000
1532484000,923.54998779,931.54998779,915.67999268,915.67999268,961.0755294698915,980.3138816492234,960.1329401146432,46046000
1532570400,915.70001221,921.33001709,907.59997559,921.33001709,959.6560468848954,979.0031291034629,959.7468413780796,45645000
1532656800,923.02001953,930.57000732,918.36999512,927.19000244,958.4965452975778,977.8517262887193,959.4228927319296,42562000
1532916000,927.35998535,940.25,927.35998535,939.59997559,957.8216678080214,977.0016873843033,959.2256497752934,49711000
1533002400,938.72998047,948.38000488,934.39001465,944.38000488,957.341608417735,976.27676110643,959.0779319156387,60275000
1533088800,944.30999756,947.08001709,935.63000488,939.30999756,956.697622315673,975.4552774720648,958.8812360514034,46102000
1533175200,939.84997559,939.84997559,924.38000488,937.85998535,956.024849566899,974.619826536019,958.6720693777577,51675000
1533261600,938.51000977,949.92999268,938.51000977,941.11999512,955.4925333366526,973.8753858378852,958.4974218727053,43963000
1533520800,941.13000488,943.97998047,935.75,939.84002686,954.9335152482007,973.1190445272656,958.3117761511859,40725000
1533607200,939.80999756,941.63000488,933.77001953,936.91998291,954.2901748075507,972.3146209357708,958.0989224870945,41887000
1533693600,937.69000244,946.07000732,937.58001709,945.89001465,953.9901690876382,971.7274074627537,957.9774408170737,42895000
1533780000,945.7800293,954.38000488,942.83001709,943.90997314,953.6301620895082,971.1092422555814,957.8374660143168,60492000
1533866400,942.84997559,948.69000244,936.44000244,948.32000732,953.4405137048828,970.6028148125685,957.7427649327813,42915000
1534125600,946.75,960.02001953,941.95001221,960.02001953,953.6754960557798,970.367641584067,957.7654241825048,82537000
1534212000,960.28997803,968.61999512,959.22998047,965.59997559,954.1013703248591,970.2616934508654,957.8433799179028,57362000
1534298400,965.60998535,969.79998779,947.7800293,947.82000732,953.8770359318285,969.762989314624,957.7436448671774,62334000
1534384800,946.90997314,950.17999268,932.27001953,950.17999268,953.7449986728346,969.3278116116323,957.6683846464094,63716000
1534471200,950.17999268,959.39001465,949.22998047,949.22998047,953.5837480227334,968.8811931418182,957.5844204257486,45072000
1534730400,949.22998047,952.15997314,942.33001709,945.65002441,953.30040075085,968.3649449477779,957.4656702166367,55600000
1534816800,946.54998779,955.27001953,944.88000488,955.27001953,953.3707442786769,968.0739466051606,957.4438229461229,47813000
1534903200,956,963.16998291,956,959.63000488,953.5942893001527,967.8863034557126,957.4655760001913,50598000
1534989600,960.09002686,963.90997314,957.97998047,960.94000244,953.8566361980044,967.731941210919,957.5001474075525,42646000
1535076000,960.2199707,963.09002686,955.15997314,960.41998291,954.0910414377184,967.5694532486764,957.5292004971291,56892000
1535335200,960.42999268,969.9699707,960.42999268,966.54998779,954.5360038074427,967.5467984607058,957.61895957467,64177000
1535421600,966.34002686,972.40002441,966.34002686,971.01000977,955.1243611632484,967.6237587120235,957.7522038552206,60470000
1535508000,971.11999512,972.32000732,964,964.98999023,955.4767050584895,967.5652305235341,957.824221630094,44588000
1535594400,964.98999023,975.42999268,960.85998535,975.42999268,956.1893224735435,967.7400030159,957.9994034315856,54010000
1535680800,975.47998047,979.10998535,969.22998047,969.22998047,956.6550602591312,967.7731136259911,958.1111504667937,59641000
1536026400,969.22998047,971.29998779,951.14001465,951.14001465,956.4580943445194,967.4034892043023,958.0417859313031,51818000
1536112800,951.09002686,953.36999512,938.5300293,941,955.9060195465008,966.8167449997622,957.8722159220364,53503000
1536199200,941,944.72998047,931.98999023,932.11999512,955.0565186741258,966.0457061135453,957.615974919031,45113000
1536285600,932.09997559,945.59002686,931.19000244,945.59002686,954.7184296807641,965.5911354634665,957.4963137443143,46814000
1536544800,945.03997803,948.30999756,942.67999268,943.30999756,954.3109856764511,965.0959990656116,957.355156369346,50012000
1536631200,943.66998291,959.09002686,940.7800293,958.90997314,954.4752352287206,964.9585318228203,957.3706271829843,47924000
1536717600,959.20001221,967.7800293,958.66998291,958.66998291,954.6250476459091,964.8187862914243,957.3835560956909,55985000
1536804000,958.63000488,963.7199707,955.64001465,957.16998291,954.7159381910552,964.6488128829483,957.3814309893656,48964000
1536890400,958.01000977,965.22998047,958.01000977,960.33001709,954.9164410088747,964.552839643105,957.4107701545461,57050000
1537149600,960.33001709,960.94000244,951.38000488,953.78997803,954.8762101882006,964.3136649405916,957.3747423722123,43726000
1537236000,953.45001221,959.75,945.92999268,959.75,955.0502741100506,964.212250164134,957.3983767764688,58886000
1537322400,960.01000977,969.34002686,960.01000977,962.70001221,955.3234790421917,964.1786448762645,957.4511293678472,66979000
1537408800,962.70001221,971.47998047,962.26000977,971.17999268,955.8897831006849,964.3342303830142,957.5877349729433,56331000
1537495200,971.11999512,978.77001953,968.72998047,974.42999268,956.5519334428033,964.5585806562806,957.7553196267448,117097000
1537754400,974.4699707,986.29998779,974.4699707,985.59002686,957.5890082077032,965.0259461274743,958.0322818877722,55248000
1537840800,985.57000732,988.22998047,980.44000244,985.10998535,958.5719002484994,965.4722581101971,958.3017117729685,53104000
1537927200,985.26000977,989.53997803,980.79998779,984.39001465,959.4939757628388,965.8926526999705,958.5612968762225,60311000
1538013600,985.2800293,992.09997559,984.15002441,989.45001221,960.5638342073803,966.4161495779712,958.8686472775536,51373000
1538100000,989.97998047,996.59997559,989.97998047,994.72998047,961.7840537167596,967.0453458200162,959.225476463548,89440000
1538359200,994.76000977,1001.14001465,990,990.40997314,962.8064079818753,967.5645597604603,959.5357699628162,81255000
1538445600,990.26000977,992.77001953,984.53997803,987.88000488,963.7018935853797,968.01601409645,959.8178021510469,66204000
1538532000,987.46002197,992.86999512,986.15997314,990.59997559,964.662539371259,968.5178799074178,960.1240924340216,57100000
1538618400,990.48999023,993.7800293,989.05999756,993.60998535,965.6963767276426,969.0754822505862,960.4572853983597,74039000
1538704800,993.60998535,993.60998535,980.75,980.75,966.2340061302268,969.334915978351,960.659202956585,74564000
1538964000,979.27001953,979.27001953,968.60998535,970.2800293,966.3785069577187,969.3559184966099,960.7549325719424,71308000
1539050400,970.21002197,974.28997803,966.67999268,967.36999512,966.4139172492288,969.3117868660186,960.8207540898335,63817000
1539136800,967.36999512,970.51000977,961.70001221,966.27001953,966.4087780449706,969.2441920363293,960.8749756365019,63521000
1539223200,959.11999512,959.11999512,911.69000244,920.02001953,964.7520366694359,968.1503215361887,960.4684586603178,136876000
1539309600,918.83001709,943.72998047,908.73999023,943.48999023,963.9926778680275,967.602314173829,960.2995186759365,78655000
1539568800,943.51000977,943.61999512,927.59997559,928.54998779,962.7268675080979,966.7344846986327,959.9836029457282,41833000
1539655200,928.46002197,939.40997314,926.96002197,939.40997314,961.8941212806659,966.1272733306631,959.7788902113429,42664000
1539741600,940.28997803,949.40997314,940.28997803,945.90997314,961.3232588470707,965.6779999930928,959.6408910365036,51483000
1539828000,945.91998291,945.91998291,936.2199707,937.53997803,960.4738559607468,965.0527106161352,959.4209814543493,45080000
1539914400,937.4699707,937.4699707,920.2800293,931.69000244,959.4458611921488,964.3113171011099,959.1450513149031,47143000
1540173600,931.65997314,938.02001953,922.75,922.75,958.1352947210006,963.3877322766408,958.7829115008244,41145000
1540260000,919.48999023,919.48999023,893.34002686,908,956.3447484809649,962.1568937816044,958.2776088988262,72791000
1540346400,908,909.40002441,896.5,896.5,954.2074360352161,960.6978516975687,957.6629063227185,48111000
1540432800,896.39001465,896.39001465,860.13000488,888.85998535,951.8735985107442,959.1014546676228,956.9783001438855,56983000
1540519200,890.71002197,897.47998047,881.05999756,881.05999756,949.3445413339318,957.3672000652311,956.222894148026,45672000
1540778400,881.05999756,881.86999512,870.35998535,874.42999268,946.6690217391485,955.524151012226,955.4090344319262,41646000
1540864800,872.69000244,881.83001709,868.28997803,874.05999756,944.075842304179,953.7138364910654,954.5995912789717,37875000
1540951200,874.05999756,901.92999268,874.05999756,901.57000732,942.5577767690297,952.5550847317085,954.0719337271412,60484000
1541037600,901.57000732,901.57000732,885.58001709,887.7199707,940.5992836951358,951.1143044198927,953.4117151895576,39445000
1541124000,889.80999756,905.65002441,889.80999756,903.42999268,939.2718090160238,950.0546530478952,952.9143846173232,55630000
1541383200,903.23999023,904.83001709,894.88000488,904.83001709,938.0417450186658,949.0496611377197,952.4359331991409,33823000
1541469600,905.34002686,909.19000244,899.60998535,899.60998535,936.6691821733563,947.9510016757704,951.9103018772589,37075000
1541556000,900.4699707,903.15002441,892.78997803,899.25,935.3327828100221,946.8687571940866,951.3863187740026,45544000
1541642400,901.41998291,909.69000244,899.65002441,900.40002441,934.0851842957355,945.8361186877736,950.878992461923,31118000
1541728800,900.40002441,900.40002441,885.65002441,885.65002441,932.3553571569593,944.4986499260453,950.2299480036949,38610000
1541988000,883.48999023,889.05999756,875.28997803,888.20001221,930.7783805517107,943.247569087911,949.6127347122153,33822000
1542074400,888.20001221,888.20001221,873.86999512,873.86999512,928.7459382148639,941.7058452219574,948.8590756117953,39563000
1542160800,873.86999512,880.65002441,868.63000488,871.54998779,926.7032256996903,940.1468261679139,948.0898309568521,46154000
1542247200,871.54998779,874.86999512,859.85998535,864.97998047,924.4988240843442,938.4764518190714,947.2628672704158,42383000
1542333600,865.0300293,874.94000244,863.89001465,869.23999023,922.5252943038319,936.9378637837586,946.4865202351878,40659000
1542592800,869.23999023,888.76000977,869.23999023,888.76000977,921.3193912847664,935.8672448056751,945.9121270962306,39845000
1542679200,886.35998535,893.09002686,883.79998779,893.09002686,920.3111996981676,934.9166399624379,945.3865340590542,43544000
1542765600,888.53997803,897.09997559,880.83001709,897.09997559,919.4822274085901,934.0762696430504,944.9060707907054,38917000
1542852000,897.2800293,900.77001953,896.17999268,898.90002441,918.7471487300691,933.2945753045382,944.4482991849272,39225000
1542938400,898.04998779,899.36999512,889.7800293,890.61999512,917.7426075297094,932.3462513004373,943.9126941693559,37255000
1543197600,889.88000488,896.11999512,886.76000977,895.04998779,916.9321568247198,931.5174454446498,943.4264980859792,25039000
1543284000,895.07000732,903.7800293,893.96002197,895.29998779,916.159579359194,930.7126130523242,942.9476273367655,32748000
1543370400,894.65997314,901.40002441,894.27001953,901.40002441,915.6324523967228,930.0612221936059,942.5342183524197,29504000
1543456800,901.47998047,910.47998047,897.58001709,897.58001709,914.9877225643398,929.339417635748,942.0869128672215,40276000
1543543200,897.47998047,898.69000244,890.40997314,894.78997803,914.2663745452562,928.5716523111757,941.6162966001845,54625000
1543802400,896.5,921.7199707,896.5,921.7199707,914.5325744079256,928.4193927198163,941.4183232081429,63629000
1543888800,921.73999023,929.33001709,920.20001221,927.46002197,914.9942689637139,928.3980733698204,941.2794346386091,52507000
1543975200,927.39001465,928.90002441,915.90002441,925.67999268,915.3759019535813,928.3376715767133,941.1242163106627,61082000
1544061600,925.58001709,928.64001465,916.63000488,922.85998535,915.6431906463106,928.2159452161197,940.9424826692631,55213000
1544148000,923.90002441,933.28997803,923.90002441,929.59002686,916.1412919396566,928.2464803637615,940.829522909967,51432000
1544407200,928.96002197,928.96002197,921.59002686,922.82000732,916.3798174889546,928.1258920739001,940.6503237498678,48777000
1544493600,922.58001709,925.42999268,915.67999268,922.34002686,916.5926821093491,927.997317291369,940.4681317410134,43565000
1544580000,922.42999268,927.70001221,922.40997314,927.70001221,916.9893724700867,927.990710511783,940.3410857755307,37561000
1544666400,928.21002197,935.33001709,927.91998291,928.90002441,917.4147528965121,928.010917487299,940.2272443689085,46592000
1544752800,928.84002686,928.84002686,918.19000244,918.78997803,917.463868079851,927.8060077215813,940.013938236183,48406000
1545012000,914.9699707,914.9699707,901.33001709,901.40997314,916.890514689142,927.219429175324,939.6298191804996,47291000
1545098400,901.30999756,901.30999756,881.76000977,890.67999268,915.954424617387,926.4074416976501,939.1427562302458,52307000
1545184800,890.7800293,891.69000244,877.63000488,882.78997803,914.7699800964089,925.4381647272579,938.5820320690493,52148000
1545271200,880.40002441,883.76000977,876.15002441,877.0300293,913.4221247108228,924.3624283844299,937.9695743300538,38045000
1545357600,877.02001953,877.02001953,866.09002686,873.09002686,911.981692644722,923.223041683887,937.3240066935358,45670000
1545616800,873.14001465,879.73999023,872.98999023,873.64001465,910.6123470020533,922.1211966386895,936.6903351309136,31105000
1545703200,873.55999756,873.55999756,850.33001709,865.69000244,909.0079775534085,920.8671701009408,935.9838641588647,51476000
1545789600,865.69000244,867.88000488,860.52001953,861.02001953,907.2941219097154,919.5372334215866,935.2379552570849,32705000
1545876000,861.5300293,872.72998047,861.5300293,865.45001221,905.7996894204398,918.3352951724403,934.5435478635816,35751000
1545962400,866.03997803,868.61999512,854.98999023,854.98999023,903.9850573064955,916.927621729275,933.7519701756853,38255000
1546394400,854.98999023,864.64001465,852.78997803,855.65997314,902.2591614434064,915.566118427291,932.9749353793103,34100000
1546480800,855.65997314,856.21002197,834.80999756,838.78997803,899.9924048929275,913.8599819740178,932.0377716245908,50053000
1546567200,838.78997803,842.04998779,821.83001709,840.16998291,897.8558898221087,912.2224264392619,931.1236642741969,37440000
1546826400,840.16998291,858.69000244,840.16998291,851.40997314,896.1971070834619,910.8710385881672,930.3304932181353,30672000
1546912800,851.20001221,852.91998291,841.85998535,845.42999268,894.3839958547668,909.4167931235412,929.4857121182533,27924000
1546999200,845.5300293,856.86999512,845.25,855.51000977,892.9956392088823,908.2188646045736,928.7496354779722,37200000
1547085600,855.39001465,859.92999268,852.96002197,857.95001221,891.7440096732079,907.1017789958053,928.0451616146094,32827000
1547172000,857.84002686,862.88000488,857.66998291,860.29998779,890.6210088916647,906.0617391912318,927.3710802830212,34663000
1547431200,860.40002441,860.40002441,854.71002197,859.41998291,889.5066865351766,905.0252557183155,926.6949499609016,32413000
1547517600,859.41998291,865.26000977,856.03997803,865.09997559,888.6350182871346,904.1380272710196,926.0820646437782,33588000
1547604000,865,868.40997314,861.17999268,864.28997803,887.7655525636656,903.2525150656636,925.4672180108053,33032000
1547690400,864.15002441,864.15002441,853.34002686,853.34002686,886.5360695028204,902.1433486610933,924.7495345167674,31744000
1547776800,853.34002686,859.95001221,853.34002686,854.78997803,885.4022805216482,901.091051535958,924.0534195268493,28303000
1548036000,855,865.59002686,855,864.09997559,884.6414839169465,900.2690276260478,923.4568678458857,46175000
1548122400,864.09997559,865.91998291,859.09002686,859.16998291,883.7317874524127,899.3557155212467,922.8171973490112,36097000
1548208800,859.26000977,864.83001709,856.77001953,861.72998047,882.9460086316122,898.5195880756634,922.2093643452399,35615000
1548295200,861.63000488,866.48999023,861.03997803,865.52001953,882.3236518779833,897.7862643302042,921.6452912625012,35100000
1548381600,865.44000244,869.5300293,865.44000244,867.70001221,881.8013790326982,897.1176809497551,921.1085223167053,34851000
1548640800,867.59997559,871.55999756,865.90002441,868.76000977,881.3356158447447,896.4875104790939,920.5876415948475,24719000
1548727200,868.80999756,872.0300293,863.2199707,872.0300293,881.0032734681466,895.9440108973363,920.1044812735057,30045000
1548813600,872.01000977,872.01000977,867.91998291,869.15997314,880.5802984564272,895.3488100582844,919.5975707448141,33258000
1548900000,869.38000488,874.09002686,863.84997559,866.05999756,880.0617162815547,894.6979475583225,919.064858573821,46946000
1548986400,866.01000977,868.15002441,859.38000488,859.80999756,879.3384406129278,893.9226597805821,918.4752579667182,41899000
1549850400,862.20001221,878.66998291,862.20001221,878.66998291,879.3145671235375,893.5837114056802,918.0791855780942,39935000
1549936800,878.69000244,890.15997314,878.67999268,888.33001709,879.6365474794826,893.4669626431096,917.783173951347,62155000
1550023200,888.33001709,897.41998291,887.59997559,897.41998291,880.2716701734297,893.5548075379294,917.5805551350152,65644000
1550109600,897.41998291,904.10998535,897.29998779,900.11999512,880.9805389215215,893.7007005953087,917.4068182194429,50275000
1550196000,900.14001465,903.10998535,895.13000488,897.73999023,881.5790907539672,893.7904625871907,917.2111283887022,50971000
1550455200,899.75,904.92999268,899.73999023,904.92999268,882.4130515370398,894.0380077003642,917.0889280333917,51220000
1550541600,905.09002686,915.30999756,905.09002686,907.82000732,883.3204428150027,894.3442743585783,916.9966999665918,78093000
1550628000,907.82000732,913.51000977,906.64001465,911.79998779,884.3375694212526,894.7321791014988,916.9449913877203,53104000
1550714400,912.83001709,926.09002686,911.38000488,926.09002686,885.8287286154936,895.4290201627988,917.035986765554,63245000
1550800800,926.29998779,934.65002441,920.7800293,929.5,887.3884168792259,896.18615304807,917.1600067977375,74938000
1551060000,929.57000732,944.01000977,929.57000732,939.4699707,889.248472372825,897.1480156625573,917.3819964883073,68474000
1551146400,939.55999756,941.45001221,922.92999268,929.51000977,890.686384422724,897.8671710871672,917.5026732373789,58440000
1551232800,929.51000977,935.76000977,928.59002686,930.53997803,892.1097270515553,898.5932334636746,917.6323976631761,54959000
1551319200,930.36999512,930.80999756,904.97998047,904.97998047,892.5693789593569,898.7351611749262,917.5065029647366,71562000
1551405600,904.96002197,915.98999023,904.96002197,915.32000732,893.3819014008084,899.1037133114835,917.484746789167,39636000
1551664800,915.39001465,929.2800293,915.39001465,928.41998291,894.6332614547081,899.7551859692283,917.5935551087773,51482000
1551751200,928.25,931.22998047,922.04998779,923.65997314,895.6699297291827,900.2864034619121,917.6539174772472,56228000
1551837600,923.65997314,926.32000732,916.89001465,923.58001709,896.6667185634976,900.804039320314,917.7128836425483,36434000
1551924000,923.77001953,930.78997803,922.28997803,922.28997803,897.5818349730156,901.2815046249738,917.7584268702841,51391000
1552010400,922.15997314,922.15997314,913.39001465,914.73999023,898.1946262321936,901.5805820828632,917.7283926748584,41837000
1552269600,915,918.72998047,911.88000488,916.23999023,898.8391035178296,901.9063467083552,917.7135827002827,32014000
1552356000,919.21002197,929.85998535,919.21002197,929.85998535,899.9469921546928,902.5275386781694,917.8344424281406,59910000
1552442400,929.85998535,939.16998291,929.85998535,935.40997314,901.2135271898824,903.2582594439879,918.0093233307462,72241000
1552528800,935.40997314,937.82000732,931.33001709,934.41998291,902.3994720370295,903.9507421876771,918.1726134758134,51532000
1552615200,934.86999512,934.86999512,924.45001221,927.05999756,903.2802050914213,904.4642811959509,918.2610451582431,72931000
1552874400,927.15997314,935.15997314,926.84997559,932.75,904.3326977667277,905.0928527249298,918.4052138631362,61795000
1552960800,933.55999756,935.66998291,924.90997314,927.55999756,905.162244187916,905.5921226101536,918.4963062382293,56478000
1553047200,927.53997803,927.53997803,914.77001953,924.11999512,905.8393067212047,906.0038531103725,918.5522633415305,59409000
1553133600,924.2199707,928.32000732,907.86999512,907.86999512,905.9118313068759,906.0453229328086,918.4459721154457,53920000
1553220000,907.94000244,914.69000244,906.64001465,912.27001953,906.1389094577017,906.1836495238573,918.3845198509139,46664000
1553479200,912.09997559,912.09997559,889.16998291,893.40002441,905.6839492774267,905.8995689657716,918.1359179062282,53507000
1553565600,893.7800293,901.80999756,892.4699707,894.58001709,905.2873802707329,905.6480233685322,917.9015308334299,38005000
1553652000,895.71002197,903.34997559,895.71002197,901.76000977,905.1614027528495,905.5616230663426,917.740918683545,32702000
1553738400,901.51000977,903.88000488,898.16998291,901.65002441,905.035996383462,905.4746986517572,917.5808102828132,31096000
1553824800,901.65002441,906.84002686,900.13000488,900.13000488,904.8607824011955,905.3559276790514,917.4071704280589,45014000
1554084000,900.16998291,905.94000244,900.16998291,905.86999512,904.8968257125814,905.3673513999614,917.2923726637996,40145000
1554170400,907.17999268,912.94000244,902.42999268,903.59002686,904.8501543249893,905.3278552990733,917.156030914508,35224000
1554256800,903.59002686,903.59002686,897.4699707,901.5,904.7305059562397,905.2427918479829,917.0002495123737,34514000
1554343200,901.5,906.28997803,900.9699707,904.33001709,904.7162027824454,905.2225079644721,916.874177547972,32079000
1554429600,904.33001709,905.76000977,902.77001953,904.69000244,904.7152670559295,905.2106745083728,916.7529419747583,30172000
1554688800,904.91998291,907.20001221,900.9699707,906.54998779,904.780792796432,905.2404370257423,916.6514200425717,33275000
1554775200,906.46002197,908.94000244,898.79998779,900.07000732,904.612550457988,905.1255385878369,916.4864308612525,42511000
1554861600,899.90997314,899.90997314,887.75,893.19000244,904.2046023144885,904.8603044512183,916.2546256033296,34637000
1554948000,893.59997559,896.67999268,892.61999512,896.03997803,903.9130085900425,904.6642971974135,916.0534848314556,24748000
1555034400,895.95001221,895.95001221,891.71002197,893.09997559,903.526828840041,904.4073122728042,915.825091704675,27813000
1555380000,890.80999756,890.80999756,877.38000488,887.76000977,902.9637281589681,904.0373722171863,915.5458371580613,36538000
1555466400,886.65002441,891.7800293,885.64001465,885.65997314,902.3457369082907,903.6289855710266,915.2484653767871,34639000
1555552800,884.28997803,887.47998047,876.20001221,877.02001953,901.4412470019232,903.0376752145594,914.8680828310479,39356000
1555639200,877.07000732,884.77001953,877.07000732,880.52001953,900.6940603064974,902.5372828660136,914.5263110569081,26151000
1555898400,880.90002441,880.90002441,873.54998779,878.22998047,899.8917717409082,901.9971205905466,914.1651535386304,34286000
1555984800,878.38000488,881.66998291,875.04998779,878.28997803,899.1202791083758,901.4702952003122,913.8081866181466,37895000
1556071200,877.9699707,889.02001953,877.9699707,888.65002441,898.7463414405767,901.1854002938608,913.5578566459262,35005000
1556157600,888.57000732,888.90997314,883.7199707,885.65002441,898.2786158323418,900.8401697186639,913.2801667729319,29184000
1556244000,885.4699707,890.69000244,882.58001709,890.54998779,898.0025934022581,900.611499009138,913.0539958377784,34568000
1556762400,890.59997559,893.89001465,889.60998535,893.86999512,897.8550006064631,900.4616878116016,912.863110258497,36440000
1556848800,893.79998779,895.70001221,889.20001221,895.41998291,897.7680356887323,900.3496499248993,912.6895468022931,47857000
1557108000,893.83001709,893.83001709,875.71002197,878.79998779,897.0906054066347,899.8707685441237,912.3523372598822,41223000
1557194400,880.05999756,885.22998047,876.17999268,877.02001953,896.3737987681835,899.3629741215876,912.0007719093361,36431000
1557280800,872.2199707,874.89001465,867.17999268,872.7800293,895.5311641443199,898.7722420144412,911.6105157639696,38546000
1557367200,872.71002197,875.89001465,868.72998047,871.5,894.6729082820227,898.1661921918981,911.2114061543779,39317000
1557453600,871.2800293,877.59002686,871.2800293,876.45001221,894.0220905651647,897.6836104145226,910.8655216375184,34857000
1557712800,876.15997314,879.64001465,874.67999268,879.64001465,893.508444996766,897.2826416197554,910.5548200754536,37915000
1557799200,879.14001465,882.66998291,871.96002197,882.66998291,893.1213570650958,896.9579158706497,910.2773590091307,39065000
1557885600,882.98999023,893.67999268,882.98999023,893.2199707,893.1248789806281,896.874850422413,910.1076337523234,46181000
1557972000,893.70001221,896.34002686,891.92999268,891.92999268,893.0822044698914,896.7649646948039,909.9267617018526,39253000
1558058400,892.92999268,893.44000244,888.55999756,890.5300293,892.991055356681,896.6264105749194,909.7337593893964,40028000
1558317600,890.15997314,901.05999756,888.11999512,901.05999756,893.2792318639424,896.7249347301434,909.6474533015416,42543000
1558404000,901.78997803,907.64001465,900.9699707,901.35998535,893.5678302027302,896.8279358550292,909.5649909338646,43009000
1558490400,901.48999023,906.98999023,897.27001953,897.65997314,893.7139781647755,896.846425572473,909.4465330453684,43386000
1558576800,897.65997314,899.02001953,892.08001709,895.07000732,893.7624077774622,896.8069496113069,909.3034830381507,30514000
1558663200,894.2199707,898.23999023,884.47998047,884.47998047,893.4308925164813,896.5330169637223,909.056483012597,44873000
1558922400,884.28997803,889.45001221,883.95001221,889.20001221,893.2797896483927,896.3700613025285,908.8589061886906,29655000
1559008800,888.79998779,891.60998535,883.5300293,885.27001953,892.9937264298786,896.1233937075834,908.6241908985544,30927000
1559095200,886.11999512,886.97998047,882,883.52001953,892.6553797548829,895.8433187258594,908.3743981486185,33830000
1559181600,883.51000977,888.67999268,879.58001709,883.36999512,892.3237588750657,895.5661337568403,908.125598118483,29874000
1559268000,883.39001465,884.75,875.77001953,876.28997803,891.7511238448848,895.1377747406882,907.8088257792941,34298000
1559527200,875.64001465,875.64001465,858.64001465,864.08001709,890.7628700322103,894.4476023484507,907.3737132550225,51473000
1559613600,864.27001953,868.66998291,857.94000244,864.34997559,889.81955237356,893.7787661982629,906.9456163628332,32529000
1559700000,866.78997803,871.90997314,863.69000244,863.69000244,888.8863541616471,893.1101270036348,906.5152122441981,27109000
1559786400,863.80999756,865.15997314,851.4699707,861.30999756,887.9014842830169,892.403457460443,906.065409113012,38238000
1559872800,860.64001465,869.55999756,860.64001465,869.55999756,887.2464311857663,891.8958250182109,905.7021711871114,33454000
1560132000,869.67999268,877.45001221,866.78997803,872.48999023,886.719415437346,891.4645842451395,905.3717017248516,44465000
1560218400,872.48999023,874.32000732,870,870.90997314,886.1547924981551,891.0078151094697,905.0287989528631,29455000
1560304800,870.47998047,871.64001465,865.41998291,865.41998291,885.4142635842924,890.4391966161481,904.6346813802973,32449000
1560391200,865.28997803,865.28997803,857.7199707,859.67999268,884.4951824805677,889.7556587509004,904.1873710449709,32318000
1560477600,859.5300293,864.28997803,859.08001709,861.65002441,883.6792839780474,889.1310890988804,903.7641138645234,34401000
1560736800,861.36999512,862.35998535,851.14001465,852.98999023,882.58323777276,888.3279535684608,903.2588987039809,40074000
1560823200,852.61999512,853.95001221,845.40002441,848.16998291,881.3541929562329,887.435554220495,902.7107502881204,43000000
1560909600,850.34002686,854.80999756,850.34002686,854.34002686,880.3894013099389,886.7000980569284,902.2294495574923,39852000
1560996000,854.90002441,867.90997314,853.96002197,864.59002686,879.8251379367267,886.2087631414411,901.8549279386118,53356000
1561082400,864.59002686,870.34997559,864.44000244,866.5300293,879.3503126282721,885.7714579449646,901.5034364098694,72304000
1561341600,866.63000488,873.33001709,866.63000488,868.94000244,878.9785158358338,885.3974256004099,901.1794221415125,40701000
1561428000,867.72998047,870.36999512,866.25,868.5,878.6042831274112,885.0219272537341,900.854253761995,38483000
1561514400,868.15997314,870.52001953,865.66998291,866.80999756,878.1830586428608,884.6172177049845,900.5155049440647,41571000
1561600800,866.84002686,867.08001709,854.40997314,854.40997314,877.3340198749015,883.9459456035404,900.0567434335765,44966000
1561687200,854.48999023,864.23999023,847.77001953,864.23999023,876.8663759590122,883.5080354841284,899.7003578295607,43761000
1561946400,864.23999023,876.39001465,864.23999023,876.26000977,876.8447200236903,883.3469682460367,899.4671205354358,49225000
1562032800,876.27001953,877.08001709,870.71002197,872.91998291,876.7045508410586,883.1152574607914,899.2029699122971,38742000
1562119200,872.91998291,872.91998291,865.59002686,869.58001709,876.4501032070922,882.8144743414405,898.9082141628215,42594000
1562205600,869.58001709,879.7199707,869.58001709,879.7199707,876.5668841889817,882.7457075938529,898.7172863671716,49312000
1562292000,879.48999023,882.19000244,876.2800293,880.22998047,876.6977090561609,882.6898025466562,898.5333330746624,41267000
1562551200,878.96002197,878.96002197,867.34997559,870.91998291,876.491361693798,882.4282509991749,898.2585733715315,44397000
1562637600,871.19000244,872.52001953,866.32000732,872.21002197,876.3384567036624,882.201179242971,897.9993838053471,41064000
1562724000,872.21002197,878.32000732,872.20001221,876.11999512,876.3306545042459,882.0660418180161,897.7816784452939,41859000
1562810400,876.11999512,880.88000488,876.11999512,879.09997559,876.4295588287371,882.0001292351712,897.595790854694,39213000
1562896800,880.05999756,883.15002441,874.55999756,874.98999023,876.3781456644965,881.8443483683897,897.3708575151447,46828000
1563156000,875.2800293,876.82000732,870.84002686,873.71002197,876.2828555325502,881.6635855595365,897.1354263156906,42053000
1563242400,873.73999023,880.90997314,873.73999023,880.90997314,876.4481097328163,881.6468386168801,896.9739790204101,48665000
1563328800,880.69000244,882.84997559,877.59002686,879.75,876.5660343852157,881.6046866476162,896.8025961445851,59854000
1563415200,879.65997314,879.65997314,870.80999756,870.80999756,876.3604616414581,881.3648046678913,896.543963322848,44968000
1563501600,870.9699707,881.15997314,870.9699707,880.78997803,876.5186586553345,881.3520307426048,896.3872072502824,63926000
1563760800,880.48999023,885.41998291,878.39001465,879.61999512,876.6294206719298,881.3135410621024,896.2203693186377,48838000
1563847200,879.41998291,889.03997803,878.2199707,888.26000977,877.0447988540037,881.4679070333891,896.1411617609398,48224000
1563933600,888.63000488,892.80999756,885.65997314,887.39001465,877.4142708467178,881.5995094248693,896.0540856702837,46413000
1564020000,887.42999268,892.30999756,885.19000244,890.40997314,877.8784030714779,881.7952975074278,895.9979253465993,54563000
1564106400,890.44000244,891.90002441,886.09002686,887.84002686,878.2341753496394,881.9296248263738,895.9167522273297,45308000
1564365600,887.96002197,889.9699707,880.91998291,888.53997803,878.6022397310808,882.0765215642322,895.8433514890478,44919000
1564452000,888.70001221,892.38000488,877.91998291,877.91998291,878.5778734160422,881.9841540385826,895.6650095131369,44932000
1564538400,877.79998779,885.85998535,874.39001465,883.19000244,878.742592309755,882.0109506697252,895.5408800895235,43401000
1564624800,884.28997803,887.39001465,881.52001953,887.39001465,879.0514288219066,882.1304854248424,895.4597769508218,41755000
1564711200,887.05999756,887.05999756,877.76000977,885.28997803,879.274234150767,882.2006963716236,895.358584921759,54739000
1564970400,883.34002686,884.09002686,872.39001465,872.39001465,879.0283691685968,881.9826812222542,895.1300419339802,53466000
1565056800,870.82000732,870.82000732,858.02001953,866.13000488,878.5677133011469,881.6303995257597,894.8414843513535,52907000
1565143200,866.13000488,872.04998779,863.57000732,868.27001953,878.199938523606,881.3335021925205,894.5770916665639,40017000
1565229600,868.20001221,877.32000732,866.69000244,875.80999756,878.1145834891914,881.2107576451313,894.3903544117723,58877000
1565316000,875.80999756,880.28997803,874.51000977,878.61999512,878.1326339045775,881.1531851445728,894.2334354138442,46667000
1565575200,878.55999756,883.40997314,877.33001709,882.22998047,878.2789677104854,881.1771139295823,894.1139980512189,44746000
1565661600,882.22998047,882.22998047,875.32000732,877.9699707,878.2679321029681,881.105844080036,893.9533609631471,59070000
1565748000,880.03997803,886.79998779,880.03997803,880.51000977,878.3480063053621,881.0926033175908,893.8195962746581,44297000
1565834400,874.41998291,890.7800293,867.95001221,890.7800293,878.7920071265992,881.3078794505333,893.7893518271491,50395000
1565920800,890.39001465,900.30999756,886.86999512,892.44000244,879.2794355306492,881.5552599614103,893.7759254650879,70253000
1566180000,892.32000732,897.0300293,889.34002686,891.7800293,879.725885308126,881.7824770578235,893.7560658017537,39311000
1566266400,891.72998047,894.85998535,890.96002197,894.45001221,880.2517469831929,882.063977838983,893.7629707411393,41244000
1566352800,894.45001221,901.25,892.04998779,900.53997803,880.976326663436,882.4745556210056,893.8304036494861,56164000
1566439200,901.2800293,904.40997314,899.58001709,901.28997803,881.7018142122419,882.8926761189832,893.9046282701878,46933000
1566525600,901.5300293,902.5,896.86999512,900.5300293,882.3742504653761,883.2846173007836,893.9705526585442,49585000
1566784800,899.09997559,899.09997559,887.04998779,892.47998047,882.7351693941127,883.488958704544,893.955721094479,65313000
1566871200,892.47998047,899.28997803,886.90997314,886.90997314,882.8842695278944,883.5649812475541,893.8856141496583,59292000
1566957600,886.82000732,890.58001709,885.22998047,886.08001709,882.9984033693981,883.6208709329418,893.8079465172239,41623000
1567044000,886.03997803,889.13000488,882.14001465,889.13000488,883.217389137634,883.7432961317653,893.7613998342664,42614000
1567130400,888.94000244,893.57000732,888.83001709,892.51000977,883.5492684459327,883.9381119903927,893.7489481918359,40840000
1567476000,892.83001709,894.10998535,886.02001953,888.9699707,883.7428649550066,884.0499310728285,893.7013961769918,45768000
1567562400,888.95001221,890.30999756,883.90997314,887.11999512,883.8634767466135,884.1181547183212,893.6359095993103,41235000
1567648800,887.21002197,891.42999268,886.09997559,886.09997559,883.9433517053059,884.1621951821363,893.5609251813072,42075000
1567735200,885.92999268,889.48999023,884.90002441,885.95001221,884.015018151902,884.2019244494222,893.4851947039807,40544000
1567994400,885.95001221,887.01000977,883.42999268,885.60998535,884.0719812661198,884.2332146916573,893.4068344119013,37164000
1568080800,885.84002686,888.57000732,881.03997803,883.03997803,884.0351240076869,884.2066983213982,893.3036816120814,46274000
1568167200,882.90002441,886.11999512,881.34002686,885.52001953,884.0881559906267,884.2358832371449,893.2262322381304,34852000
1568253600,886.11999512,894.32000732,886.11999512,894.32000732,884.45357925239,884.4599748834305,893.2371155722783,48192000
1568340000,894.21002197,905.30999756,893.79998779,905.04998779,885.1891652715904,884.9175307257988,893.35465658937,67622000
1568599200,905,909.70001221,902.82000732,908.59997559,886.025265640105,885.4438072783365,893.5063513057943,52500000
1568685600,908.59997559,912.89001465,904.35998535,912.38000488,886.9665063272441,886.0423894472624,893.6941488537964,49774000
1568772000,912.41998291,915.09002686,911.08001709,913.47998047,887.9134161180568,886.6521136922121,893.8910228002262,64916000
1568858400,913.40002441,918.88000488,909.88000488,918.88000488,889.0193657166976,887.3682890519407,894.1396693880847,57544000
1568944800,918.88000488,920.77001953,914.54998779,915.15997314,889.9529588389585,887.9858820316754,894.3488266393475,72086000
1569204000,914.72998047,918.41998291,909.97998047,909.97998047,890.6682096114956,888.4746397747492,894.5043605083092,63685000
1569290400,909.97998047,914.02001953,908.0300293,910.76000977,891.3857739028708,888.9698702190881,894.6661082621569,50416000
1569376800,910.57000732,913.33001709,906.59997559,912.41998291,892.1369956531255,889.4909838344416,894.8427637312897,51190000
1569463200,912.90997314,918.09997559,911.57000732,918.09997559,893.0642449365853,890.1267392067874,895.0741787746599,61816000
1569549600,918.09997559,925.58001709,917.7199707,924.83001709,894.1987367992073,890.8979231597477,895.3702567678474,64122000
1569808800,924.83001709,930.88000488,922.61999512,922.89001465,895.2234252938784,891.6088585261978,895.6440852044858,63285000
1569895200,922.86999512,926.30999756,921.69000244,926.30999756,896.3336600176685,892.3799949491712,895.9492186607596,59814000
1569981600,926.44000244,927.42999268,917.67999268,919.72998047,897.1692428909661,892.9877724051896,896.185843156374,69144000
1570068000,919.63000488,921.70001221,911.59997559,921.70001221,898.0453417952173,893.6258221786298,896.4397154852658,63664000
1570154400,921.70001221,924.35998535,915.15997314,915.15997314,898.6565786289596,894.1043588666603,896.6259867057108,62008000
1570413600,915.61999512,917.35998535,907.5,907.5,898.9724151064967,894.4020397807345,896.7341858429675,60837000
1570500000,907.05999756,915.34002686,906.88000488,915.27001953,899.5544724073361,894.8657726640515,896.9186219990573,65244000
1570586400,915.38000488,917.90002441,912.47998047,914.53997803,900.0896690367169,895.3029772277392,897.0939588749872,62567000
1570672800,914.59002686,917.08001709,912.20001221,913.04998779,900.5525375636199,895.697355240234,897.252725331853,54842000
1570759200,913.04998779,917.14001465,912.94000244,916.67999268,901.1285181034906,896.1636360722288,897.4460314746206,61846000
1571018400,916.80999756,924.69000244,916.80999756,921.90997314,901.8707129262231,896.735776895957,897.6894537797488,81663000
1571104800,921.95001221,924.78997803,920.63000488,923.27001953,902.634973876358,897.3254267322691,897.9439867722886,55004000
1571191200,923.26000977,927.90997314,923.26000977,924.64001465,903.4208681897023,897.9324175748853,898.2096188904748,55093000
1571277600,924.5300293,924.78997803,919.09997559,919.09997559,903.9808363111415,898.402807752999,898.4174831362412,65014000
1571364000,919.91998291,922.61999512,916.86999512,919.13000488,904.5218780457436,898.863412133599,898.6235778799602,57605000
1571623200,918.02001953,918.80999756,913.94000244,914,904.8603824012528,899.1997807528523,898.7765771050352,63506000
1571709600,914.03997803,917.60998535,912.70001221,916.80999756,905.287154371208,899.5911189041223,898.9560141244876,59084000
1571796000,916.80999756,919.60998535,915.86999512,919.60998535,905.798684049022,900.0359826029195,899.1615262759852,55203000
1571882400,919.53997803,925.25,919.16998291,925.25,906.493373904414,900.5962941006323,899.4211130792092,59253000
1571968800,925.48999023,927.04998779,923.55999756,927.04998779,907.2275386860422,901.1841539603961,899.696027255436,56303000
1572228000,927.96002197,929.92999268,925.79998779,925.9699707,907.8969112579692,901.7349498879429,899.9574595285162,60006000
1572314400,925.66998291,928.38000488,923.9699707,923.9699707,908.4709490951847,902.2290614615441,900.1963899879339,59001000
1572400800,923.97998047,928.84997559,922.66998291,925.07000732,909.0637726032138,902.7366380361765,900.4438886678549,56667000
1572487200,925.02001953,928.88000488,922.05999756,922.67999268,909.5500661773848,903.1798236949281,900.665143434145,63154000
1572573600,922.46002197,934.21002197,922.46002197,933.54998779,910.4072062349782,903.8547162303742,900.9923558157952,76837000
1572832800,933.96002197,941.46002197,932.30999756,940.25,911.4730202980146,904.6635003141436,901.3829791410112,87335000
1572919200,940.5300293,944.61999512,938.72998047,942.34002686,912.5754133895141,905.500756459607,901.7905119541355,71493000
1573005600,942.40002441,945.42999268,940.76000977,942.38000488,913.6398630856029,906.3202953133936,902.1943875056367,75016000
1573092000,942.38000488,945.26000977,940.22998047,944.25,914.733082261117,907.1631776397626,902.6128513115507,76226000
1573178400,944.2800293,948.36999512,942.19000244,944.70001221,915.8033297592914,907.9973295191012,903.0316290319332,74208000
1573437600,944.7199707,946.54998779,938.7800293,939.7199707,916.6574955071738,908.702277100899,903.3966871579836,80097000
1573524000,939.7199707,942.54998779,937.95001221,939.82000732,917.4847280719176,909.393782216879,903.759108254123,66245000
1573610400,939.82000732,941.13000488,930.84002686,932.59997559,918.0245583404205,909.9094754029484,904.0460820584601,76758000
1573696800,932.45001221,935.7199707,927.14001465,928.44000244,918.3965384868341,910.3212648926607,904.2888076343959,78620000
1573783200,928.82000732,930.84002686,922.59002686,927.35998535,918.71666158909,910.699903125046,904.5183715917651,66130000
1574042400,927.48999023,929.17999268,920.52001953,920.95001221,918.7964241112653,910.9276833269339,904.6818705033893,69836000
1574128800,921,926.07000732,919.95001221,926.07000732,919.0561949401487,911.2641794156687,904.8946877851466,63691000
1574215200,925.94000244,926.66998291,917,917,918.982759406572,911.3916420953204,905.0151386529561,72569000
1574301600,917,917.05999756,898.22998047,898.22998047,918.2415887302658,911.0991607258688,904.9476246411854,83041000
1574388000,898.92999268,906.92999268,885.83001709,892.30999756,917.3154604741849,910.6816237666274,904.8218771080393,82099000
1574647200,892.30999756,896.42999268,886.80999756,894.79998779,916.5113364497497,910.3286985227023,904.7221568163175,63815000
1574733600,895.35998535,900.7199707,895.35998535,897.5,915.832360147973,910.0436163333089,904.6502945594386,68547000
1574820000,898.58001709,901.09997559,894.79998779,895.05999756,915.0904900555454,909.7106470272354,904.5548687186482,58427000
1574906400,894.45001221,895.41998291,883.15997314,885.70001221,914.0408301324902,909.1770773646301,904.3672582061243,69368000
1574992800,885.90002441,888.40997314,882.67999268,887.4699707,913.0918708670441,908.6946972165272,904.1991259921331,60329000
1575252000,887.4699707,889.4699707,875.09997559,875.09997559,911.7350174642926,907.9481478470487,903.9095822070373,76463000
1575338400,874.90002441,877.96002197,865.73999023,868.67999268,910.1973380077108,907.0755221766699,903.5590390276637,77467000
1575424800,868.78997803,883.55999756,865.30999756,883.55999756,909.2460044202925,906.5529549629662,903.3600435901745,74534000
1575511200,883.33001709,886.35998535,878.39001465,879.32000732,908.1772188095678,905.9477783486781,903.1208392491778,61677000
1575597600,878.2800293,882.59002686,875.98999023,880.42999268,907.1862464477974,905.3807164449297,902.8950596813253,60753000
1575856800,880.39001465,882.58001709,876.01000977,879.94000244,906.2131663046619,904.8153672448202,902.6666511515608,64151000
1575943200,879.95001221,880.2199707,870.25,873.15997314,905.0326951202096,904.1119140424909,902.3730523653761,72499000
1576029600,873.38000488,878.27001953,869.15002441,878.27001953,904.0768852777021,903.5376497199911,902.1332211928848,66716000
1576116000,878.27001953,885.72998047,878.27001953,884.79998779,903.3884246531413,903.121257232658,901.9607512087765,57447000
1576202400,884.97998047,888.5300293,880.54998779,880.54998779,902.5727661937434,902.6196734672656,901.7477087866991,65816000
1576461600,880.54998779,880.54998779,874.05999756,876.65002441,901.6469539871812,902.0425701548819,901.497980583946,67010000
1576548000,876.5,877.63000488,867.13000488,867.44000244,900.4252771462104,901.2736242056623,901.1590952292798,72408000
1576634400,866.60998535,867.69000244,861.04998779,863.15997314,899.0943734317029,900.4266541819809,900.7809945119736,69571000
1576720800,863.15997314,867.25,858.76000977,862.22998047,897.777787968785,899.5778392106035,900.3974023324515,68011000
1576807200,862.22998047,869.52001953,862.22998047,868.36999512,896.7275096527569,898.8843315641457,900.0787216636709,69392000
1577066400,868.36999512,872.75,867.91998291,868.20001221,895.7086704583727,898.2024578007203,899.7615205745797,72190000
1577152800,868.14001465,869.90002441,864.85998535,869.88000488,894.786218116288,897.5730699580375,899.4641920602057,57925000
1577239200,869.92999268,874.92999268,869.2199707,873.17999268,894.0145672078492,897.0310015740812,899.2026577380146,53692000
1577325600,873.16998291,874.86999512,869.57000732,872.07000732,893.2308329261402,896.4763128128794,898.9326811169399,40380000
1577412000,872.10998535,876.38000488,867.95001221,876.38000488,892.6290176387781,896.0297281921488,898.7082763782638,26810000
1577671200,876.60998535,881.27001953,876.13000488,880.28997803,892.1883376527503,895.6799559663233,898.5250097280323,33522000
1577757600,880.41998291,881.97998047,876.65997314,879.05999756,891.7194683637235,895.3106235572939,898.3313280149175,44434000
1577930400,879.02001953,886.88000488,876.86999512,886.88000488,891.546630382162,895.1232764755762,898.2173845011372,50389000
1578016800,887.10998535,890.38000488,883.17999268,883.2800293,891.2513946292277,894.8600932050078,898.0687541011258,43221000
1578276000,882.51000977,882.51000977,872.34002686,872.34002686,890.5759886374695,894.3596472862299,897.8127468648958,36869000
1578362400,872.32000732,877.34002686,870.48999023,876.70001221,890.0804180507743,893.9672109512026,897.6026699031555,40278000
1578448800,876.64001465,876.64001465,861.51000977,865.17999268,889.1911171446752,893.3274949896203,897.2800561994425,53101000
1578535200,867.27001953,878.42999268,867.27001953,877.76000977,888.7828633098654,892.9815508736287,897.0858268817366,45706000
1578621600,877.84997559,888.09002686,877.70001221,885.52001953,888.6663331748703,892.8157390659926,896.9707442215202,72856000
1578880800,885.52001953,885.52001953,881.34997559,881.78997803,888.4207490625535,892.5707221540816,896.8196918216046,32553000
1578967200,881.77001953,886.83001709,880.58001709,884.77001953,888.2903658649623,892.3973732068798,896.6997945848722,50679000
1579053600,884.95001221,886.33001709,882.78997803,885.35998535,888.1857094179993,892.2409868100602,896.5869606621371,35671000
1579140000,885.35998535,892.20001221,883.83001709,891.96002197,888.3205062948565,892.2347431469478,896.5409214711706,63476000
1579226400,891.65997314,897.63000488,891.35998535,894.84002686,888.5533463150402,892.2926383405712,896.5239971466813,48880000
1579485600,894.59997559,897.40002441,891.75,897.40002441,888.869299104146,892.4061358087807,896.5327138358685,39722000
1579572000,897.9699707,907.51000977,897.9699707,906.52001953,889.4996819764979,892.7197776692523,896.6320900119296,57332000
1579658400,906.52001953,909.40997314,903.27001953,909.09002686,890.1993371509086,893.0835609846022,896.7560495825571,51711000
1580349600,908.20001221,908.20001221,870.5300293,875.82000732,889.6857896569476,892.6999264587221,896.547730754074,80136000
1580436000,875.42999268,876.59002686,848.63000488,848.63000488,888.2195116291995,891.7205948680838,896.0709374617946,83268000
1580695200,848.41998291,848.41998291,803.72998047,842.66998291,886.592742746371,890.6305812690152,895.5395846801847,91770000
1580781600,842.78997803,849.79998779,833.92999268,845.52001953,885.1258597743578,889.6281243414816,895.0418775642624,73132000
1580868000,845.65002441,854.7199707,840.40997314,845.30999756,883.7038646952735,888.6432770796708,894.5470329871056,63586000
1580954400,845.38000488,862.85998535,842.67999268,862.85998535,882.9594404329423,888.0703150412337,894.2317389807662,97615000
1581040800,862.71002197,865.90997314,858.02001953,863.48999023,882.2641029256944,887.5240856009841,893.9258509334949,72832000
1581300000,863.2800293,863.2800293,848.21002197,852.86999512,881.2143133612053,886.7539947014067,893.5173349552512,46862000
1581386400,853.09002686,859.38000488,853.09002686,856.39001465,880.3277312643766,886.0792395891532,893.1479088825621,70071000
1581472800,856.64001465,870.09997559,856.64001465,863.22998047,879.7170973074345,885.5714782753943,892.8502180525863,80775000
1581559200,862.7199707,864.78997803,858.46002197,864.15997314,879.1614857300261,885.0956670501633,892.5647429788293,58430000
1581645600,865.0300293,868.84002686,863.14001465,865.85998535,878.6864321450252,884.6682074568264,892.2990239974479,74645000
1581904800,865.83001709,867.45001221,862.75,866.27001953,878.2429888373457,884.2593588362303,892.04002892812,58437000
1581991200,866.05999756,866.60998535,858.60998535,861.71002197,877.6525257349405,883.7582624614251,891.7382378141089,60234000
1582077600,860.22998047,865.40002441,859.65002441,863.84002686,877.1592222036926,883.3156350036157,891.460643675262,52573000
1582164000,864,872.85998535,864,871.40002441,876.9535365682036,883.0508436570909,891.2610355233688,59014000
1582250400,871.48999023,877.52001953,868.59002686,868.89001465,876.6655536425535,882.7361585680444,891.0384383007482,66759000
1582509600,867.55999756,867.55999756,837.40002441,837.40002441,875.2632133128194,881.7286889200878,890.5047227396462,95170000
1582596000,836.53997803,849.58001709,827.80999756,849.58001709,874.3459563048616,881.0142739905303,890.0975117381572,69289000
1582682400,849.55999756,849.55999756,837.52001953,841.67999268,873.1793147468309,880.1401788502964,889.6157453793696,54643000
1582768800,841.19000244,849.17999268,836.55999756,848.34002686,872.2921973223011,879.4335088060676,889.2050417125103,55424000
1582855200,844.02001953,844.02001953,823.09002686,831.9699707,870.8521178000761,878.3787635148217,888.6355385183559,69886000
1583114400,831.25,837.98999023,827.22998047,835.41998291,869.5866844111448,877.4241239458256,888.1060305023524,69305000
1583200800,835.14001465,846.21002197,835.14001465,837.98999023,868.4582310475325,876.5478098632517,887.6073634349658,64175000
1583287200,838.02001953,839.26000977,831.20001221,837.98999023,867.3700795897635,875.6909694269572,887.1136582289463,52991000
1583373600,838.92999268,846.58001709,836.32000732,839.11999512,866.3611480015576,874.8782811090248,886.6361093422901,67023000
1583460000,838.77001953,838.77001953,827.11999512,835.9699707,865.2757488122162,874.0136519888242,886.1319686592822,53908000
1583719200,835.65002441,835.65002441,781.11999512,782.84997559,862.331971197137,871.9877925132948,885.1042871362047,107132000
1583805600,782.84997559,794.88000488,762.34002686,789.51000977,859.7311868604536,870.1549528967772,884.1531002967399,90063000
1583892000,789.75,795.97998047,746.83001709,758.15997314,856.1036435132945,867.6661755688489,882.8994373399564,99251000
1583978400,757.90002441,757.90002441,710.33001709,719.21002197,851.214585601034,864.3671499333188,881.2706869382653,113236000
1584064800,715.34002686,722.29998779,674.35998535,716.65002441,846.4087084156399,861.0845471439118,879.6326703956954,113473000
1584324000,716.65002441,716.65002441,688.79998779,698.17999268,841.1148257107957,857.4644459336026,877.8271711149422,74030000
1584410400,698,702.35998535,673.21002197,699.72998047,836.0653669521959,853.959235589967,876.0550597652413,80440000
1584496800,699.72998047,705.29998779,695.41998291,700.65002441,831.229104718546,850.5523642304122,874.3097360303632,77435000
1584583200,699.34997559,699.34997559,669.03997803,679.54998779,825.8119933996693,846.7523114206252,872.371828087673,73194000
1584669600,679.7800293,683.54998779,668.90002441,673.70001221,820.3794226428954,842.9067047715002,870.3949940988404,81174000
1584928800,671.04998779,671.04998779,628.46002197,632.85998535,813.6822998824349,838.2389998954669,868.0314616734788,81061000
1585015200,632.63000488,633.9699707,619.07000732,625.42999268,806.9590031966336,833.5099108462343,865.6175167083695,85902000
1585101600,625.83001709,652.30999756,625.83001709,652.30999756,801.4358244238967,829.4832461065403,863.4950538312713,86267000
1585188000,651.94000244,655.05999756,639.02001953,646.70001221,795.9095454162576,825.4213964643949,861.3378892380248,74095000
1585274400,646.60998535,649.16998291,633.40997314,642.22998047,790.4209895253199,821.3504761089639,859.1577110413281,102645000
1585533600,641.91998291,641.91998291,605,613.02001953,784.0852405969156,816.7209104072092,856.7085797825089,81044000
1585620000,613.33001709,629.08001709,598.59997559,610.76000977,777.8950537816686,812.1440015041601,854.2613303296481,77472000
1585706400,609.34997559,631.59997559,606.0300293,628.78997803,772.5698725048233,808.0694676491787,852.0178342868655,73252000
1585879200,630.36999512,649.15002441,630.36999512,649.15002441,768.162020787151,804.5379244660859,849.9992491139614,84128000
1586138400,649.15002441,682.65002441,649.15002441,682.65002441,765.1080209165385,801.8293044648395,848.3340826989966,127163000
1586224800,682.65002441,695.45001221,677.0300293,693.60998535,762.554519646305,799.424430706732,846.7945394417926,117081000
1586311200,693.65997314,693.65997314,675.26000977,691.16998291,760.0050719057227,797.0187763112491,845.246036391725,76667000
1586397600,691.16998291,704.17999268,691.16998291,697.84997559,757.7852470373041,794.8150251841103,843.7794089210611,111267000
1586484000,697.90002441,701.77001953,687.17999268,695.73999023,755.5693450084718,792.6133577406856,842.3063798793589,146865000
1586743200,695.84002686,714.58001709,695.84002686,706.36999512,753.8122253695979,790.696838571337,840.9537790359823,82299000
1586829600,706.36999512,713.80999756,699.0300293,713.80999756,752.383574376398,788.9882421044184,839.6886667824899,94916000
1586916000,714.39001465,726.20001221,714.39001465,722.79998779,751.327017712598,787.5173920085424,838.5255953497289,91992000
1587002400,721.72998047,726.71002197,714.52001953,726.57000732,750.4428387700052,786.1630056821303,837.4116093991843,72703000
1587088800,727.51000977,736.16998291,727.51000977,734.97998047,749.8905938307194,785.0256051218607,836.3923892108342,100569000
1587348000,736.09997559,742.27001953,729.52001953,736.30999756,749.4055725353365,783.9430360649305,835.396544517791,99010000
1587434400,734.14001465,734.14001465,702.60998535,706.65002441,747.8785886737173,782.2254135837098,834.1154846162209,128952000
1587520800,706.53997803,718.61999512,692.0300293,714.41998291,746.6836384678703,780.7186262354052,832.9244845992436,86107000
1587607200,715.61999512,729.98999023,715.61999512,717.48999023,745.6410081736607,779.313545435285,831.7758826652213,63426000
1587693600,717.48999023,725.52001953,711.14001465,725.04998779,744.9056145885299,778.1076885987231,830.7139334624827,64552000
1587952800,724.76000977,735.2800293,719.65997314,719.65997314,744.0039845367967,776.8088504774182,829.6089189319107,81803000
1588039200,719.45001221,721.72998047,711.84002686,715.73999023,742.9945561686968,775.4517646941423,828.4758947657225,64779000
1588125600,715.73999023,719.17999268,713.61999512,715.33001709,742.0065369158863,774.1157258584947,827.3500651371083,69756000
1588557600,714.90002441,716.04998779,706.4699707,709.34997559,740.8402311542475,772.6764869636393,826.1759348928585,65868000
1588644000,710.2199707,714.59002686,707.48999023,711.01000977,739.77486610481,771.3061208037806,825.030005289646,48703000
1588730400,711.34002686,725.94000244,709.77001953,725.94000244,739.2807638310668,770.297984840141,824.0440351120376,77213000
1588816800,726.16998291,739.97998047,726.16998291,739.97998047,739.3057358538858,769.6242514096934,823.207576856893,82601000
1588903200,740.14001465,773.2199707,740.14001465,760.15002441,740.0501747308899,769.4137130319225,822.580138524088,146260000
1589162400,760.85998535,777.13000488,760.65997314,777.13000488,741.3744543790724,769.585186184102,822.127898388326,107515000
1589248800,777.34997559,783.77001953,766.70001221,782.45001221,742.8414385873198,769.8710712068997,821.7330935507307,104564000
1589335200,781.84997559,788.05999756,760.20001221,783.69000244,744.3003158677726,770.1781585676353,821.3545553307234,122449000
1589421600,783.69000244,785.09997559,773.61999512,780.72998047,745.6013753178522,770.412643498799,820.9503307052436,86237000
1589508000,780.72998047,785.26000977,771.25,773.95001221,746.613826635429,770.4912516923812,820.4826658445944,80443000
1589767200,773.95001221,787.27001953,770.60998535,787.27001953,748.0658335245208,770.8641131998838,820.1521917519119,81991000
1589853600,787.5300293,808.16998291,787.5300293,799.30999756,749.8959822400736,771.496243963442,819.944806735077,119339000
1589940000,799.2800293,803.34997559,793.75,803.32000732,751.8039831357853,772.2034387046989,819.7793858453748,97443000
1590026400,803.57000732,815.54998779,802.48999023,815.54998779,754.0806261591501,773.1666953510389,819.7373022826348,134973000
1590112800,815.51000977,815.51000977,802.82000732,803.14001465,755.8327471766805,773.8327691132381,819.5721551420115,95158000
1590372000,803.34997559,809.11999512,799.22998047,807.25,757.6690776346562,774.5753742440551,819.4495466331358,81740000
1590458400,807.54998779,815.96002197,807.54998779,815.01000977,759.7169680680613,775.4739217001871,819.4053721369852,101930000
1590544800,816.03997803,821.35998535,801.35998535,801.35998535,761.2042186852734,776.0491675590719,819.2258160495525,119115000
1590631200,801.38000488,810.42999268,800.15997314,804.05999756,762.7347822165136,776.6716304479813,819.0749123829897,91472000
1590717600,804,808.83001709,801.46002197,806.22998047,764.2881821541381,777.3284826706929,818.9471021151988,76809000
1590976800,806.44000244,821.4699707,806.44000244,821.4699707,766.3303888879188,778.3094046268997,818.9722052851969,176781000
1591063200,821.89001465,827.10998535,818.11999512,818.70001221,768.2007325779932,779.2069736843019,818.9694968963889,147385000
1591149600,819.02001953,824.53997803,818.33001709,824.28997803,770.2039199155649,780.2088182253175,819.0224370071711,89255000
1591236000,824.29998779,831.48999023,823.51000977,823.77001953,772.1169949017948,781.1768449209771,819.0696766342639,135465000
1591322400,823.46002197,826.4699707,818.33001709,826.4699707,774.0581726088735,782.1833588271777,819.1433114010872,147687000
1591581600,826.78997803,845.63000488,826.78997803,838.52001953,776.3603814274852,783.4352846205737,819.3361144670465,155915000
1591668000,839.19000244,843.58001709,836.13000488,837.02001953,778.5267970740036,784.6260565074499,819.5120737214042,152485000
1591754400,836.79998779,842.21002197,827.59997559,839.10998535,780.690482369575,785.8368104817288,819.7070778172111,164036000
1591840800,839.10998535,842.76000977,806.64001465,806.86999512,781.6254649678044,786.3042145848015,819.5793456510697,191852000
1591927200,803.10998535,807.76000977,782.70001221,807.76000977,782.5588415678828,786.7810100333614,819.4617403189197,183055000
1592186400,808.58001709,813.59002686,778.71002197,778.71002197,782.4213837251014,786.6016547430645,819.0562505841046,141903000
1592272800,779.79998779,801.41998291,779.79998779,798.82000732,783.0070488534906,786.8731736892187,818.8548949297355,84855000
1592359200,798.82000732,802.05999756,793.20001221,796.42999268,783.4864397044373,787.0855474445693,818.6317615740167,76200000
1592445600,795.84002686,800.0300293,788.7199707,797.08001709,783.9719246110645,787.3076467700233,818.4173163552703,58891000
1592532000,797.21002197,808.2800293,797.0300293,808.2800293,784.8400712070979,787.773699715134,818.3164478273571,81045000
1592791200,808.58001709,812.98999023,805.23999023,809.9699707,785.7375676175587,788.2669501814643,818.2333983037018,68483000
1592877600,809.5300293,812.23999023,803.96002197,807.60998535,786.5187253937173,788.6967954074318,818.1276927021725,95807000
1592964000,807.90002441,813.4699707,799.34997559,801.61999512,787.0580564553703,788.9839776232666,817.9634370048374,74690000
1593050400,801.28997803,801.28997803,791.38000488,796.51000977,787.3956262166071,789.1512227820829,817.7499700671773,74549000
1593136800,796.70001221,803.88000488,793.08001709,795.5300293,787.6861406124425,789.2929740380366,817.5288761291954,53642000
1593396000,795.10998535,795.10998535,768.98999023,774.80999756,787.2262783605696,788.9711301163024,817.1038126608452,97111000
1593482400,774.84002686,784.44000244,765.61999512,770.5300293,786.6299837512636,788.5613278759402,816.6403919308865,74258000
1593568800,770.22998047,787.38000488,770.02001953,786.82000732,786.6367703072899,788.522631863586,816.343671686002,56962000
1593655200,786.82000732,788.88000488,781.45001221,785.59002686,786.5993866127438,788.4574628635063,816.0376652698229,54057000
1593741600,785.80999756,790.29998779,785.80999756,789.86999512,786.7161940594316,788.4888524692061,815.7772904424615,43303000
1594000800,790.08001709,803.76000977,790.08001709,803.46002197,787.3141879133805,788.8215451247793,815.6547305571635,74205000
1594087200,803.60998535,812.47998047,803.60998535,805.67999268,787.9701095121883,789.196177292673,815.5554794340076,87362000
1594173600,805.66998291,807.09002686,801.57000732,805.05999756,788.580462656753,789.548706631947,815.4510467785448,52133000
1594260000,805.11999512,819.45001221,805.11999512,817.08001709,789.5983038865118,790.1605135310148,815.4672554383602,81034000
1594346400,816.76000977,817.66998291,806.66998291,809.02001953,790.2919365880649,790.5796136643255,815.403103837282,71216000
1594605600,809.0300293,814.34997559,802.5,806.16998291,790.8590096709912,790.9260663142294,815.3112319872592,65612000
1594692000,805.21002197,805.91998291,798.21002197,805.36999512,791.377259151313,791.2470425099132,815.2123142074855,60124000
1594778400,805.38000488,815.09002686,805.38000488,810.15997314,792.0480703651947,791.6673298572484,815.1620421570627,53466000
1594864800,810.15997314,819.83001709,809.40997314,819.83001709,793.0402827482235,792.2931673513095,815.2084896688333,64521000
1594951200,819.27001953,819.27001953,812.60998535,814.15997314,793.7945574050726,792.779096368836,815.1980566685464,65439000
1595210400,814,814,803.35998535,803.35998535,794.1361798316772,793.0142272350841,815.0802649141331,69313000
1595296800,803.54998779,806.34002686,799.97998047,804.70001221,794.5134595594744,793.2739113456379,814.9769788175745,62634000
1595383200,804.26000977,806.92999268,797.82000732,797.84997559,794.6326208462789,793.3756016621793,814.8065608750115,65224000
1595469600,797.84997559,800.28997803,794.59002686,800.28997803,794.8346693171261,793.5292544703531,814.6621172646135,73618000
1595556000,798.89001465,798.89001465,760.55999756,772.28997803,794.0295017711574,793.0572705494563,814.2405039388959,142232000
1595815200,767.29998779,767.29998779,726.02001953,729.92999268,791.7402335893303,791.6544421523573,813.4015933791059,127325000
1595901600,730.54998779,757.5,730.54998779,756.16998291,790.4698674936399,790.8658986136383,812.8321246182193,106762000
1595988000,755.14001465,755.14001465,722.84997559,735.15997314,788.494514123867,789.6279891586685,812.0592673895803,95375000
1596074400,735.29998779,746.73999023,735.29998779,746.02001953,786.9775678883718,788.6589231669203,811.4021604457039,51152000
1596160800,745.33001709,747.55999756,731.14001465,740.72998047,785.3258683377156,787.5938355514332,810.6989546748014,58079000
1596420000,740.33001709,758.29998779,738.64001465,757.85998535,784.3449439452972,786.9330833247348,810.1731937859973,75713000
1596506400,759.19000244,768.46002197,759.19000244,768.2199707,783.7690520436795,786.5172363775184,809.7557487801665,62080000
1596592800,768.2199707,782.09002686,761.26000977,780.71002197,783.6598009696195,786.3881871684624,809.4667365731002,84976000
1596679200,780.69000244,787.27001953,776.03997803,781.59997559,783.5862357774902,786.2817824667188,809.1894553692882,64067000
1596765600,781.60998535,785.98999023,778.45001221,782.15002441,783.5349425143655,786.1899656210139,808.9204063050167,68195000
1597024800,782.5,791.66998291,782.5,784.29998779,783.5622655599238,786.1479661136581,808.6754270163101,79376000
1597111200,784.73999023,788.91998291,781.03997803,784.57000732,783.5982563370694,786.1129003626879,808.4355720939587,60223000
1597197600,784.58001709,790.01000977,784.22998047,788.41998291,783.7704608575312,786.1641688637393,808.2364120025761,71950000
1597284000,789.26000977,795.69000244,789.26000977,795.09002686,784.1747310719052,786.3625212636562,808.1056022001625,62105000
1597370400,795.13000488,801.60998535,789.11999512,791.97998047,784.45348997898,786.4873536904638,807.9451482525986,85641000
1597629600,791.89001465,793.60998535,782.52001953,791.53997803,784.706578837945,786.5996342313424,807.7819127279956,57166000
1597716000,791.59997559,792.13000488,784.92999268,786.95001221,784.7867014583755,786.6074204086459,807.5746301357767,41657000
1597802400,787.22998047,791.84997559,786.01000977,789.40997314,784.9518183041479,786.6696993582316,807.3938872800974,51465000
1597888800,789.40997314,793.34997559,783.57000732,786.10998535,784.9931814129283,786.6572612691598,807.1821071613899,65866000
1597975200,786.14001465,795.04998779,786.14001465,793.59997559,785.3005669192522,786.8115438096229,807.0469615736149,78119000
1598234400,793.46002197,810.16998291,793.46002197,809.69000244,786.1716181878503,787.3199540014091,807.0732604877082,102484000
1598320800,809.34002686,818.94000244,809.34002686,815.17999268,787.20763156257,787.9390659720444,807.1539244896215,107202000
1598407200,815.19000244,816.67999268,811.45001221,812.35998535,788.105929912121,788.4817530693323,807.2057260902224,89050000
1598493600,812.4699707,814.64001465,810.67999268,814.54998779,789.0503605506167,789.061047174236,807.2788033210659,72352000
1598580000,814.54998779,828.88000488,814.54998779,821.92999268,790.224633126666,789.7914681854752,807.4245862997617,102827000
1598839200,822.01000977,831.76000977,820.65997314,823.92999268,791.4283959678565,790.5501020631312,807.5888191990675,82419000
1598925600,823.92999268,832.86999512,821.73999023,832.0300293,792.8784543011474,791.4718782239505,807.8320153194749,78824000
1599098400,832.27001953,844.27001953,832.27001953,843.64001465,794.6913671707492,792.6311701445294,808.1883138202761,104710000
1599184800,843.2199707,843.2199707,833.53997803,840.53997803,796.3288175585797,793.695810319762,808.5102209268405,103338000
1599444000,840.64001465,843.79998779,824.35998535,824.35998535,797.3299306939875,794.377236431545,808.6679300255784,98247000
1599530400,824.61999512,829.2199707,819.02001953,827.57000732,798.4099334306309,795.1148535623996,808.8560103966671,81334000
1599616800,827.5,828.38000488,816.51000977,824.41998291,799.3388637691797,795.7660786590129,809.0108757948097,82986000
1599703200,824.41998291,832.60998535,824.41998291,825.84997559,800.2856891913519,796.4346097019237,809.1784290266027,67660000
1599789600,825.80999756,827.83001709,821.9699707,825.55999756,801.1883430616608,797.0818405432143,809.341429708527,64103000
1600048800,825.69000244,833.09002686,825.69000244,832.23999023,802.29733046053,797.8631327584762,809.569276081875,65501000
1600135200,832.27001953,835.41998291,831.13000488,833.33001709,803.4056406972968,798.6512857436212,809.805701365538,87508000
1600221600,833.30999756,834.52001953,831.33001709,834.5,804.5161535295362,799.4479238382074,810.0514157798112,54113000
1600308000,834.59997559,837.76000977,829.08001709,831.84002686,805.4920061484813,800.1677483498028,810.2682178801116,96607000
1600394400,831.84002686,842.09997559,831.84002686,841.26000977,806.7694348492498,801.0809097146961,810.5765939188169,94169000
1600653600,841.2800293,852.65002441,841.2800293,851.53997803,808.3683828199909,802.2022223439251,810.9841897806198,106118000
1600740000,851.53997803,854.69000244,846.0300293,852.7199707,809.9523681014198,803.3248389740601,811.3994711828027,130393000
1600826400,852.88000488,860.34002686,852.88000488,858.29998779,811.6790688045834,804.5465089477476,811.8661429898395,111916000
1600912800,858.14001465,858.89001465,852.28997803,853.21002197,813.1623171319197,805.6279203482421,812.2775248702392,90213000
1600999200,853.19000244,856.78997803,850.09997559,854.71002197,814.6461637332798,806.7186337176146,812.6997387717294,105361000
1601258400,854.84002686,863.97998047,854.84002686,863.30999756,816.3841577985198,807.9762195807787,813.2033234362892,134682000
1601344800,863.59002686,871.98999023,856.20001221,856.20001221,817.8061525989299,809.0478594169836,813.6311511852814,135082000
1601431200,856.20001221,860.09997559,852.53997803,858.53997803,819.260932078611,810.1476842750506,814.0780051837363,104923000
1601517600,859.27001953,868.29998779,859.27001953,867.58001709,820.9866136861606,811.423958337605,814.6103635111618,106516000
1601604000,867.58001709,870.79998779,850.60998535,861.51000977,822.433877832012,812.5369817027693,815.0770266580159,164531000
1601863200,861.51000977,869.09002686,861.51000977,867.70001221,824.0505254883686,813.7628268251522,815.6006384545531,115090000
1601949600,867.73999023,872.39001465,866.11999512,871.36999512,825.7405065466412,815.0429861205932,816.1555574263485,148280000
1602036000,870.97998047,876.30999756,867.05999756,870.84997559,827.3515590124755,816.2831414421356,816.6997804926535,157152000
1602122400,870.88000488,873.13000488,864.54998779,869.82000732,828.8682893091728,817.4728495727549,817.2283399635724,139810000
1602208800,869.79998779,875.52001953,868.35998535,874.5300293,830.4990657374167,818.7407869000269,817.7985060266213,115724000
1602468000,874.7199707,882.84002686,871.58001709,874.90002441,832.0848142614375,819.9887699558041,818.3666803388937,130255000
1602554400,874.58001709,879.25,872.35998535,878.34997559,833.7371414517432,821.2856856365639,818.96352904786,103916000
1602640800,878.94000244,892.25,878.94000244,892.15002441,835.8233158431095,822.860448720418,819.6917528823092,176566000
1602727200,896.5,901.71002197,893.94000244,899.20001221,838.0867692847842,824.556883464631,820.4828798407937,167589000
1602813600,899.58001709,906.16998291,892.70001221,901.59002686,840.3547427696133,826.2687310956393,821.289916129542,157349000
1603072800,899.60998535,906.15997314,899.60998535,903.51000977,842.6102880196271,827.9852039550696,822.1080265140242,142170000
1603159200,903.57000732,909.48999023,899.41998291,909.48999023,844.9988488128547,829.7964214278458,822.977498789805,179990000
1603245600,909.48999023,918.14001465,905.08001709,906.09997559,847.1810319120384,831.4920559647825,823.8045881112,152207000
1603332000,906.09997559,918.29998779,901.96002197,918.29998779,849.7209946219656,833.421121116454,824.7448408443224,133647000
1603418400,918.84002686,930.59002686,918.84002686,930.29998779,852.5988158065383,835.5739848203106,825.7951408139312,163039000
1603677600,929.5,942.7199707,919.55999756,919.55999756,854.9902865834476,837.4403406589703,826.7281244631458,167434000
1603764000,919.55999756,926.52001953,914.7199707,915.46002197,857.1499199901102,839.174111354771,827.6110289159503,189908000
1603850400,913.30999756,916,888.88000488,888.88000488,858.2831373076062,840.2786867664427,828.2206704678314,183439000
1603936800,887.98999023,894.19000244,879.73999023,886.67999268,859.2973107137632,841.309826897855,828.8023552659624,151633000
1604023200,887.34002686,893.41998291,875.84002686,892.54998779,860.4849063236288,842.4484971399027,829.4366600671966,130034000
1604282400,892.67999268,900.0300293,889.83001709,899.27001953,861.8700889381421,843.7111976374604,830.1315193653339,83556000
1604368800,899.72998047,904.7800293,897.29998779,902.14001465,863.3083005707084,845.0096157932946,830.8480218059774,110878000
1604455200,902.38000488,910.59002686,900.73999023,905.47998047,864.8144319956831,846.3534016749992,831.5906283598483,112219000
1604541600,905.54998779,913.20001221,903.64001465,903.64001465,866.201059947623,847.6264375188881,832.3075376761683,97631000
1604628000,903.67999268,907.66998291,899.51000977,902.90997314,867.5120925616365,848.8549605326906,833.0100494718283,79120000
1604887200,902.90997314,917.41998291,902.90997314,917.41998291,869.2945172169351,850.3786276966308,833.849949307034,108928000
1604973600,917.45001221,929.65997314,916.5,916.5,870.9804273163303,851.8479915255946,834.6723378711431,137868000
1605060000,916.97998047,919.95001221,910.39001465,916.67999268,872.612554650747,853.2887026623591,835.4883344364054,114386000
1605146400,916.89001465,923,916.21002197,923,874.4121062703632,854.8378426031956,836.3590972778342,85347000
1605232800,923.03997803,931.20001221,923,931.20001221,876.4402457682074,856.534779705569,837.3027879736766,122989000
1605492000,931.40002441,939.09997559,915.22998047,915.9699707,877.8520216586286,857.8555617276675,838.0855460107545,173013000
1605578400,916.25,934.65002441,916.25,934.65002441,879.8805217568919,859.5621053428304,839.0463865918415,129178000
1605664800,935.23999023,939.61999512,931.17999268,937.66998291,881.9444310837886,861.2978359554342,840.0277159084401,153574000
1605751200,938.59997559,945.05999756,936.32000732,944.91998291,884.1935579347247,863.1561058877578,841.0714200577094,166086000
1605837600,944.84997559,950.89001465,942.2800293,950.89001465,886.5755742459845,865.1057483046965,842.164142391961,125701000
1606096800,950.97998047,961.34997559,946.14001465,960.0300293,889.1989476407708,867.2151767712588,843.3369372865684,164653000
1606183200,959.98999023,964.5300293,948.66998291,959.60998535,891.7136275589576,869.2683947396753,844.4938830384433,184868000
1606269600,959.67999268,963.80999756,957.09002686,960.63000488,894.1749267489948,871.2986527427936,845.6494663403494,175122000
1606356000,960.28997803,964.15997314,953.46002197,964.15997314,896.6743926915308,873.3622376405093,846.8286753632315,156138000
1606442400,964.32000732,971.10998535,963.69000244,971.10998535,899.3328067150476,875.5344098118313,848.0653053133485,142656000
1606701600,971.39001465,975.46002197,965.89001465,965.89001465,901.7098498555816,877.5423121415685,849.2376904808774,168722000
1606788000,963.57000732,976.44000244,951.91998291,976.34997559,904.3755686318109,879.7380379959781,850.5024893376846,213408000
1606874400,976.27001953,981.2800293,973.58001709,979.95001221,907.0746559024604,881.9649707562896,851.7905243911405,187855000
1606960800,980.16998291,986.40002441,978.15997314,985.44000244,909.8734182788012,884.2644159048165,853.1203699438654,183518000
1607047200,985.90997314,988.67999268,983.0300293,984.34002686,912.532940013844,886.4883183704873,854.4260381718866,182021000
1607306400,984.25,992.59002686,984.07000732,992.01000977,915.3714067908496,888.833244846032,855.7950329141564,148301000
1607392800,992.01000977,996.64001465,988.71002197,993.60998535,918.1656417393907,891.1616168572313,857.1663259732195,153446000
1607479200,993.60998535,1004.60998535,993.60998535,1004.0300293,921.2322270094124,893.6698038004039,858.6276563545805,180900000
1607565600,1004.41998291,1008.59997559,994.2800293,994.2800293,923.8410770912192,895.9055865892838,859.9774312097588,173564000
1607652000,994.34002686,1008.65002441,994.28997803,1008.65002441,926.8699680668899,898.4110185408553,861.4567604953334,127664000
1607911200,1008.85998535,1024.2800293,1008.85998535,1024.2800293,930.3488988252152,901.2081076688362,863.0768925232405,160378000
1607997600,1024.40002441,1025.33996582,1009.79998779,1013.02001953,933.301438850386,903.6928168213065,864.5688639362431,173337000
1608084000,1013.65997314,1029.7199707,1013.65997314,1029.7199707,936.744957845015,906.493420240833,866.2121585309073,178525000
1608170400,1028.63000488,1028.63000488,1015.85998535,1016.95001221,939.609424072336,908.9480111734811,867.7120376719928,226639000
1608256800,1016.95001221,1037.97998047,1016.95001221,1036.65002441,943.0751597986812,911.7858336898481,869.3930126644108,183606000
1608516000,1038,1052.84997559,1038,1049.70996094,946.8835455537283,914.8508142954071,871.1872111547151,187655000
1608602400,1051.17004395,1053.81005859,1043.80004883,1052.22998047,950.6459182293094,917.9036846548424,872.9886317449169,204617000
1608688800,1053.89001465,1058.91003418,1043.88000488,1045.69995117,954.0407051200483,920.7436016885126,874.7071523362113,203334000
1608775200,1045.9699707,1051.56005859,1013.90002441,1033.94995117,956.8946067646895,923.2592983436568,876.2916577972439,212710000
1608861600,1033.85998535,1052.16003418,1026.05004883,1052.13000488,960.2958709830934,926.1230918222423,878.0412930915998,161859000
1609120800,1053.36999512,1063.08996582,1047.44995117,1054.22998047,963.6506606076258,928.9699115699702,879.7944143590465,190251000
1609207200,1054.22998047,1062.60998535,1050.05004883,1058.39001465,967.034208966282,931.8459138606376,881.5714850087078,153419000
1609293600,1059.19995117,1069.5,1055.25,1059.16003418,970.3244170096291,934.6751165344011,883.3385352492181,173018000
1609380000,1059.16003418,1074.02001953,1058.90002441,1070.77001953,973.9117599567852,937.6994477120811,885.2035251425592,136030000
1609725600,1072.43994141,1097.60998535,1072.43994141,1091.86999512,978.1245540697572,941.1254598767015,887.2599079284043,233730000
1609812000,1090.70996094,1106.29003906,1086.06994629,1104.30004883,982.6308217397659,944.7515618534414,889.4195113204601,191641000
1609898400,1105.73999023,1125.63000488,1104.98999023,1113.7199707,987.3125770597743,948.5064153833649,891.6513566874206,225227000
1609984800,1113.88000488,1130.58996582,1113.88000488,1130.58996582,992.4296266583538,952.552716504179,894.0288552857547,215401000
1610071200,1131,1156.38000488,1131,1147.85998535,997.9807108973412,956.8928780340862,896.5545381719661,220086000
1610330400,1148.06005859,1165.98999023,1148.06005859,1163.40002441,1003.8885435227933,961.4819257313287,899.2097171395087,222792000
1610416800,1163.43994141,1169.38000488,1155.90002441,1169.0300293,1009.7864537291221,966.0941058106325,901.8944963649863,202517000
1610503200,1169.16003418,1178.43994141,1161.86999512,1164.56994629,1015.3144356062962,970.5046800435074,904.5081824338919,187356000
1610589600,1165.2199707,1169.9699707,1156.57995605,1168.98999023,1020.8028482714285,974.9154647143183,907.1398422129577,229616000
1610676000,1169.27001953,1185.45996094,1169.27001953,1182.19995117,1026.567030517806,979.5217866355557,909.876758719993,211717000
1610935200,1183.25,1188.5300293,1171.95996094,1173.33996582,1031.808921064313,983.828857284099,912.4982831687493,199289000
1611021600,1173.27001953,1173.60998535,1098.4699707,1107.31994629,1034.5057433938018,986.5731037064523,914.4368071799059,324705000
1611108000,1108.92004395,1121.9699707,1073.13000488,1116.20996094,1037.423751163309,989.4539227560867,916.4445002521456,262600000
1611194400,1116.20996094,1152.90002441,1114.26000977,1151.30004883,1041.4907617942622,993.0505033355071,918.7813713822735,204600000
1611280800,1151.30004883,1164.44995117,1147.88000488,1156.57995605,1045.6010901605387,996.684491173607,921.1475264535942,210394000
1611540000,1156.55004883,1164.69995117,1149.26000977,1154.29003906,1049.4828383355193,1000.1868366821934,923.4673524496778,198478000
1611626400,1153.93994141,1155.31994629,1107.54003906,1125.08996582,1052.1830928885365,1002.9624617741447,925.4735476075915,236714000
1611712800,1122.92004395,1125.25,1073.73999023,1083.63000488,1053.3061968882316,1004.7550738431637,927.0472436998543,241014000
1611799200,1080.82995605,1080.82995605,1008.5300293,1010.75,1051.786332713652,1004.8882944244267,927.8801069466219,282129000
1611885600,1009.96002197,1070.05004883,978.84997559,1048.31005859,1051.6621800663786,1005.853222516995,929.078414923173,242654000
1612144800,1048.01000977,1068.93005371,1029.20996094,1029.85998535,1050.8835302550794,1006.3867061355062,930.0812166189623,175343000
1612231200,1029.55004883,1079.86999512,1025.18005371,1079.69995117,1051.912688144898,1008.015889358495,931.5699602463359,162837000
1612317600,1080.22998047,1122.04003906,1080.22998047,1117.97998047,1054.2722342993661,1010.4595358276396,933.4247863182131,204897000
1612404000,1117.52001953,1126.64001465,1103.10998535,1117.73999023,1056.5389398683174,1012.8435459254698,935.2587684466886,155635000
1612490400,1117.92004395,1135.5,1117.92004395,1135.5,1059.3589777301631,1015.5692449049038,937.2512185118957,139784000
1612749600,1135.5,1136.38000488,1077.40002441,1092.58996582,1060.5457987333716,1017.2808164807949,938.7968776890907,228472000
1612836000,1092.67004395,1129.48999023,1089.84997559,1129.48999023,1063.0080912868227,1019.7743536752217,940.6943215949703,173192000
1613527200,1130.18994141,1174.91003418,1130.18994141,1174.91003418,1067.0045892472933,1023.2218132419946,943.0248261978064,174116000
1613613600,1174.80004883,1187.93994141,1162.47998047,1187.93994141,1071.32370896739,1026.8822160901725,945.4617925183258,183246000
1613700000,1186.69995117,1188.60998535,1168.18005371,1180.58996582,1075.2260752835548,1030.2979438619464,947.8013763322728,166179000
1613959200,1180.47998047,1190.47998047,1172.70996094,1180.55004883,1078.9876457673563,1033.6368795279031,950.1172835213049,175256000
1614045600,1180.38000488,1191.73999023,1174.18005371,1182.4699707,1082.6834430863794,1036.9442815539498,952.4292505579089,195049000
1614132000,1182.76000977,1192.04003906,1161.13000488,1167.18005371,1085.70117918008,1039.8384098240842,954.5660744698699,178724000
1614218400,1168.2199707,1175.18994141,1158.06005859,1169.81994629,1088.7054208625773,1042.7268884122157,956.7079040402194,158379000
1614304800,1169.36999512,1175.40002441,1153.41003418,1173.59997559,1091.7373692456995,1045.6351792383887,958.8660341053913,178992000
1614564000,1173.7199707,1192.84997559,1173.7199707,1191.82995605,1095.3121044887102,1048.8839520564245,961.1840830799646,191029000
1614650400,1192.59997559,1203.83996582,1188.01000977,1194.70996094,1098.862027933399,1052.124530031615,963.5077236556863,169421000
1614736800,1194.7800293,1198.35998535,1189.14001465,1195.59997559,1102.3169546354206,1055.3128732662458,965.8170992968237,154441000
1614823200,1195.61999512,1200.42004395,1164.63000488,1174.29003906,1104.8874219362986,1057.9568102838848,967.8914569064076,183128000
1614909600,1174.35998535,1174.80004883,1157.44995117,1173.82995605,1107.349655297502,1060.5317690786874,969.9405962013687,205208000
1615168800,1175.18994141,1186.29003906,1164.7800293,1170,1109.5871676083057,1062.9643964324944,971.931237035186,164934000
1615255200,1169.89001465,1169.89001465,1150.18005371,1163,1111.494768765152,1065.1874098451055,973.8324187562289,159976000
1615341600,1163.43005371,1173.57995605,1154.29003906,1172.26000977,1113.6649559438965,1067.5668009545477,975.8068226469131,156011000
1615428000,1172.93994141,1190.4699707,1172.93994141,1188.70996094,1116.3451346937575,1070.2588711764467,977.9252618339091,167312000
1615514400,1188.73999023,1193.9699707,1184.64001465,1187.81005859,1118.8974534043375,1072.871119785637,980.0136677717807,147252000
1615773600,1187.83996582,1194.29003906,1184.31994629,1190.85998535,1121.4675438309682,1075.493094575956,982.1116410810167,149675000
1615860000,1191.07995605,1192.15002441,1177.05004883,1187.83996582,1123.8379874734337,1077.9896917147125,984.1586890883698,163859000
1615946400,1188.31005859,1193.44995117,1183.82995605,1193.44995117,1126.3241290340254,1080.5554752581634,986.241189208585,193597000
1616032800,1193.70996094,1211.54003906,1193.70996094,1211.54003906,1129.3675543920958,1083.4662433426486,988.4829688090965,155167000
1616119200,1211.07995605,1211.07995605,1201.17004395,1203.35998535,1132.010141212021,1086.1305487205898,990.6210485756727,171417000
1616378400,1204,1207.2800293,1194.79003906,1198.54003906,1134.386208992306,1088.628537394799,992.6898942521337,161298000
1616464800,1198.48999023,1198.48999023,1182.2199707,1186.97998047,1136.2645579736522,1090.8141250186923,994.6231289408687,155689000
1616551200,1186.04003906,1186.04003906,1157.68994141,1165.60998535,1137.312608951379,1092.4762552482769,996.3244906961835,190246000
1616637600,1165.80004883,1175.85998535,1159.25,1164.64001465,1138.2885877263298,1094.079894346093,997.9992720290572,165895000
1616724000,1164.38000488,1170.75,1143.07995605,1167.18994141,1139.320778929318,1095.704562058624,999.6827612766288,172710000
1616983200,1167.30004883,1182.06005859,1167.30004883,1180.06994629,1140.7761063350567,1097.5793483748769,1001.4776586399458,145667000
1617069600,1180.20996094,1192.90002441,1175.90002441,1190.85998535,1142.5648162998762,1099.6522514187684,1003.3620599007425,217512000
1617156000,1190.85998535,1203.18005371,1189.4699707,1196.23999023,1144.4817867973807,1101.7986456145736,1005.2812432871033,171904000
1617242400,1196.61999512,1227.56005859,1196.39001465,1226.16003418,1147.3988670610456,1104.5622320271386,1007.4790422014605,222240000
1617328800,1226.83996582,1243.67004395,1226.83996582,1238.0300293,1150.6356942838654,1107.5281830776466,1009.7730818740828,199249000
1617588000,1240.23999023,1256.11999512,1240.23999023,1249.90002441,1154.1808489312273,1110.6920017739212,1012.1624046853855,219162000
1617674400,1248.43005371,1260.34997559,1245.16003418,1255.35998535,1157.794389517612,1113.9068458533895,1014.582281109909,222983000
1617760800,1255.35998535,1257.77001953,1248.15002441,1257.77001953,1161.3649477323402,1117.1038052684253,1017.0020596016512,213314000
1617847200,1257.75,1263.0300293,1249.44995117,1251.81005859,1164.5951302629708,1120.0972775644602,1019.3384576015353,161342000
1617933600,1251.70996094,1256.06005859,1245.26000977,1253.26000977,1167.7617331025076,1123.05644939125,1021.6660352350524,173792000
1618192800,1254.39001465,1279.52001953,1254.39001465,1278.18994141,1171.705597684918,1126.503860325,1024.21851191341,267961000
1618279200,1278.31005859,1298.7800293,1276.73999023,1277.34997559,1175.478611181528,1129.8559962197778,1026.737232945018,255773000
1618365600,1277.31005859,1290.77001953,1263.89001465,1290.77001953,1179.596161479688,1133.4318634044494,1029.3644248513363,207521000
1618452000,1291.82995605,1300.83996582,1283.97998047,1284.19995117,1183.3320111114847,1136.7822653547948,1031.9001017301289,236678000
1618538400,1283.18005371,1291.36999512,1262.52001953,1276.86999512,1186.6726533975032,1139.8953260162439,1034.3376131071425,247667000
1618797600,1277.10998535,1306.2199707,1271.52001953,1306.2199707,1190.942200444021,1143.5914292314385,1037.0429101976188,210597000
1618884000,1308.0300293,1331.56005859,1303.68005371,1312.68005371,1195.289980917806,1147.348954219851,1039.7855683420205,244921000
1619056800,1312.32995605,1317.5,1271.5300293,1271.5300293,1198.0128397885985,1150.1085336660767,1042.0914833764282,232535000
1619143200,1271.52001953,1301.39001465,1262.89001465,1301.39001465,1201.7048817479342,1153.4703443546084,1044.6715682647225,245630000
1619402400,1301.39001465,1305.72998047,1269.7800293,1275.04003906,1204.3239945090795,1156.1718931258392,1046.9637918547253,216947000
1619488800,1274.31994629,1283.94995117,1264.56994629,1283.81005859,1207.1627825119695,1159.0082968028205,1049.320471125723,171781000
1619575200,1283.81005859,1296.47998047,1280.54003906,1294.06005859,1210.2662566576134,1162.0094470647578,1051.755690901487,206896000
1619661600,1294.79003906,1312.61999512,1294.79003906,1312.2800293,1213.9096056805558,1165.348793336652,1054.3479728756015,242337000
1620093600,1312.07995605,1329.18005371,1285.90002441,1328.0300293,1217.985335095536,1168.9639319136154,1057.0711774171377,274203000
1620180000,1328.4699707,1360.76000977,1328.4699707,1346.89001465,1222.5890736510526,1172.917844863313,1059.9549469418428,274663000
1620266400,1346.93005371,1352.56994629,1337.2800293,1344.64001465,1226.9480358295864,1176.7338930807948,1062.78763418272,226860000
1620352800,1344.08996582,1347.80004883,1329.51000977,1340.72998047,1231.0116767096013,1180.3782505783327,1065.5532296681656,291436000
1620612000,1339.75,1371.51000977,1335.39001465,1370.66003418,1235.9991180478298,1184.6067346583698,1068.5891182702735,302727000
1620698400,1370.70996094,1382.06005859,1359.18994141,1359.18994141,1240.3987903107645,1188.4863614750727,1071.4806687492758,262050000
1620784800,1358.58996582,1380.22998047,1350.80004883,1380.17004395,1245.39062079788,1192.7459988634043,1074.5522048209248,264230000
1620871200,1379.18994141,1385.7199707,1370.18005371,1370.18005371,1249.8473862590272,1196.6889778599952,1077.493775456637,271897000
1620957600,1370.14001465,1386.08996582,1370.14001465,1380.02001953,1254.4964088758477,1200.7630010082175,1080.5039868404515,251134000
1621216800,1381.13000488,1391.89001465,1371.2199707,1371.35998535,1258.6701080356388,1204.5540451047016,1083.39807637786,254611000
1621303200,1371.75,1381.35998535,1367.84997559,1378.58996582,1262.952960099366,1208.421510009486,1086.3353091086276,252829000
1621389600,1378.9699707,1402.44995117,1378.43005371,1401.70996094,1267.9085672722458,1212.716808919053,1089.4733653457556,279667000
1621476000,1402.31005859,1424.92004395,1396.22998047,1424.92004395,1273.516120010737,1217.4324363641852,1092.8111432423152,270202000
1621562400,1424.77001953,1433.01000977,1412.7800293,1425.04003906,1278.9276885482107,1222.0459386463144,1096.116903399705,267790000
1621821600,1425.10998535,1433.58996582,1421.17004395,1430.47998047,1284.3402704025602,1226.6778062423964,1099.4438991914492,256209000
1621908000,1428.42004395,1445.59997559,1427.56005859,1444.01000977,1290.0427610942545,1231.507410765232,1102.8724177046686,209779000
1621994400,1443.93005371,1456.55004883,1440.59997559,1455.10998535,1295.9380191033883,1236.4763568671158,1106.3772691240251,233969000
1622080800,1455.47998047,1457.45996094,1433.76000977,1437.38000488,1300.9895185954101,1240.9408823785132,1109.670828683786,264786000
1622167200,1437.73999023,1460.68005371,1433.55004883,1458.7800293,1306.624893977717,1245.7817523101016,1113.1445520730022,300175000
1622426400,1459.04003906,1475.08996582,1449.66003418,1474.7800293,1312.6304345249414,1250.870602909877,1116.7429150304847,293022000
1622512800,1473.2800293,1496.55004883,1473.2800293,1482.92004395,1318.7122062901221,1256.0272571552132,1120.3864685520718,255910000
1622599200,1482.92004395,1488.93005371,1469.48999023,1478.84997559,1324.4314123365464,1260.9788731204308,1123.953269617126,277182000
1622685600,1479.75,1506.27001953,1479.75,1504.36999512,1330.8577902930983,1266.387564720421,1127.7385106669058,318348000
1622772000,1504.18005371,1509.38000488,1496.35998535,1508.34997559,1337.1967969108448,1271.7645071841896,1131.5256894223594,336487000
1623031200,1508.07995605,1508.65002441,1472.09997559,1484.09997559,1342.443339006529,1276.4830731487632,1135.0338912747736,309807000
1623117600,1481.88000488,1493.35998535,1436.7199707,1438.9699707,1345.8907187098673,1280.0938930943462,1138.0581308710446,328466000
1623204000,1438.4699707,1465.93005371,1426.04003906,1457.76000977,1349.8860505334435,1284.0420290204718,1141.2392440939198,279950000
1623290400,1457.17004395,1464.40002441,1443.73999023,1451.18005371,1353.5036935040348,1287.7562073469057,1144.3232322493036,253444000
1623376800,1451.43005371,1489.94995117,1448.45996094,1487.60998535,1358.293203927105,1292.1974024136412,1147.7390208373702,264961000
1623636000,1488.88000488,1504.31994629,1483.81994629,1495.51000977,1363.1938041357798,1296.7154603548936,1151.199428687446,249572000
1623722400,1495.51000977,1498.75,1481.0300293,1487.04003906,1367.6168839545019,1300.9448954372292,1154.5411263030933,239019000
1623808800,1486.76000977,1487.68005371,1462.98999023,1465.57995605,1371.1155651007696,1304.6034523397352,1157.6360400319181,241627000
1623895200,1463.97998047,1469.43994141,1445.39001465,1461.91003418,1374.358224710742,1308.0991541584078,1160.6636419637398,211574000
1623981600,1461.95996094,1484.89001465,1461.95996094,1481.30004883,1378.177575572144,1311.9480629288876,1163.8540539723592,198663000
1624240800,1481.15002441,1486.11999512,1473.10998535,1478.29003906,1381.7530206967103,1315.6445512873568,1166.982770241888,205148000
1624327200,1481.13000488,1498.11999512,1481.13000488,1489.23999023,1385.591841037185,1319.5022277083044,1170.1893097442571,211642000
1624413600,1489.27001953,1502.79003906,1485.13000488,1489.5300293,1389.3039191894284,1323.280623299231,1173.3668293418266,197836000
1624500000,1489.51000977,1497.92004395,1482.38000488,1486.95996094,1392.7916349662346,1326.9179419134703,1176.4871590094701,175258000
1624586400,1486.98999023,1500.93994141,1480.64001465,1500.30004883,1396.631221175655,1330.7708776227264,1179.7091778136546,180213000
1624845600,1502.02001953,1523.57995605,1502.02001953,1521.41003418,1401.0876073543816,1335.0073033239992,1183.1091863347128,215306000
1624932000,1521.51000977,1536.95996094,1521.51000977,1529.9699707,1405.6905489024393,1339.339807043466,1186.5605374229247,203546000
1625018400,1529.9699707,1540.90002441,1528.09997559,1529,1410.0944578702095,1343.5544779980555,1189.9678952595125,192676000
1625104800,1529.08996582,1545.14001465,1525.23999023,1545.14001465,1414.9175134694876,1348.034156590321,1193.5019461987213,253521000
1625191200,1546.54003906,1558.44995117,1546.54003906,1554.58996582,1419.9058153391488,1352.6242856843137,1197.0948618168434,242776000
1625450400,1554.58996582,1560.43994141,1533.18005371,1557.41003418,1424.8166802977507,1357.175080095329,1200.6800874124967,309398000
1625536800,1557.41003418,1565.29003906,1488.42004395,1488.42004395,1427.0882289996168,1360.0916348476549,1203.5431715571485,298837000
1625623200,1488.42004395,1538.77001953,1472.81005859,1538.77001953,1431.076864375702,1364.0622656183737,1206.8787620842415,306583000
1625709600,1538.77001953,1538.77001953,1509.90002441,1521.20996094,1434.2959035387125,1367.554436625521,1210.0064357046967,218880000
1625796000,1521.20996094,1526.34997559,1480.59997559,1494.43005371,1436.4435517591157,1370.3738947829538,1212.8365214559933,287668000
1626055200,1494.43005371,1495.92004395,1406.14001465,1443.09997559,1436.6812811816474,1371.9900299119993,1215.1277001040928,412554000
1626141600,1443.09997559,1457.05004883,1419.08996582,1440.86999512,1436.830878108017,1373.5206958055105,1217.3738920943008,174504000
1626228000,1440.86999512,1446.13000488,1395.16003418,1410.30004883,1435.883348490945,1374.3380147616103,1219.2935553454022,215229000
1626314400,1410.30004883,1441.56994629,1402.35998535,1430.29003906,1435.6835874398398,1375.5813930793524,1221.39302284505,189777000
1626400800,1439.95996094,1446.35998535,1433.16003418,1438.05004883,1435.7681039180598,1376.9695854293668,1223.5488141483827,152452000
1626660000,1403.95996094,1413.23999023,1367.60998535,1374.15002441,1433.5674582213433,1376.9069285178252,1225.0473336534735,268709000
1626746400,1379.41003418,1411.02001953,1357.31005859,1411.02001953,1432.7621925537953,1377.6649972069847,1226.897808139807,221512000
1626832800,1415.70996094,1422.80004883,1402.42004395,1406.54003906,1431.825687071874,1378.3066648037184,1228.685293024585,149344000
1626919200,1404.48999023,1432.43005371,1400.19995117,1428.47998047,1431.7061975503784,1379.4216273740801,1230.6732998648379,162697000
1627005600,1422.06994629,1430.43005371,1401.5300293,1401.5300293,1430.6284772557221,1379.912925194656,1232.3733668243917,235469000
1627264800,1397.01000977,1409.93994141,1384.86999512,1403.95996094,1429.6760302444463,1380.447303766775,1234.0806961190744,152848000
1627351200,1415.5,1423.30004883,1408.80004883,1409.84997559,1428.9679568639303,1381.1006964739577,1235.8296441735115,190307000
1627437600,1406.25,1415.39001465,1402.59997559,1407.5,1428.2012441187899,1381.6873476634253,1237.5378069180538,120700000
1627524000,1419.55004883,1427.55004883,1413.58996582,1427.55004883,1428.1779871441902,1382.7065188004603,1239.4284759918046,166490000
1627610400,1430.47998047,1451.44995117,1428.84997559,1447.22998047,1428.8584154772548,1384.140373504228,1241.496152653279,224343000
1627869600,1443.59997559,1457.89001465,1438.34997559,1448.20996094,1429.5495421009243,1385.5641421139117,1243.5530064670772,198501000
1627956000,1449.9699707,1469.86999512,1449.32995605,1469.86999512,1430.989558280177,1387.437605514047,1245.8049168019322,225710000
1628042400,1476.81994629,1480.2800293,1465.66003418,1472.19995117,1432.4613580262421,1389.3212131952903,1248.0576037110673,218545000
1628128800,1469.13000488,1488.79003906,1465.09997559,1486.45996094,1434.3898795588764,1391.4798520340617,1250.4297664695641,193619000
1628215200,1488.10998535,1491.52001953,1476.79003906,1476.79003906,1435.9041709696307,1393.3756339679715,1252.6821074903644,211700000
1628474400,1472.7800293,1499.90002441,1467.31994629,1497.82995605,1438.1158061510725,1395.69684112535,1255.1213895655846,206116000
1628560800,1506.5,1508.92004395,1490,1494.41003418,1440.1263142949629,1397.8904676376756,1257.5023711040365,185391000
1628647200,1497.13000488,1506.80004883,1487.91003418,1487.91003418,1441.8328757194286,1399.8909024497273,1259.7949846669815,245344000
1628733600,1487.09997559,1493.68994141,1477.06005859,1477.06005859,1443.0909893933776,1401.6057725861779,1261.9568261985537,184220000
1628820000,1477.7199707,1484.67004395,1463.47998047,1484.25,1444.5609540578998,1403.4423109731517,1264.1686985746876,207219000
1629079200,1490.69995117,1504.0300293,1487.52001953,1500.77001953,1446.5684206819035,1405.6051489410818,1266.522940574243,258600000
1629165600,1508.41003418,1512.27001953,1488.73999023,1494.11999512,1448.2666911975498,1407.5721455228356,1268.787587883156,217176000
1629252000,1493.11999512,1500.17004395,1484.26000977,1489.54003906,1449.7407393354945,1409.393654268106,1270.9841296859106,192678000
1629338400,1489.73999023,1505.01000977,1479.59997559,1505.01000977,1451.7146418510126,1411.518462168148,1273.3127454081402,206498000
1629424800,1495.67004395,1497.0300293,1436.23999023,1450.44995117,1451.6694743266908,1412.3836063681892,1275.0753046694522,348767000
1629684000,1443.67004395,1446.72998047,1412,1412,1450.252707386452,1412.3750817822295,1276.4377394488606,250637000
1629770400,1415.70996094,1423.45996094,1406.93994141,1418.26000977,1449.1101110430072,1412.5058579597355,1277.8489063177276,203685000
1629856800,1420.73999023,1430.57995605,1411.06994629,1428.51000977,1448.3743931404,1412.8615057777413,1279.348021774964,153264000
1629943200,1432.36999512,1433.67004395,1408.07995605,1412.44995117,1447.0913773557427,1412.8523601197915,1280.6724190823775,152194000
1630029600,1403.98999023,1418.56994629,1391.88000488,1418.56994629,1446.0727548176803,1412.9794175902405,1282.0445337809608,202511000
1630288800,1427.47998047,1434.25,1420.77001953,1431.05004883,1445.5362296038345,1413.3809871733463,1283.5271757217472,154142000
1630375200,1435.52001953,1437.38000488,1425.70996094,1428.66003418,1444.9335083386975,1413.720521551272,1284.971283766108,152484000
1630461600,1425.34997559,1434.72998047,1423.07995605,1426.93994141,1444.290880948387,1414.0142864370216,1286.383907225251,176638000
1630893600,1433.0300293,1441.92004395,1429.55004883,1441.54003906,1444.1926365952304,1414.6259698286433,1287.9277493330594,208735000
1630980000,1446,1454.81994629,1441.68994141,1444.09997559,1444.189327273615,1415.2809477344513,1289.4817018331285,205271000
1631066400,1447.43005371,1448.43994141,1431.38000488,1433.70996094,1443.8150641902716,1415.6904813612412,1290.9168088889182,152206000
1631152800,1432.83996582,1449.16003418,1431.55004883,1447.2800293,1443.9388129441904,1416.3924713154358,1292.472661828332,166189000
1631239200,1451.7800293,1453.81005859,1447.43994141,1448.32995605,1444.0956394836837,1417.1021931984262,1294.023480676309,139147000
1631498400,1450,1454.7199707,1444.70996094,1444.98999023,1444.1275805817666,1417.72192202135,1295.5256350002262,162871000
1631584800,1444.23999023,1448.70996094,1436.97998047,1438.16003418,1443.9144539245606,1418.1761022915423,1296.9448827532588,148168000
1631671200,1433.17004395,1447.64001465,1432.76000977,1444.84997559,1443.947865412612,1418.768855031508,1298.416575219296,130109000
1631757600,1452.89001465,1454.22998047,1442.77001953,1448.97998047,1444.1275838075187,1419.4402133745857,1299.914718555124,134634000
1631844000,1452.31005859,1459.93994141,1451.38000488,1455.58996582,1444.5369545936787,1420.2435412067061,1301.4637259905953,188921000
1632103200,1468.10998535,1474.66003418,1454.94995117,1458.66003418,1445.0413502931901,1421.0972410505572,1303.027868360639,180835000
1632189600,1444.75,1455.70996094,1433.77001953,1446.2199707,1445.0834438791476,1421.6555239316558,1304.4526653988416,167220000
1632276000,1449.43994141,1454.18994141,1440.02001953,1453.2199707,1445.3740341227494,1422.3569560820636,1305.9329370933806,122875000
1632362400,1456.45996094,1466,1453.02001953,1458.22998047,1445.8331750637226,1423.1541344017955,1307.4483305598146,138285000
1632448800,1460.63000488,1464.11999512,1456.89001465,1459.93994141,1446.3369881475182,1423.9715967797556,1308.9656600210105,141119000
1632708000,1462.85998535,1464.5,1439.19995117,1439.19995117,1446.0820939697496,1424.3100046550944,1310.2615236145327,148690000
1632794400,1433.69995117,1454.79003906,1430.89001465,1451.11999512,1446.26201901083,1424.905782220981,1311.663100445433,141163000
1632880800,1450.72998047,1453.66003418,1440.55004883,1450.52001953,1446.4140904579433,1425.4749874945148,1313.0447613318465,169808000
1632967200,1450.52001953,1461.93994141,1450.52001953,1453.76000977,1446.676444719088,1426.1035435450813,1314.4449130575993,118787000
1633053600,1450.90002441,1453.23999023,1438.52001953,1441.82995605,1446.5033558380492,1426.453019378524,1315.7124259231953,188812000
1633312800,1442.86999512,1446.7800293,1433.05004883,1443.60998535,1446.4000211777618,1426.8342852890012,1316.9850384548054,220195000
1633399200,1446.77001953,1456.36999512,1444.48999023,1456.20996094,1446.7503761692703,1427.4870780812455,1318.3703610665984,152940000
1633485600,1461.97998047,1461.97998047,1453.7800293,1461.7199707,1447.2850045453679,1428.247809028329,1319.7967253415577,157608000
1633572000,1467.94995117,1470.64001465,1460.86999512,1462.73999023,1447.836968319819,1429.0143019439215,1321.2190463852237,142852000
1633658400,1466.7800293,1476.54003906,1463.06994629,1476.54003906,1448.8620779891112,1430.07042943539,1322.7645288994006,137768000
1633917600,1481.29003906,1511.20996094,1480.31005859,1510.27001953,1451.0552187584287,1431.8526425486036,1324.630255174332,211044000
1634004000,1514.7800293,1517.20996094,1504.23999023,1509.56994629,1453.1450304559849,1433.579693742857,1326.4704511058312,162656000
1634090400,1512.72998047,1519.10998535,1502.18994141,1505.55004883,1455.016638255057,1435.1790349670157,1328.2523376503502,137278000
1634176800,1504.84997559,1511.14001465,1498.20996094,1503.38000488,1456.743901348805,1436.6946120761932,1329.9949015033815,159953000
1634263200,1508.36999512,1512.60998535,1499.69995117,1504.83996582,1458.4616179370619,1438.2089532705,1331.734653387129,151732000
1634522400,1508.88000488,1517.69995117,1505.39001465,1510.48999023,1460.319774090381,1439.8151985362665,1333.5133134552173,167734000
1634608800,1512.09997559,1513.82995605,1503.89001465,1507.18994141,1461.9937086375103,1441.3124150445717,1335.2414391065086,142509000
1634695200,1510.38000488,1516.73999023,1486.26000977,1505.0300293,1463.530720089742,1442.7283620280257,1336.9308778149016,182022000
1634781600,1509.05004883,1510.19995117,1489.26000977,1489.26000977,1464.4496232926085,1443.762398644514,1338.4465905706736,166371000
1634868000,1495.31994629,1498.25,1486.56994629,1488.70996094,1465.3160639228724,1444.7612333621914,1339.9417484847963,127283000
1635127200,1492.34997559,1492.34997559,1476.9699707,1476.9699707,1465.7322748791985,1445.4769830808093,1341.3052133824601,202649000
1635213600,1474.35998535,1483.65002441,1467.02001953,1482.61999512,1466.3354077449414,1446.302383348347,1342.7113306136794,143686000
1635300000,1487.44995117,1516.45996094,1485.11999512,1516.45996094,1468.1255703590507,1447.8614406281615,1344.4401727064785,201353000
1635386400,1522.10998535,1530.77001953,1513.11999512,1529.26000977,1470.308943195156,1449.6702977202024,1346.2791760603443,190779000
1635472800,1529.42004395,1534.51000977,1521.04003906,1532.34997559,1472.5246943521147,1451.5076238950867,1348.130626801933,197579000
1635732000,1534.17004395,1534.88000488,1513.97998047,1516.75,1474.104169553825,1452.9574544751958,1349.8084315103715,252416000
1635818400,1514.91003418,1522.90002441,1514.75,1521.34997559,1475.7915197694026,1454.477288277747,1351.5153125459897,186412000
1635904800,1526.38000488,1537.58996582,1519.39001465,1530.65002441,1477.7507520779955,1456.1700157473526,1353.29774748991,324556000
1635991200,1531.92004395,1535.90002441,1524.54003906,1528.20996094,1479.55286668021,1457.7709034183003,1355.0381675242393,173097000
1636077600,1531.06005859,1536.4699707,1523.16003418,1531.76000977,1481.4174075048454,1459.4151057816714,1356.796593815242,156545000
1636336800,1535.11999512,1541.82995605,1528.70996094,1535.66003418,1483.3546441718152,1461.1094375238565,1358.5763295402644,219016000
1636423200,1539.25,1542.75,1524.35998535,1527.13000488,1484.9180499113932,1462.576561242882,1360.2534805386697,210506000
1636509600,1530.68994141,1531.69995117,1518.89001465,1523.79003906,1486.3063352381291,1463.936860749929,1361.880709976693,204461000
1636596000,1524.72998047,1526.7199707,1503.77001953,1514.35998535,1487.308251313553,1465.0573746299308,1363.3979166968254,258427000
1636682400,1514.95996094,1529.4699707,1504.52001953,1527.93994141,1488.7593831027118,1466.4547650028212,1365.0351507735734,152557000
1636941600,1534.16003418,1534.43994141,1521.93994141,1528.68005371,1490.1851213386865,1467.837549196314,1366.663458265478,232162000
1637028000,1527.10998535,1530.31994629,1513.5,1517.2199707,1491.1506516730192,1468.9349363408405,1368.1615330160703,214948000
1637114400,1517.67004395,1522.5,1513.65002441,1519.57995605,1492.165983972197,1470.0603812232662,1369.6681839915323,165538000
1637200800,1522.39001465,1523.18994141,1503.42004395,1503.42004395,1492.5679146856899,1470.8017070616381,1370.999048269726,256828000
1637287200,1507.44995117,1521.63000488,1486.58996582,1500.05004883,1492.8351337622723,1471.451670212046,1372.2831378275396,322631000
1637546400,1503.18994141,1530.43005371,1502.25,1517.04003906,1493.6995946657626,1472.464745075334,1373.723505003982,274790000
1637632800,1518.39001465,1533.11999512,1513.22998047,1533.11999512,1495.1074661105567,1473.812639520771,1375.3095397315044,173027000
1637719200,1534.86999512,1567.77001953,1530.60998535,1565.29003906,1497.6139865730368,1475.8454706216428,1377.1998929586537,371793000
1637805600,1573.29003906,1579.56005859,1567.67004395,1572.45996094,1500.2870570861426,1477.9924592953842,1379.1427792072243,255689000
1637892000,1576.52001953,1587,1564.39001465,1566.55004883,1502.653592505566,1479.9604057294866,1381.0075281586946,286507000
1638151200,1541.2199707,1558.85998535,1541.2199707,1553.04003906,1504.4531084539385,1481.5843975812759,1382.7192944363196,270835000
1638237600,1567.43994141,1568.08996582,1531.81994629,1537.58996582,1505.6365676455835,1482.8289657643586,1384.2602961416299,254246000
1638324000,1536.67004395,1549.81005859,1531.19995117,1549.81005859,1507.2141923221698,1484.3174344938172,1385.907557459524,183019000
1638410400,1553.20996094,1555.48999023,1540.88000488,1540.88000488,1508.4165427706637,1485.574380502399,1387.449571861718,155692000
1638496800,1550.81005859,1551.9699707,1503.97998047,1503.97998047,1508.2580941170686,1485.9833938350123,1388.6090784150342,237844000
1638756000,1507.44995117,1515.4699707,1464.91003418,1480.92004395,1507.2817351825304,1485.8708749486786,1389.5275954850338,264305000
1638842400,1493.06994629,1512.61999512,1488.13000488,1512.61999512,1507.4723873231544,1486.4652998413746,1390.7523954814017,167561000
1638928800,1515.58996582,1523.94995117,1508.68994141,1516.16003418,1507.7826604251845,1487.1251828266775,1392.0002326823828,176054000
1639015200,1509.40002441,1529.60998535,1509.40002441,1529.60998535,1508.562207743928,1488.069289549418,1393.3694839527075,141320000
1639101600,1528.17004395,1533.22998047,1517.58996582,1519.45996094,1508.9514132152162,1488.7668600247644,1394.6241155645214,172566000
1639360800,1523.73999023,1526.5300293,1517.97998047,1520.80004883,1509.3745787728872,1489.4787086648807,1395.8795974875609,166213000
1639447200,1518.39001465,1529.93005371,1513.14001465,1516.43994141,1509.626913152784,1490.077847170328,1397.0792028997244,170666000
1639533600,1516.91003418,1525.14001465,1512.05004883,1519.42004395,1509.976667824113,1490.729895987654,1398.2965247012196,150689000
1639620000,1526.63000488,1526.75,1501.41003418,1510.17004395,1509.9835741143233,1491.161899275706,1399.4096940469785,187576000
1639706400,1513.35998535,1520.9699707,1511.18994141,1513.56005859,1510.1113057027403,1491.6596361493569,1400.5455185697947,220350000
1639965600,1519.68994141,1521.61999512,1509.54003906,1513.59997559,1510.2359010558566,1492.1471992480379,1401.670438540145,180132000
1640052000,1512.01000977,1517.68994141,1507.89001465,1511.47998047,1510.2803324635047,1492.5768166085259,1402.7630707981534,175784000
1640138400,1514.97998047,1519.73999023,1498.95996094,1504.11999512,1510.0603204155225,1492.8333316865587,1403.771597408321,220183000
1640224800,1504.60998535,1506.43005371,1470.93994141,1477.36999512,1508.8928087978252,1492.4897019850796,1404.5039197736114,241494000
1640311200,1484.51000977,1507.47998047,1481.36999512,1506.67004395,1508.8134243389743,1492.804820695411,1405.5204981236252,197961000
1640570400,1515.23999023,1517.44995117,1500.31005859,1514.55004883,1509.0183037850823,1493.2880479872908,1406.6053692749324,134566000
1640656800,1518.56005859,1523.54003906,1509.57995605,1523.54003906,1509.536937187758,1493.9603144555733,1407.7688983275202,189419000
1640743200,1525.81994629,1528.90002441,1515.93994141,1515.93994141,1509.7656159099809,1494.4487506101161,1408.8452271144106,154783000
1640829600,1515.75,1526.19995117,1515.75,1519.61999512,1510.1175580246245,1495.0081115992245,1409.9474636119787,145697000
1640916000,1523.57995605,1537.31994629,1523.41003418,1535.70996094,1511.0315724144593,1495.9125971401306,1411.1988317445957,183409000
1641261600,1536.44995117,1562.54003906,1536.44995117,1558.86999512,1512.7400875110857,1497.3116504285722,1412.6681965543012,207490000
1641348000,1559.32995605,1562.93005371,1546.01000977,1546.01000977,1513.9282990203326,1498.393836191715,1413.9949807654027,222221000
1641434400,1542.33996582,1554.9699707,1541.18994141,1544.94995117,1515.036215168535,1499.4284165245658,1415.2980152967918,231961000
1641520800,1548.77001953,1550.4699707,1532.23999023,1532.23999023,1515.6506357064443,1500.1575626069089,1416.4616170374209,200627000
1641780000,1531.13000488,1537.70996094,1514.69995117,1514.69995117,1515.6166826872857,1500.4807267971998,1417.4391128994366,200034000
1641866400,1516.73999023,1519.83996582,1497.7800293,1499.73999023,1515.0496579566684,1500.4642659845954,1418.2580271017307,187023000
1641952800,1498.63000488,1530.04003906,1484.93005371,1530.04003906,1515.5850287103588,1501.121505386271,1419.3702859271862,282093000
1642039200,1533.38000488,1548.48999023,1524.66003418,1526.43005371,1515.9723510317745,1501.6839175712428,1420.4355572484083,308817000
1642125600,1523.95996094,1530.19995117,1513.17004395,1523.56994629,1516.2436937195682,1502.170273764993,1421.4617700746928,135949000
1642384800,1523.17004395,1529.2800293,1478.60998535,1478.60998535,1514.8996327063694,1501.6467118002154,1422.030409032656,290138000
1642471200,1473.04003906,1489.13000488,1464.41003418,1477.06005859,1513.5482193450705,1501.1003417288773,1422.577967734719,214018000
1642557600,1479.73999023,1491,1475.06005859,1482.55004883,1512.4411418266752,1500.6881129977912,1423.1747048600453,142261000
1642644000,1479.81005859,1499.4699707,1474.67004395,1492.81005859,1511.7400317110796,1500.5130451220625,1423.8675939518855,163721000
1642730400,1497.60998535,1508.65002441,1492.20996094,1502.16003418,1511.3978889421126,1500.5496448789056,1424.6466232078867,218983000
1642989600,1496.35998535,1499.2199707,1465.76000977,1471.31005859,1509.9661807152513,1499.8998762947076,1425.1109359977586,243478000
1643076000,1471.56005859,1516.16003418,1466.06994629,1516.16003418,1510.1873897675637,1500.261213136603,1426.0168971737012,191549000
1643162400,1519.90002441,1533.60998535,1516.95996094,1525.31005859,1510.7274850826507,1500.8178541466784,1427.0048888295848,236864000
1643248800,1520.81994629,1528.81005859,1507.26000977,1516.56994629,1510.9361444114845,1501.1679006387521,1427.896083431181,158584000
1643335200,1516.40002441,1535.56994629,1515.84997559,1532.23999023,1511.69699604786,1501.8583915185577,1428.9343312600251,194567000
1644199200,1548.38000488,1555.01000977,1541.25,1541.25,1512.752460474722,1502.733760595923,1430.051900103209,182867000
1644285600,1539.48999023,1555.01000977,1537.16003418,1550.45996094,1514.0991569199105,1503.7943428257915,1431.249990260789,218959000
1644372000,1554.58996582,1570.31994629,1552.43994141,1552.43994141,1515.4684706516994,1504.8753561276628,1432.4558604214776,230551000
1644458400,1554.97998047,1557.89001465,1536.02001953,1548.94995117,1516.6642378130673,1505.854791573048,1433.615005603055,225003000
1644544800,1544.76000977,1549.36999512,1540.5,1545.92004395,1517.7090880322435,1506.745130514758,1434.7324686711836,167676000
1644804000,1530.5,1536.77001953,1505.06994629,1505.06994629,1517.2576901128775,1506.7079041986524,1435.4323440703758,254064000
1644890400,1508.25,1530.04003906,1506.68994141,1527.35998535,1517.618486371346,1507.166839335349,1436.3470469686806,180952000
1644976800,1534.39001465,1534.5,1517.52001953,1521.4699707,1517.7560393830838,1507.484686699008,1437.194041234664,122057000
1645063200,1521.36999512,1540.51000977,1521.36999512,1540.51000977,1518.5686811826165,1508.2185827672524,1438.2220608220803,146568000
1645149600,1525.20996094,1533.5300293,1523.88000488,1531.4699707,1519.029441522523,1508.735280276869,1439.149900721363,155105000
1645408800,1530.65002441,1537.56005859,1522.47998047,1533.40002441,1519.5426766256471,1509.2833857020496,1440.0877128973696,163183000
1645495200,1532.06994629,1532.35998535,1510.06994629,1532.35998535,1520.000437651517,1509.7961990275596,1441.005844961575,223626000
1645581600,1536.59997559,1547.18994141,1534.18994141,1538.82995605,1520.6729204514627,1510.4413936280582,1441.9792192012608,158142000
1645668000,1537.5,1540.13000488,1503.2199707,1522.04003906,1520.7217461160533,1510.6991413043236,1442.775844274482,275311000
1645754400,1531.9699707,1540.13000488,1526.5,1526.5,1520.9281123261942,1511.0502714975607,1443.6089204508555,198105000
1646013600,1525.57995605,1533.31994629,1512.44995117,1517.18005371,1520.7942530899015,1511.1864888800594,1444.340971528061,193571000
1646100000,1521.43994141,1525,1515.48999023,1520.11999512,1520.7701724481194,1511.385011240947,1445.094991663304,187031000
1646186400,1516.31005859,1517.48999023,1495.16003418,1498.60998535,1519.9787371946152,1511.1011217767038,1445.627479162674,291453000
1646272800,1507.5300293,1522.48999023,1502.41003418,1522.48999023,1520.0684248030218,1511.3542077423326,1446.3922802678217,244078000
1646359200,1525.22998047,1529.93005371,1519.9699707,1525.33996582,1520.2566941250568,1511.6650023662808,1447.1778293777936,220072000
1646618400,1514.76000977,1518.31994629,1505.79003906,1509.11999512,1519.8589548748762,1511.6084466496968,1447.7941693354276,222535000
1646704800,1500.06994629,1506.65002441,1486.68005371,1490.17004395,1518.7986366275593,1511.1320377008146,1448.215819829105,222308000
1646791200,1493.95996094,1497.75,1485.15002441,1489.25,1517.743328176575,1510.645770196352,1448.6241201293128,190159000
1646877600,1491.90002441,1505.5,1490.23999023,1490.23999023,1516.7610661070544,1510.192308419322,1449.038208389021,148748000
1646964000,1487.92004395,1490.82995605,1469.2199707,1477.14001465,1515.3460285550168,1509.457813002226,1449.3178283518168,178187000
1647223200,1471.43994141,1473.97998047,1454.33996582,1461.09997559,1513.408669520552,1508.3831943930654,1449.435063647719,177210000
1647309600,1461.40002441,1469.52001953,1455.16003418,1468.89001465,1511.8187175608894,1507.505568176553,1449.6286452497318,136415000
1647396000,1475.17004395,1478.42004395,1467.94995117,1472.68994141,1510.421261269786,1506.7318875817407,1449.8581108831672,106836000
1647482400,1480.31994629,1480.85998535,1469.92004395,1469.92004395,1508.974789222651,1505.9138466121465,1450.0577321077128,109378000
1647568800,1474.02001953,1482.95996094,1474.02001953,1476.93994141,1507.8306875150563,1505.2699820520988,1450.3252167773874,148419000
1647828000,1480.29003906,1502.67004395,1480.29003906,1502.67004395,1507.6463788163044,1505.21220564983,1450.8460608288563,124702000
1647914400,1507.38000488,1516.69995117,1506.09997559,1513.40002441,1507.8518661589364,1505.3941571778337,1451.4684883271761,155225000
1648000800,1514.60998535,1519.57995605,1505.58996582,1505.58996582,1507.7710840039745,1505.3985084809929,1452.0070104912838,132331000
1648087200,1506.48999023,1506.79003906,1496.95996094,1497.43994141,1507.4021146256182,1505.221651434971,1452.459079455649,115640000
1648173600,1499.33996582,1503.18005371,1494.2800293,1498.35998535,1507.0791814372033,1505.069169966416,1452.9158048874338,109442000
1648432800,1493.11999512,1497.06005859,1477.7199707,1484.16003418,1506.2606404637318,1504.6045225044957,1453.226692741091,177241000
1648519200,1484.94995117,1501.05004883,1484.94995117,1500.56994629,1506.0574013860985,1504.5148652552846,1453.6977698908315,110331000
1648605600,1497.97998047,1513.91003418,1496.58996582,1500.22998047,1505.8492792105235,1504.4196455933893,1454.160776961271,163897000
1648692000,1502.38000488,1512.4699707,1500.67004395,1508.5300293,1505.9450202851476,1504.5109874535362,1454.701764546731,121691000
1648778400,1509.01000977,1542.4699707,1506.10998535,1542.4699707,1507.2494827999637,1505.3545204145687,1455.575080030843,195612000
1649037600,1558.20996094,1558.97998047,1546.45996094,1548.04003906,1508.7062883806793,1506.3030874955782,1456.4951293744168,160184000
1649124000,1544.33996582,1549.77001953,1539.19995117,1539.19995117,1509.7953477660121,1507.0341289105654,1457.3180629246217,125174000
1649210400,1534.22998047,1558.41003418,1529.22998047,1557.10998535,1511.4851562511546,1508.1469257203307,1458.3110173766156,203574000
1649296800,1561.14001465,1566.08996582,1541.95996094,1541.95996094,1512.573542132899,1508.8983265029901,1459.1433451732662,198966000
1649383200,1541.7800293,1547.59997559,1524.31005859,1524.31005859,1512.9927034349384,1509.240809438257,1459.7917701823878,156336000
1649728800,1530.30004883,1532.0300293,1506.41003418,1507.19995117,1512.7858194254763,1509.1954570322957,1460.2634933762945,152482000
1649815200,1512.36999512,1526.43994141,1506.44995117,1525.39001465,1513.2359692549237,1509.5553360904669,1460.911518463595,143872000
1649901600,1526.48999023,1534.2800293,1517.06994629,1518.01000977,1513.4064707018906,1509.74321772779,1461.4796626556986,119609000
1649988000,1514.89001465,1518.84997559,1491.26000977,1493.73999023,1512.7040963993231,1509.3875904500612,1461.80066094002,181765000
1650247200,1493.17004395,1493.23999023,1466.72998047,1468.25,1511.1164500993473,1508.4734217733933,1461.86483346798,194442000
1650333600,1471.63000488,1478.5,1440.60998535,1440.60998535,1508.598362072585,1506.965345408429,1461.6533424419304,156620000
1650420000,1440.90002441,1453.81005859,1434.86999512,1435.5,1505.9877062842784,1505.377226621575,1461.3931101788266,150222000
1650506400,1434.77001953,1452.41003418,1422.69995117,1426.86999512,1503.162073742697,1503.6326214770954,1461.0495965961518,172359000
1650592800,1439.31994629,1455.15002441,1419.05004883,1444.31994629,1501.060569190815,1502.3145620284934,1460.883132414001,150755000
1650852000,1444.79003906,1445.61999512,1356.35998535,1366.39001465,1496.2509065286429,1499.2940165311934,1459.9429023864984,202426000
1650938400,1347.82995605,1397.43005371,1318.5,1396.90002441,1492.7026607386913,1497.0185944840557,1459.3156100683243,181777000
1651024800,1394.84997559,1407.69995117,1362.86999512,1402.0300293,1489.4643524730238,1494.9077374799656,1458.745604289535,108117000
1651111200,1400.59997559,1407.81994629,1392.23999023,1400.88000488,1486.300625773273,1492.8182323110775,1458.1698271809826,91675000
1651197600,1400.88000488,1417.31005859,1394.17004395,1417.31005859,1483.836676945299,1491.1402728950536,1457.7632623193808,128035000
1651629600,1415.43005371,1415.44995117,1389.58996582,1389.58996582,1480.4707229765381,1488.8835994044969,1457.0849210606805,114190000
1651716000,1402.59997559,1405.43005371,1373.42004395,1404.88000488,1477.7710544730903,1487.016852859508,1456.5654691583852,122134000
1651802400,1399.54003906,1399.54003906,1371,1373.20996094,1474.0367297040514,1484.4878108168523,1455.7360611164113,129907000
1652061600,1358.56005859,1360.64001465,1308.33996582,1314.04003906,1468.3225621810495,1480.700082555589,1454.3261504491834,200879000
1652148000,1312.09997559,1345.45996094,1285.67004395,1345.45996094,1463.9346121367264,1477.694746519687,1453.2429047824253,157234000
1652234400,1344.14001465,1355.10998535,1324.19995117,1349.81994629,1459.8590883564862,1474.8530842923606,1452.2138206183215,94774000
1652320800,1337.01000977,1339.25,1279.47998047,1279.76000977,1453.4269784069688,1470.517682636308,1450.4978623014229,163224000
1652407200,1281.2800293,1284.93994141,1219.52001953,1223.76000977,1445.2245866699343,1465.0341787948346,1448.2417642662842,237555000
1652666400,1254.88000488,1258.25,1214.29003906,1215.07995605,1437.0051355763653,1459.479640511616,1445.9217462740824,172770000
1652752800,1211.88000488,1279.55004883,1203.51000977,1279.55004883,1431.381739621138,1455.4812051409135,1444.2663064985193,161817000
1652839200,1289.5,1298.68994141,1268.13000488,1286.41003418,1426.2041787125258,1451.7240680084487,1442.6955973212205,159938000
1652925600,1259.58996582,1291.48999023,1255.63000488,1283.55004883,1421.1093883595786,1447.986867582261,1441.112059525288,130077000
1653012000,1284.89001465,1296,1273.40002441,1282.51000977,1416.159410552808,1444.3096040753219,1439.5339296769766,110100000
1653271200,1287.48999023,1287.65002441,1245.41003418,1255.34997559,1410.4162164469933,1440.1105012200926,1437.7012535169072,139331000
1653357600,1255.77001953,1272.70996094,1242.35998535,1272.70996094,1405.498135893172,1436.3904892138682,1436.059549113157,146366000
1653444000,1277.54003906,1311.31994629,1273.29003906,1310.69995117,1402.112486438773,1433.5973661462267,1434.812189929643,172698000
1653530400,1312.56005859,1319.20996094,1304.58996582,1309.5,1398.8048976373882,1430.8396468985327,1433.5653024676565,127930000
1653616800,1311.7800293,1336.98999023,1310.64001465,1335.68005371,1396.5504389256957,1428.7249892721209,1432.5913198929534,139406000
1653876000,1337.39001465,1342.86999512,1329.38000488,1342.86999512,1394.6332802183495,1426.8171005131849,1431.698570392725,121531000
1653962400,1342.07995605,1342.07995605,1324.45996094,1332.58996582,1392.4174475612656,1424.7231641866697,1430.7124151233447,127916000
1654048800,1329.02001953,1341.4699707,1323.06994629,1335.48999023,1390.384324085149,1422.7402047654105,1429.7649283084857,127582000
1654135200,1339.11999512,1342.4699707,1319.84997559,1325.48999023,1388.066669304608,1420.5790888868457,1428.7273667355653,133903000
1654221600,1325.48999023,1329.90002441,1313.40002441,1327.40002441,1385.900003415515,1418.5084430095826,1427.7191344736193,100180000
1654480800,1328.72998047,1336.95996094,1320.9699707,1327.04003906,1383.7978618313894,1416.475811810703,1426.7173524297027,132834000
1654567200,1323.18994141,1324.36999512,1297.97998047,1324.36999512,1381.6754380202683,1414.4290158842427,1425.6989707649295,153981000
1654653600,1328.94995117,1348.40002441,1325.65002441,1342.0300293,1380.259530565973,1412.820149515704,1424.866443984184,163072000
1654740000,1344.56005859,1346.13000488,1335.2800293,1342.92004395,1378.9259774725454,1411.2668138364663,1424.0510569191672,126600000
1654826400,1332.93005371,1344.84997559,1325.68994141,1325.68994141,1377.0246904703115,1409.3651055603227,1423.0723393519118,136585000
1655085600,1295.26000977,1300.44995117,1260.84997559,1260.84997559,1372.8755935103004,1406.06476933876,1421.458186478659,199020000
1655172000,1247.39001465,1271.2800293,1245.26000977,1261.16003418,1368.8857521056468,1402.8446641130097,1419.863179988125,145641000
1655258400,1263.95996094,1268.32995605,1231.11999512,1253.08996582,1364.750188309731,1399.5167819287205,1418.203745021278,167431000
1655344800,1266.86999512,1292.02001953,1263.56005859,1280.36999512,1361.7366099815263,1396.8690755551934,1416.832264922758,156455000
1655431200,1254.05004883,1259.39001465,1229.73999023,1258.0300293,1358.0328035286145,1393.783763416189,1415.2521431752677,187300000
1655690400,1258.30004883,1262.82995605,1223.0300293,1225.56005859,1353.301634066521,1390.045458864496,1413.3646597465586,168768000
1655776800,1220.76000977,1240.80004883,1212.68994141,1224.54003906,1348.703005673431,1386.3675606466181,1411.4858077994286,172802000
1655863200,1233.2800293,1242.06005859,1222.85998535,1227.18005371,1344.3629002461657,1382.8300604924711,1409.6519196990362,142695000
1655949600,1227.18005371,1240.57995605,1219.07995605,1240.57995605,1340.656366524874,1379.6689470604163,1407.969611603026,105240000
1656036000,1239.54003906,1246.2199707,1234.7199707,1235.4699707,1336.8997095311286,1376.464525363518,1406.2531972656823,90437000
1656295200,1238.22998047,1256.67004395,1237.79003906,1256.67004395,1334.0343643318026,1373.802425776551,1404.7648076804517,110597000
1656381600,1254.34997559,1276.20996094,1249.56994629,1273.41003418,1331.8692096835239,1371.5714837410721,1403.4577950088053,151571000
1656468000,1259.82995605,1274.72998047,1259.41003418,1273.40002441,1329.7810244951838,1369.3898957559372,1402.163687838668,113296000
1656554400,1273.98999023,1276.22998047,1248.92004395,1248.92004395,1326.8931323328559,1366.7127879380275,1400.6388754616664,118014000
1656640800,1247.69995117,1255.67004395,1225.64001465,1252.23999023,1324.2269486863254,1364.1689479889603,1399.1622696384657,118891000
1656900000,1256.19995117,1260.7199707,1244.5,1248.36999512,1321.5177717732424,1361.5956379252057,1397.6618489964908,112840000
1656986400,1252.47998047,1256.4699707,1239.80004883,1242.05004883,1318.6796388109838,1358.9390692786455,1396.1134728754312,162031000
1657072800,1241.18994141,1241.18994141,1211.93994141,1211.93994141,1314.8675067609486,1355.6724219926757,1394.280900423039,131180000
1657159200,1212.35998535,1229.22998047,1209.9699707,1229.22998047,1311.809023679129,1352.8625899588385,1392.6386027120634,98639000
1657245600,1235.65002441,1236.84997559,1225.04003906,1231.54003906,1308.942274228446,1350.1665332721977,1391.0356319294558,115988000
1657504800,1224.19995117,1224.19995117,1200.15002441,1209.02001953,1305.37362227493,1347.0299440779268,1389.2245313085657,131002000
1657591200,1208.06005859,1219.43994141,1204.83996582,1219.43994141,1302.3045622440397,1344.194610685306,1387.5351324041023,88676000
1657677600,1216.82995605,1225.84997559,1213.41003418,1216.93994141,1299.2558257856813,1341.3667291458548,1385.8376678170964,117180000
1657764000,1213.72998047,1224.01000977,1211.14001465,1221.93994141,1296.4945442008354,1338.7128005295026,1384.2068446687672,106758000
1657850400,1224.15002441,1228.47998047,1217.20996094,1220.14001465,1293.767596716877,1336.0778497321803,1382.574338897436,147666000
1658109600,1225.40002441,1225.68994141,1213.2800293,1214.2800293,1290.9287550234171,1333.371231500354,1380.8997686526855,104039000
1658196000,1213.55004883,1213.64001465,1204.60998535,1211.69995117,1288.099154885795,1330.6674252707905,1379.216188379226,100593000
1658282400,1220.25,1229.61999512,1217.44995117,1225.61999512,1285.8677563227309,1328.3330379341064,1377.6878680482885,123378000
1658368800,1227.31005859,1240.91003418,1226.88000488,1235.25,1284.0599793112049,1326.2645259800152,1376.2705758289026,127715000
1658455200,1238.45996094,1241.65002441,1228.83996582,1228.83996582,1282.0878359722333,1324.099535754237,1374.8036045850329,106142000
1658714400,1228.10998535,1231.83996582,1219.60998535,1222.59997559,1279.9632695300106,1321.8439899728094,1373.289140614933,94341000
1658800800,1221.43005371,1227.09997559,1218.10998535,1218.48999023,1277.767795269296,1319.5472344229693,1371.7488505613517,93438000
1658887200,1218.13000488,1219.43005371,1211.42004395,1219.43005371,1275.6843044993211,1317.3224081849032,1370.2332406424327,95584000
1658973600,1228.72998047,1240.65002441,1226.94995117,1236.14001465,1274.2720084332739,1315.5183549952387,1368.898979687284,180062000
1659060000,1243.17004395,1243.17004395,1232,1232,1272.7622938463712,1313.6623915509,1367.5368007849231,142294000
1659319200,1233.84997559,1256.25,1233.64001465,1256.25,1272.1725690661438,1312.3865606275467,1366.4294694338294,175843000
1659405600,1256.31994629,1266.14001465,1248.9699707,1265.9699707,1271.9510476959244,1311.355080851379,1365.4298724315026,172175000
1659492000,1259.26000977,1271.39001465,1256.39001465,1269.82995605,1271.8752944228556,1310.432300300237,1364.478629482433,184352000
1659578400,1273.70996094,1281.45996094,1270.66003418,1277.72998047,1272.0843903531108,1309.7055820817875,1363.6154588454933,164088000
1659664800,1274.47998047,1276.18994141,1265.93005371,1272.06005859,1272.0835213615712,1308.8690148930812,1362.704459837976,172672000
1659924000,1270.27001953,1280.13000488,1270.13000488,1276.69995117,1272.2483938547293,1308.154146810346,1361.848693582573,141948000
1660010400,1281.38000488,1285.52001953,1275.11999512,1281.43994141,1272.5766634102747,1307.5604978014494,1361.0486064962788,161795000
1660096800,1279.57995605,1283.06005859,1276.06994629,1277.15002441,1272.7399977316934,1306.8847095038616,1360.2137947342262,117051000
1660183200,1282.08996582,1289.29003906,1267.04003906,1272.32995605,1272.7253533859187,1306.1168260937757,1359.3393286776668,175275000
1660269600,1271.39001465,1280.95996094,1267.14001465,1280.95996094,1273.0194465128502,1305.557784645914,1358.5594344713218,113934000
1660528800,1287.13000488,1294.10998535,1285.02001953,1293.79003906,1273.7612533895342,1305.296279188449,1357.9149628751893,149049000
1660615200,1293.7199707,1297.38000488,1290.52001953,1295.09997559,1274.5233506109794,1305.0696946640392,1357.289938126083,155261000
1660701600,1297.25,1304.48999023,1296.57995605,1300.40002441,1275.447517532373,1304.9659242139494,1356.7238693328882,146611000
1660788000,1299.08996582,1311.72998047,1295.54003906,1299.93005371,1276.321893824431,1304.8540159805284,1356.1587567396257,162054000
1660874400,1297.9699707,1303.72998047,1289.56994629,1294.93005371,1276.9864709632013,1304.6334834856277,1355.5495159134603,154225000
1661133600,1294.7800293,1295.68994141,1281.95996094,1285.44995117,1277.2887381134442,1304.2071827675027,1354.85200780656,128865000
1661220000,1276.08996582,1292,1275.56994629,1292,1277.8141403236784,1303.935912039336,1354.226614694057,130486000
1661306400,1295.06994629,1300.40002441,1291.95996094,1296.41003418,1278.4782793899756,1303.7686703091285,1353.6513253357082,113650000
1661392800,1299.26000977,1311.55004883,1299.26000977,1311.55004883,1279.6594140128336,1303.9415898318146,1353.2324071615221,127469000
1661479200,1314.72998047,1320.16003418,1304.68005371,1306.81005859,1280.6290798905895,1304.0053335819964,1352.7704932453876,152915000
1661738400,1296.0300293,1296.0300293,1275.40002441,1293.25,1281.079827037354,1303.7663261690632,1352.178249531503,174325000
1661824800,1293.41003418,1307.11999512,1293.41003418,1298.14001465,1281.6891194520915,1303.6412970241952,1351.6405556520851,112859000
1661911200,1295.70996094,1306.44995117,1294.33996582,1301.43994141,1282.3945059505882,1303.5923780105463,1351.1410470526614,103563000
1662343200,1300.5,1305.61999512,1294.43994141,1298.15002441,1282.9572030384243,1303.4714368194232,1350.6137731955205,110009000
1662429600,1298.73999023,1305.90002441,1296.57995605,1299.06005859,1283.5323050224092,1303.3734061921027,1350.1008009108884,121912000
1662516000,1297.31005859,1298.17004395,1268.94995117,1268.94995117,1283.0115066705375,1302.6084405249449,1349.293329769188,187243000
1662602400,1277.63000488,1279.33996582,1265.56994629,1265.56994629,1282.388593799804,1301.7853628752794,1348.4602612768576,124239000
1662688800,1273.36999512,1275.64001465,1259.34997559,1275.64001465,1282.1475731158826,1301.2043551369397,1347.7356817084312,161749000
1662948000,1281.61999512,1285.17004395,1275.44995117,1275.59997559,1281.9137303471011,1300.6353689247856,1347.0179134883474,100038000
1663034400,1277.47998047,1279.55004883,1271.2199707,1272.47998047,1281.5768107086333,1300.0096936257903,1346.2762425130404,94065000
1663120800,1254.43994141,1262.80004883,1250.97998047,1260.88000488,1280.8376390718963,1299.140144986995,1345.4265287057465,142290000
1663207200,1267.23999023,1269.54003906,1260.51000977,1262.81994629,1280.1941500439714,1298.333029460395,1344.6045726618088,101057000
1663293600,1259.90002441,1263.9699707,1248.13000488,1252.7800293,1279.2150743031152,1297.3207405679418,1343.6908956134325,155330000
1663552800,1251.43005371,1253.44995117,1225.18005371,1229.88000488,1277.453107538004,1295.8220575526543,1342.558448939468,152498000
1663639200,1235.93005371,1241.06994629,1224.95996094,1241.06994629,1276.1537089220037,1294.6053439690397,1341.5486130922095,94432000
1663725600,1235.83996582,1236.05004883,1223.02001953,1228.19995117,1274.441074716575,1293.1296685735056,1340.420765709899,76491000
1663812000,1217.63000488,1229.26000977,1210.65002441,1228.93994141,1272.8160342413403,1291.7032301920942,1339.3115037765665,98659000
1663898400,1227.33996582,1230.7199707,1213.73999023,1215.41003418,1270.7658199534353,1290.0078258362698,1338.0786533328196,88494000
1664157600,1199.39001465,1201.89001465,1172.36999512,1187.2199707,1267.7820396229554,1287.723651277686,1336.5775719135877,175236000
1664244000,1190.45996094,1193.79003906,1181.43005371,1182.45996094,1264.7348225271355,1285.3844581590708,1335.0440633466862,85343000
1664330400,1173.81994629,1177.57995605,1160.66003418,1160.66003418,1261.017865800452,1282.6128042928692,1333.308898877366,92268000
1664416800,1166.58996582,1177.20996094,1147.43994141,1147.43994141,1256.961511357936,1279.6089628954721,1331.4594565145064,88047000
1664503200,1140.18005371,1158.19995117,1128.56994629,1152.01000977,1253.2132434440812,1276.773430603795,1329.6738898802328,154777000
1664762400,1141.86999512,1144.94995117,1094.48999023,1102,1247.8127704639355,1272.8895765903774,1327.4084780406286,159888000
1664848800,1113.80004883,1117.86999512,1088.41003418,1097.7199707,1242.4523133295093,1268.9969186817023,1325.1230202561446,147867000
1664935200,1114.59997559,1128.93994141,1112.26000977,1117.38000488,1237.9854451705983,1265.6276539305534,1323.055925575785,114404000
1665021600,1117.69995117,1119.76000977,1079.75,1081.35998535,1232.391678748434,1261.5328168509855,1320.6509908471703,141259000
1665108000,1064.7199707,1067.0300293,1027.64001465,1039.54003906,1225.504120188133,1256.5996440111858,1317.8538669487905,261706000
1665367200,1025.47998047,1052.23999023,1011.44000244,1038.93005371,1218.8407606710566,1251.7625420044928,1315.0785056230313,178314000
1665453600,1031.11999512,1031.11999512,987.27001953,1001.67999268,1211.0850189570904,1246.205152019504,1311.9601124594192,200928000
1665540000,1004.5300293,1039.32995605,999,1034.93005371,1204.7937701982657,1241.5101498348486,1309.2035944619124,150967000
1665626400,1034.19995117,1051.23999023,1020.9699707,1051.23999023,1199.3097066279706,1237.2819240658519,1306.636792429754,127129000
1665712800,1068.63000488,1070.30004883,1054.81994629,1061.39001465,1194.384003343043,1233.3732149677219,1304.1965259841843,148450000
1665972000,1051.22998047,1051.42004395,1028.33996582,1047.19995117,1189.1274300511486,1229.2360313277725,1301.639346135287,117603000
1666058400,1061.06005859,1068.90002441,1051.84997559,1059.06005859,1184.482166784679,1225.4543430447109,1299.225621881105,120840000
1666144800,1061.11999512,1062.27001953,1044.68994141,1053.65002441,1179.8095902712976,1221.636469297273,1296.7820835978105,102622000
1666231200,1049.95996094,1060.79003906,1041.07995605,1053.26000977,1175.2899623962512,1217.894770196667,1294.3589783855934,113706000
1666317600,1055.33996582,1055.33996582,1002.09002686,1010.57000732,1169.4071068578137,1213.2875532438522,1291.5352075292194,193757000
1666576800,1011.53997803,1013.23999023,961.78997803,973.88000488,1162.4239960728917,1207.9673855024332,1288.3744592441526,170994000
1666663200,971.28997803,1006.69000244,950.19000244,991.52001953,1156.3202826249312,1203.157444036379,1285.4206837246088,183293000
1666749600,995.72998047,999.59002686,979.40002441,990.40997314,1150.394914429041,1198.429722460904,1282.485253768543,77221000
1666836000,992.95001221,1028.5,986.53997803,1028.5,1146.0415246280038,1194.6535064062173,1279.9580373131348,159810000
1666922400,1036.93994141,1046.04003906,1024.73999023,1029.48999023,1141.878969828075,1190.9832060467459,1277.4658179391733,147687000
1667181600,1027.56994629,1031.66003418,999.4699707,1026.83996582,1137.7704339706438,1187.3355784861515,1274.9720283658482,188841000
1667268000,1028.22998047,1049.77001953,1028.22998047,1038.08996582,1134.210417250978,1184.0190093157926,1272.6149929176308,243894000
1667354400,1037.4699707,1039.42004395,1020.47998047,1025.18005371,1130.3164756959432,1180.489254746775,1270.152953721535,167912000
1667440800,1012.90002441,1029.5300293,1010.57000732,1023.79998779,1126.512315413588,1177.0072710366244,1267.7016804286839,120449000
1667527200,1006.52001953,1009,971.7199707,997.91998291,1121.9197321098886,1173.0275535226995,1265.0172854284979,256472000
1667786400,992.40002441,999.42999268,968.84002686,972.84997559,1116.5958122341783,1168.5791629019727,1262.1101480171694,179098000
1667872800,957.88000488,981.51000977,950.80999756,980.09002686,1111.720605613672,1164.3905154343734,1259.3039776573967,185774000
1667959200,980.91998291,993.2800293,969.19000244,979.67999268,1107.0048694374693,1160.2858371509428,1256.5216494486663,166479000
1668045600,969.78997803,969.78997803,925.02001953,936.79998779,1100.9261236643454,1155.319484942922,1253.3403393824108,252587000
1668132000,946.67999268,963.54998779,941.84002686,948.85998535,1095.4951901531188,1150.7314960630792,1250.3106841184067,213492000
1668391200,945.9699707,945.9699707,913.5,936.30999756,1089.8100047033645,1145.9665738741219,1247.186299177527,211968000
1668477600,923.20001221,927.36999512,893.48999023,904.77001953,1083.2014338043157,1140.6066504442524,1243.779172016855,218103000
1668564000,878.23999023,942.55999756,863.30999756,940.28997803,1078.0974532409473,1136.1551688350469,1240.7593790418614,249949000
1668650400,941.77001953,975.41998291,941.77001953,971.03997803,1074.2739719834135,1132.4859423727125,1238.075603907415,184689000
1668736800,967.82000732,977.19000244,941.17999268,971.20001221,1070.592759134363,1128.901810591319,1235.4201253830624,264087000
1668996000,970.64001465,972.15002441,951.61999512,956.89001465,1066.53194683135,1125.0793262370673,1232.6486814951713,132088000
1669082400,956.30999756,985.17999268,941.84997559,945.53997803,1062.2108050884447,1121.089562943577,1229.7918784756173,368681000
1669168800,939.08001709,951.85998535,933.26000977,938.72998047,1057.8007756377858,1117.0371277774975,1226.895740187004,154604000
1669255200,932.69000244,941.69000244,925.54998779,940.76000977,1053.620748285365,1113.119858488442,1224.0486184913125,136324000
1669341600,948.65997314,967.48999023,947.55999756,967.48999023,1050.5446497833875,1109.88363919381,1221.4957963195582,170889000
1669600800,974.41998291,1006.05999756,974.22998047,1004.34002686,1048.894484678981,1107.538225586392,1219.3350423945874,398076000
1669687200,1007.58001709,1029.04003906,995.11999512,1029.04003906,1048.185397335446,1105.793821441361,1217.4415597743427,366389000
1669773600,1034.7800293,1049.20996094,1018.59002686,1049.20996094,1048.2219888927514,1104.5364023191084,1215.7676135172846,264697000
1669860000,1059.80004883,1073.31994629,1040.94995117,1042.64001465,1048.022632669796,1103.1609270375727,1214.0449508419883,434444000
1669946400,1038.10998535,1092.98999023,1037.07995605,1092.98999023,1049.6286097255174,1102.9349062196266,1212.8404238707249,331171000
1670205600,1094.39001465,1120.56005859,1094.39001465,1110.93994141,1051.8183001428204,1103.1127958905238,1211.826488721862,375073000
1670292000,1109.5,1109.5,1054.06005859,1054.06005859,1051.8983629445054,1102.0227350616233,1210.2566734966692,405650000
1670378400,1051.55004883,1064.72998047,1037.15002441,1047.57995605,1051.7441341268445,1100.8128955280317,1208.6379996912297,242093000
1670464800,1061.98999023,1093.64001465,1055.63000488,1062.72998047,1052.1364857819572,1099.9666085267422,1207.1861786044512,304556000
1670551200,1069.38000488,1076.67004395,1051.61999512,1065.07995605,1052.5987525772443,1099.1913495828146,1205.7721863402278,236860000
1670810400,1071.27001953,1073.43994141,1037.42004395,1037.42004395,1052.0566558405571,1097.8186539020853,1204.0970406448027,219917000
1670896800,1038.63000488,1056.43005371,1028.36999512,1056.43005371,1052.2128486216086,1096.8989072311501,1202.6277173917201,241922000
1670983200,1056.76000977,1071.02001953,1052.25,1056.17004395,1052.354177026194,1095.9938213804578,1201.1704271087178,192525000
1671069600,1055.80004883,1076.0300293,1055.48999023,1068.07995605,1052.91581199133,1095.3735132620031,1199.8461438146012,248619000
1671156000,1061.57995605,1077.27001953,1058.88000488,1064.06994629,1053.3141739305681,1094.677878440403,1198.4951368740578,249611000
1671415200,1063.7199707,1081.55004883,1050.2199707,1050.2199707,1053.2036666723336,1093.6899249350606,1197.0197620862562,258389000
1671501600,1048.17004395,1049.39001465,1015.65997314,1029.79003906,1052.3674656861788,1092.2699274711704,1195.3557847427114,283477000
1671588000,1041.05004883,1041.65002441,1011.90002441,1033.09997559,1051.6793410398866,1090.9550396515888,1193.7412990795003,212814000
1671674400,1033.7199707,1048.83996582,1031.29003906,1038.33996582,1051.2029347820335,1089.7858157886646,1192.1950171565202,188501000
1671760800,1037.91003418,1041.36999512,1022.51000977,1034.13000488,1050.5931872855322,1088.5490199906944,1190.622230964714,129851000
1672020000,1032.42004395,1033.17004395,987.77001953,987.77001953,1048.3495027228346,1086.3094866471235,1188.6038010001894,175227000
1672106400,988.86999512,1015.01000977,985.66998291,1007.35998535,1046.8855913880905,1084.5550532849652,1186.8003799489436,153660000
1672192800,1009.19000244,1023.23999023,997.11999512,1013.95001221,1045.7093207031587,1082.9860523721882,1185.0804757923372,123259000
1672279200,1013.95001221,1022.15002441,1008.29998779,1008.29998779,1044.3732730991173,1081.3263620481396,1183.3214659614682,121025000
1672365600,1016.71002197,1017.45001221,1005.19000244,1005.19000244,1042.9738705755774,1079.6344429457365,1181.5490135881203,95618000
1672711200,1010.52001953,1047.25,1010.0300293,1047.25,1043.1265894835924,1078.9147886580536,1180.2127049952037,159603000
1672797600,1051.66003418,1059.01000977,1046.60998535,1050.15002441,1043.3774264452497,1078.2755716747636,1178.9185489694803,172220000
1672884000,1052.31994629,1065.98999023,1051.59997559,1061.90002441,1044.0389478011336,1077.9116706244356,1177.7541855410277,164272000
1672970400,1060.14001465,1075.32995605,1053.29003906,1057.40002441,1044.516129108593,1077.4558562641148,1176.556631698928,192685000
1673229600,1065.23999023,1068.77001953,1056.64001465,1061.14001465,1045.1098393065004,1077.0932820060234,1175.4082076486898,126306000
1673316000,1062.2199707,1066.07995605,1052.08996582,1060.5300293,1045.6605603776968,1076.7252097236674,1174.2651411974591,126759000
1673402400,1065.68994141,1076.2199707,1063.95996094,1065.2199707,1046.3591107463506,1076.4695377453636,1173.1801146253451,161506000
1673488800,1068.4699707,1072.81005859,1059.52001953,1066.23999023,1047.069142156481,1076.2422144672444,1172.1160337855904,113842000
1673575200,1071.91003418,1077.44995117,1063.68005371,1069.85998535,1047.8831008419638,1076.100387153528,1171.0985606668282,149048000
1673834400,1072.43994141,1076.9699707,1066.7800293,1075.70996094,1048.8769172740365,1076.0917110154494,1170.1494203710388,126804000
1673920800,1077.47998047,1103.72998047,1077.47998047,1103.72998047,1050.835955245321,1076.705894781106,1169.4885304217746,207937000
1674007200,1106.89001465,1117.22998047,1104.97998047,1115.7199707,1053.1532415115596,1077.5728742459703,1168.9535198772794,152881000
1674093600,1110.5,1126.11999512,1108.95996094,1121.92004395,1055.6091987415039,1078.5583669060597,1168.4855250919334,198681000
1674784800,1128.44995117,1142.07995605,1125.11999512,1130.65002441,1058.2892282296643,1079.715959295036,1168.109052448332,166003000
1675044000,1132.44995117,1132.9699707,1113.94995117,1113.94995117,1060.2771111918191,1080.4767146700353,1167.5701559181994,199040000
1675130400,1112.59997559,1125.06994629,1098.65002441,1125.06994629,1062.5911410167541,1081.4676753727013,1167.1472682602073,197903000
1675216800,1128.13000488,1130.19995117,1088.08996582,1088.08996582,1063.5018133311557,1081.6148373826413,1166.3606284349316,285538000
1675303200,1093.55004883,1099.39001465,1082.9699707,1093.47998047,1064.572462157543,1081.878507229027,1165.6354478581661,164043000
1675389600,1094.14001465,1095.86999512,1081.05004883,1085.69995117,1065.3270153365593,1081.963428205493,1164.840069781667,184372000
1675648800,1078.7199707,1094.44995117,1073.43994141,1094.36999512,1066.3642646145393,1082.239129692482,1164.138875008914,144677000
1675735200,1094.51000977,1096.93005371,1068.70996094,1069.5,1066.47625516402,1081.956037921538,1163.1971946605668,192815000
1675821600,1072.07995605,1082.89001465,1064.93005371,1073.38000488,1066.7228176538763,1081.7654594095038,1162.3034912796656,154785000
1675908000,1070.31994629,1076.47998047,1059.91003418,1059.91003418,1066.4795039583807,1081.2797832932927,1161.2846509105148,137746000
1675994400,1060.91003418,1064.5300293,1048.13000488,1048.73999023,1065.8459498966529,1080.556676780775,1160.1648035405594,112862000
1676253600,1044.48999023,1045.59997559,1024.97998047,1040.40002441,1064.937166843558,1079.664306728091,1158.9731141959767,156781000
1676340000,1040.84997559,1042.95996094,1030.51000977,1034.93005371,1063.8654842316453,1078.670212216578,1157.7388548876586,110768000
1676426400,1032.57995605,1048.84997559,1028.10998535,1043.33996582,1063.1324300026579,1077.8850956299873,1156.6005574840003,180544000
1676512800,1047.66003418,1055.26000977,1040.01000977,1055.26000977,1062.8512721372058,1077.3823159442097,1155.5921938251545,122231000
1676599200,1055.29003906,1057.58996582,1047.13000488,1053.7199707,1062.5251542287342,1076.8564860498939,1154.5785398637101,121132000
1676858400,1052.38000488,1087.35998535,1052.35998535,1087.35998535,1063.4121124830651,1077.0898971454517,1153.9096985252652,190180000
1676944800,1089.77001953,1096.34997559,1080.11999512,1080.90002441,1064.0366807661699,1077.1745666402194,1153.183234106208,162727000
1677031200,1078.97998047,1078.97998047,1051.07995605,1051.07995605,1063.5739405977351,1076.5946864048813,1152.1672810907232,185391000
1677117600,1050.06994629,1050.94995117,1026.92004395,1050.94995117,1063.1230838324589,1076.0248033996618,1151.1601434795718,171905000
1677204000,1048.2199707,1048.27001953,1027.16003418,1030.42004395,1061.955118122371,1075.0113643007803,1149.9587494544019,95826000
1677463200,1028.67004395,1028.67004395,1006.32000732,1011.46002197,1060.151721831215,1073.5991122489852,1148.5806526635124,135197000
1677549600,1018.65997314,1026.65002441,1009.17999268,1014.96002197,1058.5377325504571,1072.2960213538965,1147.2510941491491,89492000
1677636000,1013.83001709,1034.43005371,1001.04998779,1034.43005371,1057.6767440204408,1071.4545554062545,1146.1284967318443,116920000
1677722400,1032.83996582,1037.72998047,1025.13000488,1028.72998047,1056.6429310364965,1070.505120407671,1144.9603522914279,89257000
1677808800,1029.58996582,1033.70996094,1011.60998535,1013.34997559,1055.0967540562644,1069.2350060783895,1143.650796304349,87584000
1678068000,1022.57000732,1034.56005859,1014.26000977,1014.26000977,1053.6382989031836,1068.0133394937586,1142.3633257915692,116857000
1678154400,1025.7800293,1037.9699707,1024.02001953,1027.16003418,1052.6926465916413,1067.105488264564,1141.217024382499,144462000
1678240800,1017.34997559,1040.58996582,1017.34997559,1040.58996582,1052.260407992654,1066.5162544324626,1140.2157601181955,141322000
1678327200,1042.10998535,1056.56005859,1041.48999023,1050.2800293,1052.1896801822022,1066.155449429519,1139.320877224482,184274000
1678413600,1044.51000977,1049.44995117,1039.58996582,1047.19995117,1052.0114755746235,1065.734216134863,1138.4042510945867,128916000
1678672800,1042.59997559,1053.64001465,1041.25,1050.06994629,1051.94213524303,1065.3861212494214,1137.5253027880733,194875000
1678759200,1047.4699707,1049.34997559,1032.51000977,1037.34997559,1051.420986683993,1064.7630957903232,1136.5285333632169,168371000
1678845600,1040.63000488,1064.65002441,1040.63000488,1064.38000488,1051.883808762422,1064.7545826589826,1135.8106375574137,188588000
1678932000,1056.81005859,1059.60998535,1039.89001465,1046.98999023,1051.7090295291212,1064.3598139383384,1134.9268500218175,149055000
1679018400,1053.47998047,1055.19995117,1043.2800293,1047.70996094,1051.5662056509382,1063.989817205042,1134.0590202797098,181681000
1679277600,1041.85998535,1042.06994629,1021.66998291,1024.5,1050.599555449119,1063.1122657115966,1132.968880774439,145469000
1679364000,1031.33996582,1036.18005371,1016.77001953,1035.04003906,1050.0438584352219,1062.4884384526722,1131.9944644389718,138384000
1679450400,1035.48999023,1046.47998047,1035.04003906,1043.14001465,1049.7972925857496,1062.0584734792794,1131.1103405604747,138724000
1679536800,1038.93005371,1046.59997559,1033.22998047,1046.59997559,1049.6831026930442,1061.7149513039622,1130.2694414065397,112085000
1679623200,1049.05004883,1056.67004395,1047.45996094,1051.42004395,1049.7451363093642,1061.4861755849852,1129.4848702875693,157939000
1679882400,1052.68005371,1059.65002441,1046.80004883,1056.44995117,1049.9845939829584,1061.3742594868745,1128.758154674459,163098000
1679968800,1060.84997559,1064.68005371,1055.81005859,1058.81994629,1050.3001422796385,1061.3174969713884,1128.0622521034695,188766000
1680055200,1059.86999512,1061.44995117,1053.11999512,1061.44995117,1050.6983497400086,1061.3204403980242,1127.3994431389574,136523000
1680141600,1067.25,1073.93005371,1065.52001953,1067.23999023,1051.2891226146512,1061.451985949846,1126.8008416174753,182231000
1680228000,1067.7199707,1078.15002441,1067.7199707,1073.68005371,1052.0887987251995,1061.7237207889605,1126.2722765636695,187273000
1680487200,1080.90002441,1088.82995605,1080.90002441,1088.7199707,1053.3970548671566,1062.3236374536502,1125.8986217789563,231133000
1680573600,1090.06994629,1091.13000488,1084.04003906,1088.33996582,1054.6450159726153,1062.9017780840136,1125.5249038092154,181857000
1680660000,1088.32995605,1089.82995605,1082.72998047,1089.82995605,1055.901620975379,1063.5001820388134,1125.169730199671,193491000
1680746400,1091.15002441,1093.98999023,1078.85998535,1078.85998535,1056.7215625601868,1063.8415110012843,1124.7089367185797,233207000
1680832800,1079,1080.90002441,1071.59997559,1078.88000488,1057.5129355001802,1064.1756997541447,1124.252927446554,139163000
1681092000,1082.61999512,1087.59997559,1074.58996582,1077.41003418,1058.2235461673167,1064.4697960747192,1123.7868290060908,192684000
1681178400,1075.76000977,1082.89001465,1067.2800293,1081.70996094,1059.0623466949125,1064.8529108495031,1123.3681537019506,179516000
1681264800,1083.06005859,1084.26000977,1077.85998535,1080.68994141,1059.83476079188,1065.2048448619587,1122.943494873175,196535000
1681351200,1081.7800293,1082.20996094,1072.10998535,1074.67004395,1060.3645923332415,1065.4151826194707,1122.4631620281684,156894000
1681437600,1078.35998535,1079.86999512,1063.43005371,1063.43005371,1060.474073096697,1065.3710686437046,1121.8757679155499,173433000
1681696800,1063.18005371,1065.40002441,1058.55004883,1065.02001953,1060.636428326458,1065.363267552289,1121.3100390758927,96962000
1681783200,1067.02001953,1068.54003906,1060.75,1064.55004883,1060.7762004872986,1065.345196025127,1120.7452630535456,122125000
1681869600,1067.67004395,1067.73999023,1055.77001953,1056.14001465,1060.6106224216808,1065.1406364390132,1120.102424760973,140534000
1681956000,1056.73999023,1057.81994629,1050.34997559,1053.60998535,1060.3605996691208,1064.8843997481463,1119.440808448426,83438000
1682042400,1054.75,1055.47998047,1045.7800293,1046.18005371,1059.8541515991521,1064.4687476139652,1118.7118457147103,147507000
1682301600,1049.23999023,1054,1041.45996094,1046.17004395,1059.3654334688254,1064.062109754766,1117.990036741927,104497000
1682388000,1046.59997559,1051.54003906,1036.93005371,1037.04003906,1058.5680979542244,1063.4616192948822,1117.1845641281766,121261000
1682474400,1036.30004883,1045.23999023,1029.93994141,1045.23999023,1058.0920941069307,1063.0566942045516,1116.4686977212295,125180000
1682560800,1045.7800293,1048.26000977,1040.31994629,1041.54003906,1057.500949283826,1062.5785463124505,1115.7231389285805,105508000
1682647200,1045.38000488,1051.43005371,1044.56005859,1051.43005371,1057.2841315847609,1062.3308020323962,1115.0834067373507,140091000
1683165600,1046.31994629,1047.93005371,1038.22998047,1039.64001465,1056.6539845513767,1061.8265623127872,1114.3327262190687,126654000
1683252000,1038.51000977,1042.10998535,1035.06994629,1038.45996094,1056.0041979938276,1061.307304504503,1113.5777733307198,91876000
1683511200,1041.06994629,1050.56005859,1041.04003906,1049.7199707,1055.7797613047624,1061.0498081977362,1112.9423723095185,147570000
1683597600,1049.85998535,1054.48999023,1049.22998047,1049.67004395,1055.5615571135208,1060.7969245477866,1112.312796902956,104914000
1683684000,1051.61999512,1055.35998535,1048.59997559,1054.98999023,1055.541144010538,1060.6678815629468,1111.7424207171555,124297000
1683770400,1058.02001953,1061.47998047,1053.61999512,1054.93005371,1055.5193193569473,1060.5403742773258,1111.1771235330048,129127000
1683856800,1056.08996582,1066.43994141,1051.75,1066.43994141,1055.9093415731277,1060.671475769163,1110.7319774422285,168085000
1684116000,1067.26000977,1080.7199707,1067.26000977,1070.90002441,1056.444723103016,1060.8987768500704,1110.3356396011118,195775000
1684202400,1072.97998047,1073.66003418,1066.92004395,1069.64001465,1056.9159835154082,1061.0930265789577,1109.9307080095584,126569000
1684288800,1069.54003906,1073.86999512,1062.09997559,1062.09997559,1057.101126089501,1061.1154032236475,1109.4547803237917,153740000
1684375200,1065.39001465,1076.85998535,1063.07995605,1070.76000977,1057.5889433638044,1061.3297278135665,1109.0697577312167,146692000
1684461600,1072.77001953,1072.77001953,1060.7199707,1068.83996582,1057.9907655943828,1061.4966219914872,1108.6694612942892,122547000
1684720800,1070.36999512,1073.89001465,1068.55004883,1073.73999023,1058.5532379027977,1061.768696841232,1108.3219043682764,141531000
1684807200,1074.26000977,1076.89001465,1063.84997559,1068.05004883,1058.8924097216263,1061.9082824409825,1107.921189387796,171213000
1684893600,1072.22998047,1072.52001953,1060.82995605,1061.55004883,1058.9873254040683,1061.9003216940719,1107.4597850041364,155557000
1684980000,1061.16003418,1064.23999023,1057.34997559,1062.15002441,1059.1002789399945,1061.9058706433148,1107.00894161514,137267000
1685066400,1064.26000977,1064.94995117,1060.14001465,1060.81005859,1059.1613424989232,1061.8815192643522,1106.5492512367803,110971000
1685325600,1063.61999512,1070.9699707,1062.79003906,1069.77001953,1059.5402238214617,1062.0568192702553,1106.1832887322353,133472000
1685412000,1073.98999023,1074.45996094,1066.97998047,1071.81994629,1059.9787853381952,1062.2737776484719,1105.8413649268398,169593000
1685498400,1072.7199707,1074.30004883,1063.43994141,1066.32995605,1060.2056128636168,1062.3639149462836,1105.4482165798065,193468000
1685584800,1065.27001953,1068.08996582,1060.29003906,1068.08996582,1060.4871968977734,1062.491160521255,1105.0764926916493,162836000
1685671200,1074.51000977,1089.2199707,1073.94995117,1086.95996094,1061.4326527564244,1063.0349116416717,1104.8962286941205,263653000
1685930400,1097.5300293,1100.36999512,1090.52001953,1091.07995605,1062.4914850169093,1063.6581348507457,1104.7587533444278,215248000
1686016800,1091.70996094,1102.31994629,1090.94995117,1102.31994629,1063.913930062377,1064.5172862160625,1104.7344866075678,198431000
1686103200,1104.30004883,1107.08996582,1100.10998535,1105.68005371,1065.4055773355065,1065.4320143825944,1104.7438952354526,266661000
1686189600,1107.85998535,1110.86999512,1092.45996094,1092.45996094,1066.3718053213813,1066.0326354172034,1104.6216670335077,279410000
1686276000,1095.41003418,1100.84997559,1089.36999512,1100.84997559,1067.6031685452606,1066.8063540877101,1104.584137765413,198753000
1686535200,1104.07995605,1109.63000488,1092.30004883,1109.63000488,1069.104126985787,1067.7579907719833,1104.634345398394,180994000
1686621600,1110.94995117,1115.39001465,1108.5,1115.39001465,1070.757194402366,1068.8164801914947,1104.741366982987,237698000
1686708000,1116.5300293,1123.85998535,1110.59997559,1110.59997559,1072.1801508733529,1069.7450023114616,1104.7996615959921,230823000
1686794400,1110.52001953,1113.22998047,1104.59997559,1108.56994629,1073.4797864239474,1070.607778844318,1104.8371768665793,171341000
1686880800,1108.58996582,1125.61999512,1105.73999023,1109.06005859,1074.750510429878,1071.4622739497777,1104.8791955901954,320743000
1687140000,1110.01000977,1111.20996094,1098.31005859,1098.93994141,1075.614418679168,1072.072888782227,1104.8200985336762,193098000
1687226400,1098.92004395,1104.27001953,1095.38000488,1104.27001953,1076.637832995269,1072.7883805766219,1104.814625110754,145934000
1687312800,1104.23999023,1112.06994629,1101.27001953,1112.06994629,1077.903265612938,1073.6613042591414,1104.8868173612937,185855000
1687399200,1119.25,1122.59997559,1115.56994629,1117.59997559,1079.321005254976,1074.6377191776048,1105.0133164481465,199386000
1687485600,1119.02001953,1127.29003906,1117.41003418,1126.76000977,1081.0152554162269,1075.7959923018802,1105.2297014563242,231869000
1687744800,1130.04003906,1134.10998535,1118.5300293,1131.22998047,1082.8086384538617,1077.0278587056162,1105.4884107002413,238650000
1687831200,1134.2800293,1135.65002441,1128.19995117,1134.41003418,1084.651545444081,1078.3030181606025,1105.7761880482985,174324000
1687917600,1135.89001465,1143.5300293,1131.92004395,1141.11999512,1086.6682757896494,1079.6989509819225,1106.1278677206537,254956000
1688004000,1141.81005859,1142.7199707,1125.29003906,1125.29003906,1088.0476244778763,1080.7120862725465,1106.3185360921896,218031000
1688090400,1125.20996094,1127.2800293,1121.20996094,1123.13000488,1089.300566635095,1081.6547066860455,1106.4858143885856,158134000
1688349600,1127.11999512,1130.08996582,1120.63000488,1123.36999512,1090.5173319381274,1082.5817130956889,1106.6538161869082,140247000
1688436000,1123.54003906,1128.34997559,1119.29003906,1128,1091.855998654623,1083.5910083602291,1106.8662160258446,163470000
1688522400,1131.15002441,1134.68005371,1128.18994141,1129.76000977,1093.209713337315,1084.6169861693352,1107.0940149685725,212148000
1688608800,1129.73999023,1131.54003906,1115.91003418,1119.43994141,1094.1465071970538,1085.3908296191278,1107.2168600077907,224552000
1688695200,1118.19995117,1129.43005371,1116.02001953,1129.43005371,1095.4066338582304,1086.3694790433694,1107.4378868107979,163614000
1688954400,1134.9699707,1143.16003418,1132.72998047,1143.16003418,1097.1121124411507,1087.631491379739,1107.7933310632277,247573000
1689040800,1144.34997559,1152.16003418,1143.59997559,1146.67004395,1098.8820385664667,1088.9434592146335,1108.1801640272752,233519000
1689127200,1147.63000488,1150.88000488,1141.81005859,1146.54003906,1100.5841100126643,1090.2233832111972,1108.5618543261082,223013000
1689213600,1152.57995605,1156.10998535,1148.70996094,1156.10998535,1102.5671769889977,1091.6875299253927,1109.0349700576892,187658000
1689300000,1160.5,1162.16003418,1146.26000977,1160.58996582,1104.6394194472477,1093.218695167495,1109.54795509015,287044000
1689559200,1164.52001953,1166.76000977,1160.4699707,1164.57995605,1106.780152897346,1094.804500964884,1110.095537189253,238536000
1689645600,1163.69995117,1167.81005859,1159.05004883,1166.81994629,1108.9244312327978,1096.404844194331,1110.659959170355,221175000
1689732000,1169.64001465,1171.06994629,1165.18994141,1165.18994141,1110.9339137391264,1097.9334019102348,1111.2025460583118,198669000
1689818400,1164.68994141,1168.26000977,1159.64001465,1168.26000977,1112.9812743116577,1099.4962154182297,1111.7702820156421,218935000
1689904800,1167.73999023,1186.59997559,1166.55004883,1186.59997559,1115.610513643027,1101.431854533158,1112.5148560810587,243819000
1690164000,1191.30004883,1194.04003906,1182.44995117,1193.14001465,1118.379424393276,1103.4698136468655,1113.3170964648293,265150000
1690250400,1195.13000488,1202.39001465,1194.89001465,1198.01000977,1121.223373871016,1105.5707068940462,1114.1598120201047,253338000
1690336800,1198.04003906,1201.43005371,1195.31005859,1201.43005371,1124.0878981509798,1107.7009146010673,1115.0281726339344,247532000
1690423200,1201.10998535,1205.34997559,1192.34997559,1199.68005371,1126.7876179923733,1109.7448954701547,1115.8704799083232,263445000
1690509600,1199.90002441,1212.44995117,1197.5300293,1212.44995117,1129.8469870344313,1112.0272300412623,1116.8314696721209,251636000
1690768800,1224.4699707,1230.81005859,1217.02001953,1230.81005859,1133.4528110185588,1114.6668484534564,1117.9655849847366,294896000
1690855200,1239.52001953,1240.98999023,1222.18005371,1222.18005371,1136.6216411146818,1117.0560307924907,1119.00254487255,328433000
1690941600,1220.69995117,1226.11999512,1216.67004395,1221.31994629,1139.6465805852288,1119.3730066924354,1120.0206284687436,218571000
1691028000,1219.88000488,1223.93994141,1207.43005371,1210.80004883,1142.187775879685,1121.404718739937,1120.9239062832835,264563000
1691114400,1211.77001953,1231.42004395,1211.77001953,1231.42004395,1145.3746425964819,1123.849503744605,1122.0233703396686,321005000
1691373600,1230.38000488,1250.68005371,1230.38000488,1250.68005371,1149.1355501362505,1126.6679604105027,1123.3035363433535,284030000
1691460000,1252.05004883,1254.20996094,1243.83996582,1247.81005859,1152.6596397238843,1129.3600070367138,1124.5424072114793,232458000
1691546400,1246.11999512,1248.52001953,1235.86999512,1239.83996582,1155.7732227987456,1131.8151172318978,1125.6896466006187,249112000
1691632800,1241.58996582,1243.16003418,1225,1226.19995117,1158.288463097719,1133.912557986078,1126.6897491336474,204527000
1691719200,1235.58996582,1240.77001953,1221.0300293,1240.77001953,1161.2342329703004,1136.2871682426096,1127.824876202268,234807000
1691978400,1245.06005859,1245.95996094,1234.11999512,1243.43005371,1164.1697979967182,1138.6681212529961,1128.9751764759767,228144000
1692064800,1244.31005859,1244.61999512,1236.55004883,1241.23999023,1166.9223048621925,1140.9474961191518,1130.0922392993998,185981000
1692151200,1240.88000488,1257.56994629,1240.88000488,1256.94995117,1170.1375779446141,1143.525328453615,1131.354505089157,248293000
1692237600,1257.81005859,1259.5,1247.81994629,1247.81994629,1172.9119482426636,1145.8429866277568,1132.5133652006082,281534000
1692324000,1240.54003906,1243.68994141,1187.0300293,1190.09997559,1173.5258063622114,1146.8264752713621,1133.08636629901,424012000
1692583200,1190.68994141,1199.59997559,1178.54003906,1190.31994629,1174.125597073918,1147.7929968495541,1133.6558546571293,259165000
1692669600,1192.10998535,1195.9699707,1158.59997559,1193.51000977,1174.8178975273495,1148.8089304700086,1134.2514183895958,266992000
1692756000,1206.60998535,1207.83996582,1177.5,1182.9699707,1175.1090429978012,1149.5680646973417,1134.7361801041272,225106000
1692842400,1184.2800293,1201.94995117,1180.45996094,1201.88000488,1176.0651487793084,1150.7305522569563,1135.4042778630912,189182000
1692928800,1201.72998047,1203.52001953,1190.54003906,1193.93005371,1176.7031810982617,1151.6905411781352,1135.9866238914187,186680000
1693188000,1200.26000977,1213.60998535,1199.02001953,1213.40002441,1178.0137826451094,1153.0618630277322,1136.7569064836434,187941000
1693274400,1215.9699707,1217.89001465,1207.7199707,1215.4699707,1179.3515036470696,1154.4487098648938,1137.5401210529603,206955000
1693360800,1215.61999512,1227.68005371,1214.77001953,1225.56005859,1181.0018091807458,1156.028962058785,1138.4159413269608,214225000
1693447200,1225.93005371,1235.70996094,1225.93005371,1234.5300293,1182.913531327862,1157.773430219701,1139.3723004112696,195054000
1693879200,1241.48999023,1248.9699707,1238.59997559,1244.64001465,1185.118048589367,1159.7037987625965,1140.4197403539436,252634000
1693965600,1246.82995605,1260.0300293,1238.43994141,1260.0300293,1187.7934764718896,1161.9332705523166,1141.60989248276,250655000
1694052000,1261.34997559,1268.05004883,1251.89001465,1255.2199707,1190.201565551465,1164.0063083333762,1142.740341022235,274250000
1694138400,1252.09997559,1258.32995605,1247.94995117,1249.14001465,1192.3065101621269,1165.8981684737455,1143.7990442424118,228776000
1694397600,1251.38000488,1259.47998047,1227.40002441,1230.70996094,1193.6780619756223,1167.338430528551,1144.663829483184,328067000
1694484000,1230.69995117,1255.82995605,1227.31994629,1255.82995605,1195.8977724782787,1169.3049088734722,1145.769960095789,213407000
1694570400,1258.04003906,1260.36999512,1241.94995117,1247.94995117,1197.756778860126,1171.0525764800616,1146.7866764248856,296256000
1694656800,1247.86999512,1255.75,1231.5300293,1234.06005859,1199.0533245647644,1172.4527427491714,1147.655068287225,287973000
1694743200,1235.25,1244.81994629,1231.77001953,1238.81005859,1200.4732079228086,1173.9273497678564,1148.5620831161084,273160000
1695002400,1235.19995117,1236.5300293,1214.73999023,1223.69995117,1201.3027344673512,1175.033407576793,1149.3097235942566,210409000
1695088800,1224.26000977,1229.60998535,1212.51000977,1225.5,1202.1669225220887,1176.1548874084199,1150.0678357972988,226795000
1695175200,1224.64001465,1237.20996094,1221.64001465,1234.56994629,1203.3241733709426,1177.4529998280107,1150.9086528171267,192768000
1695261600,1234.14001465,1235.30004883,1217.7800293,1219.18994141,1203.890807943766,1178.3804874187215,1151.588068624021,254095000
1695348000,1210.14001465,1210.14001465,1180.10998535,1197.68994141,1203.669348424703,1178.8095863963053,1152.046793726369,362177000
1695607200,1195.35998535,1199.65002441,1159.93994141,1159.93994141,1202.1075838884635,1178.3902609521651,1152.1253325092907,263855000
1695693600,1161.61999512,1174.23999023,1152.43994141,1153.36999512,1200.3669557181613,1177.8342550447837,1152.1377172118848,242760000
1695780000,1154.54003906,1168.59997559,1141.08996582,1168.59997559,1199.2324207135841,1177.6290488346774,1152.3015207778362,190472000
1695866400,1167.95996094,1168.08996582,1144.4699707,1164.44995117,1197.990189658456,1177.3361799976847,1152.4224006822358,193653000
1695952800,1169.26000977,1176.77001953,1165.15002441,1166.26000977,1196.856968948154,1177.090042881514,1152.5600883348504,144904000
1696212000,1166.64001465,1173.06005859,1159.16003418,1167.13000488,1195.7952916600057,1176.8687087037024,1152.705062628832,119866000
1696298400,1156.85998535,1158.38000488,1128.54003906,1130.89001465,1193.4772460525055,1175.8469599469533,1152.4879974748137,260264000
1696384800,1129.15002441,1146.20996094,1118.73999023,1138.54003906,1191.5152029456303,1175.0179172605765,1152.349211818945,159113000
1696471200,1141.2199707,1143.33996582,1124.47998047,1124.47998047,1189.121087857215,1173.8948519985636,1152.0719060343783,131346000
1696557600,1125.61999512,1141.93005371,1120.2800293,1139.7800293,1187.3589071944573,1173.1367448274843,1151.9495988031906,137575000
1696816800,1139.06994629,1150.36999512,1135.67004395,1150.36999512,1186.0378746203696,1172.630817056207,1151.9338813536067,146625000
1696903200,1153.05004883,1163.4699707,1153.05004883,1160.2800293,1185.1179515732135,1172.356355106069,1152.0169276018296,155500000
1696989600,1161.86999512,1167.29003906,1154.44995117,1167.29003906,1184.4812404120273,1172.2437703050452,1152.16889886012,113752000
1697076000,1167.61999512,1172.14001465,1162,1165.48999023,1183.802981476955,1172.0936863033776,1152.3014470329547,142883000
1697162400,1158.33996582,1167.60998535,1152.57995605,1166.66003418,1183.1907333592067,1171.9729384784137,1152.4443185468556,149211000
1697421600,1165.75,1168.02001953,1151.13000488,1153.20996094,1182.1199914870922,1171.5559834220044,1152.4519368791257,173241000
1697508000,1157.63000488,1160.30004883,1141.0300293,1141.0300293,1180.6524928375532,1170.87762888596,1152.338286057443,141760000
1697594400,1143.94995117,1144.89001465,1108.68005371,1125.56005859,1178.6849059001406,1169.870571768272,1152.0718360328913,233687000
1697680800,1126.67004395,1126.85998535,1104.89001465,1104.89001465,1176.0493740697784,1168.4265593878658,1151.60236517336,166988000
1697767200,1104.82995605,1125.63000488,1094.7800293,1123.68994141,1174.1793943319292,1167.4324123216911,1151.3246296135258,154958000
1698026400,1122.72998047,1123.2800293,1099.33996582,1106.84997559,1171.7747722340032,1166.0861359498758,1150.8820957426449,131294000
1698112800,1109.18005371,1121.39001465,1102.05004883,1117.11999512,1169.8228159085031,1164.9979994869898,1150.546154442917,111126000
1698199200,1117.92004395,1124.84997559,1113.2800293,1113.31994629,1167.8048562792708,1163.8495983048344,1150.1757444115447,105616000
1698285600,1092.56005859,1094.95996094,1056.31994629,1064.94995117,1164.1314668110826,1161.6518283685048,1149.3277265683453,311836000
1698372000,1070.97998047,1074.01000977,1050.31994629,1067.56994629,1160.6828410781868,1159.5611198778713,1148.5142163168196,169708000
1698631200,1063.14001465,1066.38000488,1047.63000488,1047.63000488,1156.6452397853943,1157.0737617668076,1147.5103933174482,130429000
1698717600,1049.56005859,1053.05004883,1034.11999512,1039.38000488,1152.4571956816303,1154.4583449471008,1146.434469054389,192354000
1698804000,1038.90002441,1051.65002441,1034.04003906,1051.65002441,1148.8569395647864,1152.1737156018319,1145.4913402519571,166562000
1698890400,1052.14001465,1087.5,1052.14001465,1087.5,1146.6656202946156,1150.736521921791,1144.9143119907437,195217000
1698976800,1088.31005859,1095.70996094,1082.82995605,1086.18994141,1144.505774620165,1149.3021534659736,1144.3299898954128,203945000
1699236000,1094.14001465,1104.04003906,1093.61999512,1103.52001953,1143.0419976526591,1148.2847727118408,1143.9239205385431,169810000
1699322400,1100.40002441,1101.69995117,1091.38000488,1092.70996094,1141.2444249129212,1147.0497768946889,1143.4143289007468,133874000
1699408800,1092.51000977,1129.94995117,1086.84997559,1129.94995117,1140.841050850674,1146.6697807674736,1143.2803549929781,233455000
1699495200,1130.64001465,1137.05004883,1122.7199707,1122.94995117,1140.2020830049357,1146.1426734430854,1143.078062417625,231992000
1699581600,1113.38000488,1123.66003418,1107.51000977,1109.05004883,1139.089510355831,1145.318392896128,1142.7394752177481,205944000
1699840800,1109.14001465,1114.41003418,1099.18005371,1106.7199707,1137.9334553681226,1144.4606501806584,1142.3810721877207,185210000
1699927200,1112.36999512,1124.76000977,1109.79003906,1119.2800293,1137.2672615799754,1143.9010808277549,1142.1512110644599,222667000
1700013600,1130.5300293,1144.88000488,1128.64001465,1131.90002441,1137.0755745381905,1143.634390685138,1142.0492092072016,271847000
1700100000,1128.56994629,1132.59997559,1123.29003906,1132.59997559,1136.9157317186123,1143.3891814608016,1141.9551869821548,140287000
1700186400,1135.52001953,1137.72998047,1096.43994141,1103.5300293,1135.7233852036618,1142.5034225238949,1141.5728471047205,260942000
1700445600,1091.66003418,1114.63000488,1085.73999023,1102.84997559,1134.5493348603168,1141.6222348142528,1141.1875449005938,172462000
1700532000,1103.59997559,1113.68994141,1102.32995605,1108.59997559,1133.622572029234,1140.8884068314917,1140.863290479593,128420000
1700618400,1109.31005859,1112.97998047,1098.20996094,1109.80004883,1132.7717676292614,1140.1975544314585,1140.5542034980049,152389000
1700704800,1111.93005371,1114.86999512,1082.68005371,1082.68005371,1130.9827778464305,1138.9193877487594,1139.9783413110595,170075000
1700791200,1085.26000977,1087.33996582,1068.58996582,1087.33996582,1129.4241059883436,1137.7731783725646,1139.4545763808,188233000
1701050400,1086.89001465,1088.0300293,1076.61999512,1078.42004395,1127.602532344117,1136.454219829841,1138.8472676003942,127259000
1701136800,1078.85998535,1089.40002441,1068.23999023,1088.51000977,1126.2063708236128,1135.3887929396221,1138.3463993632759,132905000
1701223200,1090.14001465,1097.42004395,1087.94995117,1093.16003418,1125.0261445149124,1134.4503760782973,1137.8967837893128,122221000
1701309600,1091.43994141,1097.2199707,1081.69995117,1081.69995117,1123.47878046688,1133.2781444136685,1137.3376113254392,141105000
1701396000,1088.06994629,1091.17004395,1077.32995605,1090.39001465,1122.2970388305628,1132.3250748633648,1136.8704710600118,123453000
1701655200,1094.42004395,1111.90002441,1093.84997559,1107.16003418,1121.756431521614,1131.7658517370678,1136.5748448223997,261891000
1701741600,1108.02001953,1109.47998047,1097.05004883,1100.42004395,1120.9944176797708,1131.0692782306885,1136.2150955599877,155060000
1701828000,1101.65002441,1109.27001953,1100.14001465,1109.27001953,1120.5756891744218,1130.584850259562,1135.9469853507342,157261000
1701914400,1109.67004395,1115.23999023,1096.2199707,1111.34997559,1120.2461994035496,1130.1574086002383,1135.7022389849558,299704000
1702000800,1111.2800293,1118.81005859,1109.67004395,1114.89001465,1120.0549070909228,1129.818133179122,1135.4951521756527,209971000
1702260000,1118.79003906,1120.06994629,1111.72998047,1117.33996582,1119.9579449026755,1129.5408405711414,1135.3145035551984,149506000
1702346400,1119.26000977,1121.20996094,1114.97998047,1121.20996094,1120.0026597611513,1129.3557099126715,1135.1741598475844,141870000
1702432800,1123.33996582,1124.70996094,1105.70996094,1106.82995605,1119.5322060571816,1128.855137604612,1134.8921279690014,190654000
1702519200,1111.11999512,1113.01000977,1102.67004395,1104.48999023,1118.9949840633537,1128.3136898851762,1134.5896191357776,155389000
1702605600,1104.93994141,1107.15002441,1097.40002441,1097.40002441,1118.2237355043053,1127.6267195412834,1134.2195734171132,180854000
1702864800,1098.77001953,1099.41003418,1082.80004883,1084.67004395,1117.0253893773659,1126.672126750366,1133.726543273162,150818000
1702951200,1083.59997559,1091.86999512,1076.35998535,1091.86999512,1116.126982439603,1125.898746047469,1133.3100602069612,147448000
1703037600,1092.29003906,1097.48999023,1088.63000488,1097.01000977,1115.4442334156886,1125.256774130192,1132.94886567525,117055000
1703124000,1092.75,1097.81994629,1089.58996582,1097.43005371,1114.8008698547712,1124.638402565299,1132.5954446606704,107763000
1703210400,1097.22998047,1099.5300293,1093.18994141,1097.44995117,1114.181194187458,1124.0342147565145,1132.2457382577782,138257000
1703469600,1099.7199707,1113.72998047,1099.43994141,1111.85998535,1114.0982938718346,1123.7636763252588,1132.042894945263,136592000
1703556000,1112.40002441,1117.32995605,1111.10998535,1115.52001953,1114.1490697881977,1123.5804839520308,1131.8784882247132,151800000
1703642400,1116.47998047,1120.56005859,1115.7800293,1115.93994141,1114.2130294889764,1123.4106941177636,1131.7198957190942,128691000
1703728800,1116.66003418,1129.32995605,1115.17004395,1128.51000977,1114.7236359275844,1123.5240122433688,1131.6879565554216,167218000
1703815200,1130.89001465,1136.02001953,1130.08996582,1131.45996094,1115.321361820885,1123.7003666588496,1131.6856879423328,179284000
1704160800,1137.10998535,1140.10998535,1129.7800293,1131.64001465,1115.9041708504963,1123.8768032808753,1131.6852334817127,184122000
1704247200,1131.56994629,1144.84997559,1126.56994629,1144.84997559,1116.9379495911928,1124.3428737766335,1131.8162259405017,179482000
1704333600,1145.7199707,1167.27001953,1144.56994629,1156.36999512,1118.3462369315073,1125.0545875842638,1132.0605420517404,422184000
1704420000,1156.70996094,1161.5300293,1152.79003906,1161.14001465,1119.8745861357393,1125.8564859635023,1132.3498900377926,229357000
1704679200,1164.43005371,1169.94995117,1159.72998047,1163.52001953,1121.4333516141057,1126.6934533760912,1132.6600405800036,234159000
1704765600,1163.60998535,1164.85998535,1156.01000977,1160.20996094,1122.818230518602,1127.4382646552892,1132.9341691407997,220971000
1704852000,1160.5,1168.93005371,1158.5300293,1162.68005371,1124.2418670611519,1128.2214155231718,1133.230148091737,349790000
1704938400,1164.80004883,1172.48999023,1159.52001953,1163.56005859,1125.6460881871822,1129.0067187024347,1133.5319382459486,258080000
1705024800,1161.7199707,1167.93994141,1149.60998535,1163.66003418,1127.003729115497,1129.776792379714,1133.8317202950436,372894000
1705284000,1168.06994629,1172.16003418,1161.30004883,1161.30004883,1128.2285976767291,1130.4773091897202,1134.1050369968839,197844000
1705370400,1157.84997559,1170.18994141,1155.25,1170.18994141,1129.7272170957744,1131.3598121279488,1134.4640907721387,198439000
1705456800,1169.52001953,1177.01000977,1165.31994629,1166.60998535,1131.0444588191397,1132.143149310661,1134.7839504196795,220035000
1705543200,1168.43994141,1175.59997559,1166.29003906,1173.91003418,1132.5753722248846,1133.0713023077576,1135.1732646859514,179924000
1705629600,1176.61999512,1185.22998047,1176.54003906,1185.22998047,1134.4558939479246,1134.2303840446964,1135.671341459922,220568000
1705888800,1189.97998047,1192.56994629,1183.04003906,1189.56005859,1136.4238998279986,1135.4599323679254,1136.2075476005198,257230000
1705975200,1191.54003906,1193.18994141,1180.91003418,1183.84997559,1138.1176882480702,1136.5352666617493,1136.6816016103653,199943000
1706061600,1182.2199707,1188.10998535,1178.5300293,1179.44995117,1139.593840495282,1137.4889263174882,1137.1071573273766,216664000
1706148000,1180.64001465,1180.68005371,1174.10998535,1177.52001953,1140.948346889379,1138.3785061666551,1137.5092753592435,148292000
1706234400,1180.02001953,1184.90002441,1180.02001953,1182.81994629,1142.4437611536869,1139.3660937249517,1137.9601278063158,141235000
1706493600,1184.54003906,1185.61999512,1178.29003906,1179.17004395,1143.755414110698,1140.250625952175,1138.3701767231682,150513000
1706580000,1178.90002441,1182.48999023,1176.91003418,1181.70996094,1145.1109336403158,1141.17194450746,1138.8014183571665,153225000
1706666400,1183.54003906,1185.27001953,1163.51000977,1166.32995605,1145.8687558692332,1141.7310114306276,1139.075334155105,389451000
1706752800,1165.05004883,1175.61999512,1164.77001953,1173.34997559,1146.8502280021178,1142.4336550786136,1139.4163753634125,158506000
1706839200,1174.02001953,1178.84997559,1171.61999512,1174.76000977,1147.8470059223994,1143.1520185161999,1139.768053317707,219967000
1707098400,1176.73999023,1201.32995605,1176.30004883,1197.35998535,1149.6153266162423,1144.3566400013954,1140.3411073677796,293638000
1707184800,1199.72998047,1203.82995605,1196.66003418,1199.17004395,1151.385137949591,1145.5747156446978,1140.9264699208366,157843000
1707271200,1201.39001465,1214.54003906,1201.04003906,1212.69995117,1153.5749527074627,1147.06638754526,1141.6406339133655,201301000
1707962400,1213.83996582,1226.08996582,1213.83996582,1217.11999512,1155.8444185079104,1148.6231343802544,1142.391672333332,288083000
1708048800,1221.31005859,1224.54003906,1217.45996094,1224.54003906,1158.297833527628,1150.310176706471,1143.2090690171794,209159000
1708308000,1228.70996094,1240.19995117,1226.9699707,1240.19995117,1161.2229091577126,1152.307727250105,1144.1741524216852,328462000
1708394400,1241.93005371,1243.81005859,1235.85998535,1241.65002441,1164.0953061310086,1154.293111631436,1145.1440615956983,245238000
1708480800,1241.01000977,1248.22998047,1233.9699707,1242.07995605,1166.8804721995439,1156.2439303962929,1146.1085978589251,305486000
1708567200,1242.15002441,1243.57995605,1236.29003906,1239.90002441,1169.4883133499172,1158.1029547077085,1147.041845884309,237782000
1708653600,1241.2800293,1256.10998535,1222.93994141,1223.08996582,1171.4026580809916,1159.5471105102038,1147.7985435951118,466156000
1708912800,1223.82995605,1234.52001953,1220.30004883,1233.31005859,1173.6136366705991,1161.1862871341993,1148.649404440832,249865000
1708999200,1238.55004883,1248.23999023,1235.15002441,1247.91003418,1176.267079438792,1163.113481512995,1149.6370723984357,336862000
1709085600,1252.14001465,1265.34997559,1246.63000488,1265.34997559,1179.4486114441922,1165.385403603595,1150.788444569496,296531000
1709172000,1268.93994141,1276.90002441,1258.26000977,1265.75,1182.530803892614,1167.6157279679596,1151.9323406434314,337861000
1709258400,1267.31005859,1269.06994629,1258.82995605,1267.06994629,1185.5500589782348,1169.8258217084494,1153.0779884608103,256481000
1709517600,1271.05004883,1275.35998535,1262.90002441,1268.5300293,1188.5136293468693,1172.0192485438172,1154.2267649865732,288441000
1709604000,1269.5,1280.17004395,1264.83996582,1280.17004395,1191.7870727255524,1174.4225995528434,1155.4799319414333,253289000
1709690400,1280.38000488,1288.06005859,1264.43994141,1271.06994629,1194.6186039242828,1176.5703183692247,1156.6300813379364,290732000
1709776800,1271.63000488,1279.92004395,1266.52001953,1276.56005859,1197.5450844480583,1178.792312596353,1157.823414444922,249307000
1709863200,1277.31005859,1281.52001953,1250.19995117,1250.19995117,1199.4256154024133,1180.3791490091007,1158.7425839645746,420635000
1710122400,1250.07995605,1255.30004883,1232.9699707,1235.11999512,1200.7004146780414,1181.5956122560096,1159.502558204927,284546000
1710208800,1233.81005859,1244.94995117,1232.40002441,1242.22998047,1202.1836134563257,1182.943042660765,1160.3257166354254,231977000
1710295200,1242.23999023,1272.2800293,1242.23999023,1272.2800293,1204.687056879314,1184.9283090305257,1161.4396898957693,228302000
1710381600,1272.35998535,1277.29003906,1254.7199707,1260.31994629,1206.6739457868384,1186.603678747403,1162.4235730439707,258714000
1710468000,1258.2199707,1264.77001953,1244.01000977,1256.42004395,1208.4505921498085,1188.1551535296828,1163.3588613116924,260712000
1710727200,1256.36999512,1258.38000488,1215.67004395,1235.73999023,1209.4252135098154,1189.2125943452454,1164.0790715496855,407030000
1710813600,1235.47998047,1241.22998047,1229.02001953,1234.73999023,1210.3293126783935,1190.2243142537955,1164.7821652678977,197179000
1710900000,1236.44995117,1262.31005859,1228.48999023,1259.06005859,1212.0696964609508,1191.7539974612666,1165.7202537586647,295412000
1710986400,1267.36999512,1281.56994629,1264.2800293,1281.56994629,1214.5518482405596,1193.7499074352386,1166.872987017683,273244000
1711072800,1287.63000488,1295.79003906,1276.81005859,1284.14001465,1217.0371398980396,1195.7585764844555,1168.039823113527,345955000
1711332000,1283.64001465,1288.91003418,1266.9699707,1270,1218.928670615967,1197.408385895912,1169.0543522367755,269840000
1711418400,1270.83996582,1287.89001465,1266.79003906,1286.22998047,1221.3322888250395,1199.3821991086695,1170.2202788858622,210112000
1711504800,1288.18994141,1290.76000977,1279.68005371,1288.77001953,1223.7407792073595,1201.3685951180323,1171.3998782952565,188458000
1711591200,1294.29003906,1306.42004395,1294.29003906,1303.19995117,1226.5786067774538,1203.6315141414093,1172.711321806448,274146000
1711677600,1305.41003418,1306.01000977,1294.9699707,1296.90002441,1229.0900859786161,1205.7041477029336,1173.9470302900654,217257000
1711936800,1293.35998535,1298.58996582,1284.19995117,1292.61999512,1231.359011305094,1207.6356109788685,1175.1278558107613,227979000
1712023200,1283.10998535,1292.30004883,1273.16003418,1292.30004883,1233.5354769309836,1209.5170429311158,1176.2937482786144,365455000
1712109600,1287.64001465,1290.83996582,1273.15002441,1274.27001953,1234.9902820238055,1210.9559979666467,1177.2686365497725,257477000
1712196000,1274.2199707,1278.67004395,1267.4699707,1267.65002441,1236.156701394741,1212.2158652209434,1178.1679538419141,259163000
1712282400,1258.10998535,1265.65002441,1251.83996582,1257.7800293,1236.928963105643,1213.228402200478,1178.9601137967209,258244000
1712541600,1257.22998047,1260.17004395,1248.23999023,1254.7199707,1237.564356234013,1214.150437056023,1179.713943218644,222162000
1712628000,1255.83996582,1266.92004395,1252.57995605,1266.92004395,1238.612773652441,1215.3230949870003,1180.581665613981,173357000
1712714400,1271.36999512,1276.07995605,1263.81994629,1263.81994629,1239.5130298180682,1216.4008027937336,1181.4099072127474,195638000
1712800800,1262.95996094,1266.70996094,1254.64001465,1262.85998535,1240.3468496584942,1217.4332290727618,1182.2203557514265,169915000
1712887200,1263.17004395,1285.30004883,1262.41003418,1284.73999023,1241.9323189646193,1218.928934876256,1183.240451616885,248399000
1713146400,1283.97998047,1287.45996094,1227.90002441,1227.90002441,1241.4311655876686,1219.1282924214504,1183.684825475523,462542000
1713232800,1228.31994629,1234.2800293,1209.98999023,1232.69995117,1241.1193365013232,1219.429884838085,1184.1725381690003,353355000
1713319200,1232.89001465,1237.07995605,1209.42004395,1210.73999023,1240.034359848776,1219.2367760690163,1184.4368909258262,234126000
1713492000,1207.20996094,1210.31994629,1186.51000977,1194.0300293,1238.3913480434626,1218.6766261408159,1184.5323450390022,299945000
1713751200,1204.41003418,1214.23999023,1200.15002441,1206.64001465,1237.2573718508388,1218.4091458854643,1184.7523218510519,189956000
1713837600,1207.76000977,1213.95996094,1191.60998535,1200.36999512,1235.9399655390232,1218.0082758684541,1184.9077215850712,252378000
1713924000,1210.05004883,1234.86999512,1207.92004395,1232.17004395,1235.8053254822723,1218.322981825822,1185.377993449399,215455000
1714010400,1235.25,1236.98999023,1226.76000977,1233.7199707,1235.7308485257627,1218.665137134137,1185.8590081484099,157694000
1714096800,1227.68994141,1245.52001953,1225.55004883,1240.5,1235.9011753641282,1219.150356308934,1186.4026996096197,188653000
1714615200,1244.15002441,1248.41003418,1239.02001953,1247.20996094,1236.3050605632666,1219.7739030785133,1187.0077469860414,167870000
1714701600,1248.5,1259.82995605,1248.5,1255.61999512,1236.9948796545784,1220.5704829016574,1187.6904559226978,208854000
1714960800,1262.41003418,1274.61999512,1256.67004395,1274.61999512,1238.3386337783436,1221.7715831731762,1188.5554264619743,205557000
1715047200,1279.29003906,1285.43005371,1272.63000488,1284.84997559,1239.99975312876,1223.1733252268834,1189.513581179666,168937000
1715133600,1279.19995117,1285.11999512,1269.9699707,1284.84997559,1241.60154678809,1224.543917457175,1190.46220201957,253691000
1715220000,1287.22998047,1289.92004395,1274.56994629,1281.4699707,1243.0254190706582,1225.808940862571,1191.3677519566886,194298000
1715306400,1284.88000488,1285.2199707,1268.91003418,1277.4699707,1244.255581628849,1226.9569637478473,1192.224490451647,165974000
1715565600,1280.09997559,1281.57995605,1266.27001953,1272.5300293,1245.2653833313902,1227.9696985378953,1193.0235505396902,163915000
1715652000,1281.65002441,1287.51000977,1276.04003906,1277.31005859,1246.4098360191977,1229.0661509834977,1193.8622222615838,179472000
1715738400,1283.65002441,1294.70996094,1282.60998535,1289.9699707,1247.9655551149406,1230.41956919942,1194.8185182659463,225876000
1715824800,1300.56005859,1311.40002441,1296.77001953,1308.27001953,1250.119285986907,1232.1495792067662,1195.9473889252902,303274000
1715911200,1309.42004395,1312.94995117,1304.14001465,1310.15002441,1252.2632409305888,1233.8829224335047,1197.0837335569788,269818000
1716170400,1317.60998535,1322.13000488,1312.55004883,1312.55004883,1254.4163412127107,1235.6310807978714,1198.2326521169093,289210000
1716256800,1311.35998535,1313.18994141,1297.51000977,1308.61999512,1256.3521859951138,1237.2530566716964,1199.331033639328,232801000
1716343200,1307.5300293,1311.10998535,1288.4699707,1291.45996094,1257.6060351002884,1238.4576545443254,1200.2477393836134,288981000
1716429600,1290.38000488,1304.76000977,1283.26000977,1304.76000977,1259.2901056242067,1239.931040216007,1201.2876624720352,229219000
1716516000,1304.73999023,1309.89001465,1272.97998047,1283.45996094,1260.1533147426278,1240.898349565429,1202.1052972826617,397140000
1716775200,1286.9699707,1288.75,1275.97998047,1284.88000488,1261.0364108189626,1241.8757196835306,1202.9289262139785,194006000
1716861600,1291.18005371,1299.75,1285.82995605,1299.75,1262.4190390039996,1243.1618148016744,1203.8923199829935,214395000
1716948000,1301.30004883,1302.56005859,1284.02001953,1284.02001953,1263.190502594214,1244.0697749067483,1204.6896105257497,247205000
1717034400,1279.31994629,1280.5,1263.43994141,1279.29003906,1263.7654860394207,1244.8524474434873,1205.431903346986,282947000
1717120800,1280.07995605,1283.30004883,1273.84997559,1275.9699707,1264.2013604915842,1245.5439479602987,1206.1337746639315,164194000
1717380000,1285.06994629,1301.64001465,1284.94995117,1297.7800293,1265.4005986633133,1246.7047497678477,1207.0456776951362,282230000
1717466400,1305.11999512,1306.95996094,1298.40002441,1300.98999023,1266.6716483621235,1247.9110884447844,1207.98044697409,233739000
1717552800,1302.06994629,1313.10998535,1299.66003418,1299.66003418,1267.8498049984762,1249.061065016678,1208.8926816726562,243458000
1717639200,1303.84997559,1308.43005371,1296.36999512,1302.2800293,1269.0794558663877,1250.2437086674186,1209.8219090122318,270558000
1717725600,1303.31994629,1314.56005859,1302.5300293,1308.0300293,1270.470547774731,1251.5278491259203,1210.7991042389758,164082000
1717984800,1314.2800293,1319.06005859,1306.5300293,1311.09997559,1271.9215987681334,1252.8516741584554,1211.797122859384,223705000
1718071200,1315.47998047,1318.08996582,1301.43005371,1308.30004883,1273.2208291274858,1254.0838602622675,1212.7573509784945,276894000
1718157600,1308.89001465,1331.81005859,1305.27001953,1331.81005859,1275.3133016082897,1255.811109113995,1213.9419550343305,297017000
1718244000,1331.91003418,1339.17004395,1327.79003906,1333.84997559,1277.4038971076366,1257.545306146795,1215.1350696667253,356738000
1718330400,1336.34997559,1338.58996582,1316.45996094,1316.45996094,1278.798756530221,1258.854520697755,1216.1432775400913,313172000
1718589600,1317.64001465,1318.16003418,1305.5,1309.69995117,1279.9023706244989,1259.9844191526938,1217.0741897155133,256110000
1718676000,1314.39001465,1320.80004883,1309.89001465,1309.89001465,1280.973357911124,1261.0934323859674,1217.997730262125,225992000
1718762400,1313.51000977,1319.31005859,1300.67004395,1314.2199707,1282.160736939298,1262.2740221262793,1218.9551654903626,265002000
1718848800,1316.7800293,1326.88000488,1311.43005371,1322.35998535,1283.5964243825374,1263.6092657534732,1219.9840691705579,309827000
1718935200,1323.77001953,1324.81005859,1316.06994629,1319.93005371,1284.8940540013753,1264.8608388191738,1220.9785565789105,227735000
1719194400,1317.31005859,1319.51000977,1287.26000977,1289.84997559,1285.071051200969,1265.4161529696366,1221.6638443302645,363841000
1719280800,1290.11999512,1293.2800293,1281.89001465,1288.80004883,1285.20422968772,1265.935795099867,1222.3318662655852,202942000
1719367200,1291.04003906,1294.11999512,1276.43994141,1291.30004883,1285.42193751423,1266.4994451827588,1223.0181168383654,206662000
1719453600,1288.88000488,1290.80004883,1282.23999023,1289.0300293,1285.5507979351503,1267.0001248298086,1223.6749517882324,170118000
1719540000,1289.31005859,1290.9699707,1272.27001953,1278.31994629,1285.2925532335378,1267.2516764178129,1224.218683076807,234108000
1719799200,1278.2199707,1285.47998047,1271.19995117,1285.47998047,1285.2992470634115,1267.6567498411948,1224.828248224998,165095000
1719885600,1288.20996094,1300.57995605,1286.06994629,1296.06005859,1285.6835617607896,1268.2879344800572,1225.5370224574856,189922000
1719972000,1296.07995605,1309.40002441,1296.07995605,1305.5,1286.3912916979043,1269.1148692693891,1226.3326739753215,200604000
1720058400,1309.16003418,1313.01000977,1304.31005859,1310.63000488,1287.2569600258362,1270.0374278385138,1227.1714533873085,170861000
1720144800,1310.81994629,1316.69995117,1307.97998047,1316.18005371,1288.2899276574135,1271.062819524547,1228.0571111019622,178744000
1720404000,1317.01000977,1319.27001953,1309.55004883,1315.82995605,1289.2735001000058,1272.0576447806682,1228.9304727432361,207419000
1720490400,1315.34997559,1322.20996094,1309.15002441,1321.7800293,1290.4344475714342,1273.1625866588756,1229.8543489278804,255975000
1720576800,1322.23999023,1324.91003418,1310.91003418,1310.91003418,1291.1657185217402,1274.0014188260118,1230.6608731592448,211486000
1720663200,1315.07995605,1318.15002441,1306.2199707,1306.2199707,1291.7033703852496,1274.7173866454336,1231.4127049755707,197179000
1720749600,1304.75,1312.23999023,1298.44995117,1301.81005859,1292.0643235354194,1275.3194460219795,1232.1131761558138,161586000
1721008800,1301.82995605,1307.30004883,1294.0300293,1297.81994629,1292.2698814909402,1275.8194571390466,1232.7669748636167,149297000
1721095200,1298.14001465,1309.75,1298.14001465,1303.30004883,1292.6638160387638,1276.4301369544012,1233.4687964951231,202875000
1721181600,1308.59997559,1324.55004883,1291.5,1305.36999512,1293.117608148808,1277.0732449136367,1234.184231307311,462487000
1721268000,1305.25,1308.67004395,1290.05004883,1306.38000488,1293.591265174922,1277.7245062462225,1234.9025972135069,236833000
1721354400,1307.75,1314.15002441,1296.60998535,1302.31994629,1293.9030037861748,1278.2710715805288,1235.5734166073028,302639000
1721613600,1299.68994141,1305.95996094,1288.58996582,1299.31005859,1294.0961128863114,1278.7386046251836,1236.2076120499166,270892000
1721700000,1301.56994629,1304.81005859,1277.39001465,1278.67004395,1293.5451818528718,1278.737081054624,1236.6301238101164,257323000
1721786400,1274.42004395,1284.18005371,1262.77001953,1280.51000977,1293.0796399927692,1278.7764794705213,1237.0667395908117,240004000
1721872800,1271.75,1275.48999023,1265.88000488,1272.18005371,1292.333226196956,1278.6298922313986,1237.4161258009528,170877000
1721959200,1273.66003418,1281.83996582,1272.58996582,1281.83996582,1291.958466897779,1278.701227200034,1237.8581540598489,141726000
1722218400,1287.84997559,1292.32995605,1285.04003906,1285.72998047,1291.73602095393,1278.8574217171445,1238.3344906410443,135955000
1722304800,1285.65002441,1289.7800293,1279.23999023,1287.81994629,1291.5961611445039,1279.0565889298746,1238.8268832345664,166024000
1722391200,1289.44995117,1300.73999023,1288.82995605,1299.08996582,1291.8637970257716,1279.5017750829884,1239.426515897108,244193000
1722477600,1303.05004883,1303.85998535,1266.72998047,1272,1291.1543757034226,1279.335068970033,1239.7506301667884,291770000
1722564000,1269.67004395,1281.01000977,1253.68005371,1281.01000977,1290.7920769200862,1279.372289876699,1240.1611712573676,249744000
1722823200,1262.68005371,1264.86999512,1226.36999512,1232.10998535,1288.6962879354403,1278.3220164427723,1240.0810599548067,363086000
1722909600,1243.81005859,1256.22998047,1232.18994141,1252.81005859,1287.414636887389,1277.755084046044,1240.2077166576444,221661000
1722996000,1259.2199707,1259.39001465,1245.45996094,1253.57995605,1286.2062554289107,1277.2178589794653,1240.340773766026,220050000
1723082400,1247.89001465,1256.35998535,1238.41003418,1243.31005859,1284.6742483989497,1276.4643523041439,1240.3703188886525,223192000
1723168800,1250.36999512,1265.93994141,1248.84997559,1264.83996582,1283.9658811639872,1276.2060326044962,1240.6137979625962,178363000
1723428000,1267.05004883,1273.16003418,1259.59997559,1271.43994141,1283.5185261727734,1276.1001194668406,1240.9205257580927,164092000
1723514400,1269.08996582,1272.20996094,1262.91003418,1268.7199707,1282.99000633446,1275.9361161609108,1241.1971371505495,165199000
1723600800,1272.85998535,1275.26000977,1268.68994141,1270.38000488,1282.539649139658,1275.8126470213351,1241.4875139438773,145774000
1723687200,1270,1272.25,1263.43994141,1265.31994629,1281.92465975217,1275.5794758939721,1241.7246525741868,145092000
1723773600,1266.94995117,1291.89001465,1266.94995117,1291.68005371,1282.2730666792354,1275.9372665121061,1242.221721242205,282855000
1724032800,1296.59997559,1301.88000488,1294.20996094,1299.04003906,1282.8718871214055,1276.4506614576148,1242.7870776384018,183428000
1724119200,1300.31994629,1309.41003418,1299.85998535,1305.25,1283.6711054384982,1277.0906467585567,1243.40859925394,221762000
1724205600,1302.26000977,1318.18994141,1300.2800293,1317.68994141,1284.886063866052,1277.9928533063664,1244.1477170863386,279236000
1724292000,1320.79003906,1322.67004395,1315.42004395,1318.56994629,1286.0890596669071,1278.8945664837804,1244.8882367799074,212879000
1724378400,1320.41003418,1323.90002441,1311.09997559,1321.15002441,1287.3412369791604,1279.8335766599187,1245.6470605374207,182558000
1724637600,1323.26000977,1326.84997559,1316.17004395,1318.59997559,1288.4576205009762,1280.6950521916983,1246.372960189685,235664000
1724724000,1317.84997559,1324.56994629,1315.9699707,1322.2800293,1289.66556367237,1281.619162794105,1247.1282544096882,202037000
1724810400,1325.77001953,1327.64001465,1320.18005371,1323.54003906,1290.8753663647854,1282.550737822236,1247.8885706748654,190825000
1724896800,1322.93005371,1332.27001953,1322.93005371,1326.67004395,1292.1537477071145,1283.5311668472973,1248.6724659313343,217252000
1724983200,1328.5,1333.56005859,1327.60998535,1331.52001953,1293.5596859865032,1284.5975857958017,1249.496819698485,155151000
1725415200,1319.88000488,1321.31994629,1311.40002441,1317.70996094,1294.4221958062708,1285.3334163545617,1250.1755574222811,238947631
1725501600,1318.31005859,1322.56005859,1306.76000977,1309.05004883,1294.944619128547,1285.8604526317936,1250.7613732571838,275497061
1725588000,1309.7199707,1315.63000488,1304.7800293,1315.39001465,1295.6748118257417,1286.516665121087,1251.4044443158189,300909432
1725847200,1310.10998535,1310.64001465,1303.04003906,1307.15002441,1296.0846408466082,1286.9751842163962,1251.9591267048156,179886343
1725933600,1309.56005859,1312.48999023,1291.16003418,1294.06005859,1296.0123343374437,1287.1326258691429,1252.3780414499417,278476462
1726020000,1292.14001465,1298.36999512,1285.66003418,1293.88000488,1295.9361797139636,1287.2825676249397,1252.7909963099423,176860868
1726106400,1298.82995605,1301.82995605,1296.16003418,1297.60998535,1295.9959584866792,1287.5120657966077,1253.2369563998932,162362731
1726192800,1297.83996582,1298.56005859,1291.81994629,1294.30004883,1295.9353902846549,1287.6629098640165,1253.6455443842724,176944648
1726452000,1292.54003906,1298.79003906,1281.36999512,1281.36999512,1295.4151976002029,1287.5230673141493,1253.9214095657223,247445248
1726538400,1282.83996582,1303.65002441,1281.16003418,1303.65002441,1295.7092985576955,1287.8814441385016,1254.4162216537252,235855566
1726624800,1304.91003418,1317.69995117,1302.06994629,1310.93994141,1296.253250088135,1288.3938551889794,1254.9786467259269,414417026
1726711200,1315.17004395,1319.41003418,1312.2800293,1318.41003418,1297.0445638057017,1289.0608813887798,1255.609804810047,259475599
1726797600,1325.02001953,1336.79003906,1324.90002441,1326,1298.0786865269267,1289.8817506912512,1256.310204762186,429391735
1727056800,1329.93005371,1333.72998047,1320.94995117,1321.11999512,1298.9015904052508,1290.575933900779,1256.9550782980846,221766407
1727143200,1320.57995605,1330.86999512,1318.29003906,1330.86999512,1300.0433191450632,1291.4713574834284,1257.6905501072579,508823725
1727229600,1337.80004883,1344.06994629,1334.06005859,1344.06994629,1301.6156986859537,1292.6402150124634,1258.550046586688,414538633
1727316000,1346.43005371,1359.70996094,1344.01000977,1350.84997559,1303.3740657182411,1293.9337652475197,1259.4684538404524,442506468
1727402400,1355.13000488,1361.19995117,1346.91003418,1352.56994629,1305.1310614529468,1295.2367914929082,1260.3948368499007,420989004
1727661600,1351.20996094,1354.91003418,1346.18005371,1352.56005859,1306.8249542078415,1296.5106418728435,1261.3119037328868,295678984
1727748000,1355.2199707,1370.14001465,1355.2199707,1358.88000488,1308.6840631604186,1297.896627717447,1262.2827306099725,377389818
1727834400,1354.67004395,1361.45996094,1350.92004395,1354.51000977,1310.3207041107607,1299.1547028741704,1263.200414979724,318595507
1727920800,1355.7800293,1371.67004395,1345.2800293,1346.45996094,1311.611391854662,1300.2059308311889,1264.0288681733587,425801922
1728007200,1347.31994629,1348.22998047,1336.20996094,1336.20996094,1312.4899121791384,1301.0060203891624,1264.7470880018825,254165016
1728266400,1342.84997559,1345.76000977,1328.44995117,1335.47998047,1313.310986046669,1301.7721083909587,1265.4508978771871,203447023
1728352800,1337.90002441,1344.38000488,1331.60998535,1339.05004883,1314.2302382889309,1302.6005070673818,1266.1832277374142,258946574
1728439200,1340.56005859,1352.52001953,1338.93005371,1351.9699707,1315.5780858750404,1303.6976062592178,1267.0368271698778,328216772
1728525600,1355.68994141,1370.15002441,1355.68994141,1360.57995605,1317.185295524146,1304.9616584767907,1267.96760457167,310671914
1728612000,1361.88000488,1364.58996582,1355.06994629,1362.5,1318.8036778268552,1306.2402882884176,1268.9082254217033,211191891
1728871200,1362.83996582,1373.66003418,1357.65002441,1358.76000977,1320.2306896819675,1307.4073932102306,1269.802273027159,264028541
1728957600,1360.5,1367.55004883,1353.09997559,1356.08996582,1321.5113781154687,1308.4892281571144,1270.660857035048,263811562
1729044000,1355.01000977,1358.06994629,1350.44995117,1354.09997559,1322.675256596702,1309.5028003222897,1271.4910970206693,197644945
1729130400,1357.31005859,1362.89001465,1346.14001465,1362.89001465,1324.1114979557483,1310.6891828629055,1272.4005389871302,249449864
1729216800,1368.10998535,1372.66003418,1360.64001465,1362.68994141,1325.489299507686,1311.844755275063,1273.298941001288,302507964
1729476000,1361.2800293,1366.35998535,1358.0300293,1358.0300293,1326.65146842884,1312.8710946978395,1274.1420364072453,202390583
1729562400,1357.42004395,1359.40002441,1344.09997559,1348.92004395,1327.4467746974528,1313.6721824589986,1274.8860961837902,309772537
1729648800,1348.93005371,1351.7199707,1340.13000488,1349.7199707,1328.242245983258,1314.4732444199096,1275.6307118506181,257339008
1729735200,1349.2199707,1351.58996582,1329.61999512,1329.61999512,1328.2914513095702,1314.8098388799117,1276.1679186493184,327694626
1729821600,1333.77001953,1334.7800293,1322.68994141,1325.54003906,1328.1931865863712,1315.0482877728025,1276.6591835290267,228576601
1730080800,1324.69995117,1328.56994629,1322.9699707,1328.32995605,1328.1980712100722,1315.3434359567402,1277.1733205690364,208582439
1730167200,1328.92004395,1335.76000977,1328.92004395,1335.76000977,1328.4681404443552,1315.7971375970349,1277.7562727003892,521397148
1730253600,1337.16003418,1338.4699707,1327.14001465,1333.84997559,1328.660348842414,1316.1983117746563,1278.3144189977984,228208980
1730340000,1334.09997559,1341.01000977,1328.18994141,1338.59997559,1329.0153355119705,1316.6961265261084,1278.914275282298,320706785
1730426400,1333.76000977,1336.07995605,1324.42004395,1325.61999512,1328.8940733551144,1316.8944347170839,1279.3790088130213,234018156
1730685600,1325.93994141,1326.98999023,1311.0300293,1312.64001465,1328.313571258503,1316.7998920489265,1279.7099640949814,311290564
1730772000,1312.43005371,1317.59997559,1311.84997559,1313.34997559,1327.7791571274852,1316.7232272387282,1280.0446905775188,164121695
1730858400,1314.10998535,1331.5300293,1314.10998535,1329.56005859,1327.8427607511464,1317.0084901576454,1280.5373808064987,201001456
1730944800,1335.06994629,1336.29003906,1325.86999512,1326.65002441,1327.800163024677,1317.2227464743644,1280.9962130811605,157599344
1731031200,1331.31994629,1331.51000977,1312.82995605,1317.33996582,1327.4265845530813,1317.225351348712,1281.3578424616464,219336145
1731290400,1317.33996582,1318.70996094,1298.7800293,1310.45996094,1326.820633709757,1317.0750093396293,1281.647415779839,353112780
1731376800,1312.55004883,1315.80004883,1297.98999023,1301.94995117,1325.9323950476228,1316.7388969358599,1281.849431057353,241354994
1731463200,1299.52001953,1305.42004395,1290.60998535,1304.04003906,1325.150525190922,1316.456700094174,1282.070233127031,248643943
1731549600,1300.43005371,1303.70996094,1286.52001953,1286.65002441,1323.775507305889,1315.7943295234147,1282.1158031895482,252019428
1731636000,1283.7800293,1284.30004883,1270.43994141,1271.2199707,1321.8985238556788,1314.8037882162278,1282.007386945871,316271524
1731895200,1270.70996094,1277.80004883,1255.16003418,1270.22998047,1320.0532187347617,1313.8132591552005,1281.890198821733,296737869
1731981600,1272.22998047,1273.48999023,1259,1259.07995605,1317.875602210306,1312.5969635306406,1281.6632312319646,207147530
1732068000,1258.25,1277.67004395,1250.67004395,1271.72998047,1316.2275442910093,1311.6888083515153,1281.564392915925,249110192
1732154400,1272.40002441,1286.67004395,1266.44995117,1286.67004395,1315.1719192788303,1311.1328358092594,1281.6151954137765,228523292
1732240800,1286.97998047,1292.20996094,1284.01000977,1286.06994629,1314.1325631006578,1310.5758827088314,1281.659521293142,195143260
1732500000,1286.45996094,1293.30004883,1285.81994629,1291.93994141,1313.3399694688485,1310.1617506799685,1281.761814030623,182754209
1732586400,1292.83996582,1304.33996582,1292.27001953,1299.2199707,1312.8356837985325,1309.918600013747,1281.9355270323085,191934778
1732672800,1297.2800293,1303.98999023,1296.93994141,1301.06005859,1312.4151257553706,1309.7217435376638,1282.1258208786537,152528009
1732759200,1305.79003906,1310.41003418,1298.43005371,1301.52001953,1312.0260148187501,1309.53948300416,1282.3187979796621,191912207
1732845600,1301.33996582,1311.67004395,1298.64001465,1311.26000977,1311.9986574955806,1309.5777169322898,1282.6067702362825,188930506
1733104800,1315.77001953,1317.76000977,1303.51000977,1308.82995605,1311.8854895868099,1309.5611000237946,1282.8676974583095,152393481
1733191200,1308.40002441,1312,1300.67004395,1309.18005371,1311.7888668769237,1309.5526323279325,1283.1295119483761,245305179
1733277600,1304.73999023,1305.06005859,1297.48999023,1297.81005859,1311.2896237238194,1309.2916862448674,1283.2755870393376,171476921
1733364000,1299.94995117,1337.55004883,1295.72998047,1337.55004883,1312.2274960490402,1309.9196498578704,1283.8156314352645,297125323
1733450400,1337.06005859,1341.56994629,1334.34997559,1337.2800293,1313.1222293794315,1310.5276582899178,1284.3476154936202,236010990
1733709600,1337.22998047,1343.05004883,1330.52001953,1336.18005371,1313.9457231055233,1311.0977115214753,1284.8633611475145,231460604
1733796000,1335.94995117,1339.69995117,1332.4699707,1335.84997559,1314.7280178371118,1311.6477618341091,1285.3706906444547,200891765
1733882400,1335.88000488,1342.69995117,1329.83996582,1336.47998047,1315.5048736454291,1312.1995889149066,1285.8792407919725,261954223
1733968800,1336.59997559,1344.36999512,1333.44995117,1335.55004883,1316.2207727591638,1312.718488024131,1286.3734776878732,203471023
1734055200,1333.80004883,1334.81005859,1328.86999512,1331.57995605,1316.7693150195507,1313.137631758039,1286.823293392969,180722099
1734314400,1331.94995117,1335.40002441,1325.06994629,1331.81994629,1317.3068375649239,1313.5527943031939,1287.2710212824916,175261129
1734400800,1332.88000488,1332.95996094,1325.14001465,1327.63000488,1317.6755221118908,1313.8656212049007,1287.672603208835,153856733
1734487200,1328.09997559,1331.72998047,1325.91003418,1329.82995605,1318.1096090382518,1314.2203842014585,1288.0920793565083,177819850
1734573600,1329.34997559,1329.34997559,1309.17004395,1314.16003418,1317.9685527933143,1314.2190430898706,1288.351461991568,274222829
1734660000,1315.85998535,1318.47998047,1313.30004883,1317.77001953,1317.9614623196244,1314.2979536774292,1288.6441839571244,172381756
1734919200,1321.48999023,1326,1320.81994629,1323.02001953,1318.1421250771377,1314.4917773630418,1288.9862320722773,157534699
1735005600,1323.60998535,1323.90002441,1315.01000977,1323.27001953,1318.32526416474,1314.6868494111964,1289.3273642857869,173822411
1735092000,1323.32995605,1350.06994629,1323.32995605,1342.47998047,1319.1879326042135,1315.3044745458365,1289.8562460388637,298150296
1735178400,1344.14001465,1346.4699707,1339.51000977,1342.68005371,1320.0269369294201,1315.9128207494846,1290.3818560654422,208593651
1735264800,1342.88000488,1348.82995605,1341.75,1346.83996582,1320.9845451040837,1316.6000906399404,1290.943628301806,271555293
1735524000,1344.92004395,1347.34997559,1337.85998535,1347.34997559,1321.9261676214378,1317.2834214166085,1291.5048854887532,179545208
1735610400,1346.66003418,1346.98999023,1341.15002441,1344.75,1322.7413044921007,1317.8937898295728,1292.0346876231933,163355373
1735783200,1344.76000977,1347.14001465,1334.39001465,1343.19995117,1323.4719704448828,1318.4561489704713,1292.5437947231617,173170047
1735869600,1341.15002441,1341.30004883,1320.57995605,1320.57995605,1323.368684216494,1318.5033446833497,1292.8227615025332,203854394
1736128800,1320.14001465,1325.72998047,1313.04003906,1313.04003906,1322.9998040323335,1318.3819378917196,1293.0239284434035,175084999
1736215200,1316.61999512,1322.22998047,1309.55004883,1315.2800293,1322.724097791893,1318.3130065896814,1293.24538218327,179928608
1736301600,1314.08996582,1316.63000488,1306.68994141,1316.63000488,1322.5064516164682,1318.2756065516885,1293.4780649961729,131867707
1736388000,1316.34997559,1318.86999512,1307.55004883,1310.80004883,1322.0883658026657,1318.109483046762,1293.6504230442706,131437617
1736474400,1310.34997559,1312.31994629,1293.22998047,1293.22998047,1321.057709183642,1317.5566052117229,1293.6462395360688,183224603
1736733600,1287.64001465,1298.33996582,1282.56994629,1298.33996582,1320.246361206369,1317.1295687807956,1293.6929432801876,180909870
1736820000,1295.79003906,1297.31994629,1285.31994629,1289.22998047,1319.1386333229273,1316.5095779294445,1293.6485356900364,140122687
1736906400,1295.66003418,1300.36999512,1291.72998047,1297.64001465,1318.3708255131799,1316.0902543010125,1293.6882518985933,142420555
1736992800,1303.41003418,1307.81994629,1293.18994141,1303.25,1317.8307960305663,1315.8049153165455,1293.7833936707466,210634118
1737079200,1302.79003906,1313.47998047,1298.84997559,1313.47998047,1317.675409760546,1315.7532500977334,1293.9793796090476,145558394
1737338400,1313.26000977,1319.06005859,1311.5,1316.94995117,1317.6495005251693,1315.779843454895,1294.2079425101515,159876744
1737424800,1321.30004883,1323.27001953,1309.41003418,1314.81005859,1317.5480918846274,1315.7582926801194,1294.4129386900504,190999622
1737511200,1317.91003418,1318.25,1309.7199707,1309.7199707,1317.2685161280335,1315.624107747228,1294.5652474662688,204954390
1737597600,1309.92004395,1339.47998047,1309.92004395,1332.54003906,1317.813927661318,1316.0000173319563,1294.943106089092,245071876
1737684000,1332.19995117,1339.55004883,1330.29003906,1337.58996582,1318.5202147384139,1316.4797939650239,1295.367452952086,166615342
1738548000,1326.18994141,1326.18994141,1311.40002441,1315.45996094,1318.410919959899,1316.4571310089123,1295.5673784047021,202190509
1738634400,1320.60998535,1327.60998535,1317.42004395,1327.20996094,1318.725171423474,1316.6960827851588,1295.8822299722176,226492167
1738720800,1330.2800293,1334.57995605,1326.77001953,1331.34997559,1319.1760572865642,1317.0217248474885,1296.2351428639367,181918924
1738807200,1336.42004395,1340.92004395,1333.44995117,1336.58996582,1319.7979825913299,1317.4565746468777,1296.6366833908628,189604057
1738893600,1337.13000488,1345.26000977,1332.68005371,1340.80004883,1320.548056385568,1317.9753185176137,1297.076119862894,226573226
1739152800,1336.4699707,1343.08996582,1327.15002441,1330.88000488,1320.9170545460836,1318.2620893256667,1297.412476927741,334990873
1739239200,1333.69995117,1338.40002441,1329.15002441,1338.40002441,1321.5414463269378,1318.7095989942075,1297.8203132210967,281814031
1739325600,1341.4699707,1343.43994141,1335.34997559,1335.68005371,1322.0463965906185,1319.086720210114,1298.1970270568072,159139977
1739412000,1334.69995117,1338.32995605,1329.56005859,1337.7800293,1322.608312044525,1319.5021270787781,1298.590887775645,165900360
1739498400,1339.2199707,1347.97998047,1338,1340.52001953,1323.248015883292,1319.969191355472,1299.008093066733,210933565
1739757600,1341.18005371,1342.89001465,1334.01000977,1334.01000977,1323.6323728078173,1320.2812095424615,1299.3563708448748,241315712
1739844000,1335.56005859,1346.80004883,1332.61999512,1337.39001465,1324.1237171593239,1320.6614052115178,1299.7348150618413,211050234
1739930400,1338.4699707,1346.67004395,1335.26000977,1344.64001465,1324.856442069705,1321.1942631990396,1300.1816329681913,208365654
1740016800,1348.10998535,1351.52001953,1345.43005371,1349.44995117,1325.73478168043,1321.822167376172,1300.6718649900997,219687944
1740103200,1349.81005859,1355.08996582,1347.85998535,1353.72998047,1326.734610208629,1322.5312298893682,1301.199806437661,260487958
1740362400,1357.30004883,1364.52001953,1352.52001953,1364.52001953,1328.0840891129637,1323.4643141036045,1301.8298583092264,347663707
1740448800,1365.86999512,1369.31994629,1356.20996094,1360.56005859,1329.243945165715,1324.28866398108,1302.4142384115228,285386439
1740535200,1362.06005859,1364.91003418,1358.79003906,1360.56005859,1330.362377788011,1325.0946949723893,1302.992803786433,229098504
1740621600,1363.36999512,1364.27001953,1351.05004883,1363.61999512,1331.550149835582,1325.9508127534473,1303.5960594215928,248857329
1740708000,1360.55004883,1361.66003418,1351.08996582,1356.43005371,1332.438717831097,1326.6281292191484,1304.1217708075471,257931039
1740967200,1356.43005371,1362.80004883,1355.11999512,1361.16003418,1333.4644791292721,1327.395504884945,1304.6893157167258,342275714
1741053600,1357.55004883,1369.5,1350.10998535,1367.9699707,1334.696818113941,1328.2971596808352,1305.3189739752659,362620454
1741140000,1369.61999512,1379.66003418,1363.91003418,1363.91003418,1335.7401472591573,1329.0885568919277,1305.9019695991935,447504976
1741226400,1368.13000488,1380.11999512,1367.81994629,1379.61999512,1337.3072846827588,1330.2114777414404,1306.635482290943,306508651
1741312800,1381.51000977,1390.97998047,1378.38000488,1389.77001953,1339.180953784446,1331.5350008922971,1307.4626916167047,345150846
1741572000,1394.81005859,1400.13000488,1387.22998047,1391.06994629,1341.0341320882158,1332.8579996789128,1308.2946045985284,415306450
1741658400,1378.43994141,1393.56994629,1375.43994141,1393.56994629,1342.910411166851,1334.207154048048,1309.14311546113,304952136
1741744800,1397.40002441,1400.44995117,1387.34997559,1392.39001465,1344.6775398626778,1335.5001065058693,1309.971442816243,313856245
1741831200,1393.93005371,1400.59997559,1385.23999023,1387.30004883,1346.1997723257964,1336.6512163352945,1310.7408816820516,382345527
1741917600,1387.07995605,1394.39001465,1385.19995117,1387.0300293,1347.6579957891609,1337.770745512288,1311.4999776782502,414640428
1742176800,1392.75,1397.2800293,1389.42004395,1394.90002441,1349.345211097048,1339.0402850433481,1312.3298288895114,418178838
1742263200,1398.43994141,1400.38000488,1388.64001465,1388.64001465,1350.7485969382249,1340.1425012568293,1313.0891342204616,336255398
1742349600,1385.92004395,1386.56994629,1374.82995605,1377.63000488,1351.7086472218598,1340.9755568928997,1313.7313319384668,428975921
1742436000,1382.22998047,1388.36999512,1371.97998047,1378.94995117,1352.6815509342935,1341.8194323212797,1314.3802734233577,398494837
1742522400,1379.05004883,1381.25,1375.68005371,1378.27001953,1353.5954248127116,1342.6294453703624,1315.0159922900905,322530824
1742781600,1379.27001953,1390.69995117,1372.70996094,1390.69995117,1354.920586468329,1343.6976788325767,1315.769066507801,421893909
1742868000,1391.01000977,1398.29003906,1386.2800293,1388.79003906,1356.1302097751743,1344.699731282075,1316.4956433491163,399706077
1742954400,1390.15002441,1396.33996582,1379.39001465,1381.4699707,1357.0352012367753,1345.5168477135844,1317.1421540690255,346124207
1743040800,1380.94995117,1384.75,1378.86999512,1380.26000977,1357.8646586843904,1346.2889179815047,1317.7701924342093,291903839
1743127200,1380.19995117,1381.26000977,1369.82995605,1373.93005371,1358.438422792448,1346.9031654421378,1318.3289970240182,248632616
1743386400,1368.94995117,1369.06994629,1360.66003418,1363.88000488,1358.6327650098606,1347.280428540757,1318.7822408832817,328029085
1743472800,1369.18005371,1376.91003418,1363.59997559,1376.91003418,1359.28552462308,1347.938864221629,1319.360626886234,238320206
1743559200,1381.0300293,1384.38000488,1376.54003906,1376.93994141,1359.916039508327,1348.583332603593,1319.9335553889582,335998351
1743645600,1342.45996094,1342.45996094,1282.98999023,1283.18005371,1357.1754685869582,1347.1299264059576,1319.5678489045904,830797212
1743732000,1269.06005859,1280.52001953,1208.42004395,1280.52001953,1354.437773977781,1345.6497062531585,1319.179313288923,903925399
1744077600,1241.57995605,1245.51000977,1193.4699707,1197.51000977,1348.8332109703604,1342.3577129979772,1317.9686734529137,619785350
1744164000,1182.91003418,1220.72998047,1133.90002441,1168.68005371,1342.3991696396333,1338.4982094582444,1316.483214549999,711834399
1744250400,1248.92004395,1249.29003906,1248.09997559,1249.29003906,1339.0738435475037,1336.5158056716168,1315.8146257391534,105059914
1744336800,1268.11999512,1310.02001953,1265.26000977,1309.93994141,1338.0333470425928,1335.9252309102476,1315.756171168714,765021733
1744596000,1318.17004395,1329.06005859,1310.63000488,1325.86999512,1337.5989416167859,1335.7017812260199,1315.856806232906,435353594
1744682400,1314.30004883,1329.98999023,1303.29003906,1310.76000977,1336.6404083365435,1335.1475196381084,1315.8060918402402,413188944
1744768800,1310.06994629,1318.85998535,1288.06005859,1293.25,1335.0907508959526,1334.2164636461505,1315.5816531154617,309034809
1744855200,1286.10998535,1304.4699707,1283.4699707,1303.0300293,1333.9457251246686,1333.5234317717916,1315.4567613362033,363022465
1744941600,1313.42004395,1322.26000977,1306.23999023,1306.23999023,1332.956234592716,1332.917133070863,1315.3650521709674,420925605
1745200800,1305.81005859,1310.58996582,1287.02001953,1294.29003906,1331.5752990379763,1332.058753203955,1315.1553505479726,344412279
1745287200,1287.55004883,1292.67004395,1216.34997559,1290.38000488,1330.1040385323342,1331.1325587967558,1314.908829695555,689388426
1745373600,1300.25,1311.7199707,1295.68994141,1303.04003906,1329.137467122608,1330.5082805803834,1314.7907322762956,391150154
1745460000,1306.43005371,1313.93005371,1297.20996094,1311.66003418,1328.5132730889436,1330.0894306603748,1314.7595810514567,324041339
1745546400,1312.58996582,1318.66003418,1304.5,1317.18005371,1328.1085152539813,1329.802555617033,1314.7836653565168,432032323
1745805600,1318.08996582,1321.38000488,1305.51000977,1312.31994629,1327.544637790982,1329.4140531875435,1314.7591507389395,267962040
1745892000,1310.40002441,1312.88000488,1304.73999023,1309.72998047,1326.9084000295184,1328.9766293493758,1314.7091092437263,297716220
1746410400,1309.72998047,1321.68005371,1309.43005371,1320.41003418,1326.6763155348926,1328.786260567834,1314.7658348649827,225600395
1746496800,1320.41003418,1331.07995605,1316.18005371,1319.66003418,1326.4257340579322,1328.5834555369931,1314.8145333656296,300608771
1746583200,1319.66003418,1325.93994141,1316.27001953,1324.80004883,1326.3676738712204,1328.4993798323933,1314.9138917284592,276614773
1746669600,1324.80004883,1354.07995605,1324.80004883,1351.09997559,1327.2509703611768,1329.0016152936735,1315.273952264395,340182565
1746756000,1351.09997559,1363.61999512,1348.13000488,1352.25,1328.1437928482776,1329.5182460649253,1315.641873137386,302161111
1747015200,1352.25,1374.68005371,1352.0300293,1372.04003906,1329.7115159272678,1330.463174798149,1316.2030489177105,487901853
1747101600,1372.04003906,1384.01000977,1370.29003906,1382.7800293,1331.606819976294,1331.625771564857,1316.865506433952,423765386
1747188000,1382.7800293,1400.09997559,1375.34997559,1397.86999512,1333.973361945712,1333.0978654216378,1317.6715212467486,545511704
1747274400,1397.86999512,1403.69995117,1384.67004395,1401.48999023,1336.3846700987224,1334.6176904173792,1318.5055358634975,584425685
1747360800,1401.48999023,1404.13000488,1382.93005371,1384.43994141,1338.100929788411,1335.7248515505485,1319.1615996002786,344355984
1747620000,1384.43994141,1391.23999023,1371.05004883,1379.75,1339.588396581682,1336.7031881827586,1319.7644692559973,395211438
1747706400,1379.75,1408.56005859,1379.75,1407.52001953,1342.0145259726933,1338.2768955460306,1320.6376588109624,409858072
1747792800,1407.52001953,1429.43005371,1407.52001953,1419.35998535,1344.776863807597,1340.0787419861188,1321.6199705178185,452911774
1747879200,1419.35998535,1432.83996582,1407.92004395,1409.56005859,1347.09054933554,1341.6227712439827,1322.4949962697806,393118523
1747965600,1409.56005859,1415.9699707,1400.82995605,1409.40002441,1349.3158877310564,1343.1289324254496,1323.359722917942,264661367
1748224800,1409.40002441,1424.01000977,1374.59997559,1423.84997559,1351.9778194403043,1344.9227333846618,1324.3596259296044,360877735
1748311200,1423.84997559,1430.81994629,1418.76000977,1427.44995117,1354.673252716365,1346.7566715576693,1325.3854003101058,355217882
1748397600,1427.44995117,1436.98999023,1427.02001953,1432.18994141,1357.4417058839947,1348.6551886654988,1326.4481320623436,274090263
1748484000,1432.18994141,1438.0300293,1424.02001953,1431.56994629,1360.0891430413521,1350.497738834932,1327.4941202636137,302964865
1748570400,1431.56994629,1436.2199707,1417.97998047,1423.68005371,1362.360246993804,1352.1240124988224,1328.4511942282543,364295791
1748829600,1423.68005371,1424.75,1407.72998047,1423.04003906,1364.5273824247395,1353.6999242001818,1329.3923767638935,305069475
1748916000,1423.04003906,1442.55004883,1423.04003906,1437.86999512,1367.1467614495702,1355.5703702206222,1330.471756051019,370549211
1749002400,1437.86999512,1442.86999512,1429.47998047,1435.2800293,1369.5800924442285,1357.3416959779418,1331.514624441556,287915474
1749088800,1435.2800293,1437.2800293,1423.41003418,1432.38000488,1371.8229464597919,1359.009213953543,1332.518260067809,227858118
1749175200,1432.38000488,1437.23999023,1412.68994141,1418.9699707,1373.506768754085,1360.3416752145754,1333.378476094,342179670
1749434400,1418.9699707,1418.9699707,1394.11999512,1396.56005859,1374.330100533939,1361.1465281784738,1334.0071485566468,253404968
1749520800,1396.56005859,1414.89001465,1381.43005371,1404.81994629,1375.4190235966555,1362.117048580952,1334.7117535092175,264375585
1749607200,1404.81994629,1411.94995117,1390.90002441,1405.15002441,1376.480845054275,1363.0733369327088,1335.4126318266383,194977013
1749693600,1405.15002441,1418.41003418,1392.5,1412.16003418,1377.7551018087652,1364.164152427093,1336.1762875714478,375351209
1749780000,1412.16003418,1419.67004395,1385.02001953,1401.19995117,1378.5924178573807,1364.9871701769355,1336.823289199294,420583002
1750039200,1401.19995117,1421.27001953,1382.19995117,1420.34997559,1380.0837592049743,1366.2174547416703,1337.6544005066644,331685332
1750125600,1420.34997559,1440.58996582,1420.14001465,1431.39001465,1381.916125470868,1367.6657338507443,1338.5870931847076,314424467
1750212000,1431.39001465,1439.69995117,1425.73999023,1432.98999023,1383.7401920694085,1369.1173839925057,1339.526425493616,309211545
1750298400,1432.98999023,1442.45996094,1426.41003418,1439.30004883,1385.724472668001,1370.676998766672,1340.5191978651224,265453759
1750384800,1439.30004883,1443.79003906,1423.77001953,1435.18994141,1387.4910965516437,1372.1106197143017,1341.46119531333,368941945
1750644000,1435.18994141,1448.54003906,1418.81005859,1448.31994629,1389.6635554708707,1373.8041603048728,1342.5244664673269,292868807
1750730400,1448.31994629,1469.01000977,1448.31994629,1462.80004883,1392.2755730908395,1375.7818467165423,1343.7212384311347,377551460
1750816800,1462.80004883,1470.76000977,1460.42004395,1465.35998535,1394.8857306715238,1377.772472019508,1344.931574221372,362287755
1750903200,1465.35998535,1475.06994629,1458.97998047,1463.56994629,1397.3387383721836,1379.6790825588523,1346.1120555354878,335636359
1750989600,1463.56994629,1477.89001465,1459.93005371,1475.89001465,1400.1441410963912,1381.817103271989,1347.4033785117515,308909825
1751248800,1475.89001465,1481.57995605,1472.16003418,1477.56005859,1402.9089952925915,1383.9447245012782,1348.6984698558138,250133588
1751335200,1477.56005859,1483.85998535,1466.9699707,1476.16003418,1405.5251038242845,1385.9939536052498,1349.9667441276963,318137566
1751421600,1476.16003418,1483.02001953,1468.48999023,1482.76000977,1408.2834933223457,1388.144310408911,1351.288070153988,293320907
1751508000,1482.76000977,1493.98999023,1477.36999512,1481.19995117,1410.8876525311905,1390.2122135369352,1352.5807256864855,474139067
1751594400,1481.19995117,1489.54003906,1477.29003906,1488.77001953,1413.669165638291,1392.4023870034478,1353.9358430381621,261390186
1751853600,1488.77001953,1509.81005859,1488.77001953,1508.66003418,1417.0616966576376,1394.9858902740377,1355.4753872286283,596062177
1751940000,1508.66003418,1529.7199707,1508.66003418,1529.27001953,1421.069136760222,1397.9699820352814,1357.2046870525226,459297151
1752026400,1529.27001953,1544.67004395,1526.77001953,1543.27001953,1425.4334540019997,1401.1988717573863,1359.056083395582,638593401
1752112800,1543.27001953,1569.40002441,1543.27001953,1569.33996582,1430.572972281214,1404.9353405143333,1361.1484603351284,450430258
1752199200,1569.33996582,1601.0300293,1567.30004883,1594.01000977,1436.410009334385,1409.1369998311259,1363.465490677764,476127092
1752458400,1594.01000977,1616.98999023,1580.80004883,1605.66003418,1442.4546530788712,1413.504178372212,1365.87538663301,433874162
1752544800,1605.66003418,1614.13000488,1593.44995117,1593.83996582,1447.8612713910543,1417.5116403154962,1368.1436909035274,487427212
1752631200,1593.83996582,1614.63000488,1587.92004395,1614.42004395,1453.8097989824453,1421.8873826184852,1370.5942018791143,450094780
1752717600,1614.42004395,1641.9699707,1614.42004395,1634.69995117,1460.2701615605722,1426.616550808519,1373.222119782506,452077525
1752804000,1634.69995117,1648.18005371,1625.82995605,1643.91003418,1466.8287284398375,1431.4452948834407,1375.9155318660632,478375438
1753063200,1643.91003418,1663.16003418,1621.18994141,1628.06005859,1472.5869902309148,1435.8145118546977,1378.4244326294854,522871853
1753149600,1628.06005859,1655.97998047,1616.16003418,1655.97998047,1479.1367398823106,1440.7070778239267,1381.186179374167,450721502
1753236000,1655.97998047,1669.14001465,1650.04003906,1653.01000977,1485.3464995211566,1445.4249207560617,1383.8908941044738,528418415
1753322400,1653.01000977,1663.39001465,1637.97998047,1661.22998047,1491.6280524121867,1450.2205887497048,1386.6504870036333,565412868
1753408800,1661.22998047,1675.26000977,1655.35998535,1669.32995605,1497.97454897068,1455.0896858008225,1389.4632180389206,443160857
1753668000,1669.32995605,1697.14001465,1664.84997559,1695.63000488,1505.033672396013,1460.4350262248042,1392.5096537288816,660449364
1753754400,1695.63000488,1702.30004883,1616.64001465,1621.29003906,1509.1856854911553,1464.0095820655863,1394.78607547347,966404108
1753840800,1621.29003906,1642.67004395,1606.54003906,1630.7800293,1513.5283406271853,1467.715592004129,1397.1342740190075,648403754
1753927200,1630.7800293,1646.75,1602.17004395,1615.22998047,1517.160542050143,1470.9936895255928,1399.3043805508582,671589622
1754013600,1615.22998047,1621.64001465,1584.97998047,1614.10998535,1520.623022167995,1474.174051655024,1401.4417497528398,542151258
1754272800,1614.10998535,1653.2199707,1607.13000488,1653.2199707,1525.3586274727095,1478.1528498560235,1403.9470056826622,571724316
1754359200,1653.2199707,1730.14001465,1653.2199707,1690.43005371,1531.2540355526128,1482.8701210527786,1406.797583274974,1226523482
1754445600,1690.43005371,1726.57995605,1690.43005371,1723.31005859,1538.1131792325195,1488.213230775828,1409.9469611388051,564648766
1754532000,1723.31005859,1742.11999512,1715.54003906,1734.84997559,1545.1394933881438,1493.6940473272539,1413.1798269542398,701520951
1754618400,1734.84997559,1745.88000488,1707.90002441,1729.07995605,1551.7087956260673,1498.9248452988704,1416.3231118208644,677132039
1754877600,1729.07995605,1748.67004395,1726.91003418,1741.90002441,1558.5013395112078,1504.3242937235623,1419.562683090408,626718983
1754964000,1741.9,1756.72,1737.42,1755.25,1565.5280773858076,1509.9004205297053,1422.902855397966,590830470
1755050400,1755.25,1768.78,1726.89,1753.71,1572.2488603363145,1515.3184111846008,1426.1944687770908,739113806
1755136800,1753.71,1793.84,1753.71,1793.78,1580.1606867528747,1521.5064464916097,1429.8520362519457,796165115
1755223200,1793.78,1827.89,1763.88,1783.25,1587.4138765117007,1527.3229699029073,1433.3684339011802,840513122
1755482400,1783.25,1797.37,1774.47,1786.37,1594.5194523505686,1533.0795705717317,1436.8808872951984,585012637
1755568800,1786.37,1824.81,1786.37,1810.46,1602.2316147666197,1539.243580114582,1440.5980923967386,750134696
1755655200,1810.46,1833.84,1768.9,1828.46,1610.311199953526,1545.6706116675914,1444.4574148604527,978583252
1755741600,1828.46,1881.9,1828.46,1874.91,1619.761157098043,1552.9870425194226,1448.7405251603486,783634981
1755828000,1874.91,1882.23,1794.97,1814.02,1626.69897291597,1558.7877749078798,1452.3751468005441,985748134
1756087200,1814.02,1835.85,1774.84,1783.12,1632.285438168971,1563.7729354654825,1455.6661403647179,712716894
1756173600,1783.12,1850,1769.54,1849.05,1640.0270296629365,1570.112425788472,1459.5804076247705,609984478
1756260000,1849.05,1877.27,1841.13,1848.55,1647.4742786035458,1576.299927437617,1463.450751827509,681608454
1756346400,1848.55,1866.18,1831.79,1861.2,1655.1073400819905,1582.6310401612257,1467.4084557894244,547861289
1756432800,1861.2,1890.36,1855.28,1865.38,1662.617077936205,1588.914350379865,1471.3683716522162,677221343
1756864800,1865.38,1876.63,1846.08,1859.59,1669.651825152769,1594.929364815868,1475.231273426821,557554345
1756951200,1859.59,1883.96,1850.15,1883.59,1677.292474254456,1601.3440455977375,1479.294544337997,567489155
1757037600,1883.59,1901.66,1838.57,1845.48,1683.2991716025113,1606.7692890288988,1482.9381807127434,665686618
1757296800,1845.48,1849.12,1804.6,1807.22,1687.7249154738502,1611.223749272701,1486.164865481771,812970440
1757383200,1807.22,1825.17,1795.82,1825.17,1692.6336684926412,1615.9781103999744,1489.5380508998628,478435943
1757469600,1825.17,1845.53,1811.28,1828.63,1697.4906803321896,1620.7037079466415,1492.9121001446404,468871238
1757556000,1828.63,1860.19,1785.47,1855.08,1703.1188703203256,1625.9120699922717,1496.5157608397185,548863457
1757642400,1855.08,1880.79,1843.87,1865.45,1708.9164106660282,1631.2351351035545,1500.1867482940497,440206417
1757901600,1865.45,1876.75,1857.47,1876.75,1714.9104674279558,1636.691020990142,1503.9336463209745,546927477
1757988000,1876.75,1893.36,1864.51,1875.39,1720.6418793055288,1641.9954427459168,1507.6297294421588,602393335
1758074400,1875.39,1884.67,1859.36,1868.85,1725.9350264731886,1647.036655129341,1511.223960989998,485150174
1758160800,1868.85,1879.52,1833.16,1861.74,1730.785204099146,1651.8078405709111,1514.711682771192,397419030
1758247200,1861.74,1874.4,1838.21,1859.53,1735.3832325241765,1656.4238885582242,1518.1427108033195,408099261
1758506400,1859.53,1867.5,1801.57,1819.6,1738.3909742197416,1660.0500243680415,1521.1422858202018,514914157
1758592800,1819.6,1835.37,1806.46,1821.45,1741.357367997608,1663.636690493196,1524.1304222797023,408517797
1758679200,1821.45,1853.55,1801.03,1853.48,1745.3617477119792,1667.8554307044583,1527.407532505775,508768069
1758765600,1853.48,1868.11,1842.7,1858.67,1749.4084710079799,1672.0957544665814,1530.7036764609413,332091875
1758852000,1858.67,1865.67,1841.4,1852.65,1753.0956684719806,1676.1080710339907,1533.907122466305,343215326
1759111200,1852.65,1870.38,1837.71,1862.23,1756.99332316941,1680.244113899902,1537.174016770123,362961882
1759197600,1862.23,1880.9,1841.4,1863.13,1760.7839187705024,1684.3082447021263,1540.417359886838,415717267
1759284000,1863.13,1878.45,1858.5,1870.63,1764.7069931001274,1688.4487281531901,1543.703057798412,278740207
1759370400,1870.63,1891.2,1851.47,1859.8,1768.10317191798,1692.2565341942304,1546.8483010043979,344770747
1759456800,1859.8,1869.93,1848.03,1859.51,1771.3677014923378,1695.9732778788032,1549.9593626859462,343865729
1759716000,1859.51,1918.97,1858.23,1918.97,1776.6392121533258,1700.9287605926077,1553.6311103209118,560694169
1759802400,1918.97,1941.27,1896.9,1909.65,1781.3895974335642,1705.5670103572163,1557.1735868351316,394365053
1759888800,1909.65,1970.59,1906.09,1922.95,1786.4453260966511,1710.3977434603892,1560.8131531352794,482441511
1759975200,1922.95,1946.78,1920.87,1940.89,1791.961207307485,1715.5197936057139,1564.5950123080627,604308232
1760061600,1940.89,1980.57,1940.89,1980.57,1798.697235617932,1721.4097981922534,1568.7340669119626,491737096
1760320800,1980.57,2013.81,1933.94,2012.28,1806.32519148872,1727.8735804546477,1573.1474592809977,644114271
1760407200,2012.28,2055.85,2001.38,2013.69,1813.73107750698,1734.2250564445444,1577.5309671488485,704617336
1760493600,2013.69,2037.76,1996.97,2009.64,1820.7278247388736,1740.3453885235544,1581.8305595155266,573868182
1760580000,2009.64,2025.76,2004.24,2022.27,1827.925759569628,1746.6103798896977,1586.213041510397,490522681
1760666400,2022.27,2043.09,1969.29,1977.14,1833.2548395849985,1751.7332603365933,1590.1028619928807,537284447
1760925600,1977.14,1977.14,1868.69,1870.86,1834.5978810283914,1754.3805212180023,1592.8964653561356,817406061
1761012000,1870.86,1933.22,1839.08,1915.9,1837.5015281345202,1757.9698429687132,1596.11043087498,699449846
1761098400,1915.9,1955.93,1870.27,1930.88,1840.8364735582873,1761.8122909027418,1599.4414713637861,442194051
1761184800,1930.88,1962.13,1918.7,1945.78,1844.5844566454912,1765.9004622160141,1602.8876258775792,346632374
1761271200,1945.78,1954.65,1913.93,1944.6,1848.1564403367236,1769.8715630556583,1606.2877490031756,449351819
1761530400,1944.6,1962.31,1900.35,1900.76,1850.0351388961262,1772.7801949877548,1609.2178211523976,448824020
1761616800,1900.76,1949.51,1871.72,1949.28,1853.5795982212646,1776.7024128769158,1612.6015244245132,415161128
1761703200,1949.28,1972.04,1940,1949.76,1857.0146125705053,1780.5481370352065,1615.9563351267568,421869198
1761789600,1949.76,1956.25,1914.28,1925.18,1859.4490906929873,1783.7621784344242,1619.0331875135553,302449448
1761876000,1925.18,1932.28,1863.53,1885.36,1860.3744803110949,1786.019907802548,1621.6832055482462,318748569
1762135200,1885.36,1903.21,1854.09,1857.64,1860.2768202999844,1787.6114654069358,1624.031034348761,408799306
1762221600,1857.64,1908.55,1843.43,1897.71,1861.613719574985,1790.058099509004,1626.7542081363356,482550531
1762308000,1897.71,1908.02,1876.57,1886.47,1862.5014438758783,1792.2005861865816,1629.3384448712975,265188647
1762394400,1886.47,1890.96,1866.91,1869.6,1862.754963737454,1793.920573160213,1631.729107111384,251760483
1762480800,1869.6,1874.16,1817.93,1824.71,1861.3962150325451,1794.6047826455417,1633.649315000823,407735400
1762740000,1824.71,1844.44,1804.11,1804.18,1859.3527787813828,1794.8175652534185,1635.3461377371332,325817166
1762826400,1804.18,1832.01,1803.64,1821.6,1858.0044652534762,1795.4127304700091,1637.1994099984552,303423046
1762912800,1821.6,1872.31,1821.6,1872.27,1858.5139486372805,1797.1206697928978,1639.5384208442417,347866169
1762999200,1872.27,1878.2,1853.56,1864.23,1858.7180933288062,1798.6119882419446,1641.7741579502692,266832798
1763085600,1864.23,1875.71,1852.53,1871.54,1859.176018567063,1800.2326107254569,1644.060385234346,266556688
1763344800,1871.54,1894.54,1868.11,1893.54,1860.4033036182393,1802.3061082648912,1646.54276946087,286089434
1763431200,1893.54,1899.15,1875.9,1898.07,1861.7485427747308,1804.4341947478936,1649.045527973697,283511232
1763517600,1898.07,1901.05,1880.18,1886.2,1862.6218091042047,1806.2512126423849,1651.4052739640085,322130659
1763604000,1886.2,1904.44,1883.22,1897.46,1863.866030207626,1808.278074583665,1653.8535796957099,281236144
1763690400,1897.46,1902.41,1873.35,1899.89,1865.1526005573537,1810.3138951484725,1656.3017032808273,291896281
1763949600,1899.89,1925.79,1899.89,1916.36,1866.9814362517338,1812.6704752562841,1658.8893480243016,247608547
1764036000,1916.36,1932.62,1902.12,1909.6,1868.503527814172,1814.8244646950334,1661.3839813772936,404371711
1764122400,1909.6,1927.38,1908.56,1923.55,1870.4694732493801,1817.2405877018105,1663.992598478017,347439890
1764208800,1923.55,1935.02,1917.1,1921.18,1872.2805634904737,1819.550352419548,1666.5516771001264,254100897
1764295200,1921.18,1931.28,1911.64,1923.92,1874.1248290800997,1821.8696779213358,1669.112555934951,277651449
1764554400,1923.92,1945.5,1923.92,1933.56,1876.2475137558104,1824.3516850786393,1671.7438737863445,275592593
1764640800,1933.56,1953.08,1920.23,1950.12,1878.88581683596,1827.1465365213362,1674.5137854899629,304456746
1764727200,1950.12,1983.06,1940.62,1971.99,1882.2109662346757,1830.3652801541955,1677.473747823396,423870645
1764813600,1971.99,1986.17,1965.46,1979.53,1885.6866460120086,1833.6800517063245,1680.4792826709245,393661398
1764900000,1979.53,2000.75,1967.5,1975.5,1888.894265797294,1836.8316061128507,1683.4148121965868,287565242
1765159200,1975.5,2001.28,1975.5,1983.82,1892.2844705902478,1840.0980148658984,1686.4039185428894,296690963
1765245600,1983.82,2001.61,1951.79,1973.02,1895.1678823548818,1843.0518367577674,1689.2558198509203,444396861
1765332000,1973.02,1976.81,1939.95,1946.98,1897.0183151279218,1845.3613514964836,1691.8202395538963,267159257
1765418400,1946.98,1949.77,1918.49,1924.29,1897.9923038733532,1847.1153214632284,1694.1333714986336,232182259
1765504800,1924.29,1932.24,1900.28,1903.28,1898.1811501635905,1848.3634254307121,1696.2144324787466,133165669