Date,Open,High,Low,Close,Volume,t
2000-07-28,100.0,100.0,100.0,100.0,4200,964749600
2000-07-31,101.55,101.55,101.55,101.55,10300,965008800
2000-08-02,103.38,103.38,103.38,103.38,300,965181600
2000-08-04,105.2,105.2,105.2,105.2,3700,965354400
2000-08-07,106.92,106.92,106.92,106.92,13100,965613600
2000-08-09,108.64,108.64,108.64,108.64,15900,965786400
2000-08-11,110.36,110.36,110.36,110.36,13600,965959200
2000-08-14,112.08,112.08,112.08,112.08,11700,966218400
2000-08-16,113.8,113.8,113.8,113.8,23000,966391200
2000-08-18,115.52,115.52,115.52,115.52,10300,966564000
2000-08-21,117.24,117.24,117.24,117.24,35500,966823200
2000-08-23,118.96,118.96,118.96,118.96,111400,966996000
2000-08-25,118.84,118.96,118.84,118.84,95200,967168800
2000-08-28,117.0,118.84,117.0,117.0,97900,967428000
2000-08-30,115.15,117.0,115.15,115.15,126500,967600800
2000-09-01,113.37,115.15,113.37,113.37,96600,967773600
2000-09-06,112.51,113.37,112.51,112.51,60900,968205600
2000-09-08,112.39,112.51,112.39,112.39,49500,968378400
2000-09-11,114.11,114.11,114.11,114.11,31300,968637600
2000-09-13,116.08,116.08,116.08,116.08,18400,968810400
2000-09-15,118.04,118.04,118.04,118.04,45900,968983200
2000-09-18,118.19,118.19,118.19,118.19,64600,969242400
2000-09-20,118.21,118.21,118.21,118.21,41600,969415200
2000-09-22,118.76,118.76,118.76,118.76,66900,969588000
2000-09-25,118.98,118.98,118.98,118.98,56600,969847200
2000-09-27,119.69,119.69,119.69,119.69,56600,970020000
2000-09-29,120.71,120.71,120.71,120.71,52800,970192800
2000-10-02,120.92,120.92,120.92,120.92,48600,970452000
2000-10-04,121.14,121.14,121.14,121.14,58400,970624800
2000-10-06,122.21,122.21,122.21,122.21,39600,970797600
2000-10-09,124.33,124.33,124.33,124.33,25900,971056800
2000-10-11,126.45,126.45,126.45,126.45,53300,971229600
2000-10-13,128.57,128.57,128.57,128.57,51900,971402400
2000-10-16,130.71,130.71,130.71,130.71,26600,971661600
2000-10-18,132.85,132.85,132.85,132.85,25700,971834400
2000-10-20,135.04,135.04,135.04,135.04,65900,972007200
2000-10-23,136.55,136.55,136.55,136.55,39100,972266400
2000-10-25,137.08,137.08,137.08,137.08,45000,972439200
2000-10-27,139.57,139.57,139.57,139.57,88200,972612000
2000-10-30,140.48,140.48,140.48,140.84,101200,972871200
2000-11-01,143.33,143.33,143.33,143.33,95900,973044000
2000-11-03,145.83,145.83,145.83,145.83,78800,973216800
2000-11-06,148.57,148.57,148.57,148.57,55300,973476000
2000-11-08,151.32,151.32,151.32,151.32,29200,973648800
2000-11-10,154.08,154.08,154.08,154.08,57300,973821600
2000-11-13,156.84,156.84,156.84,156.84,21700,974080800
2000-11-15,159.6,159.6,159.6,159.6,12400,974253600
2000-11-17,162.36,162.36,162.36,162.36,34700,974426400
2000-11-20,165.17,165.17,165.17,165.7,62700,974685600
2000-11-22,165.52,165.52,165.52,165.52,136200,974858400
2000-11-24,166.17,166.17,166.17,166.17,116500,975031200
2000-11-27,165.6,166.17,165.6,165.6,88900,975290400
2000-11-29,168.73,168.73,168.73,168.73,75700,975463200
2000-12-01,171.87,171.87,171.87,171.87,41300,975636000
2000-12-04,175.0,175.0,175.0,175.0,26500,975895200
2000-12-06,178.13,178.13,178.13,178.13,57700,976068000
2000-12-08,181.26,181.26,181.26,181.26,187900,976240800
2000-12-11,181.94,181.94,181.94,189.94,124700,976500000
2000-12-13,184.48,184.48,184.48,184.48,105100,976672800
2000-12-15,187.62,187.62,187.62,187.62,46300,976845600
2000-12-18,191.11,191.11,191.11,191.11,81700,977104800
2000-12-20,194.85,194.85,194.85,194.85,38900,977277600
2000-12-22,198.58,198.58,198.58,198.58,61000,977450400
2000-12-25,202.32,202.32,202.32,202.32,20600,977709600
2000-12-27,203.09,203.09,203.09,203.09,40800,977882400
2000-12-29,206.83,206.83,206.83,206.83,59500,978055200
2001-01-03,210.56,210.56,210.56,210.56,42900,978487200
2001-01-05,214.32,214.32,214.32,214.32,50200,978660000
2001-01-08,218.12,218.12,218.12,218.12,71500,978919200
2001-01-10,222.15,222.15,222.15,222.15,183800,979092000
2001-01-12,225.67,225.67,225.67,225.67,223700,979264800
2001-01-15,228.35,228.35,228.35,228.35,122900,979524000
2001-01-17,232.68,232.68,232.68,232.68,87400,979696800
2001-01-19,236.97,236.97,236.97,236.97,42600,979869600
2001-01-29,241.36,241.36,241.36,241.36,9000,980733600
2001-01-31,245.8,245.8,245.8,245.8,6700,980906400
2001-02-02,250.23,250.23,250.23,250.23,23300,981079200
2001-02-05,254.96,254.96,254.96,254.96,2200,981338400
2001-02-07,259.93,259.93,259.93,259.93,8400,981511200
2001-02-09,260.15,260.15,260.15,260.15,314000,981684000
2001-02-12,256.18,260.15,256.18,256.18,130100,981943200
2001-02-14,252.21,256.18,252.21,252.21,78000,982116000
2001-02-16,248.98,252.21,248.98,248.98,43400,982288800
2001-02-19,245.99,245.99,245.99,245.99,34800,982548000
2001-02-21,246.75,246.75,246.75,246.75,240000,982720800
2001-02-23,251.22,251.22,251.22,251.22,155200,982893600
2001-02-26,255.67,255.67,255.67,255.61,96600,983152800
2001-02-28,252.4,255.67,252.4,252.4,292800,983325600
2001-03-02,253.64,253.64,253.64,253.64,207400,983498400
2001-03-05,250.73,253.64,250.73,250.73,165600,983757600
2001-03-07,248.05,250.73,248.05,248.05,199900,983930400
2001-03-09,252.61,252.61,252.61,252.61,118300,984103200
2001-03-12,255.99,255.99,255.99,255.99,121300,984362400
2001-03-14,257.7,257.7,257.7,257.7,143900,984535200
2001-03-16,258.52,258.52,258.52,258.52,101500,984708000
2001-03-19,260.29,260.29,260.29,260.29,179500,984967200
2001-03-21,261.11,261.11,261.11,261.11,83500,985140000
2001-03-23,259.6,261.11,259.6,259.6,134500,985312800
2001-03-26,260.11,260.11,260.11,260.11,76200,985572000
2001-03-28,264.7,264.7,264.7,264.7,88700,985744800
2001-03-30,269.3,269.3,269.3,269.3,44100,985917600
2001-04-02,274.43,274.43,274.43,274.43,139500,986176800
2001-04-04,279.56,279.56,279.56,279.56,55300,986349600
2001-04-06,284.69,284.69,284.69,284.69,32300,986522400
2001-04-09,289.82,289.82,289.82,289.82,96500,986781600
2001-04-11,295.09,295.09,295.09,295.09,97800,986954400
2001-04-13,300.36,300.36,300.36,300.36,65800,987127200
2001-04-16,306.16,306.16,306.16,306.16,42300,987386400
2001-04-18,311.96,311.96,311.96,311.96,57000,987559200
2001-04-20,317.76,317.76,317.76,317.76,122000,987732000
2001-04-23,313.74,317.76,313.74,313.74,319600,987991200
2001-04-25,315.27,315.27,315.27,315.27,412300,988164000
2001-04-27,321.07,321.07,321.07,321.07,48500,988336800
2001-05-02,327.13,327.13,327.13,327.13,42200,988768800
2001-05-04,332.0,332.0,332.0,332.0,104700,988941600
2001-05-07,338.35,338.35,338.35,338.35,64000,989200800
2001-05-09,344.47,344.47,344.47,344.47,160400,989373600
2001-05-11,351.06,351.06,351.06,351.06,23200,989546400
2001-05-14,357.65,357.65,357.65,357.65,19700,989805600
2001-05-16,364.27,364.27,364.27,364.27,23100,989978400
2001-05-18,370.9,370.9,370.9,370.9,55200,990151200
2001-05-21,377.43,377.43,377.43,377.43,52100,990410400
2001-05-23,384.16,384.16,384.16,384.16,229100,990583200
2001-05-25,390.88,390.88,390.88,390.88,82500,990756000
2001-05-28,397.5,397.5,397.5,397.5,31700,991015200
2001-05-30,404.26,404.26,404.26,404.26,14300,991188000
2001-06-01,411.03,411.03,411.03,411.03,16100,991360800
2001-06-04,417.79,417.79,417.79,417.79,21600,991620000
2001-06-06,424.56,424.56,424.56,424.56,24000,991792800
2001-06-08,426.58,426.58,426.58,426.58,193200,991965600
2001-06-11,428.02,428.02,428.02,428.02,424300,992224800
2001-06-13,456.18,456.18,456.18,456.18,122300,992397600
2001-06-15,486.34,486.34,486.34,486.34,73700,992570400
2001-06-18,518.62,518.62,518.62,518.62,159900,992829600
2001-06-20,553.56,553.56,553.56,553.56,141000,993002400
2001-06-22,563.0,563.0,563.0,563.0,293800,993175200
2001-06-25,571.04,571.04,571.04,571.04,268100,993434400
2001-06-27,531.93,531.93,531.93,531.93,79700,993607200
2001-06-29,500.28,571.04,500.28,500.28,118400,993780000
2001-07-02,491.17,500.28,491.17,491.17,181200,994039200
2001-07-04,512.8,512.8,512.8,512.8,268300,994212000
2001-07-06,502.93,512.8,502.93,502.93,223400,994384800
2001-07-09,470.83,502.93,470.83,470.83,108800,994644000
2001-07-11,436.13,470.83,436.13,436.13,92500,994816800
2001-07-13,416.46,436.13,416.46,416.46,169000,994989600
2001-07-16,411.43,416.46,411.43,411.43,121300,995248800
2001-07-18,438.12,438.12,438.12,438.12,98700,995421600
2001-07-20,466.67,466.67,466.67,466.67,56400,995594400
2001-07-23,438.33,466.67,438.33,438.33,274500,995853600
2001-07-25,450.87,450.87,450.87,450.87,142100,996026400
2001-07-27,445.37,450.87,445.37,445.37,96400,996199200
2001-07-30,422.46,445.37,422.46,422.46,100000,996458400
2001-08-01,395.63,422.46,395.63,395.63,119700,996631200
2001-08-03,371.76,395.63,371.76,371.76,63900,996804000
2001-08-06,350.69,371.76,350.69,350.69,49200,997063200
2001-08-08,373.63,373.63,373.63,373.63,220300,997236000
2001-08-10,394.18,394.18,394.18,394.18,163700,997408800
2001-08-13,368.34,394.18,368.34,368.34,122400,997668000
2001-08-15,344.31,368.34,344.31,344.31,69300,997840800
2001-08-17,321.83,344.31,321.83,321.83,182000,998013600
2001-08-20,302.25,321.83,302.25,302.25,194600,998272800
2001-08-22,320.98,320.98,320.98,320.98,146500,998445600
2001-08-24,300.03,320.98,300.03,300.03,146100,998618400
2001-08-27,279.65,300.03,279.65,279.65,53700,998877600
2001-08-29,261.35,279.65,261.35,261.35,117500,999050400
2001-08-31,277.4,277.4,277.4,277.4,280400,999223200
2001-09-05,296.43,296.43,296.43,296.43,69300,999655200
2001-09-07,307.76,307.76,307.76,307.76,204300,999828000
2001-09-10,286.55,307.76,286.55,286.55,259200,1000087200
2001-09-12,284.68,286.55,284.68,284.68,192100,1000260000
2001-09-14,274.64,284.68,274.64,274.64,150200,1000432800
2001-09-17,266.09,274.64,266.09,266.09,126200,1000692000
2001-09-19,273.37,273.37,273.37,273.37,150000,1000864800
2001-09-21,272.03,273.37,272.03,272.03,102000,1001037600
2001-09-24,259.75,272.03,259.75,259.75,135200,1001296800
2001-09-26,249.72,259.75,249.72,249.72,125200,1001469600
2001-09-28,244.46,249.72,244.46,244.46,131400,1001642400
2001-10-01,229.06,244.46,229.06,229.06,141500,1001901600
2001-10-03,214.29,229.06,214.29,214.29,89200,1002074400
2001-10-05,203.12,214.29,203.12,203.12,208100,1002247200
2001-10-08,217.1,217.1,217.1,217.1,111400,1002506400
2001-10-10,221.18,221.18,221.18,221.18,1100,1002679200
2001-10-12,225.27,225.27,225.27,225.27,900,1002852000
2001-10-15,229.35,229.35,229.35,229.35,14600,1003111200
2001-10-17,233.48,233.48,233.48,233.48,9800,1003284000
2001-10-19,237.62,237.62,237.62,237.62,8400,1003456800
2001-10-22,242.01,242.01,242.01,242.01,15100,1003716000
2001-10-24,246.41,246.41,246.41,246.41,11600,1003888800
2001-10-26,250.85,250.85,250.85,250.85,21400,1004061600
2001-10-29,255.55,255.55,255.55,255.55,389900,1004320800
2001-10-31,260.29,260.29,260.29,260.29,46600,1004493600
2001-11-02,265.03,265.03,265.03,265.03,64000,1004666400
2001-11-05,269.77,269.77,269.77,269.77,68200,1004925600
2001-11-07,274.89,274.89,274.89,274.89,18000,1005098400
2001-11-09,280.03,280.03,280.03,280.03,20100,1005271200
2001-11-12,285.06,285.06,285.06,285.06,23100,1005530400
2001-11-14,290.51,290.51,290.51,290.51,28800,1005703200
2001-11-16,295.97,295.97,295.97,295.97,22200,1005876000
2001-11-19,301.09,301.09,301.09,301.09,51000,1006135200
2001-11-21,296.11,301.09,296.11,296.11,281600,1006308000
2001-11-23,292.17,296.11,292.17,292.17,127100,1006480800
2001-11-26,296.9,296.9,296.9,296.9,249600,1006740000
2001-11-28,293.03,296.9,293.03,293.03,130800,1006912800
2001-11-30,288.52,293.03,288.52,288.52,25900,1007085600
2001-12-03,283.02,288.52,283.02,283.02,12400,1007344800
2001-12-05,279.15,283.02,279.15,279.15,4800,1007517600
2001-12-07,275.49,279.15,275.49,275.49,60400,1007690400
2001-12-10,271.62,275.49,271.62,271.62,130900,1007949600
2001-12-12,267.83,271.62,267.83,267.83,59700,1008122400
2001-12-14,263.04,267.83,263.04,263.04,42100,1008295200
2001-12-17,259.08,263.04,259.08,259.08,12500,1008554400
2001-12-19,247.26,259.08,247.26,247.26,77200,1008727200
2001-12-21,250.95,250.95,250.95,250.95,343800,1008900000
2001-12-24,248.05,250.95,248.05,248.05,142800,1009159200
2001-12-26,242.75,248.05,242.75,242.75,125100,1009332000
2001-12-28,239.27,242.75,239.27,239.27,70800,1009504800
2001-12-31,235.4,239.27,235.4,235.4,34100,1009764000
2002-01-02,231.7,235.4,231.7,231.7,57900,1009936800
2002-01-04,227.79,231.7,227.79,227.79,35200,1010109600
2002-01-07,225.95,227.79,225.95,225.95,268600,1010368800
2002-01-09,222.9,225.95,222.9,222.9,171600,1010541600
2002-01-11,219.22,222.9,219.22,219.22,74900,1010714400
2002-01-14,214.16,219.22,214.16,214.16,49400,1010973600
2002-01-16,210.68,214.16,210.68,210.68,26400,1011146400
2002-01-18,206.79,206.79,206.79,206.79,24500,1011319200
2002-01-21,203.27,209.02,203.27,203.27,75400,1011578400
2002-01-23,206.01,206.01,206.01,206.01,309900,1011751200
2002-01-28,210.76,210.76,210.76,210.76,70100,1012183200
2002-01-30,207.55,210.76,207.55,207.55,459600,1012356000
2002-02-01,204.48,207.55,204.48,204.48,274300,1012528800
2002-02-04,203.77,204.48,203.77,203.77,266200,1012788000
2002-02-06,205.37,205.37,205.37,205.37,176200,1012960800
2002-02-08,205.2,205.37,205.2,205.2,239000,1013133600
2002-02-18,202.89,205.2,202.89,202.89,53600,1013997600
2002-02-20,199.52,202.89,199.52,199.52,82800,1014170400
2002-02-22,196.58,199.52,196.58,196.58,106400,1014343200
2002-02-25,193.79,196.58,193.79,193.79,80500,1014602400
2002-02-27,191.1,193.79,191.1,191.1,81700,1014775200
2002-03-01,193.59,193.59,193.59,193.59,405100,1014948000
2002-03-04,190.98,193.59,190.98,190.98,159900,1015207200
2002-03-05,188.22,190.98,188.22,188.22,136500,1015293600
2002-03-06,185.74,188.22,185.74,185.74,148200,1015380000
2002-03-07,183.2,185.74,183.2,183.2,125500,1015466400
2002-03-08,181.2,183.2,181.2,181.2,156900,1015552800
2002-03-11,180.73,181.2,180.73,180.73,324600,1015812000
2002-03-12,182.92,182.92,182.92,182.92,103400,1015898400
2002-03-13,185.66,185.66,185.66,185.66,70200,1015984800
2002-03-14,188.97,188.97,188.97,188.97,75500,1016071200
2002-03-15,192.39,192.39,192.39,192.39,173700,1016157600
2002-03-18,190.3,192.39,190.3,190.3,327900,1016416800
2002-03-19,187.06,190.3,187.06,187.06,134200,1016503200
2002-03-20,189.05,189.05,189.05,189.05,330700,1016589600
2002-03-21,189.26,189.26,189.26,189.26,99400,1016676000
2002-03-22,187.67,187.67,187.67,187.67,123100,1016762400
2002-03-25,188.71,188.71,188.71,188.71,81500,1017021600
2002-03-26,191.97,191.97,191.97,191.97,107200,1017108000
2002-03-27,195.11,195.11,195.11,195.11,107800,1017194400
2002-03-28,197.89,197.89,197.89,197.89,119200,1017280800
2002-03-29,200.15,200.15,200.15,200.15,95000,1017367200
2002-04-01,203.14,203.14,203.14,203.14,130100,1017626400
2002-04-02,203.22,203.22,203.22,203.22,154900,1017712800
2002-04-03,202.16,203.22,202.16,202.16,319000,1017799200
2002-04-04,201.38,202.16,201.38,201.38,151700,1017885600
2002-04-05,198.77,201.38,198.77,198.77,107700,1017972000
2002-04-08,198.52,198.77,198.52,198.52,132900,1018231200
2002-04-09,200.48,200.48,200.48,200.48,123600,1018317600
2002-04-10,200.85,200.85,200.85,200.85,119400,1018404000
2002-04-11,200.36,200.85,200.36,200.36,98000,1018490400
2002-04-12,199.69,200.36,199.69,199.69,84800,1018576800
2002-04-15,200.4,200.4,200.4,200.4,95300,1018836000
2002-04-16,198.44,200.4,198.44,198.44,101300,1018922400
2002-04-17,197.12,198.44,197.12,197.12,85700,1019008800
2002-04-18,199.31,199.31,199.31,199.31,127800,1019095200
2002-04-19,201.43,201.43,201.43,201.43,132300,1019181600
2002-04-22,201.14,201.43,201.14,201.14,125200,1019440800
2002-04-23,202.81,202.81,202.81,202.81,183100,1019527200
2002-04-24,205.65,205.65,205.65,205.65,154300,1019613600
2002-04-25,207.06,207.06,207.06,207.06,199200,1019700000
2002-04-26,208.48,208.48,208.48,208.48,185500,1019786400
2002-05-02,209.52,209.52,209.52,209.52,229200,1020304800
2002-05-03,212.95,212.95,212.95,212.95,204600,1020391200
2002-05-06,214.23,214.23,214.23,214.23,243200,1020650400
2002-05-07,210.43,214.23,210.43,210.43,225500,1020736800
2002-05-08,207.05,210.43,207.05,207.05,213600,1020823200
2002-05-09,208.85,208.85,208.85,208.85,143300,1020909600
2002-05-10,211.88,211.88,211.88,211.88,182000,1020996000
2002-05-13,209.62,211.88,209.62,209.62,266800,1021255200
2002-05-14,209.88,209.88,209.88,209.88,165000,1021341600
2002-05-15,209.82,209.88,209.82,209.82,226400,1021428000
2002-05-16,209.08,209.82,209.08,209.08,194100,1021514400
2002-05-17,209.79,209.79,209.79,209.79,165900,1021600800
2002-05-20,208.14,209.79,208.14,208.14,159800,1021860000
2002-05-21,208.93,208.93,208.93,208.93,162700,1021946400
2002-05-22,209.66,209.66,209.66,209.66,144200,1022032800
2002-05-23,208.93,209.66,208.93,208.93,118600,1022119200
2002-05-24,208.04,208.93,208.04,208.04,183000,1022205600
2002-05-27,206.3,208.04,206.3,206.3,181000,1022464800
2002-05-28,205.02,206.3,205.02,205.02,208700,1022551200
2002-05-29,203.65,205.02,203.65,203.65,162100,1022637600
2002-05-30,203.77,203.77,203.77,203.77,118900,1022724000
2002-05-31,207.12,207.12,207.12,207.12,132400,1022810400
2002-06-03,207.81,207.81,207.81,207.81,121500,1023069600
2002-06-04,205.68,207.81,205.68,205.68,68100,1023156000
2002-06-05,205.48,205.68,205.48,205.48,48300,1023242400
2002-06-06,205.07,205.48,205.07,205.07,82100,1023328800
2002-06-07,203.26,205.07,203.26,203.06,80600,1023415200
2002-06-10,204.88,204.88,204.88,204.88,88000,1023674400
2002-06-11,203.53,204.88,203.53,203.53,36000,1023760800
2002-06-12,203.79,203.79,203.79,203.79,70900,1023847200
2002-06-13,202.35,203.79,202.35,202.35,59700,1023933600
2002-06-14,200.75,202.35,200.75,200.75,112600,1024020000
2002-06-17,197.77,200.75,197.77,197.77,114800,1024279200
2002-06-18,195.59,197.77,195.59,195.59,69000,1024365600
2002-06-19,192.13,195.59,192.13,192.13,74100,1024452000
2002-06-20,193.32,193.32,193.32,193.32,177900,1024538400
2002-06-21,196.89,196.89,196.89,196.89,32200,1024624800
2002-06-24,200.5,200.5,200.5,200.5,35100,1024884000
2002-06-25,202.4,202.4,202.4,202.4,97900,1024970400
2002-06-26,200.5,202.4,200.5,200.5,177700,1025056800
2002-06-27,199.61,200.5,199.61,199.61,101800,1025143200
2002-06-28,202.06,202.06,202.06,202.06,131200,1025229600
2002-07-01,200.26,202.06,200.26,200.26,89400,1025488800
2002-07-02,199.94,200.26,199.94,199.94,119400,1025575200
2002-07-03,199.61,199.94,199.61,199.61,86200,1025661600
2002-07-04,199.7,199.7,199.7,199.7,98800,1025748000
2002-07-05,200.5,200.5,200.5,200.5,99100,1025834400
2002-07-08,200.19,200.5,200.19,200.19,87000,1026093600
2002-07-09,199.0,200.19,199.0,199.0,134800,1026180000
2002-07-10,197.27,199.0,197.27,197.27,125500,1026266400
2002-07-11,197.25,197.27,197.25,197.25,137800,1026352800
2002-07-12,198.17,198.17,198.17,198.17,107900,1026439200
2002-07-15,197.37,198.17,197.37,197.37,150500,1026698400
2002-07-16,196.85,197.37,196.85,196.85,90300,1026784800
2002-07-17,194.3,196.85,194.3,194.3,77300,1026871200
2002-07-18,192.42,194.3,192.42,192.42,61200,1026957600
2002-07-19,191.25,192.42,191.25,191.25,118200,1027044000
2002-07-22,193.36,193.36,193.36,193.36,127200,1027303200
2002-07-23,196.85,196.85,196.85,196.85,62800,1027389600
2002-07-24,197.42,197.42,197.42,197.42,171900,1027476000
2002-07-25,194.49,197.42,194.49,194.49,177000,1027562400
2002-07-26,195.79,195.79,195.79,195.79,102200,1027648800
2002-07-29,195.16,195.79,195.16,195.16,122500,1027908000
2002-07-30,196.94,196.94,196.94,196.94,99400,1027994400
2002-07-31,197.57,197.57,197.57,197.57,146800,1028080800
2002-08-01,197.12,197.57,197.12,197.12,72500,1028167200
2002-08-02,195.06,197.12,195.06,195.06,86500,1028253600
2002-08-05,193.67,195.06,193.67,193.67,115800,1028512800
2002-08-06,194.34,194.34,194.34,194.34,81000,1028599200
2002-08-07,194.06,194.34,194.06,194.06,88700,1028685600
2002-08-08,193.39,194.06,193.39,193.39,106000,1028772000
2002-08-09,192.49,193.39,192.49,192.49,134300,1028858400
2002-08-12,191.53,192.49,191.53,191.53,84000,1029117600
2002-08-13,189.78,191.53,189.78,189.78,128900,1029204000
2002-08-14,188.73,189.78,188.73,188.73,113500,1029290400
2002-08-15,189.55,189.55,189.55,189.55,163800,1029376800
2002-08-16,191.67,191.67,191.67,191.67,92600,1029463200
2002-08-19,192.67,192.67,192.67,192.67,122000,1029722400
2002-08-20,190.96,192.67,190.96,190.96,102700,1029808800
2002-08-21,190.9,190.96,190.9,190.9,160100,1029895200
2002-08-22,190.95,190.95,190.95,190.95,162700,1029981600
2002-08-23,190.21,190.95,190.21,190.21,148000,1030068000
2002-08-26,189.97,190.21,189.97,189.97,129800,1030327200
2002-08-27,189.32,189.97,189.32,189.32,106500,1030413600
2002-08-28,190.54,190.54,190.54,190.54,119200,1030500000
2002-08-29,191.28,191.28,191.28,191.28,149300,1030586400
2002-08-30,191.66,191.66,191.66,191.66,178600,1030672800
2002-09-03,191.43,191.66,191.43,191.43,56700,1031018400
2002-09-04,190.59,191.43,190.59,190.59,113200,1031104800
2002-09-05,190.54,190.59,190.54,190.54,74500,1031191200
2002-09-06,190.45,190.54,190.45,190.45,74600,1031277600
2002-09-09,190.21,190.45,190.21,190.21,70000,1031536800
2002-09-10,189.86,190.21,189.86,189.86,70600,1031623200
2002-09-11,189.4,189.86,189.4,189.4,71600,1031709600
2002-09-12,189.14,189.4,189.14,189.14,74300,1031796000
2002-09-13,188.72,189.14,188.72,188.72,73200,1031882400
2002-09-16,188.66,188.72,188.66,188.66,108100,1032141600
2002-09-17,186.87,188.66,186.87,186.87,107200,1032228000
2002-09-18,185.0,186.87,185.0,185.0,102700,1032314400
2002-09-19,184.69,185.0,184.69,184.69,106200,1032400800
2002-09-20,183.83,184.69,183.83,183.83,108900,1032487200
2002-09-23,182.33,183.83,182.33,182.33,67600,1032746400
2002-09-24,179.93,182.33,179.93,179.93,113700,1032832800
2002-09-25,181.66,181.66,181.66,181.66,113600,1032919200
2002-09-26,183.67,183.67,183.67,183.67,118500,1033005600
2002-09-27,182.62,183.67,182.62,182.62,96900,1033092000
2002-09-30,182.13,182.62,182.13,182.13,74200,1033351200
2002-10-01,182.97,182.97,182.97,182.97,52600,1033437600
2002-10-02,182.84,182.97,182.84,182.84,52100,1033524000
2002-10-03,183.4,183.4,183.4,183.4,84200,1033610400
2002-10-04,182.49,183.4,182.49,182.49,68100,1033696800
2002-10-07,181.71,182.49,181.71,181.71,64500,1033956000
2002-10-08,180.02,181.71,180.02,180.02,76800,1034042400
2002-10-09,178.85,180.02,178.85,178.85,109900,1034128800
2002-10-10,179.1,179.1,179.1,179.1,122300,1034215200
2002-10-11,179.33,179.33,179.33,179.33,31600,1034301600
2002-10-14,180.1,180.1,180.1,180.1,52000,1034560800
2002-10-15,180.63,180.63,180.63,180.63,120800,1034647200
2002-10-16,180.13,180.63,180.13,180.13,48500,1034733600
2002-10-17,179.66,180.13,179.66,179.66,69900,1034820000
2002-10-18,178.64,179.66,178.64,178.64,98000,1034906400
2002-10-21,178.66,178.66,178.66,178.66,57300,1035165600
2002-10-22,179.39,179.39,179.39,179.39,89400,1035252000
2002-10-23,179.1,179.39,179.1,179.1,68100,1035338400
2002-10-24,179.1,179.1,179.1,178.94,87800,1035424800
2002-10-25,178.81,179.1,178.81,178.81,63200,1035511200
2002-10-28,178.8,178.81,178.8,178.8,65900,1035770400
2002-10-29,177.92,178.8,177.92,177.92,90300,1035856800
2002-10-30,177.61,177.92,177.61,177.61,51200,1035943200
2002-10-31,177.61,177.61,177.61,177.61,51400,1036029600
2002-11-01,177.35,177.61,177.35,177.35,76000,1036116000
2002-11-04,176.57,177.35,176.57,176.57,53300,1036375200
2002-11-05,175.02,176.57,175.02,175.02,56300,1036461600
2002-11-06,174.84,175.02,174.84,174.84,54800,1036548000
2002-11-07,174.62,174.84,174.62,174.62,81500,1036634400
2002-11-08,174.88,174.88,174.88,174.88,60700,1036720800
2002-11-11,175.19,175.19,175.19,175.19,43700,1036980000
2002-11-12,175.27,175.27,175.27,175.27,46500,1037066400
2002-11-13,175.63,175.63,175.63,175.63,64000,1037152800
2002-11-14,175.42,175.63,175.42,175.42,79000,1037239200
2002-11-15,175.77,175.77,175.77,175.77,69000,1037325600
2002-11-18,175.73,175.77,175.73,175.73,75700,1037584800
2002-11-19,175.54,175.73,175.54,175.54,62700,1037671200
2002-11-20,176.08,176.08,176.08,176.08,39400,1037757600
2002-11-21,176.47,176.47,176.47,176.47,78500,1037844000
2002-11-22,175.24,176.47,175.24,175.24,51500,1037930400
2002-11-25,176.47,176.47,176.47,176.47,51400,1038189600
2002-11-26,176.5,176.5,176.5,176.5,86000,1038276000
2002-11-27,176.44,176.5,176.44,176.44,76500,1038362400
2002-11-28,177.25,177.25,177.25,177.25,76200,1038448800
2002-11-29,177.87,177.87,177.87,177.87,66300,1038535200
2002-12-02,179.27,179.27,179.27,179.27,80800,1038794400
2002-12-03,183.56,183.56,183.56,183.56,72700,1038880800
2002-12-04,187.21,187.21,187.21,187.21,144300,1038967200
2002-12-05,186.83,187.21,186.83,186.83,225900,1039053600
2002-12-06,184.55,186.83,184.55,184.55,134500,1039140000
2002-12-09,183.62,184.55,183.62,183.62,121200,1039399200
2002-12-10,184.75,184.75,184.75,184.75,70600,1039485600
2002-12-11,184.34,184.75,184.34,184.34,101600,1039572000
2002-12-12,183.69,184.34,183.69,183.69,62300,1039658400
2002-12-13,184.15,184.15,184.15,184.15,41600,1039744800
2002-12-16,184.74,184.74,184.74,184.74,70600,1040004000
2002-12-17,185.37,185.37,185.37,185.37,131500,1040090400
2002-12-18,185.96,185.96,185.96,185.96,135300,1040176800
2002-12-19,186.18,186.18,186.18,186.18,124700,1040263200
2002-12-20,184.93,186.93,184.93,184.94,107800,1040349600
2002-12-23,184.2,184.93,184.2,184.23,69000,1040608800
2002-12-24,184.18,184.2,184.18,184.18,71000,1040695200
2002-12-25,184.14,184.18,184.14,184.14,90400,1040781600
2002-12-26,183.78,184.14,183.78,183.78,88000,1040868000
2002-12-27,184.14,184.14,184.14,183.05,46700,1040954400
2002-12-30,182.65,184.14,182.65,182.65,52700,1041213600
2002-12-31,183.33,183.33,183.33,183.33,61900,1041300000
2003-01-02,183.41,183.41,183.41,183.41,27900,1041472800
2003-01-03,182.39,183.41,182.39,182.39,39500,1041559200
2003-01-06,181.76,182.39,181.76,181.76,43300,1041818400
2003-01-07,180.63,181.76,180.63,180.63,63500,1041904800
2003-01-08,179.79,180.63,179.79,179.79,40500,1041991200
2003-01-09,178.93,179.79,178.93,178.93,44800,1042077600
2003-01-10,178.67,178.93,178.67,178.67,35200,1042164000
2003-01-13,178.03,178.67,178.03,178.03,68600,1042423200
2003-01-14,177.31,178.03,177.31,177.31,36400,1042509600
2003-01-15,176.43,177.31,176.43,176.43,61500,1042596000
2003-01-16,173.11,176.43,173.11,173.11,99900,1042682400
2003-01-17,173.05,173.11,173.05,173.05,55600,1042768800
2003-01-20,171.4,173.05,171.4,171.4,60400,1043028000
2003-01-21,171.36,171.4,171.36,171.36,69000,1043114400
2003-01-22,170.55,171.36,170.55,170.55,87500,1043200800
2003-01-23,172.03,172.03,172.03,172.03,56200,1043287200
2003-01-24,172.66,172.66,172.66,172.66,60900,1043373600
2003-01-27,172.3,172.66,172.3,172.3,89600,1043632800
2003-01-28,172.38,172.38,172.38,172.38,103100,1043719200
2003-02-10,170.94,172.38,170.94,170.94,76200,1044842400
2003-02-11,167.59,170.94,167.59,167.59,138900,1044928800
2003-02-12,163.91,167.59,163.91,163.91,191000,1045015200
2003-02-13,167.07,167.07,167.07,167.07,89100,1045101600
2003-02-14,168.73,168.73,168.73,168.73,78700,1045188000
2003-02-17,168.49,168.73,168.49,168.49,66400,1045447200
2003-02-18,167.23,168.49,167.23,167.23,68200,1045533600
2003-02-19,166.31,167.23,166.31,166.31,60100,1045620000
2003-02-20,165.99,166.31,165.99,165.99,76500,1045706400
2003-02-21,164.62,165.99,164.62,164.62,85500,1045792800
2003-02-24,165.48,165.48,165.48,165.48,72400,1046052000
2003-02-25,165.29,165.48,165.29,165.29,66700,1046138400
2003-02-26,164.71,165.29,164.71,164.71,38100,1046224800
2003-02-27,164.69,164.71,164.69,164.69,37300,1046311200
2003-02-28,164.61,164.69,164.61,164.61,69700,1046397600
2003-03-03,165.58,165.58,165.58,165.58,61900,1046656800
2003-03-04,164.91,165.58,164.91,164.91,50600,1046743200
2003-03-05,164.34,164.91,164.34,164.34,81900,1046829600
2003-03-06,164.28,164.34,164.28,164.28,63600,1046916000
2003-03-07,164.02,164.28,164.02,164.02,56500,1047002400
2003-03-10,163.57,164.02,163.57,163.57,66800,1047261600
2003-03-11,163.0,163.0,163.0,163.0,62200,1047348000
2003-03-12,162.0,162.0,162.0,162.0,83700,1047434400
2003-03-13,162.0,162.0,162.0,162.0,91300,1047520800
2003-03-14,161.0,161.0,161.0,161.0,65000,1047607200
2003-03-17,161.0,161.0,161.0,161.0,87000,1047866400
2003-03-18,158.0,158.0,158.0,158.0,71200,1047952800
2003-03-19,158.0,158.0,158.0,158.0,79900,1048039200
2003-03-20,156.0,156.0,156.0,156.0,92400,1048125600
2003-03-21,155.0,155.0,155.0,155.0,156000,1048212000
2003-03-24,154.0,154.0,154.0,154.0,100200,1048471200
2003-03-25,153.0,153.0,153.0,153.0,93200,1048557600
2003-03-26,152.0,152.0,152.0,152.0,105900,1048644000
2003-03-27,152.0,152.0,152.0,152.0,92700,1048730400
2003-03-28,151.0,151.0,151.0,151.0,107100,1048816800
2003-03-31,145.0,145.0,145.0,145.0,89400,1049076000
2003-04-01,140.0,140.0,140.0,140.0,160500,1049162400
2003-04-02,145.0,145.0,145.0,145.0,242900,1049248800
2003-04-03,149.0,149.0,149.0,149.0,250200,1049335200
2003-04-04,150.0,150.0,150.0,150.0,209800,1049421600
2003-04-07,149.0,149.0,149.0,149.0,121600,1049680800
2003-04-08,147.0,147.0,147.0,147.0,73900,1049767200
2003-04-09,146.0,146.0,146.0,146.0,69900,1049853600
2003-04-10,148.0,148.0,148.0,148.0,104200,1049940000
2003-04-11,149.0,149.0,149.0,149.0,113100,1050026400
2003-04-14,149.0,149.0,149.0,149.0,94800,1050285600
2003-04-15,149.0,149.0,149.0,149.0,111900,1050372000
2003-04-16,149.0,149.0,149.0,149.0,96400,1050458400
2003-04-17,151.0,151.0,151.0,151.0,180200,1050544800
2003-04-18,152.0,152.0,152.0,152.0,103300,1050631200
2003-04-21,152.0,152.0,152.0,152.0,60200,1050890400
2003-04-22,152.0,152.0,152.0,152.0,126100,1050976800
2003-04-23,153.0,153.0,153.0,153.0,94400,1051063200
2003-04-24,153.0,153.0,153.0,153.0,85500,1051149600
2003-04-25,153.0,153.0,153.0,153.0,122000,1051236000
2003-04-28,153.0,153.0,153.0,153.0,114200,1051495200
2003-04-29,153.0,153.0,153.0,153.0,92500,1051581600
2003-05-05,152.0,152.0,152.0,152.0,81900,1052100000
2003-05-06,153.0,153.0,153.0,153.0,75000,1052186400
2003-05-07,155.0,155.0,155.0,155.0,151900,1052272800
2003-05-08,156.0,156.0,156.0,156.0,139300,1052359200
2003-05-09,157.0,157.0,157.0,157.0,105300,1052445600
2003-05-12,158.0,158.0,158.0,158.0,145200,1052704800
2003-05-13,159.0,159.0,159.0,159.0,146600,1052791200
2003-05-14,157.0,157.0,157.0,157.0,160600,1052877600
2003-05-15,156.0,156.0,156.0,156.0,147000,1052964000
2003-05-16,156.0,156.0,156.0,156.0,167800,1053050400
2003-05-19,154.0,154.0,154.0,154.0,99900,1053309600
2003-05-20,154.0,154.0,154.0,154.0,101970,1053396000
2003-05-21,154.0,154.0,154.0,154.0,71280,1053482400
2003-05-22,153.0,153.0,153.0,153.0,108830,1053568800
2003-05-23,153.0,153.0,153.0,153.0,99700,1053655200
2003-05-26,153.0,153.0,153.0,153.0,131600,1053914400
2003-05-27,153.0,153.0,153.0,153.0,118570,1054000800
2003-05-28,153.0,153.0,153.0,153.0,105010,1054087200
2003-05-29,152.0,152.0,152.0,152.0,106380,1054173600
2003-05-30,152.0,152.0,152.0,152.0,110860,1054260000
2003-06-02,152.0,152.0,152.0,152.0,54700,1054519200
2003-06-03,152.0,152.0,152.0,152.0,91600,1054605600
2003-06-04,152.0,152.0,152.0,152.0,36640,1054692000
2003-06-05,152.0,152.0,152.0,152.0,70850,1054778400
2003-06-06,152.0,152.0,152.0,152.0,65730,1054864800
2003-06-09,152.0,152.0,152.0,152.0,75020,1055124000
2003-06-10,152.0,152.0,152.0,152.0,109630,1055210400
2003-06-11,152.0,152.0,152.0,152.0,92660,1055296800
2003-06-12,152.0,152.0,152.0,152.0,71600,1055383200
2003-06-13,152.0,152.0,152.0,152.0,60120,1055469600
2003-06-16,152.0,152.0,152.0,152.0,119470,1055728800
2003-06-17,152.0,152.0,152.0,152.0,92000,1055815200
2003-06-18,152.0,152.0,152.0,152.0,111120,1055901600
2003-06-19,152.0,152.0,152.0,152.0,82020,1055988000
2003-06-20,152.0,152.0,152.0,152.0,99320,1056074400
2003-06-23,152.0,152.0,152.0,152.0,85920,1056333600
2003-06-24,152.0,152.0,152.0,152.0,40830,1056420000
2003-06-25,153.0,153.0,153.0,153.0,32410,1056506400
2003-06-26,152.0,152.0,152.0,152.0,62480,1056592800
2003-06-27,152.0,152.0,152.0,152.0,31770,1056679200
2003-06-30,152.0,152.0,152.0,152.0,70500,1056938400
2003-07-01,153.0,153.0,153.0,153.0,35020,1057024800
2003-07-02,152.0,152.0,152.0,152.0,67370,1057111200
2003-07-03,152.0,152.0,152.0,152.0,57350,1057197600
2003-07-04,152.0,152.0,152.0,152.0,39110,1057284000
2003-07-07,152.0,152.0,152.0,152.0,61780,1057543200
2003-07-08,152.0,152.0,152.0,152.0,54630,1057629600
2003-07-09,151.0,151.0,151.0,151.0,54990,1057716000
2003-07-10,151.0,151.0,151.0,151.0,59590,1057802400
2003-07-11,151.0,151.0,151.0,151.0,42970,1057888800
2003-07-14,151.0,151.0,151.0,151.0,25660,1058148000
2003-07-15,151.0,151.0,151.0,151.0,30930,1058234400
2003-07-16,151.0,151.0,151.0,151.0,47150,1058320800
2003-07-17,150.0,150.0,150.0,150.0,49220,1058407200
2003-07-18,150.0,150.0,150.0,150.0,48190,1058493600
2003-07-21,150.0,150.0,150.0,150.0,43210,1058752800
2003-07-22,149.0,149.0,149.0,149.0,45790,1058839200
2003-07-23,150.0,150.0,150.0,150.0,35760,1058925600
2003-07-24,150.0,150.0,150.0,150.0,23210,1059012000
2003-07-25,149.0,149.0,149.0,149.0,23590,1059098400
2003-07-28,149.0,149.0,149.0,149.0,53200,1059357600
2003-07-29,148.0,148.0,148.0,148.0,43090,1059444000
2003-07-30,147.0,147.0,147.0,147.0,48400,1059530400
2003-07-31,146.0,146.0,146.0,146.0,27610,1059616800
2003-08-01,145.0,145.0,145.0,145.0,49840,1059703200
2003-08-04,144.0,144.0,144.0,144.0,59470,1059962400
2003-08-05,143.0,143.0,143.0,143.0,64150,1060048800
2003-08-06,143.0,143.0,143.0,143.0,48220,1060135200
2003-08-07,142.0,142.0,142.0,142.0,126200,1060221600
2003-08-08,141.0,141.0,141.0,141.0,80720,1060308000
2003-08-11,142.0,142.0,142.0,142.0,44880,1060567200
2003-08-12,142.0,142.0,142.0,142.0,70060,1060653600
2003-08-13,142.0,142.0,142.0,142.0,51980,1060740000
2003-08-14,143.0,143.0,143.0,143.0,46180,1060826400
2003-08-15,143.0,143.0,143.0,143.0,84400,1060912800
2003-08-18,143.0,143.0,143.0,143.0,79130,1061172000
2003-08-19,143.0,143.0,143.0,143.0,38660,1061258400
2003-08-20,142.0,142.0,142.0,142.0,63360,1061344800
2003-08-21,142.0,142.0,142.0,142.0,56710,1061431200
2003-08-22,142.0,142.0,142.0,142.0,30450,1061517600
2003-08-25,142.0,142.0,142.0,142.0,47720,1061776800
2003-08-26,142.0,142.0,142.0,142.0,33540,1061863200
2003-08-27,143.0,143.0,143.0,143.0,64360,1061949600
2003-08-28,142.0,142.0,142.0,142.0,65660,1062036000
2003-08-29,143.0,143.0,143.0,143.0,98130,1062122400
2003-09-03,142.0,142.0,142.0,142.0,86100,1062554400
2003-09-04,142.0,142.0,142.0,142.0,60120,1062640800
2003-09-05,142.0,142.0,142.0,142.0,75760,1062727200
2003-09-08,142.0,142.0,142.0,142.0,65130,1062986400
2003-09-09,142.0,142.0,142.0,142.0,33330,1063072800
2003-09-10,142.0,142.0,142.0,142.0,64720,1063159200
2003-09-11,141.0,141.0,141.0,141.0,37030,1063245600
2003-09-12,141.0,141.0,141.0,141.0,50560,1063332000
2003-09-15,140.0,140.0,140.0,140.0,33150,1063591200
2003-09-16,140.0,140.0,140.0,140.0,37370,1063677600
2003-09-17,140.0,140.0,140.0,140.0,35130,1063764000
2003-09-18,140.0,140.0,140.0,140.0,24220,1063850400
2003-09-19,140.0,140.0,140.0,140.0,37880,1063936800
2003-09-22,140.0,140.0,140.0,140.0,77890,1064196000
2003-09-23,140.0,140.0,140.0,140.0,48270,1064282400
2003-09-24,140.0,140.0,140.0,140.0,70740,1064368800
2003-09-25,142.0,142.0,142.0,142.0,47110,1064455200
2003-09-26,140.0,140.0,140.0,140.0,76260,1064541600
2003-09-29,139.0,139.0,139.0,139.0,34820,1064800800
2003-09-30,139.0,139.0,139.0,139.0,31870,1064887200
2003-10-01,139.0,139.0,139.0,139.0,50580,1064973600
2003-10-02,139.0,139.0,139.0,139.0,51480,1065060000
2003-10-03,139.0,139.0,139.0,139.0,53130,1065146400
2003-10-06,138.0,138.0,138.0,138.0,55450,1065405600
2003-10-07,138.0,138.0,138.0,138.0,49490,1065492000
2003-10-08,137.0,137.0,137.0,137.0,27310,1065578400
2003-10-09,137.0,137.0,137.0,137.0,50650,1065664800
2003-10-10,137.0,137.0,137.0,137.0,65010,1065751200
2003-10-13,136.0,136.0,136.0,136.0,54390,1066010400
2003-10-14,136.0,136.0,136.0,136.0,36540,1066096800
2003-10-15,135.0,135.0,135.0,135.0,85490,1066183200
2003-10-16,135.0,135.0,135.0,135.0,74120,1066269600
2003-10-17,134.0,134.0,134.0,134.0,54000,1066356000
2003-10-20,134.0,134.0,134.0,134.0,33360,1066615200
2003-10-21,134.0,134.0,134.0,134.0,38910,1066701600
2003-10-22,133.0,133.0,133.0,133.0,136830,1066788000
2003-10-23,131.0,131.0,131.0,131.0,166270,1066874400
2003-10-24,131.0,131.0,131.0,131.0,101550,1066960800
2003-10-27,131.0,131.0,131.0,131.0,104980,1067220000
2003-10-28,132.0,132.0,132.0,132.0,66870,1067306400
2003-10-29,133.0,133.0,133.0,133.0,32230,1067392800
2003-10-30,134.0,134.0,134.0,134.0,53740,1067479200
2003-10-31,136.0,136.0,136.0,136.0,70320,1067565600
2003-11-03,136.0,136.0,136.0,136.0,50660,1067824800
2003-11-04,136.0,136.0,136.0,136.0,52680,1067911200
2003-11-05,136.0,136.0,136.0,136.0,37810,1067997600
2003-11-06,136.0,136.0,136.0,136.0,40840,1068084000
2003-11-07,137.0,137.0,137.0,137.0,88300,1068170400
2003-11-10,138.0,138.0,138.0,138.0,111150,1068429600
2003-11-11,140.0,140.0,140.0,140.0,84870,1068516000
2003-11-12,144.0,144.0,144.0,144.0,113690,1068602400
2003-11-13,150.0,150.0,150.0,150.0,236530,1068688800
2003-11-14,156.0,156.0,156.0,156.0,232490,1068775200
2003-11-17,155.0,155.0,155.0,155.0,506350,1069034400
2003-11-18,150.0,150.0,150.0,150.0,280930,1069120800
2003-11-19,152.0,152.0,152.0,152.0,196440,1069207200
2003-11-20,155.0,155.0,155.0,155.0,248530,1069293600
2003-11-21,160.0,160.0,160.0,160.0,348630,1069380000
2003-11-24,163.0,163.0,163.0,163.0,270040,1069639200
2003-11-25,165.0,165.0,165.0,165.0,363670,1069725600
2003-11-26,162.0,162.0,162.0,162.0,359160,1069812000
2003-11-27,163.0,163.0,163.0,163.0,205870,1069898400
2003-11-28,164.0,164.0,164.0,164.0,241620,1069984800
2003-12-01,165.0,165.0,165.0,165.0,252080,1070244000
2003-12-02,164.0,164.0,164.0,164.0,261380,1070330400
2003-12-03,164.0,164.0,164.0,164.0,231540,1070416800
2003-12-04,164.0,164.0,164.0,164.0,221090,1070503200
2003-12-05,162.0,162.0,162.0,162.0,241840,1070589600
2003-12-08,162.0,162.0,162.0,162.0,182180,1070848800
2003-12-09,162.0,162.0,162.0,162.0,135270,1070935200
2003-12-10,162.0,162.0,162.0,162.0,122740,1071021600
2003-12-11,162.0,162.0,162.0,162.0,130930,1071108000
2003-12-12,162.0,162.0,162.0,162.0,92210,1071194400
2003-12-15,164.0,164.0,164.0,164.0,103920,1071453600
2003-12-16,166.0,166.0,166.0,166.0,143900,1071540000
2003-12-17,169.0,169.0,169.0,169.0,256620,1071626400
2003-12-18,169.0,169.0,169.0,169.0,229780,1071712800
2003-12-19,168.0,168.0,168.0,168.0,199490,1071799200
2003-12-22,167.0,167.0,167.0,167.0,159620,1072058400
2003-12-23,166.0,166.0,166.0,166.0,153310,1072144800
2003-12-24,166.0,166.0,166.0,166.0,146850,1072231200
2003-12-25,166.0,166.0,166.0,166.0,131170,1072317600
2003-12-26,166.0,166.0,166.0,166.0,78230,1072404000
2003-12-29,166.0,166.0,166.0,166.0,95840,1072663200
2003-12-30,166.0,166.0,166.0,166.0,95590,1072749600
2003-12-31,167.0,167.0,167.0,167.0,96590,1072836000
2004-01-05,169.0,169.0,169.0,169.0,216010,1073268000
2004-01-06,170.0,170.0,170.0,170.0,240830,1073354400
2004-01-07,171.0,171.0,171.0,171.0,121040,1073440800
2004-01-08,172.0,172.0,172.0,172.0,228650,1073527200
2004-01-09,173.0,173.0,173.0,173.0,144560,1073613600
2004-01-12,174.0,174.0,174.0,174.0,156020,1073872800
2004-01-13,175.0,175.0,175.0,175.0,225180,1073959200
2004-01-14,176.0,176.0,176.0,176.0,230700,1074045600
2004-01-15,178.0,178.0,178.0,178.0,322530,1074132000
2004-01-16,183.0,183.0,183.0,183.0,328810,1074218400
2004-01-27,192.0,192.0,192.0,192.0,103450,1075168800
2004-01-28,201.0,201.0,201.0,201.0,100170,1075255200
2004-01-29,210.0,210.0,210.0,210.0,318460,1075341600
2004-01-30,214.0,214.0,214.0,214.0,1303470,1075428000
2004-02-02,207.0,207.0,207.0,207.0,724110,1075687200
2004-02-03,200.0,200.0,200.0,200.0,819850,1075773600
2004-02-04,208.0,208.0,208.0,208.0,421610,1075860000
2004-02-05,215.0,215.0,215.0,215.0,826660,1075946400
2004-02-06,213.0,213.0,213.0,213.0,312870,1076032800
2004-02-09,213.0,213.0,213.0,213.0,312990,1076292000
2004-02-10,213.0,213.0,213.0,213.0,322220,1076378400
2004-02-11,213.0,213.0,213.0,213.0,389890,1076464800
2004-02-12,214.0,214.0,214.0,214.0,359460,1076551200
2004-02-13,217.0,217.0,217.0,217.0,574580,1076637600
2004-02-16,218.0,218.0,218.0,218.0,452550,1076896800
2004-02-17,219.0,219.0,219.0,219.0,552530,1076983200
2004-02-18,222.0,222.0,222.0,222.0,486550,1077069600
2004-02-19,228.0,228.0,228.0,228.0,734130,1077156000
2004-02-20,235.0,235.0,235.0,235.0,794210,1077242400
2004-02-23,246.0,246.0,246.0,246.0,381790,1077501600
2004-02-24,255.0,255.0,255.0,255.0,764550,1077588000
2004-02-25,255.0,255.0,255.0,255.0,1247500,1077674400
2004-02-26,251.0,251.0,251.0,251.0,934620,1077760800
2004-02-27,261.0,261.0,261.0,261.0,921170,1077847200
2004-03-01,271.0,271.0,271.0,271.0,943130,1078106400
2004-03-02,273.0,273.0,273.0,273.0,1035530,1078192800
2004-03-03,270.0,270.0,270.0,270.0,977370,1078279200
2004-03-04,265.0,265.0,265.0,265.0,724650,1078365600
2004-03-05,268.0,268.0,268.0,268.0,710380,1078452000
2004-03-08,265.0,265.0,265.0,265.0,568690,1078711200
2004-03-09,256.0,256.0,256.0,256.0,757180,1078797600
2004-03-10,255.0,255.0,255.0,255.0,1317310,1078884000
2004-03-11,261.0,261.0,261.0,261.0,656730,1078970400
2004-03-12,263.0,263.0,263.0,263.0,526050,1079056800
2004-03-15,265.0,265.0,265.0,265.0,540340,1079316000
2004-03-16,263.0,263.0,263.0,263.0,525310,1079402400
2004-03-17,261.0,261.0,261.0,261.0,543880,1079488800
2004-03-18,262.0,262.0,262.0,262.0,611420,1079575200
2004-03-19,262.0,262.0,262.0,262.0,461790,1079661600
2004-03-22,261.0,261.0,261.0,261.0,387000,1079920800
2004-03-23,257.0,257.0,257.0,257.0,700340,1080007200
2004-03-24,257.0,257.0,257.0,257.0,754740,1080093600
2004-03-25,265.0,265.0,265.0,265.0,620050,1080180000
2004-03-26,272.0,272.0,272.0,272.0,661500,1080266400
2004-03-29,276.0,276.0,276.0,276.0,448590,1080525600
2004-03-30,273.0,273.0,273.0,273.0,550370,1080612000
2004-03-31,277.0,277.0,277.0,277.0,540020,1080698400
2004-04-01,280.0,280.0,280.0,280.0,391260,1080784800
2004-04-02,273.0,273.0,273.0,273.0,282070,1080871200
2004-04-05,271.0,271.0,271.0,271.0,361340,1081130400
2004-04-06,271.0,271.0,271.0,271.0,206260,1081216800
2004-04-07,269.0,269.0,269.0,269.0,181000,1081303200
2004-04-08,262.0,262.0,262.0,262.0,323850,1081389600
2004-04-09,260.0,260.0,260.0,260.0,242160,1081476000
2004-04-12,254.0,254.0,254.0,254.0,294790,1081735200
2004-04-13,251.0,251.0,251.0,251.0,316820,1081821600
2004-04-14,251.0,251.0,251.0,251.0,283850,1081908000
2004-04-15,256.0,256.0,256.0,256.0,335190,1081994400
2004-04-16,259.0,259.0,259.0,259.0,230740,1082080800
2004-04-19,255.0,255.0,255.0,255.0,235000,1082340000
2004-04-20,255.0,255.0,255.0,255.0,303780,1082426400
2004-04-21,256.0,256.0,256.0,256.0,157640,1082512800
2004-04-22,258.0,258.0,258.0,258.0,199460,1082599200
2004-04-23,260.0,260.0,260.0,260.0,182200,1082685600
2004-04-26,261.0,261.0,261.0,261.0,260660,1082944800
2004-04-27,261.0,261.0,261.0,261.0,216390,1083031200
2004-04-28,262.0,262.0,262.0,262.0,175020,1083117600
2004-04-29,264.0,264.0,264.0,264.0,145620,1083204000
2004-05-04,266.0,266.0,266.0,266.0,124430,1083636000
2004-05-05,264.0,264.0,264.0,264.0,121990,1083722400
2004-05-06,262.0,262.0,262.0,262.0,174530,1083808800
2004-05-07,261.0,261.0,261.0,261.0,165220,1083895200
2004-05-10,258.0,258.0,258.0,258.0,175080,1084154400
2004-05-11,257.0,257.0,257.0,257.0,242090,1084240800
2004-05-12,263.0,263.0,263.0,263.0,190210,1084327200
2004-05-13,264.0,264.0,264.0,264.0,173820,1084413600
2004-05-14,261.0,261.0,261.0,261.0,189550,1084500000
2004-05-17,260.0,260.0,260.0,260.0,81470,1084759200
2004-05-18,261.0,261.0,261.0,261.0,86150,1084845600
2004-05-19,261.0,261.0,261.0,261.0,122750,1084932000
2004-05-20,262.0,262.0,262.0,262.0,109000,1085018400
2004-05-21,261.0,261.0,261.0,261.0,140010,1085104800
2004-05-24,262.0,262.0,262.0,262.0,163900,1085364000
2004-05-25,258.0,258.0,258.0,258.0,162580,1085450400
2004-05-26,254.0,254.0,254.0,254.0,138800,1085536800
2004-05-27,251.0,251.0,251.0,251.0,225210,1085623200
2004-05-28,251.0,251.0,251.0,251.0,209820,1085709600
2004-05-31,252.0,252.0,252.0,252.0,130320,1085968800
2004-06-01,253.0,253.0,253.0,253.0,156630,1086055200
2004-06-02,252.0,252.0,252.0,252.0,103120,1086141600
2004-06-03,251.0,251.0,251.0,251.0,140180,1086228000
2004-06-04,249.0,249.0,249.0,249.0,166070,1086314400
2004-06-07,247.0,247.0,247.0,247.0,111700,1086573600
2004-06-08,245.0,245.0,245.0,245.0,254420,1086660000
2004-06-09,247.0,247.0,247.0,247.0,195340,1086746400
2004-06-10,247.0,247.0,247.0,247.0,88860,1086832800
2004-06-11,248.0,248.0,248.0,248.0,141860,1086919200
2004-06-14,254.0,254.0,254.0,254.0,370510,1087178400
2004-06-15,254.0,254.0,254.0,254.0,246280,1087264800
2004-06-16,252.0,252.0,252.0,252.0,327550,1087351200
2004-06-17,249.0,249.0,249.0,249.0,98130,1087437600
2004-06-18,249.0,249.0,249.0,249.0,109920,1087524000
2004-06-21,250.0,250.0,250.0,250.0,111990,1087783200
2004-06-22,249.0,249.0,249.0,249.0,214170,1087869600
2004-06-23,249.0,249.0,249.0,249.0,128380,1087956000
2004-06-24,250.0,250.0,250.0,250.0,146560,1088042400
2004-06-25,250.0,250.0,250.0,250.0,93370,1088128800
2004-06-28,249.0,249.0,249.0,249.0,102190,1088388000
2004-06-29,248.0,248.0,248.0,248.0,82740,1088474400
2004-06-30,250.0,250.0,250.0,250.0,264260,1088560800
2004-07-01,249.0,249.0,249.0,249.0,167760,1088647200
2004-07-02,248.0,248.0,248.0,248.0,60330,1088733600
2004-07-05,248.0,248.0,248.0,248.0,129140,1088992800
2004-07-06,247.0,247.0,247.0,247.0,155010,1089079200
2004-07-07,247.0,247.0,247.0,247.0,77650,1089165600
2004-07-08,246.0,246.0,246.0,246.0,74570,1089252000
2004-07-09,246.0,246.0,246.0,246.0,134990,1089338400
2004-07-12,246.0,246.0,246.0,246.0,86010,1089597600
2004-07-13,245.0,245.0,245.0,245.0,113830,1089684000
2004-07-14,243.0,243.0,243.0,243.0,101320,1089770400
2004-07-15,242.0,242.0,242.0,242.0,153350,1089856800
2004-07-16,246.0,246.0,246.0,246.0,88140,1089943200
2004-07-19,243.0,243.0,243.0,243.0,129910,1090202400
2004-07-20,244.0,244.0,244.0,244.0,176400,1090288800
2004-07-21,244.0,244.0,244.0,244.0,88920,1090375200
2004-07-22,244.0,244.0,244.0,244.0,49460,1090461600
2004-07-23,244.0,244.0,244.0,244.0,88370,1090548000
2004-07-26,242.0,242.0,242.0,242.0,131350,1090807200
2004-07-27,241.0,241.0,241.0,241.0,161560,1090893600
2004-07-28,240.0,240.0,240.0,240.0,160560,1090980000
2004-07-29,235.0,235.0,235.0,235.0,254830,1091066400
2004-07-30,238.0,238.0,238.0,238.0,280120,1091152800
2004-08-02,237.0,237.0,237.0,237.0,74260,1091412000
2004-08-03,234.0,234.0,234.0,234.0,154560,1091498400
2004-08-04,232.0,232.0,232.0,232.0,216990,1091584800
2004-08-05,229.0,229.0,229.0,229.0,224350,1091671200
2004-08-06,224.0,224.0,224.0,224.0,271990,1091757600
2004-08-09,214.0,214.0,214.0,214.0,348050,1092016800
2004-08-10,222.0,222.0,222.0,222.0,315010,1092103200
2004-08-11,227.0,227.0,227.0,227.0,186650,1092189600
2004-08-12,224.0,224.0,224.0,224.0,158900,1092276000
2004-08-13,223.0,223.0,223.0,223.0,128050,1092362400
2004-08-16,221.0,221.0,221.0,221.0,77070,1092621600
2004-08-17,222.0,222.0,222.0,222.0,79450,1092708000
2004-08-18,224.0,224.0,224.0,224.0,99510,1092794400
2004-08-19,227.0,227.0,227.0,227.0,147850,1092880800
2004-08-20,229.0,229.0,229.0,229.0,234890,1092967200
2004-08-23,237.0,237.0,237.0,237.0,390320,1093226400
2004-08-24,232.0,232.0,232.0,232.0,295300,1093312800
2004-08-25,232.0,232.0,232.0,232.0,125070,1093399200
2004-08-26,233.0,233.0,233.0,233.0,241570,1093485600
2004-08-27,234.0,234.0,234.0,234.0,197710,1093572000
2004-08-30,232.0,232.0,232.0,232.0,152730,1093831200
2004-08-31,232.0,232.0,232.0,232.0,193110,1093917600
2004-09-01,232.0,232.0,232.0,232.0,70830,1094004000
2004-09-06,231.0,231.0,231.0,231.0,82310,1094436000
2004-09-07,231.0,231.0,231.0,231.0,61620,1094522400
2004-09-08,230.0,230.0,230.0,230.0,123820,1094608800
2004-09-09,230.0,230.0,230.0,230.0,65010,1094695200
2004-09-10,231.0,231.0,231.0,231.0,48440,1094781600
2004-09-13,231.0,231.0,231.0,231.0,96710,1095040800
2004-09-14,232.0,232.0,232.0,232.0,137930,1095127200
2004-09-15,232.0,232.0,232.0,232.0,110400,1095213600
2004-09-16,232.0,232.0,232.0,232.0,81340,1095300000
2004-09-17,231.0,231.0,231.0,231.0,62320,1095386400
2004-09-20,231.0,231.0,231.0,231.0,50750,1095645600
2004-09-21,231.0,231.0,231.0,231.0,66810,1095732000
2004-09-22,230.0,230.0,230.0,230.0,93730,1095818400
2004-09-23,230.0,230.0,230.0,230.0,109170,1095904800
2004-09-24,231.0,231.0,231.0,231.0,65780,1095991200
2004-09-27,231.0,231.0,231.0,231.0,73530,1096250400
2004-09-28,232.0,232.0,232.0,232.0,105950,1096336800
2004-09-29,233.0,233.0,233.0,233.0,165390,1096423200
2004-09-30,233.0,233.0,233.0,233.0,151500,1096509600
2004-10-01,233.0,233.0,233.0,233.0,104790,1096596000
2004-10-04,233.0,233.0,233.0,233.0,109850,1096855200
2004-10-05,233.0,233.0,233.0,233.0,121590,1096941600
2004-10-06,233.0,233.0,233.0,233.0,134130,1097028000
2004-10-07,233.0,233.0,233.0,233.0,90440,1097114400
2004-10-08,233.0,233.0,233.0,233.0,122670,1097200800
2004-10-11,231.0,231.0,231.0,231.0,101810,1097460000
2004-10-12,231.0,231.0,231.0,231.0,130260,1097546400
2004-10-13,231.0,231.0,231.0,231.0,128360,1097632800
2004-10-14,232.0,232.0,232.0,232.0,155300,1097719200
2004-10-15,232.0,232.0,232.0,232.0,169780,1097805600
2004-10-18,234.0,234.0,234.0,234.0,215600,1098064800
2004-10-19,236.0,236.0,236.0,236.0,246960,1098151200
2004-10-20,236.0,236.0,236.0,236.0,206640,1098237600
2004-10-21,234.0,234.0,234.0,234.0,156810,1098324000
2004-10-22,233.0,233.0,233.0,233.0,108220,1098410400
2004-10-25,234.0,234.0,234.0,234.0,102480,1098669600
2004-10-26,234.0,234.0,234.0,234.0,181960,1098756000
2004-10-27,234.0,234.0,234.0,234.0,156980,1098842400
2004-10-28,233.0,233.0,233.0,233.0,96950,1098928800
2004-10-29,233.0,233.0,233.0,233.0,162470,1099015200
2004-11-01,232.0,232.0,232.0,232.0,93680,1099274400
2004-11-02,233.0,233.0,233.0,233.0,154450,1099360800
2004-11-03,232.0,232.0,232.0,232.0,126240,1099447200
2004-11-04,231.0,231.0,231.0,231.0,68980,1099533600
2004-11-05,231.0,231.0,231.0,231.0,100270,1099620000
2004-11-08,230.0,230.0,230.0,230.0,103600,1099879200
2004-11-09,229.0,229.0,229.0,229.0,110600,1099965600
2004-11-10,229.0,229.0,229.0,229.0,106460,1100052000
2004-11-11,228.0,228.0,228.0,228.0,117110,1100138400
2004-11-12,227.0,227.0,227.0,227.0,226570,1100224800
2004-11-15,227.0,227.0,227.0,227.0,98220,1100484000
2004-11-16,226.0,226.0,226.0,226.0,82500,1100570400
2004-11-17,226.0,226.0,226.0,226.0,81450,1100656800
2004-11-18,226.0,226.0,226.0,226.0,113460,1100743200
2004-11-19,225.0,225.0,225.0,225.0,100660,1100829600
2004-11-22,224.0,224.0,224.0,224.0,177400,1101088800
2004-11-23,223.0,223.0,223.0,223.0,136020,1101175200
2004-11-24,222.0,222.0,222.0,222.0,159840,1101261600
2004-11-25,221.0,221.0,221.0,221.0,137330,1101348000
2004-11-26,222.0,222.0,222.0,222.0,120270,1101434400
2004-11-29,224.0,224.0,224.0,224.0,186870,1101693600
2004-11-30,230.0,230.0,230.0,230.0,279520,1101780000
2004-12-01,232.0,232.0,232.0,232.0,301730,1101866400
2004-12-02,228.0,228.0,228.0,228.0,121140,1101952800
2004-12-03,229.0,229.0,229.0,229.0,121790,1102039200
2004-12-06,229.0,229.0,229.0,229.0,131210,1102298400
2004-12-07,230.0,230.0,230.0,230.0,158840,1102384800
2004-12-08,230.0,230.0,230.0,230.0,124450,1102471200
2004-12-09,230.0,230.0,230.0,230.0,67590,1102557600
2004-12-10,230.0,230.0,230.0,230.0,115910,1102644000
2004-12-13,231.0,231.0,231.0,231.0,92620,1102903200
2004-12-14,231.0,231.0,231.0,231.0,115020,1102989600
2004-12-15,232.0,232.0,232.0,232.0,157590,1103076000
2004-12-16,233.0,233.0,233.0,233.0,202560,1103162400
2004-12-17,234.0,234.0,234.0,234.0,221590,1103248800
2004-12-20,234.0,234.0,234.0,234.0,213420,1103508000
2004-12-21,234.0,234.0,234.0,234.0,179680,1103594400
2004-12-22,235.0,235.0,235.0,235.0,136140,1103680800
2004-12-23,237.0,237.0,237.0,237.0,201150,1103767200
2004-12-24,240.0,240.0,240.0,240.0,466140,1103853600
2004-12-27,240.0,240.0,240.0,240.0,343000,1104112800
2004-12-28,239.0,239.0,239.0,239.0,198320,1104199200
2004-12-29,238.0,238.0,238.0,238.0,171340,1104285600
2004-12-30,238.0,238.0,238.0,238.0,164460,1104372000
2004-12-31,239.0,239.0,239.0,239.0,248000,1104458400
2005-01-04,237.0,237.0,237.0,237.0,116280,1104804000
2005-01-05,237.0,237.0,237.0,237.0,121640,1104890400
2005-01-06,236.0,236.0,236.0,236.0,162000,1104976800
2005-01-07,235.0,235.0,235.0,235.0,75150,1105063200
2005-01-10,234.0,234.0,234.0,234.0,71290,1105322400
2005-01-11,235.0,235.0,235.0,235.0,62850,1105408800
2005-01-13,234.0,234.0,234.0,234.0,65510,1105581600
2005-01-14,236.0,236.0,236.0,236.0,111480,1105668000
2005-01-17,236.0,236.0,236.0,236.0,126610,1105927200
2005-01-18,235.0,235.0,235.0,235.0,150210,1106013600
2005-01-19,235.0,235.0,235.0,235.0,84460,1106100000
2005-01-20,235.0,235.0,235.0,235.0,111450,1106186400
2005-01-21,236.0,236.0,236.0,236.0,135610,1106272800
2005-01-24,235.0,235.0,235.0,235.0,179260,1106532000
2005-01-25,235.0,235.0,235.0,235.0,141120,1106618400
2005-01-26,235.0,235.0,235.0,235.0,66460,1106704800
2005-01-27,234.0,234.0,234.0,234.0,133650,1106791200
2005-01-28,234.0,234.0,234.0,234.0,107560,1106877600
2005-01-31,233.0,233.0,233.0,233.0,88080,1107136800
2005-02-01,232.0,232.0,232.0,232.0,127000,1107223200
2005-02-02,233.0,233.0,233.0,233.0,102220,1107309600
2005-02-03,233.0,233.0,233.0,233.0,91450,1107396000
2005-02-04,236.0,236.0,236.0,236.0,99550,1107482400
2005-02-14,235.0,235.0,235.0,235.0,75830,1108346400
2005-02-15,235.0,235.0,235.0,235.0,87640,1108432800
2005-02-16,234.0,234.0,234.0,234.0,89750,1108519200
2005-02-17,234.0,234.0,234.0,234.0,56200,1108605600
2005-02-18,234.0,234.0,234.0,234.0,68350,1108692000
2005-02-21,233.0,233.0,233.0,233.0,65600,1108951200
2005-02-22,233.0,233.0,233.0,233.0,112830,1109037600
2005-02-23,233.0,233.0,233.0,233.0,86930,1109124000
2005-02-24,234.0,234.0,234.0,234.0,69470,1109210400
2005-02-25,235.0,235.0,235.0,235.0,62280,1109296800
2005-02-28,235.0,235.0,235.0,235.0,94460,1109556000
2005-03-01,236.0,236.0,236.0,236.0,131510,1109642400
2005-03-02,236.0,236.0,236.0,236.0,139170,1109728800
2005-03-03,238.0,238.0,238.0,238.0,197070,1109815200
2005-03-04,238.0,238.0,238.0,238.0,201470,1109901600
2005-03-07,238.0,238.0,238.0,238.0,163530,1110160800
2005-03-08,238.0,238.0,238.0,238.0,168650,1110247200
2005-03-09,237.0,237.0,237.0,237.0,114930,1110333600
2005-03-10,237.0,237.0,237.0,237.0,115370,1110420000
2005-03-11,237.0,237.0,237.0,237.0,176510,1110506400
2005-03-14,237.0,237.0,237.0,237.0,74610,1110765600
2005-03-15,238.0,238.0,238.0,238.0,136010,1110852000
2005-03-16,238.0,238.0,238.0,238.0,184510,1110938400
2005-03-17,238.0,238.0,238.0,238.0,150420,1111024800
2005-03-18,238.0,238.0,238.0,238.0,135740,1111111200
2005-03-21,242.0,242.0,242.0,242.0,362770,1111370400
2005-03-22,242.0,242.0,242.0,242.0,299110,1111456800
2005-03-23,244.0,244.0,244.0,244.0,480740,1111543200
2005-03-24,251.0,251.0,251.0,251.0,568680,1111629600
2005-03-25,248.0,248.0,248.0,248.0,477940,1111716000
2005-03-28,245.0,245.0,245.0,245.0,386990,1111975200
2005-03-29,244.0,244.0,244.0,244.0,300440,1112061600
2005-03-30,245.0,245.0,245.0,245.0,246290,1112148000
2005-03-31,247.0,247.0,247.0,247.0,474190,1112234400
2005-04-01,246.0,246.0,246.0,246.0,339980,1112320800
2005-04-04,246.0,246.0,246.0,246.0,217540,1112580000
2005-04-05,246.0,246.0,246.0,246.0,180090,1112666400
2005-04-06,245.0,245.0,245.0,245.0,264080,1112752800
2005-04-07,245.0,245.0,245.0,245.0,260570,1112839200
2005-04-08,246.0,246.0,246.0,246.0,233010,1112925600
2005-04-11,246.0,246.0,246.0,246.0,166440,1113184800
2005-04-12,248.0,248.0,248.0,248.0,244650,1113271200
2005-04-13,246.0,246.0,246.0,246.0,237560,1113357600
2005-04-14,246.0,246.0,246.0,246.0,180610,1113444000
2005-04-15,247.0,247.0,247.0,247.0,161210,1113530400
2005-04-18,245.0,245.0,245.0,245.0,201730,1113789600
2005-04-19,245.0,245.0,245.0,245.0,349050,1113876000
2005-04-20,247.0,247.0,247.0,247.0,238110,1113962400
2005-04-21,246.0,246.0,246.0,246.0,167070,1114048800
2005-04-22,246.0,246.0,246.0,246.0,190350,1114135200
2005-04-25,246.0,246.0,246.0,246.0,232120,1114394400
2005-04-26,247.0,247.0,247.0,247.0,296220,1114480800
2005-04-27,246.0,246.0,246.0,246.0,213030,1114567200
2005-04-28,246.0,246.0,246.0,246.0,204500,1114653600
2005-04-29,246.0,246.0,246.0,246.0,180330,1114740000
2005-05-04,244.0,244.0,244.0,244.0,135890,1115172000
2005-05-05,245.0,245.0,245.0,245.0,178940,1115258400
2005-05-06,245.0,245.0,245.0,245.0,126290,1115344800
2005-05-09,244.0,244.0,244.0,244.0,104030,1115604000
2005-05-10,244.0,244.0,244.0,244.0,153110,1115690400
2005-05-11,243.0,243.0,243.0,243.0,117160,1115776800
2005-05-12,243.0,243.0,243.0,243.0,165250,1115863200
2005-05-13,243.0,243.0,243.0,243.0,131490,1115949600
2005-05-16,242.0,242.0,242.0,242.0,113840,1116208800
2005-05-17,242.0,242.0,242.0,242.0,206520,1116295200
2005-05-18,241.0,241.0,241.0,241.0,132440,1116381600
2005-05-19,242.0,242.0,242.0,242.0,179810,1116468000
2005-05-20,244.0,244.0,244.0,244.0,217670,1116554400
2005-05-23,243.0,243.0,243.0,243.0,97210,1116813600
2005-05-24,244.0,244.0,244.0,244.0,110920,1116900000
2005-05-25,243.0,243.0,243.0,243.0,105090,1116986400
2005-05-26,243.0,243.0,243.0,243.0,148720,1117072800
2005-05-27,244.0,244.0,244.0,244.0,151570,1117159200
2005-05-30,245.0,245.0,245.0,245.0,154600,1117418400
2005-05-31,244.0,244.0,244.0,244.0,187650,1117504800
2005-06-01,245.0,245.0,245.0,245.0,255920,1117591200
2005-06-02,245.0,245.0,245.0,245.0,185810,1117677600
2005-06-03,245.0,245.0,245.0,245.0,164960,1117764000
2005-06-06,246.0,246.0,246.0,246.0,208800,1118023200
2005-06-07,247.0,247.0,247.0,247.0,304140,1118109600
2005-06-08,247.0,247.0,247.0,247.0,216490,1118196000
2005-06-09,247.0,247.0,247.0,247.0,227990,1118282400
2005-06-10,247.0,247.0,247.0,247.0,156750,1118368800
2005-06-13,246.0,246.0,246.0,246.0,177160,1118628000
2005-06-14,246.0,246.0,246.0,246.0,163230,1118714400
2005-06-15,246.0,246.0,246.0,246.0,278430,1118800800
2005-06-16,246.0,246.0,246.0,246.0,266620,1118887200
2005-06-17,247.0,247.0,247.0,247.0,233030,1118973600
2005-06-20,246.0,246.0,246.0,246.0,266780,1119232800
2005-06-21,247.0,247.0,247.0,247.0,346260,1119319200
2005-06-22,247.0,247.0,247.0,247.0,323450,1119405600
2005-06-23,247.0,247.0,247.0,247.0,290220,1119492000
2005-06-24,247.0,247.0,247.0,247.0,207680,1119578400
2005-06-27,246.0,246.0,246.0,246.0,212050,1119837600
2005-06-28,245.0,245.0,245.0,245.0,250440,1119924000
2005-06-29,246.0,246.0,246.0,246.0,223690,1120010400
2005-06-30,247.0,247.0,247.0,247.0,209420,1120096800
2005-07-01,247.0,247.0,247.0,247.0,211240,1120183200
2005-07-04,248.0,248.0,248.0,248.0,208650,1120442400
2005-07-05,248.0,248.0,248.0,248.0,231080,1120528800
2005-07-06,247.0,247.0,247.0,247.0,282410,1120615200
2005-07-07,247.0,247.0,247.0,247.0,305940,1120701600
2005-07-08,248.0,248.0,248.0,248.0,237490,1120788000
2005-07-11,250.0,250.0,250.0,250.0,282310,1121047200
2005-07-12,249.0,249.0,249.0,249.0,320560,1121133600
2005-07-13,249.0,250.0,249.0,250.0,300130,1121220000
2005-07-14,249.0,249.0,249.0,249.0,268530,1121306400
2005-07-15,249.0,249.0,249.0,249.0,225820,1121392800
2005-07-18,249.0,249.0,249.0,249.0,297790,1121652000
2005-07-19,248.0,248.0,248.0,248.0,315660,1121738400
2005-07-20,248.0,248.0,248.0,248.0,241700,1121824800
2005-07-21,248.0,248.0,247.0,247.0,276230,1121911200
2005-07-22,246.0,246.0,246.0,246.0,384800,1121997600
2005-07-25,246.0,246.0,246.0,246.0,273910,1122256800
2005-07-26,246.0,246.0,246.0,246.0,267060,1122343200
2005-07-27,244.0,244.0,244.0,244.0,271670,1122429600
2005-07-28,244.0,244.0,244.0,244.0,241380,1122516000
2005-07-29,246.0,246.0,246.0,246.0,287710,1122602400
2005-08-01,245.0,245.0,245.0,245.0,314340,1122861600
2005-08-02,247.0,247.0,247.0,247.0,313870,1122948000
2005-08-03,248.0,248.0,248.0,248.0,304140,1123034400
2005-08-04,254.0,254.0,254.0,254.0,600550,1123120800
2005-08-05,251.0,251.0,251.0,251.0,320750,1123207200
2005-08-08,250.0,250.0,249.0,249.0,228170,1123466400
2005-08-09,250.0,250.0,249.0,249.0,299230,1123552800
2005-08-10,249.0,249.0,249.0,249.0,244970,1123639200
2005-08-11,249.0,249.0,249.0,249.0,301510,1123725600
2005-08-12,249.0,249.0,249.0,249.0,265650,1123812000
2005-08-15,249.0,249.0,248.0,248.0,373600,1124071200
2005-08-16,248.0,248.0,248.0,248.0,267800,1124157600
2005-08-17,247.0,247.0,247.0,247.0,317720,1124244000
2005-08-18,247.0,247.0,247.0,247.0,243580,1124330400
2005-08-19,247.0,248.0,247.0,248.0,241640,1124416800
2005-08-22,248.0,248.0,248.0,248.0,302890,1124676000
2005-08-23,248.0,248.0,248.0,248.0,245650,1124762400
2005-08-24,248.0,248.0,248.0,248.0,247390,1124848800
2005-08-25,249.0,249.0,249.0,249.0,191950,1124935200
2005-08-26,249.0,250.0,249.0,250.0,232500,1125021600
2005-08-29,251.0,254.0,251.0,254.0,355300,1125280800
2005-08-30,256.0,256.0,256.0,256.0,497490,1125367200
2005-08-31,256.0,256.0,254.0,254.0,361470,1125453600
2005-09-01,255.0,255.0,255.0,255.0,254540,1125540000
2005-09-05,255.0,256.0,255.0,256.0,306360,1125885600
2005-09-06,256.0,258.0,256.0,258.0,381050,1125972000
2005-09-07,259.0,260.0,259.0,260.0,653290,1126058400
2005-09-08,261.0,261.0,261.0,261.0,533320,1126144800
2005-09-09,260.0,260.0,260.0,260.0,621870,1126231200
2005-09-12,262.0,262.0,262.0,262.0,624400,1126490400
2005-09-13,263.0,264.0,263.0,264.0,751620,1126576800
2005-09-14,265.0,265.0,264.0,264.0,572400,1126663200
2005-09-15,265.0,265.0,265.0,265.0,653950,1126749600
2005-09-16,268.0,268.0,268.0,268.0,653610,1126836000
2005-09-19,270.0,275.0,270.0,275.0,661130,1127095200
2005-09-20,285.0,286.0,285.0,286.0,1145880,1127181600
2005-09-21,288.0,288.0,277.0,277.0,1057650,1127268000
2005-09-22,278.0,280.0,278.0,280.0,839760,1127354400
2005-09-23,281.0,281.0,278.0,278.0,887820,1127440800
2005-09-26,279.0,279.0,278.0,278.0,685630,1127700000
2005-09-27,277.0,277.0,276.0,276.0,613610,1127786400
2005-09-28,276.0,276.0,276.0,276.0,419070,1127872800
2005-09-29,276.0,276.0,276.0,276.0,385630,1127959200
2005-09-30,289.0,289.0,289.0,289.0,770500,1128045600
2005-10-03,290.0,290.0,286.0,286.0,1046040,1128304800
2005-10-04,286.0,286.0,284.0,284.0,595910,1128391200
2005-10-05,285.0,286.0,285.0,286.0,486870,1128477600
2005-10-06,287.0,288.0,287.0,288.0,578350,1128564000
2005-10-07,290.0,291.0,290.0,291.0,648630,1128650400
2005-10-10,292.0,292.0,292.0,292.0,532930,1128909600
2005-10-11,292.0,292.0,291.0,291.0,450490,1128996000
2005-10-12,292.0,292.0,292.0,292.0,410530,1129082400
2005-10-13,297.0,299.0,297.0,299.0,752410,1129168800
2005-10-14,303.0,304.0,303.0,304.0,754610,1129255200
2005-10-17,310.0,310.0,310.0,310.0,762960,1129514400
2005-10-18,311.0,311.0,307.0,307.0,869020,1129600800
2005-10-19,305.0,306.0,305.0,306.0,607200,1129687200
2005-10-20,308.0,308.0,307.0,307.0,967930,1129773600
2005-10-21,307.0,307.0,307.0,307.0,854110,1129860000
2005-10-24,307.0,307.0,307.0,307.0,773040,1130119200
2005-10-25,306.0,306.0,305.0,305.0,913200,1130205600
2005-10-26,302.0,302.0,301.0,301.0,859240,1130292000
2005-10-27,298.0,301.0,298.0,301.0,596290,1130378400
2005-10-28,305.0,305.0,305.0,305.0,647110,1130464800
2005-10-31,307.0,307.0,307.0,307.0,557660,1130724000
2005-11-01,310.0,311.0,310.0,311.0,544730,1130810400
2005-11-02,315.0,316.0,315.0,316.0,455460,1130896800
2005-11-03,322.0,323.0,322.0,323.0,730760,1130983200
2005-11-04,325.0,325.0,321.0,321.0,697980,1131069600
2005-11-07,322.0,323.0,322.0,323.0,558850,1131328800
2005-11-08,323.0,323.0,321.0,321.0,541200,1131415200
2005-11-09,321.0,321.0,321.0,321.0,468480,1131501600
2005-11-10,321.0,321.0,319.0,319.0,428940,1131588000
2005-11-11,319.0,319.0,318.0,318.0,479090,1131674400
2005-11-14,318.0,318.0,318.0,318.0,451230,1131933600
2005-11-15,318.0,318.0,317.0,317.0,402340,1132020000
2005-11-16,316.0,316.0,316.0,316.0,405320,1132106400
2005-11-17,315.0,315.0,314.0,314.0,532090,1132192800
2005-11-18,313.0,313.0,312.0,312.0,362800,1132279200
2005-11-21,313.0,313.0,312.0,312.0,295950,1132538400
2005-11-22,311.0,311.0,309.0,309.0,379080,1132624800
2005-11-23,308.0,308.0,306.0,306.0,489140,1132711200
2005-11-24,302.0,302.0,302.0,302.0,638820,1132797600
2005-11-25,307.0,309.0,307.0,309.0,473550,1132884000
2005-11-28,310.0,310.0,308.0,308.0,285250,1133143200
2005-11-29,306.0,308.0,306.0,308.0,309090,1133229600
2005-11-30,309.0,311.0,309.0,311.0,272860,1133316000
2005-12-01,311.0,312.0,311.0,312.0,266120,1133402400
2005-12-02,313.0,313.0,312.0,312.0,168030,1133488800
2005-12-05,313.0,313.0,313.0,313.0,191340,1133748000
2005-12-06,312.0,312.0,312.0,312.0,191770,1133834400
2005-12-07,312.0,312.0,312.0,312.0,347200,1133920800
2005-12-08,313.0,313.0,313.0,313.0,264710,1134007200
2005-12-09,314.0,316.0,314.0,316.0,282000,1134093600
2005-12-12,318.0,318.0,317.0,317.0,262620,1134352800
2005-12-13,317.0,317.0,317.0,317.0,348160,1134439200
2005-12-14,317.0,317.0,315.0,315.0,367260,1134525600
2005-12-15,315.0,315.0,314.0,314.0,355200,1134612000
2005-12-16,315.0,315.0,314.0,314.0,268670,1134698400
2005-12-19,314.0,314.0,312.0,312.0,352350,1134957600
2005-12-20,314.0,314.0,312.0,312.0,348710,1135044000
2005-12-21,311.0,311.0,311.0,311.0,252980,1135130400
2005-12-22,308.0,310.0,308.0,310.0,335590,1135216800
2005-12-23,310.0,310.0,309.0,309.0,209690,1135303200
2005-12-26,310.0,310.0,309.0,309.0,254980,1135562400
2005-12-27,310.0,310.0,308.0,308.0,285760,1135648800
2005-12-28,308.0,308.0,307.0,307.0,231260,1135735200
2005-12-29,307.0,309.0,307.0,309.0,288790,1135821600
2005-12-30,310.0,310.0,308.0,308.0,257890,1135908000
2006-01-03,307.0,307.0,305.0,305.0,160870,1136253600
2006-01-04,305.0,305.0,305.0,305.0,182430,1136340000
2006-01-05,306.0,307.0,306.0,307.0,207520,1136426400
2006-01-06,307.0,308.0,307.0,308.0,200120,1136512800
2006-01-09,308.0,308.0,306.0,306.0,146170,1136772000
2006-01-10,307.0,307.0,306.0,306.0,224550,1136858400
2006-01-11,306.0,306.0,305.0,305.0,234270,1136944800
2006-01-12,304.0,304.0,304.0,304.0,209390,1137031200
2006-01-13,306.0,307.0,306.0,307.0,251730,1137117600
2006-01-17,308.0,309.0,308.0,309.0,263790,1137463200
2006-01-18,310.0,310.0,310.0,310.0,289790,1137549600
2006-01-19,311.0,311.0,311.0,311.0,427850,1137636000
2006-01-20,316.0,316.0,313.0,313.0,427420,1137722400
2006-01-23,313.0,313.0,308.0,308.0,353520,1137981600
2006-01-24,308.0,308.0,307.0,307.0,315110,1138068000
2006-01-25,307.0,311.0,307.0,311.0,305740,1138154400
2006-01-26,313.0,313.0,313.0,313.0,338540,1138240800
2006-01-27,312.0,312.0,312.0,312.0,297900,1138327200
2006-02-06,314.0,314.0,313.0,313.0,274790,1139191200
2006-02-07,317.0,319.0,317.0,319.0,505260,1139277600
2006-02-08,324.0,325.0,324.0,325.0,799240,1139364000
2006-02-09,325.0,326.0,325.0,326.0,847730,1139450400
2006-02-10,323.0,325.0,323.0,325.0,503520,1139536800
2006-02-13,325.0,325.0,324.0,324.0,615520,1139796000
2006-02-14,325.0,326.0,325.0,326.0,682690,1139882400
2006-02-15,327.0,328.0,327.0,328.0,812710,1139968800
2006-02-16,331.0,331.0,331.0,331.0,996310,1140055200
2006-02-17,335.0,340.0,335.0,340.0,1154130,1140141600
2006-02-20,351.0,354.0,351.0,354.0,1120940,1140400800
2006-02-21,367.0,367.0,366.0,366.0,1464920,1140487200
2006-02-22,373.0,373.0,364.0,364.0,1470700,1140573600
2006-02-23,368.0,369.0,368.0,369.0,1009750,1140660000
2006-02-24,373.0,374.0,373.0,374.0,1071020,1140746400
2006-02-27,377.0,380.0,377.0,380.0,1366120,1141005600
2006-02-28,383.0,391.0,383.0,391.0,1309460,1141092000
2006-03-01,402.0,402.0,402.0,402.0,1490180,1141178400
2006-03-02,410.0,413.0,410.0,413.0,1540760,1141264800
2006-03-03,416.0,416.0,398.0,398.0,2383700,1141351200
2006-03-06,401.0,410.0,401.0,410.0,1680280,1141610400
2006-03-07,413.0,413.0,413.0,413.0,1407340,1141696800
2006-03-08,413.0,413.0,409.0,409.0,1606680,1141783200
2006-03-09,413.0,413.0,412.0,412.0,1277130,1141869600
2006-03-10,415.0,415.0,414.0,414.0,1502350,1141956000
2006-03-13,423.0,424.0,423.0,424.0,1810480,1142215200
2006-03-14,431.0,432.0,431.0,432.0,1696250,1142301600
2006-03-15,435.0,435.0,428.0,428.0,1730880,1142388000
2006-03-16,435.0,435.0,433.0,433.0,1630060,1142474400
2006-03-17,437.0,443.0,437.0,443.0,1613150,1142560800
2006-03-20,450.0,453.0,450.0,453.0,1976610,1142820000
2006-03-21,462.0,463.0,462.0,463.0,1976060,1142906400
2006-03-22,469.0,469.0,459.0,459.0,2284470,1142992800
2006-03-23,460.0,460.0,459.0,459.0,1822900,1143079200
2006-03-24,458.0,458.0,456.0,456.0,1578860,1143165600
2006-03-27,460.0,463.0,460.0,463.0,1600860,1143424800
2006-03-28,460.0,466.0,460.0,466.0,1596210,1143511200
2006-03-29,471.0,475.0,471.0,475.0,2048820,1143597600
2006-03-30,492.0,493.0,492.0,493.0,1893370,1143684000
2006-03-31,507.0,507.0,504.0,504.0,1872150,1143770400
2006-04-03,521.0,523.0,521.0,523.0,2035940,1144029600
2006-04-04,536.0,536.0,505.0,505.0,2569420,1144116000
2006-04-05,518.0,521.0,518.0,521.0,2055390,1144202400
2006-04-06,534.0,534.0,533.0,533.0,2276820,1144288800
2006-04-07,541.0,545.0,541.0,545.0,2090540,1144375200
2006-04-10,551.0,551.0,540.0,540.0,1928390,1144634400
2006-04-11,536.0,536.0,529.0,529.0,1986890,1144720800
2006-04-12,534.0,534.0,534.0,534.0,1990410,1144807200
2006-04-13,534.0,552.0,534.0,552.0,1886480,1144893600
2006-04-14,558.0,558.0,555.0,555.0,1784270,1144980000
2006-04-17,561.0,561.0,561.0,561.0,1854080,1145239200
2006-04-18,569.0,571.0,569.0,571.0,2274370,1145325600
2006-04-19,576.0,576.0,571.0,571.0,2200230,1145412000
2006-04-20,572.0,572.0,570.0,570.0,2509350,1145498400
2006-04-21,587.0,591.0,587.0,591.0,2727270,1145584800
2006-04-24,613.0,615.0,613.0,615.0,2284510,1145844000
2006-04-25,639.0,639.0,633.0,633.0,2328080,1145930400
2006-04-26,625.0,625.0,622.0,622.0,3062570,1146016800
2006-04-27,617.0,617.0,594.0,594.0,3366820,1146103200
2006-04-28,595.0,595.0,595.0,595.0,2945290,1146189600
2006-05-03,612.0,612.0,612.0,612.0,2123450,1146621600
2006-05-04,610.0,610.0,601.0,601.0,2447560,1146708000
2006-05-05,594.0,594.0,594.0,594.0,2352630,1146794400
2006-05-08,586.0,586.0,574.0,574.0,1321990,1147053600
2006-05-09,547.0,547.0,546.0,546.0,899310,1147140000
2006-05-10,521.0,521.0,521.0,521.0,1068830,1147226400
2006-05-11,535.0,543.0,535.0,543.0,2877310,1147312800
2006-05-12,568.0,568.0,567.0,567.0,1452030,1147399200
2006-05-15,590.0,590.0,590.0,590.0,1779040,1147658400
2006-05-16,577.0,577.0,565.0,565.0,2712830,1147744800
2006-05-17,576.0,576.0,576.0,576.0,1630410,1147831200
2006-05-18,569.0,569.0,566.0,566.0,1446910,1147917600
2006-05-19,557.0,562.0,557.0,562.0,1673210,1148004000
2006-05-22,558.0,558.0,553.0,553.0,1279500,1148263200
2006-05-23,541.0,541.0,539.0,539.0,1347640,1148349600
2006-05-24,541.0,560.0,541.0,560.0,1450480,1148436000
2006-05-25,543.0,543.0,543.0,543.0,1504750,1148522400
2006-05-26,544.0,545.0,544.0,545.0,852120,1148608800
2006-05-29,541.0,541.0,537.0,537.0,747760,1148868000
2006-05-30,526.0,526.0,526.0,526.0,1241470,1148954400
2006-05-31,531.0,539.0,531.0,539.0,1296460,1149040800
2006-06-01,539.0,539.0,535.0,535.0,1030290,1149127200
2006-06-02,538.0,540.0,538.0,540.0,940980,1149213600
2006-06-05,549.0,551.0,549.0,551.0,1010040,1149472800
2006-06-06,557.0,557.0,552.0,552.0,1480950,1149559200
2006-06-07,546.0,546.0,545.0,545.0,941920,1149645600
2006-06-08,544.0,548.0,544.0,548.0,842250,1149732000
2006-06-09,550.0,550.0,549.0,549.0,969170,1149818400
2006-06-12,547.0,547.0,546.0,546.0,572870,1150077600
2006-06-13,546.0,546.0,544.0,544.0,840350,1150164000
2006-06-14,544.0,544.0,541.0,541.0,625760,1150250400
2006-06-15,540.0,540.0,537.0,537.0,583750,1150336800
2006-06-16,529.0,529.0,524.0,524.0,1035900,1150423200
2006-06-19,522.0,523.0,519.0,519.0,631460,1150682400
2006-06-20,517.0,517.0,506.0,506.0,1003480,1150768800
2006-06-21,495.0,495.0,488.0,488.0,1714390,1150855200
2006-06-22,503.0,510.0,503.0,510.0,855700,1150941600
2006-06-23,517.0,517.0,506.0,511.0,1058740,1151028000
2006-06-26,504.0,507.0,503.0,503.0,643310,1151287200
2006-06-27,499.0,502.0,499.0,502.0,766620,1151373600
2006-06-28,503.0,506.0,503.0,506.0,665840,1151460000
2006-06-29,506.0,512.0,506.0,512.0,767890,1151546400
2006-06-30,513.0,516.0,509.0,516.0,1561770,1151632800
2006-07-03,510.0,510.0,507.0,507.0,595880,1151892000
2006-07-04,504.0,504.0,500.0,500.0,551630,1151978400
2006-07-05,498.0,500.0,498.0,500.0,514960,1152064800
2006-07-06,498.0,505.0,498.0,505.0,537820,1152151200
2006-07-07,506.0,508.0,506.0,508.0,969740,1152237600
2006-07-10,509.0,509.0,505.0,505.0,645610,1152496800
2006-07-11,506.0,507.0,504.0,504.0,645880,1152583200
2006-07-12,505.0,505.0,502.0,502.0,1382250,1152669600
2006-07-13,506.0,509.0,506.0,509.0,2253200,1152756000
2006-07-14,512.0,512.0,506.0,506.0,1567710,1152842400
2006-07-17,498.0,498.0,494.0,494.0,1854450,1153101600
2006-07-18,489.0,489.0,484.0,484.0,1465290,1153188000
2006-07-19,477.0,477.0,466.0,466.0,1779120,1153274400
2006-07-20,459.0,486.0,459.0,486.0,2138930,1153360800
2006-07-21,482.0,482.0,473.0,473.0,1351570,1153447200
2006-07-24,467.0,467.0,461.0,461.0,1192470,1153706400
2006-07-25,450.0,450.0,440.0,440.0,1620910,1153792800
2006-07-26,431.0,438.0,431.0,434.0,1779800,1153879200
2006-07-27,435.0,441.0,435.0,441.0,1532220,1153965600
2006-07-28,445.0,445.0,440.0,440.0,1394700,1154052000
2006-07-31,431.0,431.0,422.0,422.0,1093120,1154311200
2006-08-01,410.0,410.0,405.0,405.0,1337940,1154397600
2006-08-02,389.0,400.0,389.0,400.0,1769300,1154484000
2006-08-03,412.0,418.0,412.0,418.0,1758760,1154570400
2006-08-04,436.0,436.0,436.0,436.0,1830370,1154656800
2006-08-07,440.0,440.0,423.0,423.0,2073580,1154916000
2006-08-08,426.0,434.0,426.0,433.0,1181410,1155002400
2006-08-09,431.0,434.0,430.0,430.0,2380530,1155088800
2006-08-10,429.0,432.0,429.0,432.0,1194320,1155175200
2006-08-11,437.0,443.0,437.0,443.0,1878620,1155261600
2006-08-14,459.0,465.0,459.0,465.0,2114880,1155520800
2006-08-15,468.0,468.0,460.0,460.0,2652920,1155607200
2006-08-16,468.0,476.0,468.0,476.0,2920310,1155693600
2006-08-17,489.0,489.0,483.0,483.0,3236950,1155780000
2006-08-18,486.0,486.0,482.0,482.0,3258890,1155866400
2006-08-21,485.0,485.0,482.0,482.0,1793680,1156125600
2006-08-22,475.0,475.0,470.0,470.0,2537880,1156212000
2006-08-23,467.0,478.0,467.0,478.0,1817700,1156298400
2006-08-24,481.0,481.0,479.0,479.0,1684580,1156384800
2006-08-25,478.0,478.0,477.0,477.0,1266500,1156471200
2006-08-28,477.0,483.0,477.0,483.0,1606060,1156730400
2006-08-29,486.0,489.0,486.0,489.0,2162400,1156816800
2006-08-30,493.0,493.0,493.0,493.0,3101600,1156903200
2006-08-31,493.0,493.0,490.0,491.0,2107160,1156989600
2006-09-01,498.0,498.0,498.0,498.0,2931950,1157076000
2006-09-05,510.0,516.0,510.0,516.0,2807420,1157421600
2006-09-06,527.0,527.0,518.0,518.0,3713430,1157508000
2006-09-07,515.0,515.0,511.0,511.0,2804190,1157594400
2006-09-08,511.0,513.0,511.0,513.0,2550280,1157680800
2006-09-11,515.0,515.0,512.0,512.0,1899490,1157940000
2006-09-12,506.0,506.0,501.0,501.0,2318600,1158026400
2006-09-13,500.0,511.0,500.0,511.0,2104880,1158112800
2006-09-14,509.0,509.0,505.0,505.0,1953490,1158199200
2006-09-15,508.0,509.0,508.0,509.0,2453770,1158285600
2006-09-18,511.0,511.0,510.0,510.0,1892090,1158544800
2006-09-19,514.0,515.0,514.0,515.0,2669080,1158631200
2006-09-20,520.0,520.0,514.0,514.0,2637510,1158717600
2006-09-21,516.0,516.0,513.0,513.0,1798160,1158804000
2006-09-22,512.0,514.0,512.0,514.0,1814320,1158890400
2006-09-25,515.0,515.0,514.0,515.0,1921530,1159149600
2006-09-26,517.0,520.0,517.0,520.0,2390350,1159236000
2006-09-27,522.0,522.0,520.0,520.0,2518220,1159322400
2006-09-28,522.0,528.0,522.0,528.0,2470140,1159408800
2006-09-29,532.0,532.0,526.0,526.0,2590310,1159495200
2006-10-02,530.0,532.0,530.0,532.0,2113810,1159754400
2006-10-03,538.0,538.0,536.0,538.0,2503900,1159840800
2006-10-04,546.0,546.0,542.0,542.0,3273230,1159927200
2006-10-05,543.0,543.0,535.0,535.0,2316460,1160013600
2006-10-06,533.0,536.0,533.0,536.0,1874380,1160100000
2006-10-09,538.0,538.0,535.0,535.0,2077350,1160359200
2006-10-10,532.0,532.0,527.0,527.0,1923660,1160445600
2006-10-11,525.0,525.0,525.0,525.0,1990170,1160532000
2006-10-12,527.0,527.0,525.0,525.0,2060930,1160618400
2006-10-13,525.0,526.0,525.0,526.0,2085490,1160704800
2006-10-16,527.0,527.0,526.0,526.0,1867820,1160964000
2006-10-17,523.0,523.0,519.0,519.0,2816850,1161050400
2006-10-18,518.0,519.0,518.0,519.0,2191170,1161136800
2006-10-19,523.0,525.0,522.0,525.0,2016010,1161223200
2006-10-20,528.0,528.0,528.0,528.0,2016270,1161309600
2006-10-23,526.0,526.0,526.0,526.0,1451370,1161568800
2006-10-24,526.0,526.0,526.0,526.0,1428840,1161655200
2006-10-25,525.0,525.0,524.0,524.0,1338020,1161741600
2006-10-26,525.0,525.0,524.0,525.0,1408400,1161828000
2006-10-27,521.0,521.0,521.0,521.0,1676750,1161914400
2006-10-30,518.0,518.0,512.0,512.0,1643170,1162173600
2006-10-31,505.0,512.0,505.0,512.0,1972470,1162260000
2006-11-01,517.0,521.0,517.0,521.0,1361640,1162346400
2006-11-02,523.0,523.0,517.0,517.0,1471670,1162432800
2006-11-03,514.0,514.0,514.0,514.0,1104980,1162519200
2006-11-06,514.0,517.0,514.0,517.0,1054900,1162778400
2006-11-07,520.0,520.0,520.0,520.0,1733270,1162864800
2006-11-08,524.0,526.0,524.0,526.0,1918650,1162951200
2006-11-09,530.0,532.0,530.0,532.0,2105710,1163037600
2006-11-10,537.0,537.0,531.0,531.0,2029080,1163124000
2006-11-13,534.0,537.0,534.0,537.0,1857670,1163383200
2006-11-14,549.0,556.0,549.0,556.0,3231020,1163469600
2006-11-15,571.0,571.0,563.0,563.0,3562490,1163556000
2006-11-16,556.0,560.0,556.0,560.0,3016930,1163642400
2006-11-17,563.0,574.0,563.0,574.0,3392250,1163728800
2006-11-20,590.0,590.0,584.0,584.0,4435750,1163988000
2006-11-21,596.0,599.0,596.0,598.0,3032180,1164074400
2006-11-22,609.0,610.0,608.0,610.0,3437600,1164160800
2006-11-23,633.0,637.0,633.0,637.0,4259170,1164247200
2006-11-24,666.0,666.0,666.0,666.0,5752000,1164333600
2006-11-27,688.0,688.0,640.0,640.0,4792230,1164592800
2006-11-28,636.0,647.0,636.0,638.0,4263260,1164679200
2006-11-29,622.0,622.0,616.0,617.0,3489800,1164765600
2006-11-30,617.0,633.0,617.0,633.0,2669710,1164852000
2006-12-01,637.0,637.0,631.0,631.0,2919020,1164938400
2006-12-04,639.0,641.0,639.0,641.0,2154150,1165197600
2006-12-05,644.0,645.0,643.0,645.0,2638220,1165284000
2006-12-06,651.0,655.0,651.0,655.0,4053870,1165370400
2006-12-07,670.0,677.0,670.0,677.0,4094870,1165456800
2006-12-08,696.0,696.0,696.0,696.0,1202500,1165543200
2006-12-11,722.0,724.0,722.0,724.0,4995240,1165802400
2006-12-12,749.0,749.0,717.0,717.0,7021350,1165888800
2006-12-13,740.0,741.0,739.0,741.0,5411060,1165975200
2006-12-14,767.0,767.0,757.0,757.0,5802770,1166061600
2006-12-15,773.0,776.0,773.0,776.0,5859820,1166148000
2006-12-18,790.0,790.0,779.0,780.0,6597260,1166407200
2006-12-19,796.0,799.0,796.0,799.0,5341050,1166493600
2006-12-20,816.0,816.0,810.0,810.0,6643110,1166580000
2006-12-21,809.0,809.0,779.0,779.0,7178600,1166666400
2006-12-22,745.0,745.0,744.0,744.0,3808670,1166752800
2006-12-25,718.0,735.0,718.0,735.0,4044760,1167012000
2006-12-26,724.0,748.0,724.0,748.0,5317100,1167098400
2006-12-27,762.0,762.0,744.0,755.0,6146330,1167184800
2006-12-28,757.0,759.0,754.0,754.0,4750810,1167271200
2006-12-29,748.0,752.0,748.0,752.0,3737900,1167357600
2007-01-02,751.0,751.0,741.0,741.0,3693510,1167703200
2007-01-03,745.0,758.0,745.0,758.0,4130670,1167789600
2007-01-04,784.0,789.0,784.0,789.0,5532130,1167876000
2007-01-05,818.0,819.0,818.0,819.0,7384850,1167962400
2007-01-08,840.0,840.0,825.0,825.0,8073810,1168221600
2007-01-09,845.0,845.0,841.0,845.0,7047800,1168308000
2007-01-10,865.0,867.0,865.0,866.0,6069400,1168394400
2007-01-11,887.0,887.0,885.0,885.0,6893080,1168480800
2007-01-12,914.0,915.0,914.0,915.0,7248120,1168567200
2007-01-15,942.0,947.0,942.0,947.0,6166570,1168826400
2007-01-16,986.0,986.0,984.0,984.0,6933830,1168912800
2007-01-17,1013.0,1013.0,965.0,965.0,9078140,1168999200
2007-01-18,947.0,983.0,947.0,983.0,9331520,1169085600
2007-01-19,1024.0,1024.0,1023.0,1023.0,6520700,1169172000
2007-01-22,1044.0,1044.0,1028.0,1028.0,8562450,1169431200
2007-01-23,1040.0,1041.0,1040.0,1041.0,5932240,1169517600
2007-01-24,1050.0,1050.0,1016.0,1016.0,6023860,1169604000
2007-01-25,992.0,992.0,989.0,989.0,8412580,1169690400
2007-01-26,967.0,975.0,967.0,975.0,10042750,1169776800
2007-01-29,977.0,996.0,977.0,996.0,7288420,1170036000
2007-01-30,1021.0,1024.0,1021.0,1022.0,7195200,1170122400
2007-01-31,1044.0,1044.0,1041.0,1041.0,7517290,1170208800
2007-02-01,1066.0,1066.0,1049.0,1049.0,11184580,1170295200
2007-02-02,1075.0,1075.0,1075.0,1075.0,7072960,1170381600
2007-02-05,1091.0,1091.0,1059.0,1059.0,9289180,1170640800
2007-02-06,1059.0,1091.0,1059.0,1091.0,7724800,1170727200
2007-02-07,1084.0,1096.0,1084.0,1096.0,7596040,1170813600
2007-02-08,1059.0,1059.0,1053.0,1053.0,6811910,1170900000
2007-02-09,1011.0,1031.0,1010.0,1031.0,7846490,1170986400
2007-02-12,1041.0,1054.0,1041.0,1054.0,7530200,1171245600
2007-02-13,1082.0,1082.0,1074.0,1074.0,6644140,1171332000
2007-02-14,1078.0,1078.0,1073.0,1073.0,6261450,1171418400
2007-02-15,1072.0,1083.0,1072.0,1083.0,6289500,1171504800
2007-02-26,1121.0,1129.0,1121.0,1129.0,7470640,1172455200
2007-02-27,1174.0,1174.0,1167.0,1167.0,8364940,1172541600
2007-02-28,1160.0,1160.0,1136.0,1138.0,11260450,1172628000
2007-03-01,1148.0,1148.0,1123.0,1123.0,8693690,1172714400
2007-03-02,1131.0,1148.0,1131.0,1148.0,10012890,1172800800
2007-03-05,1165.0,1165.0,1159.0,1159.0,8161480,1173060000
2007-03-06,1140.0,1140.0,1133.0,1133.0,8381450,1173146400
2007-03-07,1139.0,1139.0,1132.0,1132.0,6944050,1173232800
2007-03-08,1140.0,1142.0,1139.0,1142.0,8157060,1173319200
2007-03-09,1169.0,1169.0,1156.0,1156.0,9229710,1173405600
2007-03-12,1179.0,1179.0,1171.0,1171.0,9053740,1173664800
2007-03-13,1179.0,1179.0,1154.0,1158.0,10851540,1173751200
2007-03-14,1135.0,1135.0,1114.0,1114.0,8755970,1173837600
2007-03-15,1073.0,1073.0,1066.0,1066.0,6288720,1173924000
2007-03-16,1089.0,1110.0,1089.0,1110.0,8352030,1174010400
2007-03-19,1152.0,1152.0,1133.0,1133.0,8781590,1174269600
2007-03-20,1134.0,1134.0,1117.0,1117.0,8193710,1174356000
2007-03-21,1117.0,1117.0,1112.0,1112.0,8446900,1174442400
2007-03-22,1108.0,1108.0,1100.0,1100.0,7559950,1174528800
2007-03-23,1097.0,1097.0,1091.0,1091.0,6986600,1174615200
2007-03-26,1085.0,1085.0,1071.0,1072.0,6062450,1174874400
2007-03-27,1050.0,1050.0,1034.0,1034.0,5468080,1174960800
2007-03-28,999.0,1032.0,999.0,1032.0,7309470,1175047200
2007-03-29,1050.0,1069.0,1050.0,1069.0,6852240,1175133600
2007-03-30,1091.0,1091.0,1071.0,1071.0,8359290,1175220000
2007-04-02,1059.0,1062.0,1055.0,1055.0,6785410,1175479200
2007-04-03,1031.0,1031.0,1027.0,1028.0,4217300,1175565600
2007-04-04,1031.0,1051.0,1031.0,1051.0,4504010,1175652000
2007-04-05,1059.0,1059.0,1049.0,1049.0,4562630,1175738400
2007-04-06,1034.0,1034.0,1033.0,1034.0,4032090,1175824800
2007-04-09,1041.0,1041.0,1040.0,1041.0,2979000,1176084000
2007-04-10,1045.0,1045.0,1040.0,1040.0,3795820,1176170400
2007-04-11,1037.0,1037.0,1035.0,1035.0,2734500,1176256800
2007-04-12,1031.0,1031.0,1028.0,1028.0,3650020,1176343200
2007-04-13,1026.0,1026.0,1013.0,1013.0,4166330,1176429600
2007-04-16,998.0,998.0,983.0,983.0,4711750,1176688800
2007-04-17,969.0,969.0,966.0,966.0,4775440,1176775200
2007-04-18,980.0,1001.0,980.0,1001.0,3680490,1176861600
2007-04-19,1015.0,1015.0,998.0,998.0,6484600,1176948000
2007-04-20,982.0,982.0,969.0,969.0,4305390,1177034400
2007-04-23,941.0,941.0,931.0,931.0,3412900,1177293600
2007-04-24,907.0,908.0,906.0,906.0,4345970,1177380000
2007-04-25,904.0,924.0,904.0,924.0,4410190,1177466400
2007-05-02,933.0,935.0,933.0,935.0,3997310,1178071200
2007-05-03,939.0,941.0,937.0,937.0,3204810,1178157600
2007-05-04,941.0,947.0,941.0,947.0,2695500,1178244000
2007-05-07,969.0,984.0,969.0,984.0,4465590,1178503200
2007-05-08,1017.0,1017.0,1015.0,1015.0,5431280,1178589600
2007-05-09,1030.0,1030.0,1020.0,1020.0,6030250,1178676000
2007-05-10,1026.0,1026.0,1020.0,1020.0,3842610,1178762400
2007-05-11,1022.0,1040.0,1022.0,1040.0,4251680,1178848800
2007-05-14,1062.0,1066.0,1062.0,1066.0,5233040,1179108000
2007-05-15,1069.0,1069.0,1055.0,1055.0,5565560,1179194400
2007-05-16,1052.0,1052.0,1041.0,1041.0,4738670,1179280800
2007-05-17,1039.0,1060.0,1039.0,1060.0,4965380,1179367200
2007-05-18,1063.0,1067.0,1063.0,1067.0,5430620,1179453600
2007-05-21,1078.0,1085.0,1078.0,1085.0,5458280,1179712800
2007-05-22,1103.0,1108.0,1103.0,1108.0,7138500,1179799200
2007-05-23,1128.0,1128.0,1113.0,1113.0,8006120,1179885600
2007-05-24,1102.0,1102.0,1085.0,1085.0,5775610,1179972000
2007-05-25,1074.0,1090.0,1074.0,1090.0,5820630,1180058400
2007-05-28,1113.0,1113.0,1099.0,1099.0,5650020,1180317600
2007-05-29,1103.0,1103.0,1094.0,1094.0,5961530,1180404000
2007-05-30,1081.0,1081.0,1078.0,1078.0,4697360,1180490400
2007-05-31,1088.0,1088.0,1081.0,1081.0,5168490,1180576800
2007-06-01,1086.0,1086.0,1077.0,1077.0,5187070,1180663200
2007-06-04,1074.0,1074.0,1062.0,1062.0,4764980,1180922400
2007-06-05,1052.0,1052.0,1040.0,1040.0,5462140,1181008800
2007-06-06,1040.0,1045.0,1039.0,1045.0,6158370,1181095200
2007-06-07,1058.0,1061.0,1058.0,1060.0,4865430,1181181600
2007-06-08,1067.0,1067.0,1055.0,1057.0,7527410,1181268000
2007-06-11,1042.0,1042.0,1037.0,1041.0,4957650,1181527200
2007-06-12,1035.0,1037.0,1035.0,1037.0,5085160,1181613600
2007-06-13,1036.0,1039.0,1034.0,1039.0,5546620,1181700000
2007-06-14,1044.0,1044.0,1043.0,1043.0,5896260,1181786400
2007-06-15,1051.0,1051.0,1048.0,1048.0,5318510,1181872800
2007-06-18,1046.0,1047.0,1044.0,1044.0,5665300,1182132000
2007-06-19,1048.0,1050.0,1048.0,1050.0,6054960,1182218400
2007-06-20,1051.0,1051.0,1045.0,1045.0,6392950,1182304800
2007-06-21,1044.0,1044.0,1034.0,1034.0,5177010,1182391200
2007-06-22,1031.0,1037.0,1031.0,1034.0,5305310,1182477600
2007-06-25,1048.0,1048.0,1044.0,1044.0,4397100,1182736800
2007-06-26,1064.0,1064.0,1054.0,1056.0,4983050,1182823200
2007-06-27,1057.0,1057.0,1033.0,1033.0,4316970,1182909600
2007-06-28,1024.0,1025.0,1024.0,1024.0,3977940,1182996000
2007-06-29,1021.0,1025.0,1021.0,1025.0,4008410,1183082400
2007-07-02,1016.0,1016.0,994.0,994.0,5471790,1183341600
2007-07-03,976.0,977.0,975.0,977.0,5479910,1183428000
2007-07-04,996.0,1014.0,996.0,1014.0,4746820,1183514400
2007-07-05,1014.0,1014.0,1013.0,1013.0,5218240,1183600800
2007-07-06,1008.0,1011.0,1008.0,1011.0,3482520,1183687200
2007-07-09,1004.0,1010.0,1004.0,1010.0,3773850,1183946400
2007-07-10,1015.0,1023.0,1015.0,1023.0,4656500,1184032800
2007-07-11,1032.0,1033.0,1030.0,1030.0,4754480,1184119200
2007-07-12,1026.0,1026.0,1018.0,1018.0,4243210,1184205600
2007-07-13,1011.0,1016.0,1011.0,1016.0,4211130,1184292000
2007-07-16,1005.0,1005.0,996.0,996.0,3994340,1184551200
2007-07-17,996.0,1001.0,996.0,1000.0,4000980,1184637600
2007-07-18,999.0,999.0,995.0,995.0,4025070,1184724000
2007-07-19,991.0,991.0,984.0,984.0,3531300,1184810400
2007-07-20,980.0,982.0,980.0,981.0,4692360,1184896800
2007-07-24,982.0,984.0,982.0,982.0,5067280,1185242400
2007-07-25,975.0,975.0,971.0,973.0,4496420,1185328800
2007-07-26,966.0,966.0,956.0,956.0,3432540,1185415200
2007-07-27,946.0,946.0,940.0,940.0,3392690,1185501600
2007-07-30,928.0,932.0,925.0,925.0,2204160,1185760800
2007-07-31,906.0,908.0,896.0,908.0,4511310,1185847200
2007-08-01,905.0,926.0,904.0,923.0,4813010,1185933600
2007-08-02,927.0,927.0,911.0,911.0,4692420,1186020000
2007-08-03,895.0,898.0,893.0,893.0,3803430,1186106400
2007-08-06,893.0,894.0,884.0,884.0,3231500,1186365600
2007-08-07,891.0,899.0,890.0,897.0,3517070,1186452000
2007-08-08,903.0,910.0,901.0,910.0,4070630,1186538400
2007-08-09,923.0,938.0,922.0,938.0,4646490,1186624800
2007-08-10,942.0,942.0,925.0,936.0,5382520,1186711200
2007-08-13,916.0,917.0,909.0,909.0,3245980,1186970400
2007-08-14,913.0,923.0,913.0,923.0,3588960,1187056800
2007-08-15,918.0,918.0,913.0,915.0,2999350,1187143200
2007-08-16,904.0,908.0,900.0,900.0,3582160,1187229600
2007-08-17,887.0,890.0,886.0,888.0,3822720,1187316000
2007-08-20,876.0,890.0,875.0,890.0,4452350,1187575200
2007-08-21,897.0,900.0,893.0,896.0,5507240,1187661600
2007-08-22,899.0,899.0,892.0,892.0,4204280,1187748000
2007-08-23,892.0,892.0,886.0,888.0,4871050,1187834400
2007-08-24,897.0,905.0,897.0,905.0,6780190,1187920800
2007-08-27,911.0,911.0,907.0,909.0,5587740,1188180000
2007-08-28,905.0,906.0,901.0,903.0,4675530,1188266400
2007-08-29,896.0,901.0,894.0,901.0,4838170,1188352800
2007-08-30,901.0,905.0,899.0,904.0,4098470,1188439200
2007-08-31,905.0,910.0,905.0,908.0,6264420,1188525600
2007-09-04,920.0,930.0,920.0,930.0,5673710,1188871200
2007-09-05,939.0,939.0,926.0,926.0,6789000,1188957600
2007-09-06,926.0,928.0,926.0,928.0,6233390,1189044000
2007-09-07,930.0,934.0,930.0,934.0,6208740,1189130400
2007-09-10,933.0,933.0,927.0,927.0,5534110,1189389600
2007-09-11,925.0,925.0,920.0,920.0,5771660,1189476000
2007-09-12,923.0,924.0,921.0,921.0,6332870,1189562400
2007-09-13,921.0,921.0,921.0,921.0,4870380,1189648800
2007-09-14,924.0,930.0,924.0,930.0,5115070,1189735200
2007-09-17,932.0,935.0,932.0,935.0,5543960,1189994400
2007-09-18,934.0,935.0,934.0,935.0,6276630,1190080800
2007-09-19,943.0,946.0,943.0,946.0,6464750,1190167200
2007-09-20,961.0,964.0,961.0,964.0,9618100,1190253600
2007-09-21,965.0,965.0,959.0,959.0,10347010,1190340000
2007-09-24,968.0,976.0,968.0,976.0,9424070,1190599200
2007-09-25,1006.0,1010.0,1006.0,1010.0,12021490,1190685600
2007-09-26,1030.0,1030.0,1015.0,1016.0,13588520,1190772000
2007-09-27,1012.0,1014.0,1012.0,1014.0,10897620,1190858400
2007-09-28,1031.0,1047.0,1031.0,1047.0,14138920,1190944800
2007-10-01,1073.0,1084.0,1073.0,1084.0,13331540,1191204000
2007-10-02,1097.0,1099.0,1092.0,1099.0,16073350,1191290400
2007-10-03,1099.0,1107.0,1099.0,1107.0,13407700,1191376800
2007-10-04,1108.0,1108.0,1088.0,1088.0,14169190,1191463200
2007-10-05,1087.0,1087.0,1082.0,1082.0,13753700,1191549600
2007-10-08,1085.0,1088.0,1085.0,1085.0,12581270,1191808800
2007-10-09,1093.0,1097.0,1093.0,1097.0,13341890,1191895200
2007-10-10,1111.0,1111.0,1105.0,1105.0,11789350,1191981600
2007-10-11,1107.0,1107.0,1099.0,1099.0,11307770,1192068000
2007-10-12,1098.0,1105.0,1098.0,1105.0,12763490,1192154400
2007-10-15,1104.0,1105.0,1104.0,1105.0,11317810,1192413600
2007-10-16,1107.0,1107.0,1104.0,1104.0,11844080,1192500000
2007-10-17,1106.0,1107.0,1101.0,1101.0,12719330,1192586400
2007-10-18,1095.0,1095.0,1089.0,1089.0,12882280,1192672800
2007-10-19,1078.0,1097.0,1078.0,1097.0,11134710,1192759200
2007-10-22,1092.0,1092.0,1086.0,1086.0,9799430,1193018400
2007-10-23,1079.0,1079.0,1075.0,1075.0,9980580,1193104800
2007-10-24,1080.0,1096.0,1080.0,1096.0,10044240,1193191200
2007-10-25,1103.0,1103.0,1096.0,1096.0,11323150,1193277600
2007-10-26,1095.0,1095.0,1092.0,1092.0,11370340,1193364000
2007-10-29,1078.0,1078.0,1064.0,1064.0,14098100,1193623200
2007-10-30,1068.0,1071.0,1068.0,1070.0,11226940,1193709600
2007-10-31,1066.0,1072.0,1065.0,1065.0,10967620,1193796000
2007-11-01,1074.0,1079.0,1073.0,1076.0,10069520,1193882400
2007-11-02,1075.0,1075.0,1067.0,1067.0,10449640,1193968800
2007-11-05,1045.0,1055.0,1045.0,1047.0,13976900,1194228000
2007-11-06,1037.0,1037.0,1032.0,1032.0,11111590,1194314400
2007-11-07,1026.0,1037.0,1026.0,1031.0,12822220,1194400800
2007-11-08,1032.0,1034.0,1024.0,1026.0,8231280,1194487200
2007-11-09,1012.0,1018.0,1011.0,1018.0,11505820,1194573600
2007-11-12,1012.0,1015.0,1006.0,1006.0,9424150,1194832800
2007-11-13,999.0,999.0,974.0,974.0,12839120,1194919200
2007-11-14,987.0,1008.0,987.0,994.0,12808490,1195005600
2007-11-15,1007.0,1008.0,1000.0,1003.0,12715190,1195092000
2007-11-16,996.0,1001.0,996.0,998.0,8028320,1195178400
2007-11-19,996.0,999.0,996.0,999.0,6406450,1195437600
2007-11-20,984.0,987.0,983.0,984.0,7086490,1195524000
2007-11-21,964.0,972.0,964.0,971.0,8405070,1195610400
2007-11-22,978.0,984.0,976.0,977.0,7226680,1195696800
2007-11-23,979.0,981.0,974.0,976.0,6357310,1195783200
2007-11-26,982.0,991.0,981.0,991.0,9189060,1196042400
2007-11-27,999.0,999.0,988.0,988.0,7979180,1196128800
2007-11-28,989.0,990.0,985.0,985.0,6779460,1196215200
2007-11-29,985.0,987.0,980.0,980.0,6741150,1196301600
2007-11-30,973.0,980.0,972.0,972.0,8267420,1196388000
2007-12-03,978.0,988.0,978.0,988.0,8220190,1196647200
2007-12-04,991.0,993.0,989.0,989.0,9313430,1196733600
2007-12-05,982.0,982.0,976.0,976.0,7609570,1196820000
2007-12-06,974.0,974.0,971.0,974.0,5878330,1196906400
2007-12-07,970.0,977.0,970.0,975.0,6455380,1196992800
2007-12-10,967.0,968.0,958.0,958.0,6210520,1197252000
2007-12-11,949.0,949.0,941.0,941.0,7389530,1197338400
2007-12-12,936.0,953.0,936.0,946.0,7460800,1197424800
2007-12-13,942.0,942.0,930.0,930.0,5793160,1197511200
2007-12-14,924.0,928.0,922.0,922.0,5404390,1197597600
2007-12-17,919.0,920.0,911.0,911.0,5599770,1197856800
2007-12-18,911.0,920.0,910.0,920.0,7068380,1197943200
2007-12-19,933.0,947.0,933.0,947.0,8299280,1198029600
2007-12-20,949.0,949.0,930.0,930.0,7018570,1198116000
2007-12-21,930.0,936.0,930.0,935.0,6655160,1198202400
2007-12-24,934.0,935.0,930.0,931.0,5457610,1198461600
2007-12-25,925.0,925.0,918.0,918.0,5831860,1198548000
2007-12-26,917.0,924.0,916.0,924.0,5510840,1198634400
2007-12-27,923.0,925.0,922.0,922.0,5449580,1198720800
2007-12-28,921.0,927.0,921.0,927.0,5296830,1198807200
2008-01-02,926.0,926.0,921.0,921.0,4543630,1199239200
2008-01-03,914.0,915.0,908.0,908.0,4850620,1199325600
2008-01-04,905.0,905.0,903.0,903.0,4409690,1199412000
2008-01-07,900.0,900.0,884.0,887.0,6177560,1199671200
2008-01-08,893.0,899.0,893.0,894.0,5919770,1199757600
2008-01-09,889.0,889.0,878.0,878.0,6115760,1199844000
2008-01-10,858.0,859.0,850.0,850.0,10101130,1199930400
2008-01-11,861.0,868.0,860.0,861.0,7088110,1200016800
2008-01-14,859.0,859.0,841.0,841.0,7000570,1200276000
2008-01-15,819.0,820.0,808.0,809.0,9382680,1200362400
2008-01-16,836.0,846.0,835.0,846.0,9010790,1200448800
2008-01-17,862.0,862.0,831.0,834.0,9950270,1200535200
2008-01-18,831.0,847.0,828.0,847.0,5602330,1200621600
2008-01-21,839.0,839.0,834.0,834.0,5195510,1200880800
2008-01-22,808.0,813.0,808.0,808.0,7393800,1200967200
2008-01-23,786.0,787.0,775.0,777.0,8336830,1201053600
2008-01-24,786.0,791.0,764.0,764.0,8074170,1201140000
2008-01-25,764.0,779.0,763.0,776.0,6206740,1201226400
2008-01-28,782.0,785.0,776.0,785.0,6407110,1201485600
2008-01-29,787.0,812.0,786.0,812.0,8662410,1201572000
2008-01-30,845.0,849.0,843.0,843.0,10961810,1201658400
2008-01-31,832.0,844.0,826.0,844.0,12386380,1201744800
2008-02-01,854.0,860.0,852.0,860.0,10929330,1201831200
2008-02-12,857.0,857.0,840.0,841.0,6027010,1202781600
2008-02-13,831.0,831.0,818.0,818.0,7012110,1202868000
2008-02-14,824.0,833.0,823.0,823.0,7075510,1202954400
2008-02-15,821.0,821.0,814.0,816.0,5580320,1203040800
2008-02-18,785.0,786.0,781.0,783.0,11864060,1203300000
2008-02-19,764.0,781.0,764.0,777.0,8701260,1203386400
2008-02-20,775.0,776.0,745.0,745.0,9454220,1203472800
2008-02-21,712.0,712.0,710.0,710.0,7424120,1203559200
2008-02-22,678.0,687.0,678.0,687.0,13878440,1203645600
2008-02-25,706.0,715.0,706.0,715.0,11418200,1203904800
2008-02-26,715.0,715.0,693.0,693.0,11049330,1203991200
2008-02-27,681.0,705.0,681.0,686.0,8388650,1204077600
2008-02-28,688.0,689.0,678.0,678.0,8434530,1204164000
2008-02-29,670.0,672.0,662.0,663.0,10351870,1204250400
2008-03-03,646.0,646.0,634.0,635.0,9393810,1204509600
2008-03-04,608.0,609.0,606.0,609.0,6939890,1204596000
2008-03-05,581.0,583.0,580.0,583.0,9009920,1204682400
2008-03-06,610.0,611.0,610.0,611.0,8845120,1204768800
2008-03-07,638.0,640.0,638.0,640.0,8169220,1204855200
2008-03-10,668.0,669.0,658.0,658.0,23093020,1205114400
2008-03-11,643.0,644.0,639.0,639.0,13842800,1205200800
2008-03-12,632.0,654.0,632.0,644.0,12166910,1205287200
2008-03-13,655.0,655.0,645.0,648.0,8930090,1205373600
2008-03-14,640.0,644.0,640.0,644.0,8379060,1205460000
2008-03-17,623.0,624.0,616.0,616.0,10225420,1205719200
2008-03-18,589.0,590.0,588.0,588.0,7662260,1205805600
2008-03-19,585.0,592.0,573.0,573.0,17338000,1205892000
2008-03-20,568.0,576.0,565.0,565.0,9957530,1205978400
2008-03-21,553.0,554.0,546.0,546.0,10334890,1206064800
2008-03-24,525.0,525.0,521.0,521.0,7352510,1206324000
2008-03-25,497.0,497.0,497.0,497.0,6675490,1206410400
2008-03-26,495.0,505.0,495.0,505.0,17917220,1206496800
2008-03-27,508.0,509.0,508.0,509.0,5568080,1206583200
2008-03-28,512.0,513.0,512.0,513.0,2589490,1206669600
2008-03-31,517.0,517.0,517.0,517.0,2153030,1206928800
2008-04-01,521.0,521.0,521.0,521.0,1426080,1207015200
2008-04-02,524.0,525.0,524.0,525.0,705040,1207101600
2008-04-03,528.0,529.0,528.0,529.0,829010,1207188000
2008-04-04,532.0,533.0,532.0,533.0,785120,1207274400
2008-04-07,541.0,542.0,541.0,542.0,1927800,1207533600
2008-04-08,551.0,551.0,544.0,549.0,24373260,1207620000
2008-04-09,552.0,552.0,550.0,552.0,10436750,1207706400
2008-04-10,549.0,549.0,544.0,546.0,8146560,1207792800
2008-04-11,538.0,539.0,537.0,539.0,7557750,1207879200
2008-04-16,531.0,532.0,530.0,531.0,5543290,1208311200
2008-04-17,524.0,538.0,523.0,538.0,11660700,1208397600
2008-04-18,540.0,540.0,535.0,537.0,9533570,1208484000
2008-04-21,535.0,535.0,533.0,535.0,4993620,1208743200
2008-04-22,530.0,531.0,529.0,531.0,4028030,1208829600
2008-04-23,524.0,524.0,522.0,522.0,4324350,1208916000
2008-04-24,515.0,518.0,515.0,518.0,6461260,1209002400
2008-04-25,514.0,516.0,514.0,516.0,6838240,1209088800
2008-04-28,515.0,520.0,514.0,519.0,8410120,1209348000
2008-04-29,524.0,524.0,520.0,522.0,8894480,1209434400
2008-05-05,523.0,524.0,521.0,521.0,4725790,1209952800
2008-05-06,518.0,518.0,516.0,518.0,4989110,1210039200
2008-05-07,515.0,515.0,511.0,515.0,5898390,1210125600
2008-05-08,507.0,508.0,506.0,508.0,4312830,1210212000
2008-05-09,500.0,500.0,500.0,500.0,2739340,1210298400
2008-05-12,493.0,493.0,492.0,492.0,2156610,1210557600
2008-05-13,485.0,485.0,484.0,484.0,1041790,1210644000
2008-05-14,477.0,477.0,476.0,476.0,900580,1210730400
2008-05-15,469.0,469.0,467.0,467.0,1347360,1210816800
2008-05-16,460.0,462.0,459.0,460.0,7625620,1210903200
2008-05-19,454.0,456.0,454.0,456.0,3316000,1211162400
2008-05-20,450.0,450.0,449.0,449.0,2556160,1211248800
2008-05-21,442.0,442.0,442.0,442.0,2559880,1211335200
2008-05-22,436.0,436.0,435.0,435.0,2811850,1211421600
2008-05-23,428.0,428.0,428.0,428.0,3140160,1211508000
2008-05-26,422.0,422.0,421.0,421.0,1486410,1211767200
2008-05-30,414.0,414.0,414.0,414.0,2664330,1212112800
2008-06-02,408.0,408.0,408.0,408.0,1075090,1212372000
2008-06-03,402.0,402.0,401.0,401.0,1036240,1212458400
2008-06-04,396.0,396.0,395.0,396.0,1261860,1212544800
2008-06-05,391.0,391.0,390.0,390.0,1255200,1212631200
2008-06-06,385.0,385.0,384.0,384.0,1535360,1212717600
2008-06-09,380.0,380.0,379.0,379.0,870500,1212976800
2008-06-10,374.0,374.0,373.0,373.0,1148220,1213063200
2008-06-11,368.0,371.0,368.0,370.0,10250660,1213149600
2008-06-12,369.0,371.0,368.0,371.0,6190740,1213236000
2008-06-13,371.0,374.0,371.0,373.0,9861360,1213322400
2008-06-16,376.0,379.0,376.0,378.0,11087640,1213581600
2008-06-17,384.0,385.0,384.0,385.0,7082560,1213668000
2008-06-18,389.0,389.0,381.0,382.0,21154850,1213754400
2008-06-19,373.0,373.0,373.0,373.0,5080040,1213840800
2008-06-20,365.0,366.0,364.0,366.0,6878720,1213927200
2008-06-23,367.0,370.0,367.0,369.0,9257330,1214186400
2008-06-24,373.0,376.0,373.0,376.0,6483900,1214272800
2008-06-25,382.0,384.0,382.0,384.0,6571390,1214359200
2008-06-26,393.0,393.0,383.0,386.0,13494960,1214445600
2008-06-27,385.0,393.0,385.0,393.0,7734100,1214532000
2008-06-30,395.0,399.0,395.0,399.0,6897900,1214791200
2008-07-01,406.0,410.0,406.0,410.0,8021730,1214877600
2008-07-02,418.0,420.0,417.0,419.0,12976090,1214964000
2008-07-03,429.0,430.0,429.0,430.0,8282900,1215050400
2008-07-04,441.0,441.0,440.0,440.0,9995160,1215136800
2008-07-07,448.0,448.0,432.0,436.0,24016960,1215396000
2008-07-08,427.0,437.0,426.0,437.0,14709440,1215482400
2008-07-09,439.0,441.0,439.0,440.0,14047760,1215568800
2008-07-10,444.0,447.0,444.0,447.0,12280500,1215655200
2008-07-11,454.0,457.0,454.0,457.0,11435280,1215741600
2008-07-14,466.0,468.0,466.0,468.0,7858730,1216000800
2008-07-15,480.0,480.0,479.0,480.0,9657160,1216087200
2008-07-16,487.0,487.0,477.0,487.0,33479690,1216173600
2008-07-17,493.0,493.0,490.0,490.0,12929800,1216260000
2008-07-18,480.0,487.0,480.0,483.0,25846350,1216346400
2008-07-21,473.0,473.0,470.0,471.0,14105170,1216605600
2008-07-22,461.0,461.0,458.0,458.0,1647240,1216692000
2008-07-23,451.0,451.0,446.0,446.0,1644530,1216778400
2008-07-24,436.0,441.0,434.0,436.0,22557110,1216864800
2008-07-25,428.0,429.0,427.0,429.0,8888450,1216951200
2008-07-28,426.0,435.0,426.0,435.0,13393330,1217210400
2008-07-29,443.0,445.0,443.0,444.0,13066180,1217296800
2008-07-30,448.0,448.0,447.0,448.0,19066860,1217383200
2008-07-31,447.0,451.0,445.0,451.0,12261080,1217469600
2008-08-01,447.0,450.0,446.0,447.0,11136740,1217556000
2008-08-04,439.0,441.0,438.0,439.0,11514420,1217815200
2008-08-05,430.0,430.0,429.0,430.0,9914390,1217901600
2008-08-06,431.0,437.0,431.0,437.0,15685970,1217988000
2008-08-07,447.0,447.0,439.0,439.0,16138900,1218074400
2008-08-08,442.0,444.0,439.0,444.0,13855730,1218160800
2008-08-11,455.0,455.0,454.0,455.0,13040980,1218420000
2008-08-12,464.0,465.0,456.0,460.0,21698800,1218506400
2008-08-13,460.0,465.0,457.0,464.0,19909170,1218592800
2008-08-14,470.0,476.0,470.0,476.0,18550500,1218679200
2008-08-15,489.0,489.0,489.0,489.0,8824290,1218765600
2008-08-18,504.14,508.48,504.14,508.05,18106750,1219024800
2008-08-19,521.0,521.0,507.0,512.0,32034240,1219111200
2008-08-20,498.0,515.0,498.0,508.0,30560540,1219197600
2008-08-21,513.0,526.0,511.0,526.0,23831770,1219284000
2008-08-22,536.0,537.0,527.0,527.0,21493410,1219370400
2008-08-25,545.0,548.0,543.0,548.0,18926500,1219629600
2008-08-26,568.0,569.0,562.0,562.0,15598530,1219716000
2008-08-27,569.0,576.0,562.0,562.0,28847870,1219802400
2008-08-28,550.0,551.0,547.0,548.0,35355960,1219888800
2008-08-29,533.0,539.0,531.0,539.0,30771040,1219975200
2008-09-03,553.0,559.0,553.0,555.0,16118760,1220407200
2008-09-04,557.0,559.0,550.0,559.0,28536610,1220493600
2008-09-05,551.0,553.0,547.0,547.0,19832940,1220580000
2008-09-08,528.0,536.0,527.0,533.0,34175000,1220839200
2008-09-09,533.0,542.0,525.0,525.0,28118610,1220925600
2008-09-10,530.0,530.0,509.0,514.0,26037190,1221012000
2008-09-11,499.0,500.0,497.0,497.0,15818230,1221098400
2008-09-12,477.0,479.0,475.0,476.0,14209980,1221184800
2008-09-15,470.0,493.0,470.0,477.0,28895380,1221444000
2008-09-16,466.0,466.0,456.0,456.0,15612530,1221530400
2008-09-17,436.0,439.0,436.0,437.0,13520670,1221616800
2008-09-18,417.0,419.0,417.0,419.0,9997780,1221703200
2008-09-19,434.0,439.0,434.0,439.0,23006060,1221789600
2008-09-22,460.0,460.0,460.0,460.0,7469270,1222048800
2008-09-23,456.0,475.0,453.0,466.0,37296700,1222135200
2008-09-24,461.0,466.0,455.0,455.0,12838380,1222221600
2008-09-25,459.0,470.0,459.0,470.0,17035000,1222308000
2008-09-26,490.0,490.0,476.0,484.0,21646310,1222394400
2008-09-29,477.0,487.0,472.0,479.0,18211300,1222653600
2008-09-30,457.0,457.0,457.0,457.0,4028610,1222740000
2008-10-01,463.0,464.0,448.0,454.0,18501690,1222826400
2008-10-02,466.0,467.0,454.0,460.0,14125430,1222912800
2008-10-03,449.0,457.0,449.0,452.0,10182880,1222999200
2008-10-06,437.0,437.0,432.0,434.0,13695670,1223258400
2008-10-07,414.0,415.0,414.0,414.0,9634280,1223344800
2008-10-08,397.0,402.0,397.0,401.0,14252100,1223431200
2008-10-09,390.0,410.0,390.0,398.0,20550390,1223517600
2008-10-10,379.0,382.0,379.0,379.0,15673590,1223604000
2008-10-13,378.0,381.0,371.0,372.0,12501440,1223863200
2008-10-14,382.0,389.0,382.0,389.0,8214550,1223949600
2008-10-15,400.0,400.0,389.0,397.0,23747270,1224036000
2008-10-16,380.0,388.0,380.0,385.0,12332640,1224122400
2008-10-17,386.0,386.0,382.0,383.0,10877850,1224208800
2008-10-20,377.0,378.0,371.0,371.0,10296200,1224468000
2008-10-21,380.0,380.0,373.0,380.0,14945820,1224554400
2008-10-22,370.0,375.0,370.0,375.0,9635690,1224640800
2008-10-23,361.0,363.0,359.0,360.0,12392000,1224727200
2008-10-24,347.0,348.0,345.0,345.0,11515800,1224813600
2008-10-27,329.0,330.0,329.0,329.0,11916940,1225072800
2008-10-28,314.0,323.0,314.0,323.0,15414820,1225159200
2008-10-29,337.0,337.0,329.0,332.0,19438910,1225245600
2008-10-30,330.0,337.0,328.0,337.0,15482080,1225332000
2008-10-31,343.0,347.0,343.0,347.0,11841670,1225418400
2008-11-03,349.0,351.0,344.0,348.0,15168130,1225677600
2008-11-04,349.0,363.0,349.0,361.0,17931470,1225764000
2008-11-05,378.0,378.0,377.0,378.0,14597490,1225850400
2008-11-06,372.0,388.0,370.0,380.0,28978580,1225936800
2008-11-07,366.0,372.0,365.0,366.0,16803770,1226023200
2008-11-10,368.0,372.0,366.0,366.0,14800470,1226282400
2008-11-11,356.0,357.0,351.0,352.0,13944010,1226368800
2008-11-12,339.0,342.0,339.0,342.0,11596480,1226455200
2008-11-13,335.0,348.0,335.0,346.0,13113660,1226541600
2008-11-14,357.0,357.0,352.0,352.0,13090700,1226628000
2008-11-17,347.0,349.0,345.0,345.0,8717380,1226887200
2008-11-18,339.0,342.0,338.0,341.0,9797510,1226973600
2008-11-19,343.0,343.0,337.0,337.0,8850100,1227060000
2008-11-20,327.0,329.0,325.0,326.0,13949080,1227146400
2008-11-21,315.0,322.0,315.0,319.0,15586400,1227232800
2008-11-24,323.0,323.0,317.0,317.0,11031670,1227492000
2008-11-25,320.0,320.0,318.0,320.0,10384120,1227578400
2008-11-26,318.0,318.0,312.0,312.0,9566850,1227664800
2008-11-27,309.0,310.0,304.0,304.0,12054370,1227751200
2008-11-28,311.0,315.0,311.0,315.0,11575470,1227837600
2008-12-01,313.0,317.0,310.0,315.0,9996430,1228096800
2008-12-02,306.0,308.0,306.0,307.0,7442530,1228183200
2008-12-03,308.0,308.0,304.0,306.0,7526120,1228269600
2008-12-04,306.0,311.0,306.0,309.0,9529320,1228356000
2008-12-05,304.0,304.0,299.0,300.0,9960810,1228442400
2008-12-08,292.0,292.0,288.0,289.0,9817210,1228701600
2008-12-09,286.0,293.0,286.0,293.0,8266370,1228788000
2008-12-10,290.0,290.0,287.0,287.0,6999430,1228874400
2008-12-11,286.0,289.0,284.0,289.0,7254460,1228960800
2008-12-12,296.0,300.0,295.0,300.0,11186550,1229047200
2008-12-15,308.0,308.0,304.0,308.0,9362850,1229306400
2008-12-16,306.0,306.0,296.0,296.0,11430030,1229392800
2008-12-17,295.0,302.0,293.0,301.0,10509610,1229479200
2008-12-18,301.0,306.0,300.0,306.0,10140760,1229565600
2008-12-19,305.0,310.0,305.0,307.0,10763720,1229652000
2008-12-22,314.0,315.0,310.0,310.0,10463800,1229911200
2008-12-23,304.0,305.0,302.0,304.0,11540100,1229997600
2008-12-24,299.0,304.0,299.0,304.0,8447610,1230084000
2008-12-25,304.0,304.0,302.0,302.0,6584780,1230170400
2008-12-26,301.0,304.0,300.0,304.0,7639350,1230256800
2008-12-29,306.0,309.0,306.0,309.0,7568350,1230516000
2008-12-30,311.0,316.0,310.0,316.0,13054420,1230602400
2008-12-31,319.0,319.0,314.0,316.0,13692890,1230688800
2009-01-02,312.49,313.34,312.18,313.34,5305000,1230861600
2009-01-05,308.77,311.91,308.25,311.91,7542850,1231120800
2009-01-06,312.91,315.02,312.88,314.04,11435090,1231207200
2009-01-07,320.4,322.59,319.29,319.58,14095390,1231293600
2009-01-08,315.92,318.79,313.04,314.15,12863470,1231380000
2009-01-09,313.75,313.82,312.12,313.4,7495830,1231466400
2009-01-12,311.24,312.65,310.33,312.18,5733900,1231725600
2009-01-13,308.57,309.16,306.92,307.13,7432920,1231812000
2009-01-14,306.14,310.33,306.14,307.98,6760660,1231898400
2009-01-15,304.31,305.54,304.01,304.01,5829210,1231984800
2009-01-16,305.72,307.1,305.04,306.12,6686790,1232071200
2009-01-19,305.89,306.38,304.53,304.98,4461740,1232330400
2009-01-20,303.11,303.53,302.74,302.86,5190080,1232416800
2009-01-21,300.92,301.97,300.02,300.04,4808310,1232503200
2009-01-22,300.68,302.29,300.68,301.12,4537350,1232589600
2009-01-23,300.38,303.21,300.38,303.21,4027570,1232676000
2009-02-02,301.12,301.29,297.52,297.52,4648400,1233540000
2009-02-03,291.6,292.18,288.69,288.69,8010140,1233626400
2009-02-04,286.83,290.99,286.11,286.11,5568690,1233712800
2009-02-05,284.34,284.34,277.81,277.81,7236650,1233799200
2009-02-06,279.74,281.63,277.06,281.63,7163930,1233885600
2009-02-09,285.55,287.83,284.29,287.57,5640640,1234144800
2009-02-10,282.82,283.15,281.6,282.02,5873970,1234231200
2009-02-11,275.06,276.71,274.83,276.22,7287020,1234317600
2009-02-12,275.37,277.83,275.37,276.09,8041900,1234404000
2009-02-13,274.21,275.29,274.21,274.51,5541050,1234490400
2009-02-16,274.86,274.91,272.07,272.31,5440700,1234749600
2009-02-17,268.76,269.3,263.07,263.07,9548010,1234836000
2009-02-18,255.18,256.74,254.2,255.09,10922920,1234922400
2009-02-19,257.31,258.21,253.37,254.85,9261080,1235008800
2009-02-20,252.42,252.57,250.54,252.57,7487330,1235095200
2009-02-23,247.04,247.64,243.81,244.02,9740090,1235354400
2009-02-24,236.57,236.7,234.66,235.5,10265110,1235440800
2009-02-25,241.9,244.46,241.45,244.33,9270120,1235527200
2009-02-26,241.78,242.76,237.88,242.53,12662640,1235613600
2009-02-27,239.75,246.06,239.69,245.74,8211690,1235700000
2009-03-02,244.23,247.74,244.23,247.66,7240370,1235959200
2009-03-03,241.79,242.51,240.96,241.46,8790690,1236045600
2009-03-04,243.07,245.37,242.92,244.36,7625520,1236132000
2009-03-05,249.69,249.69,246.68,246.68,8493410,1236218400
2009-03-06,244.6,245.7,243.76,245.7,7150480,1236304800
2009-03-09,246.99,247.85,246.52,247.85,8622580,1236564000
2009-03-10,249.71,251.88,248.0,251.88,11931040,1236650400
2009-03-11,258.42,258.42,255.85,255.85,17125210,1236736800
2009-03-12,251.87,254.42,249.76,251.01,19311700,1236823200
2009-03-13,252.55,253.23,251.44,251.44,11705290,1236909600
2009-03-16,252.68,254.56,252.45,254.56,10710810,1237168800
2009-03-17,257.6,263.2,257.6,263.2,20664940,1237255200
2009-03-18,273.29,273.39,272.42,273.39,25942490,1237341600
2009-03-19,272.81,276.81,267.04,267.04,31972950,1237428000
2009-03-20,264.76,269.9,264.76,266.62,16469800,1237514400
2009-03-23,264.86,265.11,260.16,260.16,15290470,1237773600
2009-03-24,271.2,271.4,269.5,270.6,20094620,1237860000
2009-03-25,270.0,278.3,269.6,277.6,26488750,1237946400
2009-03-26,285.3,286.3,283.3,286.3,25906030,1238032800
2009-03-27,287.4,292.9,287.4,287.41,34944260,1238119200
2009-03-30,281.44,287.09,281.06,282.38,23675060,1238378400
2009-03-31,278.5,280.7,276.6,280.7,22476740,1238464800
2009-04-01,282.1,289.5,282.1,289.5,19997530,1238551200
2009-04-02,294.0,297.3,292.4,297.3,28572200,1238637600
2009-04-03,306.6,310.3,306.6,310.3,38327280,1238724000
2009-04-07,313.7,322.4,309.8,322.4,41795600,1239069600
2009-04-08,316.7,328.5,313.4,313.8,54502480,1239156000
2009-04-09,316.7,316.7,310.0,311.7,34216950,1239242400
2009-04-10,323.7,325.9,323.7,325.1,26476490,1239328800
2009-04-13,334.43,340.01,334.43,340.01,23603180,1239588000
2009-04-14,344.2,347.8,339.2,347.1,52174170,1239674400
2009-04-15,344.1,347.8,338.6,339.3,60394430,1239760800
2009-04-16,346.2,346.2,339.7,343.9,43725200,1239847200
2009-04-17,341.2,341.2,329.3,334.1,67675990,1239933600
2009-04-20,334.1,334.1,318.9,318.9,17434080,1240192800
2009-04-21,309.8,312.8,305.0,312.8,26530510,1240279200
2009-04-22,313.9,323.9,313.9,321.9,51332890,1240365600
2009-04-23,320.5,324.9,315.2,315.2,28621050,1240452000
2009-04-24,308.6,309.9,304.5,309.9,28158260,1240538400
2009-04-27,315.6,316.8,311.1,313.7,20573570,1240797600
2009-04-28,310.4,315.7,310.4,315.7,21107590,1240884000
2009-04-29,315.7,321.6,315.4,321.6,25323680,1240970400
2009-05-04,336.3,336.6,336.3,336.6,12271080,1241402400
2009-05-05,352.5,352.6,351.1,351.3,25136930,1241488800
2009-05-06,355.2,357.5,348.8,350.1,77884110,1241575200
2009-05-07,358.0,364.5,358.0,363.9,41021160,1241661600
2009-05-08,363.9,370.7,363.9,366.2,47862640,1241748000
2009-05-11,371.3,376.9,370.4,373.0,42913300,1242007200
2009-05-12,374.1,382.1,371.1,382.0,43794340,1242093600
2009-05-13,381.6,386.3,378.3,378.3,50512690,1242180000
2009-05-14,373.4,376.8,368.1,376.8,52400040,1242266400
2009-05-15,379.4,390.2,379.4,390.2,49849470,1242352800
2009-05-18,390.4,395.4,390.4,390.9,49053340,1242612000
2009-05-19,399.6,404.4,399.3,400.9,49444330,1242698400
2009-05-20,402.4,412.2,402.4,410.4,56801480,1242784800
2009-05-21,410.9,416.9,410.9,412.5,58775070,1242871200
2009-05-22,408.3,410.3,400.9,404.6,69900520,1242957600
2009-05-25,409.5,422.1,409.5,421.8,43316520,1243216800
2009-05-26,425.1,429.9,424.0,425.0,53017890,1243303200
2009-05-27,426.5,431.4,423.2,425.2,56729360,1243389600
2009-05-28,421.9,421.9,414.7,415.5,46833530,1243476000
2009-05-29,419.4,420.3,409.0,411.6,47651740,1243562400
2009-06-01,418.8,427.6,418.4,426.4,40514250,1243821600
2009-06-02,436.0,446.1,436.0,440.6,50497500,1243908000
2009-06-03,443.2,447.3,442.6,444.8,55648910,1243994400
2009-06-04,446.2,458.4,446.2,458.2,58348320,1244080800
2009-06-05,464.7,479.2,464.7,478.7,43781850,1244167200
2009-06-08,489.0,501.5,489.0,501.5,27903790,1244426400
2009-06-09,503.7,514.7,503.7,512.5,75303970,1244512800
2009-06-10,509.1,510.3,494.6,497.5,100161160,1244599200
2009-06-11,499.7,514.4,499.7,511.3,62586370,1244685600
2009-06-12,520.0,525.0,509.0,510.0,64516980,1244772000
2009-06-15,506.0,506.0,487.3,493.5,72622120,1245031200
2009-06-16,477.5,477.5,471.1,472.0,44881890,1245117600
2009-06-17,465.3,472.5,455.8,472.5,67012440,1245204000
2009-06-18,476.6,487.6,474.7,479.3,55720310,1245290400
2009-06-19,485.8,486.9,472.1,475.2,48715940,1245376800
2009-06-22,462.0,464.0,456.4,458.1,40227350,1245636000
2009-06-23,442.5,442.5,437.5,438.6,29760100,1245722400
2009-06-24,440.7,457.5,440.7,456.2,50251550,1245808800
2009-06-25,471.4,471.4,453.3,453.8,51981940,1245895200
2009-06-26,453.5,461.4,453.5,461.4,36532970,1245981600
2009-06-29,462.0,466.0,459.7,460.4,27093160,1246240800
2009-06-30,462.5,462.5,447.7,448.3,37731500,1246327200
2009-07-01,439.6,439.6,429.5,430.0,41192040,1246413600
2009-07-02,427.9,436.9,422.4,433.8,40024850,1246500000
2009-07-03,425.1,435.4,425.1,435.4,26028070,1246586400
2009-07-06,442.4,454.3,442.4,454.3,30172190,1246845600
2009-07-07,450.5,455.4,447.2,447.6,34163560,1246932000
2009-07-08,443.0,449.0,440.4,446.8,31759960,1247018400
2009-07-09,450.1,452.1,445.4,446.4,26736780,1247104800
2009-07-10,445.8,446.0,437.3,438.8,33859940,1247191200
2009-07-13,435.8,435.8,426.7,426.7,29376180,1247450400
2009-07-14,425.1,425.5,415.8,418.6,31746010,1247536800
2009-07-15,424.1,430.8,424.1,427.1,21987390,1247623200
2009-07-16,438.1,440.4,432.2,433.5,29207090,1247709600
2009-07-17,431.9,431.9,427.8,428.7,23368410,1247796000
2009-07-20,415.0,415.0,411.0,413.0,28422960,1248055200
2009-07-21,413.0,418.0,412.0,416.0,25452050,1248141600
2009-07-22,423.0,423.0,419.0,419.0,19832810,1248228000
2009-07-23,418.0,434.0,417.0,434.0,24900050,1248314400
2009-07-24,445.0,455.0,445.0,455.0,26118290,1248400800
2009-07-27,462.0,470.0,460.0,470.0,60803472,1248660000
2009-07-28,467.0,473.0,463.0,463.0,60977440,1248746400
2009-07-29,464.0,470.0,458.0,458.0,35239060,1248832800
2009-07-30,452.0,455.0,445.0,452.0,31316060,1248919200
2009-07-31,458.0,467.0,458.0,467.0,38149980,1249005600
2009-08-03,467.0,473.0,465.0,468.0,34165192,1249264800
2009-08-04,475.0,478.0,473.0,477.0,45312632,1249351200
2009-08-05,474.0,481.0,472.0,481.0,40595392,1249437600
2009-08-06,482.0,491.0,481.0,481.0,59927752,1249524000
2009-08-07,480.0,483.0,479.0,481.0,41578608,1249610400
2009-08-10,486.0,492.0,484.0,491.0,46840640,1249869600
2009-08-11,491.0,495.0,490.0,494.0,49879728,1249956000
2009-08-12,499.0,502.0,497.0,497.0,63934680,1250042400
2009-08-13,502.0,507.0,502.0,504.0,69285928,1250128800
2009-08-14,504.0,509.0,503.0,507.0,55223432,1250215200
2009-08-17,505.0,509.0,500.0,500.0,43957072,1250474400
2009-08-18,497.0,502.0,495.0,500.0,47360260,1250560800
2009-08-19,505.0,508.0,503.0,508.0,44448020,1250647200
2009-08-20,514.0,515.0,510.0,514.0,59584128,1250733600
2009-08-21,522.0,530.0,519.0,519.0,82431504,1250820000
2009-08-24,522.0,529.0,522.0,528.0,56972712,1251079200
2009-08-25,532.0,532.9,527.1,528.9,61852160,1251165600
2009-08-26,530.0,533.0,526.0,526.0,51786912,1251252000
2009-08-27,527.1,529.7,523.2,527.0,48910280,1251338400
2009-08-28,533.6,536.5,530.7,536.5,55761450,1251424800
2009-08-31,541.9,547.4,541.9,546.8,70558540,1251684000
2009-09-01,545.1,549.6,542.4,547.7,71738760,1251770400
2009-09-03,541.0,548.4,539.5,540.8,67326860,1251943200
2009-09-04,543.0,544.3,528.5,528.5,78237490,1252029600
2009-09-07,528.0,528.0,513.0,525.0,59664472,1252288800
2009-09-08,530.0,538.6,529.8,537.8,47440160,1252375200
2009-09-09,539.9,542.0,536.1,536.1,54559910,1252461600
2009-09-10,535.5,541.9,535.4,540.2,52585190,1252548000
2009-09-11,549.0,549.6,547.8,548.0,62070160,1252634400
2009-09-14,551.7,559.7,551.7,556.6,63884330,1252893600
2009-09-15,558.4,562.2,553.3,556.8,70639090,1252980000
2009-09-16,560.5,562.5,557.0,557.0,67280870,1253066400
2009-09-17,559.4,564.2,553.2,561.2,73312740,1253152800
2009-09-18,561.7,571.0,561.7,571.0,64250690,1253239200
2009-09-21,578.3,581.0,578.0,578.0,66601440,1253498400
2009-09-22,578.6,585.5,577.9,582.9,74148460,1253584800
2009-09-23,587.4,594.3,582.1,582.1,90293410,1253671200
2009-09-24,576.8,583.6,572.2,574.8,71689340,1253757600
2009-09-25,574.1,582.8,574.1,582.8,75909160,1253844000
2009-09-28,585.8,590.9,582.0,582.0,74504370,1254103200
2009-09-29,582.1,587.9,581.2,582.6,83780450,1254189600
2009-09-30,583.2,586.3,578.3,580.9,73157260,1254276000
2009-10-01,581.8,581.8,569.0,569.0,63138620,1254362400
2009-10-02,553.0,556.2,544.3,549.7,75683670,1254448800
2009-10-05,553.2,556.6,543.2,549.0,45597460,1254708000
2009-10-06,554.1,557.1,550.5,552.0,42688800,1254794400
2009-10-07,560.8,569.6,560.2,566.4,44421430,1254880800
2009-10-08,570.5,571.8,566.0,571.8,50705230,1254967200
2009-10-09,575.4,582.5,575.4,582.0,68279880,1255053600
2009-10-12,588.7,595.7,587.1,594.3,73675180,1255312800
2009-10-13,594.2,597.4,589.5,589.9,83920770,1255399200
2009-10-14,590.8,605.7,590.8,605.7,83222940,1255485600
2009-10-15,612.0,626.1,612.0,617.4,104311820,1255572000
2009-10-16,616.4,619.5,609.5,609.5,120589600,1255658400
2009-10-19,609.0,612.0,605.8,607.1,84897460,1255917600
2009-10-20,615.3,617.1,613.6,616.6,84096760,1256004000
2009-10-21,617.1,622.3,614.7,618.5,89702430,1256090400
2009-10-22,619.5,625.0,619.1,624.1,91558350,1256176800
2009-10-23,626.1,633.2,615.7,615.2,132971030,1256263200
2009-10-26,615.6,623.7,608.3,609.3,83571370,1256522400
2009-10-27,602.6,602.6,590.7,596.8,91426150,1256608800
2009-10-28,603.0,604.8,596.4,599.9,65818350,1256695200
2009-10-29,584.6,585.6,575.7,581.5,81981880,1256781600
2009-10-30,590.9,594.7,583.8,587.1,65073020,1256868000
2009-11-02,565.9,565.9,560.0,561.7,59125540,1257127200
2009-11-03,557.1,557.1,539.5,539.7,60889670,1257213600
2009-11-04,537.8,550.3,533.2,537.5,57252090,1257300000
2009-11-05,545.6,556.6,542.3,555.5,54111090,1257386400
2009-11-06,565.7,569.7,554.9,554.9,56748600,1257472800
2009-11-09,544.9,547.3,534.1,534.1,45671980,1257732000
2009-11-10,534.8,535.7,520.0,524.4,49635330,1257818400
2009-11-11,526.3,537.6,523.1,537.6,41947360,1257904800
2009-11-12,541.4,550.8,540.6,546.0,48062340,1257991200
2009-11-13,540.6,549.2,536.9,548.2,45700040,1258077600
2009-11-16,551.0,554.5,545.7,545.7,45902840,1258336800
2009-11-17,549.2,550.1,543.6,547.1,49226020,1258423200
2009-11-18,547.2,553.8,544.0,553.8,49824400,1258509600
2009-11-19,547.2,553.8,544.0,560.1,60726660,1258596000
2009-11-20,558.0,562.0,554.0,556.0,50624352,1258682400
2009-11-23,552.0,553.0,537.0,537.0,47413320,1258941600
2009-11-24,535.6,538.8,526.9,527.1,42008390,1259028000
2009-11-25,519.7,519.7,503.2,503.4,60847670,1259114400
2009-11-26,495.6,495.6,479.4,482.6,36424610,1259200800
2009-11-27,464.7,503.1,461.5,490.6,65417960,1259287200
2009-11-30,494.1,506.7,494.1,504.1,34800450,1259546400
2009-12-01,513.4,518.3,512.2,514.9,39262100,1259632800
2009-12-02,507.5,514.8,499.1,499.1,51565700,1259719200
2009-12-03,494.6,502.1,485.6,494.8,40216680,1259805600
2009-12-04,499.9,500.0,493.4,495.0,32537850,1259892000
2009-12-07,495.0,499.0,492.0,499.0,25273370,1260151200
2009-12-08,494.6,496.0,485.6,488.5,30935120,1260237600
2009-12-09,473.3,474.6,468.4,470.6,44510490,1260324000
2009-12-10,474.6,474.6,458.7,458.7,36521640,1260410400
2009-12-11,450.6,452.5,442.6,444.2,37826570,1260496800
2009-12-14,449.3,460.8,447.9,458.4,39709410,1260756000
2009-12-15,458.4,463.4,454.8,459.4,28402360,1260842400
2009-12-16,452.2,452.2,440.2,442.1,32984570,1260928800
2009-12-17,432.4,436.4,427.1,434.9,34934340,1261015200
2009-12-18,440.9,449.6,440.9,443.3,49000880,1261101600
2009-12-21,457.1,461.0,452.6,461.0,31555620,1261360800
2009-12-22,468.0,470.9,462.9,465.2,42855110,1261447200
2009-12-23,464.1,471.4,463.3,470.8,34958360,1261533600
2009-12-24,469.2,479.1,464.4,479.1,43905410,1261620000
2009-12-25,487.9,495.8,487.2,495.1,50134080,1261706400
2009-12-28,490.7,499.0,485.8,492.6,44222100,1261965600
2009-12-29,487.6,493.7,483.8,484.5,41765310,1262052000
2009-12-30,483.1,495.4,483.1,495.4,50427540,1262138400
2009-12-31,502.8,504.8,494.8,494.8,58858220,1262224800
2010-01-04,501.7,517.1,501.7,517.1,42051600,1262570400
2010-01-05,538.8,539.4,530.2,532.5,66619450,1262656800
2010-01-06,527.4,538.8,526.4,534.5,64222280,1262743200
2010-01-07,536.8,540.8,530.7,533.3,66287110,1262829600
2010-01-08,541.0,544.5,520.9,520.9,76177100,1262916000
2010-01-11,522.8,524.1,512.2,515.1,42904970,1263175200
2010-01-12,511.2,516.8,498.3,498.3,50751560,1263261600
2010-01-13,495.7,508.6,485.8,508.6,52968720,1263348000
2010-01-14,516.4,517.7,509.3,512.3,33851840,1263434400
2010-01-15,509.2,512.6,503.3,505.4,36355610,1263520800
2010-01-18,499.2,499.2,487.1,487.1,39253920,1263780000
2010-01-19,489.8,498.1,489.8,495.5,32298020,1263866400
2010-01-20,498.9,499.2,489.5,489.5,30775080,1263952800
2010-01-21,482.0,489.5,477.8,478.4,38873460,1264039200
2010-01-22,474.1,481.7,471.9,477.6,27517620,1264125600
2010-01-25,476.8,481.0,476.8,480.9,19454520,1264384800
2010-01-26,490.1,497.9,490.1,497.9,32246580,1264471200
2010-01-27,496.9,498.2,486.4,486.4,32131720,1264557600
2010-01-28,484.7,487.8,481.5,481.8,20803730,1264644000
2010-01-29,481.5,484.2,477.1,482.0,24187770,1264730400
2010-02-01,482.9,487.0,481.8,487.0,20695680,1264989600
2010-02-02,489.6,490.9,486.2,487.9,24044320,1265076000
2010-02-03,490.3,495.9,490.1,495.5,24485310,1265162400
2010-02-04,496.3,504.4,496.0,503.8,34272400,1265248800
2010-02-05,495.7,501.1,491.1,493.0,31741600,1265335200
2010-02-08,488.9,491.7,487.7,491.2,19118380,1265594400
2010-02-09,487.0,488.8,482.4,482.9,21152200,1265680800
2010-02-10,486.9,491.2,486.9,490.9,15468550,1265767200
2010-02-11,493.0,500.0,491.9,499.9,18570470,1265853600
2010-02-12,505.3,508.7,504.8,507.0,22150560,1265940000
2010-02-22,513.2,513.2,507.9,510.0,19131920,1266804000
2010-02-23,504.5,504.5,496.3,496.3,24352140,1266890400
2010-02-24,492.9,494.9,490.2,494.6,24796880,1266976800
2010-02-25,497.5,500.2,493.7,495.0,26741270,1267063200
2010-02-26,494.3,496.9,492.0,496.9,31102610,1267149600
2010-03-01,502.6,505.3,502.4,503.0,32389410,1267408800
2010-03-02,504.0,505.6,500.1,501.0,34862300,1267495200
2010-03-03,505.0,507.3,502.0,507.3,36152370,1267581600
2010-03-04,510.9,516.8,510.9,511.9,47852720,1267668000
2010-03-05,512.7,514.5,509.6,513.4,44095840,1267754400
2010-03-08,517.0,522.8,517.0,521.1,53071450,1268013600
2010-03-09,520.9,527.3,520.1,527.3,60441560,1268100000
2010-03-10,526.2,529.6,522.8,525.7,55713450,1268186400
2010-03-11,526.9,529.5,524.4,524.6,50966990,1268272800
2010-03-12,528.9,531.5,526.7,531.5,53686140,1268359200
2010-03-15,538.0,538.0,531.6,531.9,54199710,1268618400
2010-03-16,526.1,529.6,516.1,516.1,64874240,1268704800
2010-03-17,519.9,520.1,510.9,510.9,49838910,1268791200
2010-03-18,515.2,519.7,510.5,519.7,44323480,1268877600
2010-03-19,520.1,521.2,516.0,516.0,53468830,1268964000
2010-03-22,515.7,517.8,511.6,511.6,39977520,1269223200
2010-03-23,512.2,513.1,506.5,506.5,44044890,1269309600
2010-03-24,511.1,512.9,508.8,512.1,43396280,1269396000
2010-03-25,507.9,508.8,502.2,503.4,50206760,1269482400
2010-03-26,505.5,506.4,501.6,505.3,47585270,1269568800
2010-03-29,506.7,509.2,504.1,505.7,35472710,1269828000
2010-03-30,504.7,506.3,500.7,500.7,47215800,1269914400
2010-03-31,501.9,504.0,499.2,499.2,45342680,1270000800
2010-04-01,500.4,508.9,500.0,508.2,41808030,1270087200
2010-04-02,510.4,513.0,508.5,510.5,39486490,1270173600
2010-04-05,514.2,516.3,513.5,514.8,41859130,1270432800
2010-04-06,517.5,520.3,515.3,515.3,66656790,1270519200
2010-04-07,516.3,517.3,512.5,515.8,48659250,1270605600
2010-04-08,515.7,519.4,514.7,515.9,54227900,1270692000
2010-04-09,517.1,519.6,516.4,517.4,59536420,1270778400
2010-04-12,522.1,523.2,519.5,519.9,52162000,1271037600
2010-04-13,521.0,523.1,518.0,518.0,50547580,1271124000
2010-04-14,518.6,518.7,515.8,516.2,42719810,1271210400
2010-04-15,521.0,521.5,518.4,521.5,50686190,1271296800
2010-04-16,523.7,524.0,521.5,522.0,59353900,1271383200
2010-04-19,521.4,521.7,516.7,516.7,57018190,1271642400
2010-04-20,517.4,519.7,515.2,515.2,54803770,1271728800
2010-04-21,517.5,520.2,517.5,519.7,53769580,1271815200
2010-04-22,521.9,531.0,521.9,529.3,77539180,1271901600
2010-04-26,531.7,535.4,531.2,531.2,63178720,1272247200
2010-04-27,532.7,536.2,531.6,535.7,54218510,1272333600
2010-04-28,536.1,539.8,536.1,539.2,58029450,1272420000
2010-04-29,541.4,542.7,541.2,542.4,72395920,1272506400
2010-05-04,544.5,550.6,544.5,549.1,86332860,1272938400
2010-05-05,548.8,551.4,546.1,548.0,82141870,1273024800
2010-05-06,549.2,551.4,547.0,549.5,78206620,1273111200
2010-05-07,548.2,548.2,536.5,542.0,105923850,1273197600
2010-05-10,541.5,541.5,532.4,534.4,76286050,1273456800
2010-05-11,537.9,539.9,532.7,534.4,65187810,1273543200
2010-05-12,527.5,527.5,519.6,519.6,65495340,1273629600
2010-05-13,521.9,524.2,516.1,518.9,54756390,1273716000
2010-05-14,522.9,523.5,520.0,520.7,41332440,1273802400
2010-05-17,521.3,521.7,509.5,511.3,51530730,1274061600
2010-05-18,510.5,510.8,505.1,508.3,41803840,1274148000
2010-05-19,503.7,504.6,494.9,494.9,56689090,1274234400
2010-05-20,481.8,503.6,481.7,503.6,53770960,1274320800
2010-05-21,484.3,490.3,482.2,483.7,57057270,1274407200
2010-05-24,485.1,489.6,479.6,486.2,38991860,1274666400
2010-05-25,484.9,490.3,482.9,486.3,41290920,1274752800
2010-05-26,491.5,492.7,488.3,492.7,37394010,1274839200
2010-05-27,491.6,497.2,489.8,497.2,37365130,1274925600
2010-05-28,509.5,513.3,506.4,513.0,56242530,1275012000
2010-05-31,510.5,513.4,506.3,507.4,39860020,1275271200
2010-06-01,505.2,509.1,503.7,508.7,35911060,1275357600
2010-06-02,505.2,511.1,504.8,510.7,37571380,1275444000
2010-06-03,516.2,516.2,511.2,511.2,44546290,1275530400
2010-06-04,511.9,513.0,508.8,510.4,45070860,1275616800
2010-06-07,498.9,502.2,495.0,496.9,49305700,1275876000
2010-06-08,494.1,498.0,493.2,497.2,36309260,1275962400
2010-06-09,500.1,502.5,497.2,497.6,31820080,1276048800
2010-06-10,497.0,500.6,495.4,500.5,30797770,1276135200
2010-06-11,505.1,506.8,504.3,504.3,38219010,1276221600
2010-06-14,506.6,509.4,506.3,508.3,39350540,1276480800
2010-06-15,509.3,510.2,506.5,508.0,44664500,1276567200
2010-06-16,510.4,513.1,510.4,510.7,47970250,1276653600
2010-06-17,510.3,511.2,508.4,510.8,44615300,1276740000
2010-06-18,511.9,514.0,509.4,511.2,50875170,1276826400
2010-06-21,515.1,515.8,514.0,514.8,46371750,1277085600
2010-06-22,512.8,515.4,511.3,512.6,74762560,1277172000
2010-06-23,510.3,514.4,508.8,512.8,44290230,1277258400
2010-06-24,513.6,515.0,511.7,511.7,50351690,1277344800
2010-06-25,506.1,509.6,505.1,505.1,50325960,1277431200
2010-06-28,505.4,507.7,505.3,507.3,41239710,1277690400
2010-06-29,509.8,511.4,509.5,510.7,41531730,1277776800
2010-06-30,501.2,507.1,501.1,507.1,47489060,1277863200
2010-07-01,504.1,506.6,503.7,504.0,40518620,1277949600
2010-07-02,505.2,505.6,502.5,503.7,37498110,1278036000
2010-07-05,505.7,507.1,504.5,506.5,35628810,1278295200
2010-07-06,505.8,505.8,500.7,500.8,45812930,1278381600
2010-07-07,502.5,503.8,496.9,496.9,39397660,1278468000
2010-07-08,502.1,502.2,498.6,498.6,36297140,1278554400
2010-07-09,499.1,501.1,499.0,499.5,28816790,1278640800
2010-07-12,499.8,500.4,497.2,499.9,28099180,1278900000
2010-07-13,505.4,509.9,502.6,509.1,43469690,1278986400
2010-07-14,512.2,512.8,507.3,507.3,49448520,1279072800
2010-07-15,505.8,507.6,505.0,505.2,38760690,1279159200
2010-07-16,505.5,507.1,504.2,506.2,43141430,1279245600
2010-07-19,504.3,506.8,503.2,506.8,40064560,1279504800
2010-07-20,507.0,507.3,505.2,506.6,42732900,1279591200
2010-07-21,507.2,507.3,505.4,505.4,44177260,1279677600
2010-07-22,503.1,503.6,500.0,500.3,45653210,1279764000
2010-07-23,502.8,502.9,499.7,500.3,36636840,1279850400
2010-07-26,501.2,501.9,498.1,498.1,39870750,1280109600
2010-07-27,499.0,501.9,497.7,497.7,41159910,1280196000
2010-07-28,497.4,497.9,491.0,491.0,39672950,1280282400
2010-07-29,488.9,492.9,488.9,491.1,35014480,1280368800
2010-07-30,491.3,495.1,491.3,493.9,39404910,1280455200
2010-08-02,494.8,495.3,491.3,491.6,34171500,1280714400
2010-08-03,493.4,496.5,491.9,491.9,38497170,1280800800
2010-08-04,490.3,490.3,484.7,486.7,34948650,1280887200
2010-08-05,488.8,489.2,485.4,486.2,31779900,1280973600
2010-08-06,485.2,485.2,482.4,482.8,30979570,1281060000
2010-08-09,482.7,482.7,472.5,472.7,39775680,1281319200
2010-08-10,468.8,469.3,458.2,461.7,48425490,1281405600
2010-08-11,463.1,465.9,458.9,463.1,33729110,1281492000
2010-08-12,457.5,458.6,448.3,448.4,46662940,1281578400
2010-08-13,441.1,452.7,441.1,452.7,38901820,1281664800
2010-08-16,458.1,464.8,456.9,464.8,36748910,1281924000
2010-08-17,461.9,463.9,457.2,463.5,31913320,1282010400
2010-08-18,461.8,462.1,453.2,455.5,34430900,1282096800
2010-08-19,454.5,455.9,450.1,452.2,25495110,1282183200
2010-08-20,452.1,454.8,444.4,454.8,31433450,1282269600
2010-08-23,453.1,453.1,447.9,447.9,20755050,1282528800
2010-08-24,441.7,441.7,433.6,434.4,42125950,1282615200
2010-08-25,427.01,428.46,421.3,423.89,48595740,1282701600
2010-08-26,425.5,429.1,421.8,427.1,37873000,1282788000
2010-08-27,423.1,431.2,421.7,429.1,30574580,1282874400
2010-08-30,439.3,445.4,439.3,444.6,32394550,1283133600
2010-08-31,447.9,455.4,445.4,455.1,52012250,1283220000
2010-09-01,456.5,458.8,451.8,458.8,44585390,1283306400
2010-09-06,463.9,464.5,463.9,466.0,53323290,1283738400
2010-09-07,463.4,467.4,458.9,460.6,51314870,1283824800
2010-09-08,454.3,458.4,453.0,458.4,52182480,1283911200
2010-09-09,462.5,465.7,459.9,463.7,45688650,1283997600
2010-09-10,463.5,464.3,451.4,451.4,51772570,1284084000
2010-09-13,449.0,452.5,442.4,447.3,43764390,1284343200
2010-09-14,451.0,451.5,448.0,449.0,34392250,1284429600
2010-09-15,449.1,450.5,444.7,448.7,33752200,1284516000
2010-09-16,445.7,450.9,445.5,449.5,28225130,1284602400
2010-09-17,451.5,453.8,450.6,457.6,46398130,1284688800
2010-09-20,462.0,462.8,457.9,457.9,48445710,1284948000
2010-09-21,457.7,457.9,453.3,453.3,55518560,1285034400
2010-09-22,453.0,455.8,453.0,453.9,29300790,1285120800
2010-09-23,451.4,453.7,447.2,450.8,43857260,1285207200
2010-09-24,449.1,452.3,448.2,449.7,32025770,1285293600
2010-09-27,451.2,452.5,449.4,450.2,32776240,1285552800
2010-09-28,452.1,455.1,452.1,455.1,34805670,1285639200
2010-09-29,458.0,458.0,452.9,452.9,29316750,1285725600
2010-09-30,452.7,454.5,451.3,454.5,30027520,1285812000
2010-10-01,454.4,455.5,451.7,451.7,27901710,1285898400
2010-10-04,452.4,452.4,444.0,445.8,45475870,1286157600
2010-10-05,440.9,451.0,440.6,451.0,31545370,1286244000
2010-10-06,452.9,460.7,452.8,460.7,33650890,1286330400
2010-10-07,462.0,467.6,460.2,462.1,34258650,1286416800
2010-10-08,462.0,467.6,460.2,459.3,28255370,1286503200
2010-10-11,457.4,461.5,456.6,459.3,19670910,1286762400
2010-10-12,457.2,459.9,453.7,454.3,25937800,1286848800
2010-10-13,453.2,457.7,452.2,457.7,21737290,1286935200
2010-10-14,459.8,460.9,457.9,458.7,21056210,1287021600
2010-10-15,457.1,458.4,455.7,458.4,22505540,1287108000
2010-10-18,458.4,459.4,456.0,457.6,19757170,1287367200
2010-10-19,458.4,459.4,451.8,454.3,31324510,1287453600
2010-10-20,450.8,451.0,441.2,442.2,36917430,1287540000
2010-10-21,442.1,445.3,440.6,445.1,26478530,1287626400
2010-10-22,444.8,446.4,441.5,445.2,24204440,1287712800
2010-10-25,444.7,448.6,443.1,448.6,23427100,1287972000
2010-10-26,450.2,458.2,450.2,455.1,30139330,1288058400
2010-10-27,455.2,455.9,448.9,450.0,23349570,1288144800
2010-10-28,448.6,451.5,448.3,450.1,20155160,1288231200
2010-10-29,450.5,452.8,450.3,452.6,22494310,1288317600
2010-11-01,451.8,451.9,449.8,451.1,18022230,1288576800
2010-11-02,448.6,448.9,445.6,446.3,23189030,1288663200
2010-11-03,445.3,445.8,442.3,444.2,22703120,1288749600
2010-11-04,444.1,449.0,444.0,449.0,23454830,1288836000
2010-11-05,452.4,457.3,450.1,457.3,29986290,1288922400
2010-11-08,457.5,458.7,454.4,457.1,27232590,1289181600
2010-11-09,455.6,455.7,449.4,449.4,30659160,1289268000
2010-11-10,447.7,451.3,447.6,451.3,21038880,1289354400
2010-11-11,451.2,451.6,446.3,446.7,23536990,1289440800
2010-11-12,444.8,446.9,436.5,441.6,38981270,1289527200
2010-11-15,440.6,443.1,432.7,433.5,26382340,1289786400
2010-11-16,431.1,431.3,425.1,426.9,30931860,1289872800
2010-11-17,426.9,430.2,424.3,425.5,25125790,1289959200
2010-11-18,427.7,432.1,427.7,430.7,26333370,1290045600
2010-11-19,434.4,434.4,426.5,426.5,24821140,1290132000
2010-11-22,422.7,426.2,420.0,426.2,23431540,1290391200
2010-11-23,426.2,430.8,426.0,430.8,22541430,1290477600
2010-11-24,430.5,434.5,428.0,434.5,25109750,1290564000
2010-11-25,434.7,440.2,434.7,439.9,31896320,1290650400
2010-11-26,441.9,443.7,437.3,439.9,32805180,1290736800
2010-11-29,437.9,446.4,436.4,446.4,30743560,1290996000
2010-11-30,450.2,456.3,450.2,451.6,62322660,1291082400
2010-12-01,451.0,453.6,448.1,449.9,45498940,1291168800
2010-12-02,450.1,457.4,448.2,457.4,60631830,1291255200
2010-12-03,462.3,467.2,462.3,464.4,68016080,1291341600
2010-12-06,467.3,468.8,462.9,465.6,85111340,1291600800
2010-12-07,461.7,466.1,460.8,460.8,81943820,1291687200
2010-12-08,459.4,461.6,452.6,452.8,68289030,1291773600
2010-12-09,450.6,460.8,450.2,460.5,57617350,1291860000
2010-12-10,464.8,473.1,462.4,473.1,72125620,1291946400
2010-12-13,485.8,490.3,485.7,490.2,77661930,1292205600
2010-12-14,493.7,496.4,480.6,489.7,122569420,1292292000
2010-12-15,492.8,497.1,491.5,493.5,85904270,1292378400
2010-12-16,484.7,489.7,479.7,480.2,73174400,1292464800
2010-12-17,483.0,485.3,476.3,485.3,69205020,1292551200
2010-12-20,487.6,488.3,478.3,478.3,62095470,1292810400
2010-12-21,471.2,483.4,470.1,481.8,61254930,1292896800
2010-12-22,488.3,488.7,481.5,481.5,52498410,1292983200
2010-12-23,481.7,481.7,475.4,475.4,50104360,1293069600
2010-12-24,474.2,477.8,470.8,472.8,36460270,1293156000
2010-12-27,475.7,476.1,469.6,473.1,31432870,1293415200
2010-12-28,471.7,479.3,471.7,479.3,46930710,1293501600
2010-12-29,480.5,481.2,476.5,478.8,47091620,1293588000
2010-12-30,477.2,481.5,477.2,481.4,37343490,1293674400
2010-12-31,480.9,485.2,480.1,484.7,38915530,1293760800
2011-01-04,485.7,487.8,481.7,486.0,27702590,1294106400
2011-01-05,487.9,487.9,481.9,481.9,31937170,1294192800
2011-01-06,480.9,483.2,479.9,482.3,27623660,1294279200
2011-01-07,482.8,483.9,481.4,481.9,27898990,1294365600
2011-01-10,483.7,485.1,479.6,481.9,31913610,1294624800
2011-01-11,478.0,480.8,475.5,477.4,33672520,1294711200
2011-01-12,480.8,481.7,477.5,478.5,25963280,1294797600
2011-01-13,480.0,485.0,479.6,484.1,24707820,1294884000
2011-01-14,487.1,490.1,486.5,489.2,35655170,1294970400
2011-01-17,492.9,498.5,492.4,495.2,38761030,1295229600
2011-01-18,497.1,501.3,496.0,497.4,36081550,1295316000
2011-01-19,504.9,507.9,503.1,505.9,37752610,1295402400
2011-01-20,510.2,514.1,510.2,512.0,34788830,1295488800
2011-01-21,518.3,521.2,518.2,519.5,42553960,1295575200
2011-01-24,525.7,525.7,509.9,509.9,33580000,1295834400
2011-01-25,504.1,506.1,501.9,502.0,31591460,1295920800
2011-01-26,498.2,502.0,498.2,501.3,18693150,1296007200
2011-01-27,501.3,503.4,498.1,502.7,25261730,1296093600
2011-01-28,502.8,511.9,502.8,510.6,34784690,1296180000
2011-02-08,515.7,521.5,515.6,520.7,23807620,1297130400
2011-02-09,528.7,529.2,522.5,522.6,30722510,1297216800
2011-02-10,523.3,526.6,519.5,520.2,29888370,1297303200
2011-02-11,522.8,522.8,516.4,520.0,32567040,1297389600
2011-02-14,520.7,522.4,514.1,514.1,32986530,1297648800
2011-02-15,509.3,518.0,509.3,517.9,32068120,1297735200
2011-02-16,520.0,520.0,513.0,513.0,27859030,1297821600
2011-02-17,510.7,511.0,505.5,509.8,33492100,1297908000
2011-02-18,509.1,510.8,502.6,503.9,35958100,1297994400
2011-02-21,497.7,497.7,481.9,483.7,47615090,1298253600
2011-02-22,467.4,471.7,467.4,470.0,48651700,1298340000
2011-02-23,469.0,474.0,466.9,470.7,34351200,1298426400
2011-02-24,462.4,462.9,455.7,461.3,39985780,1298512800
2011-02-25,460.6,468.0,458.0,467.0,24623090,1298599200
2011-02-28,467.1,474.2,461.4,461.4,29478850,1298858400
2011-03-01,458.2,466.1,458.1,466.1,20498410,1298944800
2011-03-02,464.3,466.3,453.3,457.8,44009210,1299031200
2011-03-03,449.8,457.1,449.8,452.3,28284590,1299117600
2011-03-04,454.7,459.2,452.6,459.2,25978170,1299204000
2011-03-07,465.2,468.2,464.4,468.2,21215060,1299463200
2011-03-08,471.8,477.5,471.8,475.4,24083640,1299549600
2011-03-09,474.8,475.2,466.7,470.5,25573120,1299636000
2011-03-10,467.5,482.5,467.5,482.5,33266730,1299722400
2011-03-11,490.1,496.2,490.1,495.1,38503770,1299808800
2011-03-14,492.0,493.2,479.9,479.9,42018980,1300068000
2011-03-15,470.5,476.3,468.2,468.7,30728400,1300154400
2011-03-16,467.2,470.6,461.6,463.6,28554040,1300240800
2011-03-17,461.5,468.3,457.0,460.5,32161500,1300327200
2011-03-18,459.4,461.9,454.7,461.1,45518990,1300413600
2011-03-21,467.2,469.5,464.8,468.3,35968290,1300672800
2011-03-22,470.2,471.0,464.8,464.8,31891240,1300759200
2011-03-23,464.0,468.0,464.0,467.6,27018860,1300845600
2011-03-24,465.1,468.6,461.3,461.3,25184420,1300932000
2011-03-25,461.2,462.7,457.7,457.7,24991060,1301018400
2011-03-28,458.4,463.4,456.7,459.5,20391140,1301277600
2011-03-29,460.7,462.3,456.0,457.9,27935590,1301364000
2011-03-30,455.9,460.1,454.6,460.0,24372760,1301450400
2011-03-31,462.3,465.3,460.7,461.1,21014340,1301536800
2011-04-01,460.8,463.1,458.6,459.2,19989320,1301623200
2011-04-04,460.0,460.7,457.3,457.3,19221130,1301882400
2011-04-05,458.2,459.1,454.9,457.2,17505740,1301968800
2011-04-06,458.5,464.9,458.1,464.9,23335120,1302055200
2011-04-07,464.7,465.9,462.0,463.5,22006610,1302141600
2011-04-08,462.5,464.5,462.2,464.3,17885380,1302228000
2011-04-13,464.2,464.7,461.0,461.0,15659150,1302660000
2011-04-14,459.9,462.3,459.9,460.6,18691580,1302746400
2011-04-15,462.2,463.5,460.9,461.0,22262560,1302832800
2011-04-18,458.4,459.2,454.8,455.5,22418490,1303092000
2011-04-19,453.6,457.6,453.5,453.7,16524710,1303178400
2011-04-20,454.6,458.5,454.3,458.5,16546430,1303264800
2011-04-21,458.4,462.7,458.3,460.3,17006300,1303351200
2011-04-22,460.9,462.4,454.0,456.5,21266860,1303437600
2011-04-25,459.0,467.0,459.0,465.6,21079130,1303696800
2011-04-26,463.8,468.1,461.5,461.9,19623170,1303783200
2011-04-27,466.0,469.3,463.7,469.3,19567290,1303869600
2011-04-28,472.2,474.7,472.2,472.9,16846370,1303956000
2011-04-29,477.4,481.1,477.1,480.1,18604900,1304042400
2011-05-04,483.3,488.0,482.6,486.6,16159210,1304474400
2011-05-05,486.0,487.0,476.5,479.3,16288750,1304560800
2011-05-06,472.5,473.6,470.1,472.7,14997140,1304647200
2011-05-09,469.0,477.5,467.8,477.5,16398710,1304906400
2011-05-10,479.0,481.7,478.6,481.3,14589400,1304992800
2011-05-11,479.1,483.7,479.1,483.2,15499200,1305079200
2011-05-12,483.1,484.7,480.1,482.1,14798160,1305165600
2011-05-13,482.0,482.5,478.6,479.7,16906020,1305252000
2011-05-16,479.0,481.5,471.5,471.5,18741240,1305511200
2011-05-17,471.5,474.6,464.4,464.4,20824430,1305597600
2011-05-18,458.4,459.2,451.5,454.9,25478660,1305684000
2011-05-19,450.9,456.5,444.9,444.9,20677330,1305770400
2011-05-20,444.9,444.9,432.2,432.9,24896000,1305856800
2011-05-23,430.5,430.5,416.1,417.8,28805780,1306116000
2011-05-24,407.2,407.6,402.1,402.6,32695470,1306202400
2011-05-25,388.6,389.9,385.7,386.4,28703320,1306288800
2011-05-26,386.4,398.0,371.0,398.0,41625890,1306375200
2011-05-27,406.8,410.8,405.8,410.8,26609500,1306461600
2011-05-30,417.1,417.4,412.0,412.1,24198710,1306720800
2011-05-31,415.0,421.4,414.9,421.4,19763890,1306807200
2011-06-01,423.0,435.7,420.9,435.7,28167240,1306893600
2011-06-02,446.7,450.6,446.0,450.6,31454970,1306980000
2011-06-03,461.9,461.9,436.5,443.4,44203980,1307066400
2011-06-06,435.0,436.9,430.2,433.8,18826220,1307325600
2011-06-07,443.1,448.4,441.4,443.7,29655170,1307412000
2011-06-08,445.4,447.0,436.2,439.6,32255700,1307498400
2011-06-09,439.8,444.1,437.9,444.0,26247260,1307584800
2011-06-10,446.5,451.8,445.0,445.0,38338750,1307671200
2011-06-13,443.5,446.1,442.0,442.7,33418190,1307930400
2011-06-14,441.1,452.6,440.6,441.5,55335130,1308016800
2011-06-15,442.9,443.4,436.2,441.5,40589410,1308103200
2011-06-16,439.6,445.7,438.5,445.2,31584930,1308189600
2011-06-17,445.9,447.0,438.6,438.9,45206070,1308276000
2011-06-20,438.1,440.2,431.6,431.6,32334480,1308535200
2011-06-21,432.8,442.7,432.8,442.7,24798840,1308621600
2011-06-22,444.3,445.5,439.3,439.6,21760520,1308708000
2011-06-23,436.9,440.5,434.4,434.8,17521100,1308794400
2011-06-24,436.2,436.2,432.8,433.4,17481110,1308880800
2011-06-27,437.0,438.5,433.6,434.3,17300580,1309140000
2011-06-28,432.3,432.3,432.3,432.3,19028520,1309226400
2011-06-29,433.1,434.9,430.9,434.6,17262650,1309312800
2011-06-30,434.6,435.6,432.2,432.5,16659940,1309399200
2011-07-01,432.5,432.5,424.3,425.3,21711420,1309485600
2011-07-04,425.0,426.2,423.4,425.4,15307620,1309744800
2011-07-05,425.4,434.1,425.4,431.0,19330750,1309831200
2011-07-06,431.0,432.8,427.8,428.3,13494500,1309917600
2011-07-07,428.3,431.0,426.5,430.0,14604310,1310004000
2011-07-08,430.0,431.4,428.8,430.3,15893240,1310090400
2011-07-11,430.3,430.3,425.1,425.1,15228610,1310349600
2011-07-12,425.1,425.1,416.9,417.3,17964450,1310436000
2011-07-13,422.2,422.7,417.6,418.2,17168620,1310522400
2011-07-14,418.1,419.6,414.3,418.9,15529830,1310608800
2011-07-15,419.8,419.8,412.5,414.7,17129510,1310695200
2011-07-18,412.9,415.8,411.2,415.8,15462900,1310954400
2011-07-19,415.8,415.4,409.2,410.1,12890860,1311040800
2011-07-20,410.1,416.8,410.1,416.8,16222870,1311127200
2011-07-21,416.8,417.1,412.2,413.1,15311670,1311213600
2011-07-22,413.06,413.06,408.96,409.2,12651350,1311300000
2011-07-25,409.2,410.38,407.58,409.36,10512550,1311559200
2011-07-26,408.9,410.8,407.3,409.4,14611410,1311645600
2011-07-27,409.54,409.81,406.45,409.4,13990820,1311732000
2011-07-28,409.2,411.4,408.2,408.4,14569930,1311818400
2011-07-29,407.58,409.04,402.2,405.7,15606540,1311904800
2011-08-01,404.84,404.91,400.49,401.95,15828610,1312164000
2011-08-02,398.92,400.11,396.23,396.55,19056510,1312250400
2011-08-03,393.6,394.15,388.79,391.47,21451520,1312336800
2011-08-04,392.93,398.74,392.92,396.05,22740560,1312423200
2011-08-05,394.83,399.68,394.83,397.66,19998550,1312509600
2011-08-08,399.2,400.69,395.1,396.4,19929670,1312768800
2011-08-09,388.78,388.82,385.76,387.7,31784690,1312855200
2011-08-10,388.6,390.9,385.3,386.0,19474270,1312941600
2011-08-11,381.0,386.0,379.8,384.4,15699460,1313028000
2011-08-12,385.16,387.13,383.58,383.92,13694020,1313114400
2011-08-15,384.5,385.0,383.4,384.32,12784520,1313373600
2011-08-16,383.66,388.48,383.66,386.48,13602570,1313460000
2011-08-17,387.65,393.46,387.65,393.46,21505730,1313546400
2011-08-18,398.21,402.89,397.7,402.89,27398650,1313632800
2011-08-19,399.98,400.76,396.2,400.76,21476780,1313719200
2011-08-22,401.87,406.75,401.87,406.03,27931820,1313978400
2011-08-23,405.19,405.19,401.23,401.28,25500990,1314064800
2011-08-24,403.21,406.29,396.68,396.68,25328760,1314151200
2011-08-25,398.46,402.19,397.93,401.65,22937350,1314237600
2011-08-26,403.2,406.0,401.7,404.4,23144300,1314324000
2011-08-29,405.89,413.37,405.26,413.37,32266490,1314583200
2011-08-30,421.81,423.01,416.84,419.26,39535740,1314669600
2011-08-31,421.45,426.29,417.79,425.43,40622520,1314756000
2011-09-01,429.49,435.29,429.31,435.29,47176370,1314842400
2011-09-05,438.35,439.82,432.07,435.73,49711930,1315188000
2011-09-06,434.02,437.58,430.82,436.16,37092010,1315274400
2011-09-07,444.4,445.72,440.44,443.99,41854450,1315360800
2011-09-08,450.4,457.41,449.97,453.26,55809690,1315447200
2011-09-09,452.94,460.17,452.33,459.92,42499540,1315533600
2011-09-12,461.14,465.41,460.49,462.93,45092230,1315792800
2011-09-13,469.5,471.07,466.69,469.4,62235100,1315879200
2011-09-14,469.33,475.45,466.99,466.99,73281320,1315965600
2011-09-15,462.72,470.9,461.31,470.67,56292580,1316052000
2011-09-16,470.87,473.56,457.11,457.11,51789700,1316138400
2011-09-19,450.21,461.68,449.5,461.68,37011670,1316397600
2011-09-20,459.32,459.32,454.17,454.37,38785810,1316484000
2011-09-21,451.99,454.48,446.65,447.57,37266820,1316570400
2011-09-22,443.3,449.3,441.67,449.26,36814710,1316656800
2011-09-23,439.61,442.14,438.58,440.3,32491970,1316743200
2011-09-26,436.63,444.4,431.78,434.43,27404550,1317002400
2011-09-27,434.02,440.95,431.86,437.47,30068540,1317088800
2011-09-28,441.53,442.53,433.97,433.97,32160640,1317175200
2011-09-29,431.8,433.38,425.02,428.08,56543580,1317261600
2011-09-30,426.13,433.09,424.64,427.6,29289990,1317348000
2011-10-03,426.43,428.28,422.12,422.12,26605920,1317607200
2011-10-04,417.46,420.46,415.35,418.18,27141370,1317693600
2011-10-05,420.74,422.71,415.85,417.21,34989030,1317780000
2011-10-06,417.94,423.08,417.94,421.3,30463810,1317866400
2011-10-07,423.46,423.74,417.96,417.96,27044370,1317952800
2011-10-10,416.77,421.52,415.73,419.66,20138130,1318212000
2011-10-11,421.0,421.29,417.35,417.73,23093700,1318298400
2011-10-12,414.41,415.37,409.3,410.91,32519160,1318384800
2011-10-13,411.17,413.71,407.61,412.59,24413930,1318471200
2011-10-14,413.12,415.62,412.59,414.49,19965800,1318557600
2011-10-17,415.52,415.52,410.33,410.84,20921590,1318816800
2011-10-18,407.44,408.11,404.32,404.32,21473490,1318903200
2011-10-19,404.32,407.02,399.08,401.15,19786910,1318989600
2011-10-20,402.86,404.85,401.62,403.73,13655790,1319076000
2011-10-21,405.44,411.79,405.44,411.03,22498990,1319162400
2011-10-24,415.9,418.34,414.46,414.46,19773030,1319421600
2011-10-25,416.06,417.07,409.38,409.38,17956640,1319508000
2011-10-26,410.42,413.66,410.35,412.1,18505100,1319594400
2011-10-27,414.63,415.59,412.79,414.75,18063250,1319680800
2011-10-28,418.83,422.45,415.52,422.07,36267220,1319767200
2011-10-31,418.83,428.86,420.81,420.81,35210550,1320026400
2011-11-01,418.77,419.16,412.6,413.82,27176620,1320112800
2011-11-02,410.02,412.06,407.07,407.79,24418500,1320199200
2011-11-03,408.18,410.48,405.72,408.44,21944380,1320285600
2011-11-04,411.22,412.79,410.37,410.57,21569560,1320372000
2011-11-07,409.78,413.94,408.66,410.52,25581440,1320631200
2011-11-08,408.36,409.76,405.17,408.6,21847320,1320717600
2011-11-09,409.19,410.21,404.18,405.19,17097170,1320804000
2011-11-10,402.47,402.47,399.29,401.03,20710210,1320890400
2011-11-11,399.67,403.4,396.3,396.3,21875250,1320976800
2011-11-14,397.52,397.7,389.04,391.74,27130240,1321236000
2011-11-15,391.63,393.46,386.47,387.87,26963620,1321322400
2011-11-16,389.25,392.98,388.51,390.89,25943180,1321408800
2011-11-17,390.91,392.23,385.86,385.86,21918840,1321495200
2011-11-18,383.14,383.45,377.46,379.62,27391450,1321581600
2011-11-21,380.4,382.71,377.92,379.14,18436530,1321840800
2011-11-22,377.46,382.62,375.93,381.76,22470270,1321927200
2011-11-23,385.15,388.57,384.84,388.57,21175900,1322013600
2011-11-24,387.26,389.29,381.78,381.78,19812290,1322100000
2011-11-25,381.78,383.74,379.38,383.35,17064240,1322186400
2011-11-28,386.04,388.98,383.05,383.31,23924210,1322445600
2011-11-29,385.78,386.55,382.9,382.9,17443900,1322532000
2011-11-30,381.88,382.62,378.78,380.69,21187010,1322618400
2011-12-01,380.47,382.87,377.03,380.1,17643450,1322704800
2011-12-02,380.92,383.88,380.36,383.88,19808870,1322791200
2011-12-05,385.82,391.71,385.82,391.19,31626940,1323050400
2011-12-06,393.92,396.29,390.2,390.2,33816160,1323136800
2011-12-07,389.15,389.69,386.71,387.21,25848200,1323223200
2011-12-08,387.02,388.35,381.63,381.63,24726570,1323309600
2011-12-09,381.28,382.13,375.67,377.16,26815380,1323396000
2011-12-12,376.97,378.82,373.89,375.3,25025490,1323655200
2011-12-13,374.11,377.17,371.75,371.75,24121800,1323741600
2011-12-14,371.75,374.42,366.64,367.55,32579780,1323828000
2011-12-15,364.14,365.09,360.16,364.48,33685980,1323914400
2011-12-16,364.37,369.65,363.8,366.03,31830080,1324000800
2011-12-19,365.71,367.95,364.73,367.4,20977830,1324260000
2011-12-20,365.5,369.09,363.22,365.67,21369910,1324346400
2011-12-21,368.8,369.48,366.96,367.72,23306380,1324432800
2011-12-22,366.68,366.78,359.12,360.37,31386790,1324519200
2011-12-23,352.48,356.97,352.21,356.21,21736880,1324605600
2011-12-26,356.15,356.15,349.7,352.68,19421120,1324864800
2011-12-27,348.42,348.83,346.48,347.8,26464690,1324951200
2011-12-28,347.59,351.34,347.17,350.66,26615560,1325037600
2011-12-29,349.06,350.51,347.39,350.51,21775300,1325124000
2011-12-30,351.83,352.46,348.3,351.55,26441080,1325210400
2012-01-03,351.37,354.02,349.31,350.0,13737030,1325556000
2012-01-04,349.22,349.92,348.24,348.84,19643360,1325642400
2012-01-05,346.42,347.13,340.94,340.94,17221570,1325728800
2012-01-06,340.19,340.19,336.49,336.73,19779270,1325815200
2012-01-09,334.93,339.32,332.28,339.32,19198950,1326074400
2012-01-10,336.84,345.25,336.84,344.68,24725890,1326160800
2012-01-11,347.98,349.45,346.71,347.43,20793880,1326247200
2012-01-12,347.78,349.44,347.22,348.11,18662540,1326333600
2012-01-13,349.31,354.33,349.31,354.33,16398250,1326420000
2012-01-16,356.77,360.08,355.97,357.87,20302930,1326679200
2012-01-17,357.52,363.5,357.1,358.86,16112970,1326765600
2012-01-18,360.81,363.3,360.47,362.66,13022720,1326852000
2012-01-19,363.15,373.43,363.04,373.43,19593160,1326938400
2012-01-20,378.07,378.07,373.0,373.0,20282210,1327024800
2012-01-30,375.1,384.94,373.1,384.94,18491240,1327888800
2012-01-31,390.43,393.92,387.97,387.97,37141730,1327975200
2012-02-01,388.7,390.67,383.05,390.67,30800590,1328061600
2012-02-02,393.89,401.61,393.82,401.61,39209510,1328148000
2012-02-03,408.95,411.38,401.74,401.74,55293290,1328234400
2012-02-06,402.36,402.38,394.91,399.73,28639550,1328493600
2012-02-07,400.43,402.5,396.02,401.08,32063940,1328580000
2012-02-08,403.74,409.74,401.51,409.53,41644860,1328666400
2012-02-09,412.98,414.6,409.18,411.39,41021360,1328752800
2012-02-10,410.11,409.97,403.65,405.02,45896610,1328839200
2012-02-13,402.37,405.02,395.54,395.54,28103480,1329098400
2012-02-14,391.08,400.26,391.08,400.26,28107570,1329184800
2012-02-15,398.61,400.66,394.38,397.41,29091950,1329271200
2012-02-16,395.2,398.44,393.66,396.51,31249860,1329357600
2012-02-17,397.98,403.3,397.98,403.3,29820360,1329444000
2012-02-20,409.83,414.5,408.98,413.98,42285070,1329703200
2012-02-21,421.81,422.19,410.32,410.91,56654590,1329789600
2012-02-22,410.63,418.41,410.63,418.41,47041290,1329876000
2012-02-23,419.49,423.89,416.45,423.89,60216010,1329962400
2012-02-24,427.1,429.42,423.43,423.43,68663910,1330048800
2012-02-27,426.03,430.75,425.66,428.41,61428800,1330308000
2012-02-28,429.26,431.11,421.65,422.22,84449500,1330394400
2012-02-29,420.02,423.64,418.01,423.64,68926990,1330480800
2012-03-01,426.48,427.95,422.65,427.95,58982220,1330567200
2012-03-02,432.32,439.6,431.79,439.6,74979590,1330653600
2012-03-05,448.66,459.8,448.66,457.21,65544530,1330912800
2012-03-06,465.63,468.15,444.99,445.0,143229740,1330999200
2012-03-07,442.74,444.25,433.69,444.02,97945750,1331085600
2012-03-08,436.44,443.5,431.66,431.66,83407280,1331172000
2012-03-09,429.2,435.27,424.43,432.11,71638930,1331258400
2012-03-12,429.83,432.61,423.43,428.02,68550570,1331517600
2012-03-13,429.73,433.66,427.76,429.39,58475180,1331604000
2012-03-14,435.73,437.23,429.22,433.86,59926960,1331690400
2012-03-15,433.47,442.55,430.39,441.85,88589620,1331776800
2012-03-16,449.66,450.32,438.52,438.52,105559940,1331863200
2012-03-19,435.82,440.92,433.6,438.07,51449420,1332122400
2012-03-20,435.2,441.73,435.2,440.29,56347500,1332208800
2012-03-21,443.43,450.25,443.13,445.77,95897710,1332295200
2012-03-22,442.77,448.92,442.44,445.67,76080350,1332381600
2012-03-23,448.93,455.16,448.85,454.1,85360500,1332468000
2012-03-26,458.21,459.26,451.46,459.26,89726030,1332727200
2012-03-27,459.3,445.9,445.9,445.9,115772320,1332813600
2012-03-28,443.2,447.14,437.05,446.32,76397450,1332900000
2012-03-29,449.01,449.01,439.47,439.63,71130040,1332986400
2012-03-30,442.57,443.74,437.62,441.03,61661800,1333072800
2012-04-03,440.95,446.14,440.23,445.77,54047250,1333418400
2012-04-04,446.02,447.02,439.27,439.77,48957860,1333504800
2012-04-05,439.0,445.8,436.67,444.93,55823460,1333591200
2012-04-06,447.08,450.23,445.87,447.44,69734180,1333677600
2012-04-09,450.55,452.06,448.17,450.73,63077480,1333936800
2012-04-10,451.01,455.86,448.91,450.85,80453480,1334023200
2012-04-11,457.56,458.74,452.69,458.74,88529490,1334109600
2012-04-12,462.22,468.14,460.79,465.26,97343440,1334196000
2012-04-13,467.48,468.38,462.52,462.52,118538940,1334282400
2012-04-16,465.06,470.7,461.76,468.26,81922440,1334541600
2012-04-17,471.54,474.92,467.58,472.84,95743250,1334628000
2012-04-18,475.1,478.87,471.36,472.16,119699530,1334714400
2012-04-19,470.81,473.31,465.29,467.08,119923140,1334800800
2012-04-20,467.4,470.5,462.91,465.72,82431400,1334887200
2012-04-23,466.8,469.2,464.61,465.17,60229240,1335146400
2012-04-24,465.67,466.23,460.6,465.65,69115350,1335232800
2012-04-25,471.39,473.22,468.89,472.87,83805110,1335319200
2012-04-26,472.82,475.44,470.21,470.21,89707640,1335405600
2012-04-27,473.43,475.22,470.43,473.77,80076110,1335492000
2012-05-02,476.02,478.44,471.07,472.46,114881780,1335924000
2012-05-03,470.54,473.07,465.0,468.8,100543120,1336010400
2012-05-04,470.53,477.72,470.53,476.32,97867600,1336096800
2012-05-07,481.95,486.31,481.05,486.31,92050850,1336356000
2012-05-08,488.6,492.44,486.25,488.07,126988850,1336442400
2012-05-09,488.19,490.49,485.33,487.62,109813000,1336528800
2012-05-10,490.03,491.35,482.68,486.07,124478310,1336615200
2012-05-11,487.68,488.13,479.87,480.1,110416050,1336701600
2012-05-14,477.73,483.15,469.69,469.69,88313720,1336960800
2012-05-15,462.97,467.63,455.47,455.65,91695260,1337047200
2012-05-16,455.75,458.57,446.38,449.91,83065900,1337133600
2012-05-17,449.77,453.72,442.58,442.58,69652870,1337220000
2012-05-18,439.69,440.24,430.29,434.95,76373980,1337306400
2012-05-21,438.53,448.19,437.72,448.02,63857490,1337565600
2012-05-22,451.32,453.7,446.84,447.94,60518060,1337652000
2012-05-23,443.6,446.2,436.75,436.75,56528440,1337738400
2012-05-24,431.39,435.59,425.65,426.92,52125440,1337824800
2012-05-25,432.62,438.42,431.01,437.38,57164750,1337911200
2012-05-28,443.24,443.24,433.42,435.48,64208990,1338170400
2012-05-29,431.75,432.91,429.11,431.44,45872090,1338256800
2012-05-30,433.29,437.31,432.39,435.34,43279360,1338343200
2012-05-31,431.84,433.94,428.52,429.2,45434610,1338429600
2012-06-01,430.75,432.27,427.98,428.8,40392570,1338516000
2012-06-04,426.91,427.58,416.65,416.65,62960500,1338775200
2012-06-05,413.96,421.02,413.58,421.02,44526700,1338861600
2012-06-06,421.09,427.17,420.81,426.39,43021960,1338948000
2012-06-07,431.14,436.68,428.61,434.41,63449670,1339034400
2012-06-08,439.02,441.46,432.9,432.9,80032950,1339120800
2012-06-11,432.15,435.86,430.28,432.5,53036630,1339380000
2012-06-12,432.89,432.89,428.04,428.16,51907140,1339466400
2012-06-13,429.73,429.73,424.86,427.61,45700390,1339552800
2012-06-14,425.74,428.59,424.05,425.28,42057240,1339639200
2012-06-15,425.62,433.09,425.62,433.09,69270580,1339725600
2012-06-18,436.89,439.29,433.75,435.59,56097120,1339984800
2012-06-19,434.04,435.11,430.23,431.08,38876330,1340071200
2012-06-20,431.8,434.16,429.2,432.89,29000070,1340157600
2012-06-21,432.27,433.49,430.83,431.14,37060530,1340244000
2012-06-22,429.95,430.19,426.5,427.17,48829270,1340330400
2012-06-25,426.54,429.81,422.95,424.12,46962430,1340589600
2012-06-26,421.17,421.76,417.92,419.19,45757250,1340676000
2012-06-27,419.78,422.17,418.04,418.04,38165550,1340762400
2012-06-28,418.74,418.78,415.34,418.16,34918150,1340848800
2012-06-29,420.76,422.37,418.49,422.37,28907980,1340935200
2012-07-02,421.94,424.95,418.18,419.3,29566340,1341194400
2012-07-03,416.47,417.21,411.86,413.09,39604310,1341280800
2012-07-04,413.41,416.03,410.73,410.73,26185920,1341367200
2012-07-05,410.85,413.83,408.43,413.83,28260180,1341453600
2012-07-06,414.01,417.97,413.53,415.44,35761520,1341540000
2012-07-09,413.59,414.39,407.51,408.12,28468730,1341799200
2012-07-10,406.4,409.86,405.39,405.39,23787430,1341885600
2012-07-11,405.29,408.21,405.07,407.28,19661230,1341972000
2012-07-12,406.5,409.7,406.18,408.72,24196650,1342058400
2012-07-13,409.85,416.98,409.85,416.98,52081490,1342144800
2012-07-16,417.54,418.78,413.28,413.98,39131160,1342404000
2012-07-17,411.72,418.43,411.72,417.55,35729970,1342490400
2012-07-18,418.19,419.91,416.1,418.83,37431400,1342576800
2012-07-19,417.77,428.38,417.77,428.38,72870070,1342663200
2012-07-20,432.1,432.46,424.47,424.47,66737540,1342749600
2012-07-23,423.31,426.13,421.42,421.99,46579310,1343008800
2012-07-24,420.19,420.62,414.6,415.63,41476390,1343095200
2012-07-25,412.94,415.71,412.56,412.91,39084070,1343181600
2012-07-26,413.78,416.63,412.89,414.8,29726580,1343268000
2012-07-27,416.43,417.68,412.47,413.16,34240000,1343354400
2012-07-30,410.57,415.31,410.08,415.0,23591670,1343613600
2012-07-31,415.7,416.57,414.22,414.48,20631280,1343700000
2012-08-01,413.73,413.99,410.54,412.55,25901000,1343786400
2012-08-02,414.23,417.96,414.23,416.1,18712110,1343872800
2012-08-03,417.63,419.26,417.09,418.21,21684750,1343959200
2012-08-06,419.29,423.77,419.29,423.16,39532210,1344218400
2012-08-07,423.72,425.46,422.44,422.5,29412940,1344304800
2012-08-08,422.74,424.52,421.31,423.57,22369090,1344391200
2012-08-09,424.43,428.21,424.43,426.98,37482300,1344477600
2012-08-10,427.49,427.93,425.06,425.56,31538750,1344564000
2012-08-13,423.79,426.38,423.44,426.17,23477000,1344823200
2012-08-14,425.79,430.89,425.79,429.47,44659470,1344909600
2012-08-15,429.96,432.44,429.96,430.77,31649990,1344996000
2012-08-16,431.58,433.63,429.43,430.83,24219370,1345082400
2012-08-17,432.31,434.72,431.56,433.45,32943250,1345168800
2012-08-20,435.33,437.61,434.92,437.28,32299370,1345428000
2012-08-21,430.79,430.79,416.23,416.84,61664400,1345514400
2012-08-22,404.22,413.42,404.17,410.23,67225530,1345600800
2012-08-23,400.03,400.07,391.54,392.82,37075710,1345687200
2012-08-24,379.45,402.22,378.17,399.72,88370910,1345773600
2012-08-27,395.37,399.72,385.05,386.19,39922570,1346032800
2012-08-28,381.06,386.05,379.61,385.78,36811080,1346119200
2012-08-29,389.85,394.04,389.85,393.06,35739900,1346205600
2012-08-30,394.9,399.44,393.37,397.25,35280940,1346292000
2012-08-31,396.88,398.19,394.35,396.02,26853510,1346378400
2012-09-04,397.37,403.25,397.37,402.08,23083200,1346724000
2012-09-05,402.56,404.87,396.31,398.92,38133340,1346810400
2012-09-06,396.41,398.77,393.41,393.41,27130310,1346896800
2012-09-07,395.25,397.51,392.56,397.51,29329820,1346983200
2012-09-10,395.72,396.27,386.19,388.88,40663290,1347242400
2012-09-11,383.87,388.02,383.87,386.62,33882860,1347328800
2012-09-12,387.03,390.3,387.03,388.35,29879350,1347415200
2012-09-13,388.55,391.36,387.68,391.36,28938490,1347501600
2012-09-14,398.13,400.09,395.14,398.87,42312440,1347588000
2012-09-17,400.55,405.27,400.07,401.75,30647860,1347847200
2012-09-18,403.48,405.05,392.98,394.51,39909580,1347933600
2012-09-19,391.05,396.17,390.89,394.55,37098740,1348020000
2012-09-20,393.05,393.42,385.9,389.28,41727780,1348106400
2012-09-21,391.0,395.55,391.0,395.48,49705410,1348192800
2012-09-24,392.16,394.54,390.08,390.37,23023940,1348452000
2012-09-25,391.17,394.06,390.14,391.77,20374330,1348538400
2012-09-26,392.51,397.86,392.51,395.12,22135450,1348624800
2012-09-27,395.66,396.67,391.34,393.34,23303850,1348711200
2012-09-28,392.11,393.91,390.99,392.57,21087270,1348797600
2012-10-01,391.74,391.86,386.42,386.55,27156800,1349056800
2012-10-02,386.78,387.62,384.2,384.32,25540110,1349143200
2012-10-03,385.61,387.6,383.07,385.37,26431310,1349229600
2012-10-04,385.68,386.66,383.62,384.51,20410900,1349316000
2012-10-05,384.78,388.16,384.65,388.16,23961840,1349402400
2012-10-08,387.83,393.45,387.83,393.45,32959790,1349661600
2012-10-09,394.36,394.87,392.26,393.67,33817860,1349748000
2012-10-10,392.38,394.66,391.75,394.66,36353960,1349834400
2012-10-11,395.32,397.55,393.87,394.19,40188670,1349920800
2012-10-12,394.17,395.01,392.26,392.54,40912910,1350007200
2012-10-15,392.88,394.19,390.72,391.56,35599600,1350266400
2012-10-16,392.6,399.22,392.6,399.22,38610190,1350352800
2012-10-17,399.73,400.97,395.91,397.02,34001760,1350439200
2012-10-18,395.94,399.55,395.94,398.51,33648950,1350525600
2012-10-19,399.52,400.46,394.98,398.23,48971260,1350612000
2012-10-22,397.77,398.34,394.69,397.0,29878260,1350871200
2012-10-23,397.27,399.22,395.89,397.71,24240560,1350957600
2012-10-24,397.69,398.43,395.24,395.45,23435510,1351044000
2012-10-25,393.79,394.54,389.92,389.92,29179710,1351130400
2012-10-26,390.05,393.13,389.5,391.7,20270490,1351216800
2012-10-29,390.96,392.6,390.63,391.36,17333440,1351476000
2012-10-30,391.13,392.17,389.64,389.86,19725250,1351562400
2012-10-31,388.5,390.05,387.39,388.42,19971150,1351648800
2012-11-01,388.1,389.74,387.95,387.95,23091350,1351735200
2012-11-02,378.74,380.33,374.98,375.26,51024090,1351821600
2012-11-05,372.39,378.45,372.39,377.27,27392320,1352080800
2012-11-06,377.27,379.05,375.12,376.95,21859910,1352167200
2012-11-07,377.83,381.22,375.75,380.9,27064820,1352253600
2012-11-08,380.32,385.6,380.13,385.6,20853300,1352340000
2012-11-09,385.61,386.79,383.72,386.71,23169930,1352426400
2012-11-12,385.66,388.94,385.72,388.62,32872920,1352685600
2012-11-13,387.52,388.43,385.15,385.22,27887200,1352772000
2012-11-14,384.74,389.4,384.61,387.71,22054410,1352858400
2012-11-15,389.84,390.65,386.6,386.91,24204300,1352944800
2012-11-16,385.83,386.25,383.16,385.71,18280560,1353031200
2012-11-19,384.83,386.22,382.42,383.32,18508160,1353290400
2012-11-20,383.23,385.37,381.84,385.1,20945930,1353376800
2012-11-21,385.18,385.8,382.72,383.87,19043880,1353463200
2012-11-22,383.44,384.1,382.57,383.22,14762810,1353549600
2012-11-23,383.22,384.25,381.14,381.71,18588540,1353636000
2012-11-26,382.43,382.62,377.82,377.9,19424070,1353895200
2012-11-27,377.77,378.62,376.08,376.89,14100000,1353981600
2012-11-28,376.13,377.32,374.15,375.79,16208860,1354068000
2012-11-29,377.45,378.62,376.93,378.2,14745550,1354154400
2012-11-30,380.01,380.18,377.52,377.82,16525680,1354240800
2012-12-03,377.94,379.27,375.78,379.27,17188480,1354500000
2012-12-04,379.02,382.1,377.89,382.1,23715390,1354586400
2012-12-05,383.18,387.05,382.1,385.69,35832910,1354672800
2012-12-06,385.59,386.62,384.53,385.69,26784560,1354759200
2012-12-07,386.44,386.6,383.8,383.8,26109500,1354845600
2012-12-10,384.84,387.67,383.53,386.69,38296950,1355104800
2012-12-11,386.25,389.37,385.81,389.37,35197200,1355191200
2012-12-12,388.41,393.13,386.46,391.08,45925850,1355277600
2012-12-13,393.04,393.81,390.57,391.19,41652240,1355364000
2012-12-14,392.23,394.61,392.05,392.21,35228470,1355450400
2012-12-17,391.37,395.3,391.31,393.63,44543430,1355709600
2012-12-18,396.21,396.45,392.34,393.39,44355940,1355796000
2012-12-19,395.84,398.59,395.34,398.59,64520540,1355882400
2012-12-20,399.13,400.71,397.86,399.68,61282060,1355968800
2012-12-21,397.49,400.27,394.27,396.78,61459550,1356055200
2012-12-24,397.25,400.22,396.57,399.71,37347230,1356314400
2012-12-25,401.01,401.72,398.09,401.34,43120810,1356400800
2012-12-26,399.43,406.1,398.31,406.1,52980150,1356487200
2012-12-27,408.32,410.68,406.58,409.97,69702680,1356573600
2012-12-28,409.49,413.73,408.32,413.73,54265930,1356660000
2013-01-02,415.5,419.05,414.41,418.35,60311180,1357092000
2013-01-03,420.68,420.68,413.68,419.27,96108870,1357178400
2013-01-04,418.75,426.48,417.5,426.06,62614690,1357264800
2013-01-07,428.84,434.64,426.86,434.19,75004280,1357524000
2013-01-08,437.25,447.16,437.15,447.16,81496290,1357610400
2013-01-09,447.16,457.75,442.26,448.77,131421730,1357696800
2013-01-10,447.99,460.12,444.08,460.12,69049730,1357783200
2013-01-11,468.39,469.16,461.74,462.69,71735970,1357869600
2013-01-14,458.08,462.08,455.51,458.97,66848260,1358128800
2013-01-15,459.13,461.42,455.93,461.42,85189720,1358215200
2013-01-16,462.17,470.34,462.17,465.25,93433920,1358301600
2013-01-17,465.66,466.55,456.76,456.76,93851780,1358388000
2013-01-18,458.0,459.82,450.28,454.16,80290320,1358474400
2013-01-21,453.91,456.34,447.79,447.79,52791190,1358733600
2013-01-22,449.04,450.8,441.24,442.85,65199100,1358820000
2013-01-23,443.96,447.79,440.48,443.37,47085470,1358906400
2013-01-24,444.34,452.4,444.19,452.4,46685140,1358992800
2013-01-25,455.25,468.09,455.25,468.09,80711500,1359079200
2013-01-28,474.27,485.67,474.27,479.6,103940640,1359338400
2013-01-29,477.6,484.34,476.33,484.01,83689610,1359424800
2013-01-30,485.72,490.89,482.76,487.6,81816460,1359511200
2013-01-31,484.04,485.19,479.79,479.79,77448750,1359597600
2013-02-01,473.81,483.42,473.23,483.42,57696770,1359684000
2013-02-04,486.74,488.96,482.38,482.38,50205730,1359943200
2013-02-05,481.59,482.56,477.36,477.36,53187860,1360029600
2013-02-06,479.62,488.62,479.62,488.36,61098630,1360116000
2013-02-07,492.56,493.72,488.03,490.62,66319750,1360202400
2013-02-08,491.85,495.72,489.64,494.03,58838750,1360288800
2013-02-18,491.85,497.87,489.64,493.95,67678930,1361152800
2013-02-19,493.4,495.39,490.33,490.78,101269460,1361239200
2013-02-20,487.99,495.82,487.68,494.83,75889000,1361325600
2013-02-21,494.83,497.7,476.73,476.73,121293570,1361412000
2013-02-22,482.85,487.11,470.23,477.69,105270730,1361498400
2013-02-25,481.32,483.97,478.3,483.69,46608020,1361757600
2013-02-26,482.5,482.5,463.64,465.05,90251400,1361844000
2013-02-27,466.14,467.5,459.64,465.72,68059040,1361930400
2013-02-28,469.77,476.41,465.72,474.56,50678370,1362016800
2013-03-01,475.46,480.39,475.46,477.15,48407200,1362103200
2013-03-04,477.15,479.06,468.74,468.74,64774600,1362362400
2013-03-05,467.36,467.84,461.61,462.12,57356100,1362448800
2013-03-06,466.95,471.09,464.19,471.09,32511220,1362535200
2013-03-07,470.73,472.54,466.63,466.63,41308530,1362621600
2013-03-08,469.38,471.75,468.1,470.68,30142850,1362708000
2013-03-11,471.35,476.79,469.78,476.5,53686210,1362967200
2013-03-12,475.23,478.67,470.51,475.34,57757820,1363053600
2013-03-13,476.43,478.05,471.85,473.18,48212190,1363140000
2013-03-14,471.63,474.6,470.81,474.6,44795150,1363226400
2013-03-15,474.71,481.35,474.45,481.35,72403940,1363312800
2013-03-18,481.42,482.59,478.54,479.13,46990510,1363572000
2013-03-19,477.87,482.21,477.55,480.48,33082800,1363658400
2013-03-20,481.88,488.94,480.53,487.04,43035240,1363744800
2013-03-21,488.64,494.57,488.43,491.79,46820700,1363831200
2013-03-22,493.47,500.59,486.15,489.99,49788230,1363917600
2013-03-25,491.76,495.64,488.55,493.57,33144960,1364176800
2013-03-26,494.82,496.32,489.14,489.46,36516000,1364263200
2013-03-27,489.22,492.46,485.34,491.26,34896540,1364349600
2013-03-28,491.64,495.12,487.67,490.67,39513170,1364436000
2013-03-29,486.96,492.96,483.5,491.04,34734860,1364522400
2013-04-01,490.75,505.81,489.9,505.81,47153090,1364781600
2013-04-02,507.26,514.1,507.22,509.43,66367870,1364868000
2013-04-03,507.31,511.35,502.38,505.93,54225370,1364954400
2013-04-04,505.54,506.63,497.35,497.35,48524380,1365040800
2013-04-05,501.16,503.36,497.83,502.58,44598800,1365127200
2013-04-08,505.0,507.75,501.91,506.66,49051910,1365386400
2013-04-09,505.09,512.85,504.16,510.49,58149210,1365472800
2013-04-10,512.15,518.46,496.5,496.5,64402460,1365559200
2013-04-11,501.39,504.51,497.08,504.07,46971210,1365645600
2013-04-12,504.75,505.9,490.82,494.27,50661340,1365732000
2013-04-15,491.64,491.77,478.8,480.02,51237740,1365991200
2013-04-16,474.99,479.97,466.56,478.07,46214530,1366077600
2013-04-17,481.63,483.99,476.53,483.99,28380260,1366164000
2013-04-18,483.99,483.99,471.1,473.21,35218830,1366250400
2013-04-22,471.87,472.95,466.78,468.43,37044620,1366596000
2013-04-23,470.59,475.48,469.13,473.69,30789420,1366682400
2013-04-24,474.48,475.75,472.89,472.89,30220170,1366768800
2013-04-25,474.94,477.8,474.29,476.59,35474860,1366855200
2013-04-26,477.04,479.12,474.51,474.51,30585010,1366941600
2013-05-02,474.54,476.42,472.16,473.02,20465090,1367460000
2013-05-03,471.16,475.24,470.81,475.24,24532200,1367546400
2013-05-06,478.94,488.32,478.94,488.32,46485330,1367805600
2013-05-07,489.25,491.56,484.39,485.58,54751810,1367892000
2013-05-08,486.74,488.04,483.03,485.07,37540320,1367978400
2013-05-09,485.44,488.57,485.2,486.22,45880290,1368064800
2013-05-10,488.1,490.76,484.75,486.1,39892770,1368151200
2013-05-13,486.96,490.38,486.96,488.93,34059220,1368410400
2013-05-14,486.94,487.45,480.79,483.85,43748020,1368496800
2013-05-15,482.82,487.52,481.8,485.97,35892100,1368583200
2013-05-16,486.0,491.44,485.28,490.34,43474450,1368669600
2013-05-17,489.99,491.85,487.6,487.6,43122850,1368756000
2013-05-20,487.71,492.96,485.42,492.27,46416100,1369015200
2013-05-21,495.95,502.6,495.95,500.18,78862860,1369101600
2013-05-22,503.18,504.68,501.44,502.23,60738030,1369188000
2013-05-23,501.14,506.58,498.22,498.22,76788480,1369274400
2013-05-24,498.87,503.6,495.96,500.24,58885910,1369360800
2013-05-27,504.38,516.08,504.38,512.41,91278240,1369620000
2013-05-28,515.3,517.97,512.81,516.33,83366050,1369706400
2013-05-29,517.91,520.36,511.31,515.09,93465370,1369792800
2013-05-30,517.18,521.45,513.68,521.45,73554110,1369879200
2013-05-31,526.58,526.58,518.39,518.39,97869300,1369965600
2013-06-03,518.3,521.35,516.64,517.03,72365040,1370224800
2013-06-04,517.03,521.96,510.69,510.69,75405700,1370311200
2013-06-05,512.43,514.64,508.86,514.64,54216330,1370397600
2013-06-06,513.43,521.28,513.16,520.9,69643400,1370484000
2013-06-07,523.21,527.97,523.19,527.97,73350530,1370570400
2013-06-10,531.56,533.15,524.56,524.56,75001890,1370829600
2013-06-11,524.89,525.68,520.94,521.95,59009640,1370916000
2013-06-12,521.21,524.91,518.24,518.24,64902640,1371002400
2013-06-13,518.28,519.54,510.07,515.09,60674390,1371088800
2013-06-14,517.14,518.0,509.03,509.03,58737880,1371175200
2013-06-17,510.52,511.23,498.31,498.52,73309030,1371434400
2013-06-18,497.05,500.54,495.5,498.88,51411630,1371520800
2013-06-19,501.58,504.11,500.61,503.37,42149080,1371607200
2013-06-20,502.22,503.75,498.55,499.51,48665180,1371693600
2013-06-21,497.3,501.25,495.23,498.84,92632850,1371780000
2013-06-24,500.44,501.14,487.41,489.74,54963830,1372039200
2013-06-25,487.04,488.55,466.78,473.02,82915860,1372125600
2013-06-26,473.26,476.47,466.41,473.53,51883710,1372212000
2013-06-27,476.33,482.95,475.0,482.95,42119150,1372298400
2013-06-28,485.29,485.94,479.94,481.13,42072790,1372384800
2013-07-01,478.98,482.03,475.26,480.04,30796540,1372644000
2013-07-02,480.72,490.14,480.72,489.84,32480660,1372730400
2013-07-03,489.81,492.93,487.11,487.35,36474440,1372816800
2013-07-04,489.2,490.65,486.49,487.22,36277730,1372903200
2013-07-05,488.08,489.99,485.22,485.66,37205860,1372989600
2013-07-08,485.73,485.95,480.58,482.77,32633300,1373248800
2013-07-09,484.01,484.05,483.39,485.5,26299100,1373335200
2013-07-10,487.81,489.83,484.43,484.43,28250930,1373421600
2013-07-11,484.37,485.44,482.11,484.47,28820560,1373508000
2013-07-12,485.14,493.99,485.13,493.99,47906230,1373594400
2013-07-15,496.12,498.32,492.95,494.1,41664550,1373853600
2013-07-16,494.66,497.83,493.74,496.22,40224850,1373940000
2013-07-17,496.42,497.96,493.37,497.5,41625080,1374026400
2013-07-18,496.17,500.51,494.23,496.84,49439580,1374112800
2013-07-19,499.64,505.38,499.28,503.76,42574930,1374199200
2013-07-22,505.11,507.71,501.63,506.16,48725640,1374458400
2013-07-23,506.16,508.64,504.22,504.29,47077480,1374544800
2013-07-24,503.67,504.27,493.36,494.18,55245500,1374631200
2013-07-25,493.75,495.85,491.71,491.78,41317890,1374717600
2013-07-26,493.52,495.16,487.92,493.93,40361070,1374804000
2013-07-29,493.81,494.36,489.98,485.69,29602500,1375063200
2013-07-30,485.74,489.07,485.74,488.54,26663830,1375149600
2013-07-31,488.67,490.86,487.1,491.85,24088410,1375236000
2013-08-01,491.48,494.31,489.57,492.43,27992370,1375322400
2013-08-02,494.61,495.71,493.02,494.66,24490540,1375408800
2013-08-05,494.38,496.74,492.75,493.66,24131750,1375668000
2013-08-06,492.66,496.56,491.91,496.56,29499900,1375754400
2013-08-07,496.95,502.26,495.02,500.1,35379890,1375840800
2013-08-08,499.61,503.51,497.05,498.22,28051650,1375927200
2013-08-09,498.88,502.04,498.88,500.62,25936720,1376013600
2013-08-12,501.35,501.39,497.53,499.46,25395260,1376272800
2013-08-13,499.46,502.63,497.4,497.73,35557220,1376359200
2013-08-14,498.51,503.89,496.35,503.57,34135960,1376445600
2013-08-15,505.14,509.6,505.03,508.22,61233560,1376532000
2013-08-16,508.22,510.22,505.48,507.79,59756870,1376618400
2013-08-19,507.27,513.34,507.16,511.02,60613020,1376877600
2013-08-20,509.06,510.59,504.11,504.81,59507840,1376964000
2013-08-21,504.77,504.78,497.01,502.7,50876640,1377050400
2013-08-22,499.91,503.92,494.4,496.12,50905010,1377136800
2013-08-23,496.12,497.89,482.78,486.82,52560820,1377223200
2013-08-26,485.26,490.54,478.59,490.54,38985570,1377482400
2013-08-27,488.23,489.89,485.57,485.57,24681170,1377568800
2013-08-28,481.91,482.48,470.29,473.3,65368120,1377655200
2013-08-29,473.52,477.09,468.55,468.55,37498330,1377741600
2013-08-30,469.64,472.7,462.13,472.7,33924820,1377828000
2013-09-03,473.83,477.08,470.26,472.17,24864290,1378173600
2013-09-04,472.77,476.42,469.3,471.45,39162900,1378260000
2013-09-05,473.62,477.77,470.72,477.57,37421420,1378346400
2013-09-06,479.18,480.55,475.16,480.03,33461070,1378432800
2013-09-09,478.98,478.98,469.39,470.16,39165760,1378692000
2013-09-10,470.16,475.62,470.16,474.53,27533440,1378778400
2013-09-11,474.53,478.95,473.68,476.4,30633750,1378864800
2013-09-12,474.97,477.25,474.96,475.59,25047660,1378951200
2013-09-13,475.11,478.0,474.54,476.42,28013440,1379037600
2013-09-16,478.32,478.7,473.97,475.57,36896450,1379296800
2013-09-17,476.21,480.16,475.82,477.73,35374160,1379383200
2013-09-18,478.65,479.43,473.52,474.26,34813400,1379469600
2013-09-19,478.14,478.99,475.69,476.09,32482700,1379556000
2013-09-20,476.12,477.19,474.7,477.19,83027350,1379642400
2013-09-23,476.79,479.09,475.06,479.09,40162060,1379901600
2013-09-24,478.88,483.78,478.85,482.82,52526780,1379988000
2013-09-25,482.46,488.98,482.41,486.22,79359350,1380074400
2013-09-26,485.59,487.88,482.61,485.11,48267850,1380160800
2013-09-27,484.68,487.82,483.85,486.61,43514290,1380247200
2013-09-30,487.12,492.65,486.7,492.63,65644630,1380506400
2013-10-01,491.92,496.59,491.34,492.24,98030960,1380592800
2013-10-02,492.58,496.86,492.58,494.39,75217440,1380679200
2013-10-03,495.0,495.0,491.59,492.3,61651890,1380765600
2013-10-04,492.05,497.73,490.43,497.5,57891700,1380852000
2013-10-07,497.84,502.16,496.92,500.47,64102510,1381111200
2013-10-08,500.53,502.64,497.58,502.22,69394720,1381197600
2013-10-09,501.28,502.52,498.98,500.67,62003910,1381284000
2013-10-10,500.34,501.64,494.81,494.81,63565500,1381370400
2013-10-11,496.71,498.58,494.53,494.53,52493570,1381456800
2013-10-14,494.31,495.67,492.81,493.62,34865050,1381716000
2013-10-15,493.03,495.72,492.37,495.72,49217000,1381802400
2013-10-16,495.47,500.6,495.02,498.96,68958650,1381888800
2013-10-17,502.02,502.64,498.83,499.59,60617540,1381975200
2013-10-18,499.89,501.39,497.91,500.83,67031980,1382061600
2013-10-21,501.72,503.72,500.25,501.57,109720270,1382320800
2013-10-22,500.94,502.95,498.74,500.57,68523680,1382407200
2013-10-23,501.41,504.81,501.41,504.05,77783670,1382493600
2013-10-24,503.47,505.74,500.64,501.17,84151930,1382580000
2013-10-25,502.8,503.17,499.53,500.75,59990570,1382666400
2013-10-28,501.27,501.86,496.46,496.46,60698540,1382925600
2013-10-29,494.66,497.74,494.01,497.08,48772840,1383012000
2013-10-30,497.97,500.97,497.95,499.07,34869860,1383098400
2013-10-31,500.04,500.59,497.41,497.41,38620230,1383184800
2013-11-01,499.27,499.27,496.93,497.08,38485380,1383271200
2013-11-04,497.33,498.49,495.68,497.07,62434130,1383530400
2013-11-05,497.46,500.28,495.84,499.79,74452200,1383616800
2013-11-06,500.44,502.52,499.58,502.52,76253370,1383703200
2013-11-07,502.09,503.3,499.29,499.86,104887510,1383789600
2013-11-08,498.8,500.47,498.33,498.61,63364460,1383876000
2013-11-11,498.03,501.08,497.41,501.08,87692440,1384135200
2013-11-12,501.36,501.36,496.79,497.65,118886010,1384221600
2013-11-13,496.9,498.62,495.68,496.12,63518970,1384308000
2013-11-14,496.71,498.82,496.12,497.85,60230390,1384394400
2013-11-15,497.88,502.12,497.72,501.34,90780020,1384480800
2013-11-18,503.44,507.41,503.33,506.48,113389010,1384740000
2013-11-19,505.45,507.63,504.71,504.71,91657220,1384826400
2013-11-20,504.68,505.75,502.98,505.52,103452470,1384912800
2013-11-21,507.0,510.21,503.54,503.54,169313020,1384999200
2013-11-22,505.16,506.46,502.83,505.64,100735280,1385085600
2013-11-25,506.96,509.72,506.08,506.46,89988180,1385344800
2013-11-26,507.08,510.75,504.65,509.16,89242010,1385431200
2013-11-27,511.73,513.25,507.66,508.43,97463060,1385517600
2013-11-28,508.52,509.15,506.99,507.71,77302730,1385604000
2013-11-29,507.42,508.78,506.05,507.78,97557500,1385690400
2013-12-02,508.71,509.48,507.1,508.53,75143330,1385949600
2013-12-03,508.13,512.33,508.13,511.62,121874670,1386036000
2013-12-04,512.0,513.4,510.66,510.88,105380250,1386122400
2013-12-05,510.41,512.21,507.52,510.03,100718390,1386208800
2013-12-06,510.03,512.37,509.76,510.12,75560180,1386295200
2013-12-09,514.13,514.13,510.94,511.23,100343600,1386554400
2013-12-10,512.1,513.83,510.24,511.6,78954520,1386640800
2013-12-11,511.74,511.81,504.9,505.31,101559530,1386727200
2013-12-12,503.77,507.68,503.76,506.92,67853440,1386813600
2013-12-13,507.07,509.35,505.49,506.06,63123560,1386900000
2013-12-16,503.46,506.52,502.04,502.04,55654010,1387159200
2013-12-17,503.13,505.67,502.2,505.67,69414600,1387245600
2013-12-18,505.2,506.11,503.66,505.25,59253700,1387332000
2013-12-19,504.92,508.04,504.92,506.28,106818860,1387418400
2013-12-20,507.47,508.29,504.45,504.45,124403730,1387504800
2013-12-23,506.6,509.41,505.73,508.68,97324320,1387764000
2013-12-24,508.61,509.54,505.62,505.62,84085890,1387850400
2013-12-25,506.37,506.53,503.03,504.42,70383710,1387936800
2013-12-26,504.41,507.57,503.59,506.55,68852630,1388023200
2013-12-27,507.08,510.09,506.41,506.41,70524800,1388109600
2013-12-30,506.62,507.02,500.35,500.35,84731280,1388368800
2013-12-31,500.67,506.44,499.49,504.63,59559870,1388455200
2014-01-02,505.61,506.71,503.04,504.51,54996230,1388628000
2014-01-03,504.41,506.19,503.94,505.37,50118840,1388714400
2014-01-06,505.74,509.1,504.28,509.1,68130860,1388973600
2014-01-07,511.02,513.0,509.87,510.12,71614380,1389060000
2014-01-08,511.03,514.2,509.01,513.9,68629490,1389146400
2014-01-09,513.92,516.98,513.52,516.98,88948710,1389232800
2014-01-10,518.41,523.06,518.24,518.94,92706120,1389319200
2014-01-13,519.31,522.32,518.78,521.11,68452030,1389578400
2014-01-14,520.73,524.59,520.63,522.31,85746090,1389664800
2014-01-15,523.82,527.09,522.45,526.68,126092570,1389751200
2014-01-16,528.83,533.54,527.9,533.54,91792850,1389837600
2014-01-17,537.48,549.88,536.81,543.59,114980130,1389924000
2014-01-20,548.22,559.93,548.22,553.67,101980700,1390183200
2014-01-21,555.72,560.18,547.65,559.91,91154110,1390269600
2014-01-22,561.34,564.61,551.92,551.92,114735990,1390356000
2014-01-23,550.88,556.5,550.52,553.55,68197050,1390442400
2014-01-24,555.66,560.19,553.46,560.19,85521800,1390528800
2014-01-27,560.45,560.45,556.52,556.52,65472100,1390788000
2014-02-06,554.8,557.29,551.45,554.68,87875560,1391652000
2014-02-07,557.71,558.51,549.37,549.76,119495580,1391738400
2014-02-10,550.42,555.9,548.56,555.9,106904960,1391997600
2014-02-11,560.35,561.83,553.9,553.9,170844850,1392084000
2014-02-12,555.91,564.25,554.26,564.25,120916320,1392170400
2014-02-13,567.77,570.68,565.27,570.18,145697620,1392256800
2014-02-14,573.09,576.18,569.38,572.22,136937230,1392343200
2014-02-17,571.27,572.85,567.89,570.2,159214880,1392602400
2014-02-18,570.65,574.56,570.16,574.56,154772030,1392688800
2014-02-19,578.73,578.8,573.86,578.12,153445030,1392775200
2014-02-20,579.71,584.1,565.31,571.04,254367230,1392861600
2014-02-21,571.03,574.61,565.33,570.57,116346370,1392948000
2014-02-24,571.93,576.58,570.07,576.58,112732880,1393207200
2014-02-25,575.49,586.2,575.49,586.2,141747900,1393293600
2014-02-26,590.64,590.79,582.96,589.81,153761340,1393380000
2014-02-27,588.47,596.4,584.79,584.79,223033340,1393466400
2014-02-28,586.12,591.36,581.63,586.48,116336020,1393552800
2014-03-03,586.46,587.11,573.37,573.38,141965580,1393812000
2014-03-04,563.9,572.28,563.9,569.97,122493930,1393898400
2014-03-05,576.11,577.5,569.97,574.94,102976780,1393984800
2014-03-06,576.07,580.04,574.58,578.56,131565670,1394071200
2014-03-07,579.4,582.24,579.1,579.75,149392490,1394157600
2014-03-10,580.84,584.81,579.98,583.69,140462540,1394416800
2014-03-11,585.1,589.45,582.2,588.5,158741000,1394503200
2014-03-12,590.94,596.38,590.02,590.02,168708960,1394589600
2014-03-13,591.11,595.22,590.36,595.22,130339060,1394676000
2014-03-14,596.2,600.68,594.51,596.83,160384630,1394762400
2014-03-17,603.05,603.24,598.7,600.36,161239500,1395021600
2014-03-18,602.01,603.21,597.78,599.85,193120370,1395108000
2014-03-19,600.73,605.91,600.42,605.59,188807510,1395194400
2014-03-20,607.39,608.29,600.03,600.26,183319960,1395280800
2014-03-21,600.48,607.22,600.26,601.75,224867350,1395367200
2014-03-24,606.71,609.2,604.18,607.55,189271920,1395626400
2014-03-25,607.12,609.01,604.38,601.85,245217840,1395712800
2014-03-26,603.59,603.68,587.52,588.06,246459570,1395799200
2014-03-27,588.33,591.7,582.81,590.14,146465260,1395885600
2014-03-28,592.68,595.7,590.59,594.29,116220650,1395972000
2014-03-31,594.29,597.22,591.57,591.57,117084100,1396231200
2014-04-01,590.93,593.03,582.3,583.85,167165310,1396317600
2014-04-02,584.99,586.5,574.4,581.67,142309840,1396404000
2014-04-03,584.68,590.91,582.83,589.44,99127880,1396490400
2014-04-04,589.9,593.46,588.34,593.04,92353580,1396576800
2014-04-07,595.72,602.55,595.35,600.57,108560420,1396836000
2014-04-08,601.39,603.25,598.52,603.25,109210640,1396922400
2014-04-10,605.4,608.89,600.43,601.33,110558340,1397095200
2014-04-11,598.36,602.01,594.96,600.57,104068010,1397181600
2014-04-14,602.51,602.7,596.05,596.11,96128090,1397440800
2014-04-15,595.81,597.99,586.09,586.09,126833620,1397527200
2014-04-16,583.64,585.51,567.61,574.29,143009880,1397613600
2014-04-17,580.26,583.51,575.83,580.31,86527800,1397700000
2014-04-18,580.89,580.89,565.33,565.33,106747120,1397786400
2014-04-21,564.29,568.44,558.14,558.14,93868870,1398045600
2014-04-22,560.63,569.87,556.47,569.87,84120410,1398132000
2014-04-23,569.83,573.39,567.04,569.36,63157600,1398218400
2014-04-24,568.41,571.57,566.94,570.46,48621460,1398304800
2014-04-25,571.78,580.74,571.71,578.92,58226790,1398391200
2014-04-28,579.29,580.7,573.1,573.1,53208230,1398650400
2014-04-29,571.54,578.21,570.64,578.0,45941890,1398736800
2014-05-05,578.45,580.11,564.47,564.85,73606800,1399255200
2014-05-06,561.55,562.36,545.97,555.11,98267720,1399341600
2014-05-07,558.04,561.56,553.21,559.97,46793760,1399428000
2014-05-08,550.75,550.75,525.37,527.09,128293230,1399514400
2014-05-09,522.82,542.56,522.7,542.46,115488640,1399600800
2014-05-12,536.82,536.82,512.25,517.05,94224400,1399860000
2014-05-13,509.11,518.45,508.51,513.91,92140330,1399946400
2014-05-14,510.16,529.59,509.82,529.53,106635850,1400032800
2014-05-15,529.25,537.27,512.41,524.05,125655190,1400119200
2014-05-16,521.96,529.49,519.39,529.49,79135650,1400205600
2014-05-19,530.31,534.68,525.82,533.04,94450040,1400464800
2014-05-20,531.0,537.93,527.69,537.52,102485880,1400551200
2014-05-21,537.95,543.93,533.19,543.88,99864170,1400637600
2014-05-22,543.35,547.2,541.43,541.73,122207050,1400724000
2014-05-23,542.44,545.3,540.51,541.49,84206790,1400810400
2014-05-26,541.43,544.93,536.27,544.06,70350070,1401069600
2014-05-27,543.55,552.75,542.49,552.75,121729360,1401156000
2014-05-28,554.32,557.93,553.03,557.34,107355240,1401242400
2014-05-29,556.3,562.33,555.32,558.45,114247620,1401328800
2014-05-30,558.78,565.05,557.2,562.02,81363300,1401415200
2014-06-02,560.29,563.12,554.44,556.8,78700670,1401674400
2014-06-03,557.34,560.62,554.96,558.76,53295920,1401760800
2014-06-04,559.19,559.19,550.23,553.46,67155660,1401847200
2014-06-05,552.25,553.96,548.47,551.1,53199850,1401933600
2014-06-06,554.18,559.04,551.8,559.04,59778290,1402020000
2014-06-09,561.25,571.83,558.64,565.61,107736660,1402279200
2014-06-10,566.31,571.73,564.32,566.89,78132940,1402365600
2014-06-11,567.77,573.05,566.51,570.36,75171290,1402452000
2014-06-12,571.18,574.75,568.58,573.77,90147440,1402538400
2014-06-13,573.58,577.27,573.03,574.48,67624300,1402624800
2014-06-16,575.3,575.87,571.76,572.37,76547350,1402884000
2014-06-17,570.77,573.15,567.58,572.25,103158970,1402970400
2014-06-18,571.74,575.03,570.03,570.03,95680950,1403056800
2014-06-19,564.93,569.41,558.65,567.35,122009510,1403143200
2014-06-20,568.45,571.76,560.78,560.78,116175890,1403229600
2014-06-23,561.97,567.71,561.97,565.92,47939680,1403488800
2014-06-24,565.47,570.37,565.12,569.74,56799240,1403575200
2014-06-25,570.33,574.62,569.27,572.27,87749020,1403661600
2014-06-26,572.18,578.29,570.33,576.4,111053090,1403748000
2014-06-27,576.18,580.75,575.1,578.82,59803530,1403834400
2014-06-30,578.28,582.26,577.76,578.13,63785010,1404093600
2014-07-01,578.93,582.16,577.3,578.07,101593980,1404180000
2014-07-02,578.79,581.89,576.88,578.8,107018060,1404266400
2014-07-03,583.29,585.02,580.55,585.02,127121960,1404352800
2014-07-04,585.66,591.38,585.66,589.35,117186000,1404439200
2014-07-07,592.27,594.84,589.61,590.69,114945340,1404698400
2014-07-08,591.63,593.4,588.54,591.47,95623320,1404784800
2014-07-09,591.9,593.42,590.46,591.6,99772410,1404871200
2014-07-10,591.21,591.35,581.49,584.88,148042030,1404957600
2014-07-11,584.29,586.57,580.54,582.77,76665490,1405044000
2014-07-14,583.55,586.23,581.99,586.23,62767180,1405303200
2014-07-15,588.24,590.09,587.68,589.31,98238770,1405389600
2014-07-16,594.29,594.29,589.68,589.68,134145840,1405476000
2014-07-17,588.99,591.42,586.07,590.37,94389680,1405562400
2014-07-18,590.9,596.26,589.33,596.26,120565300,1405648800
2014-07-21,598.26,604.64,596.96,601.04,109316960,1405908000
2014-07-22,599.3,600.93,594.85,597.98,89952820,1405994400
2014-07-23,598.98,599.56,594.1,597.5,58825520,1406080800
2014-07-24,597.03,602.49,597.03,602.06,84773630,1406167200
2014-07-25,603.54,605.78,600.14,600.14,94267820,1406253600
2014-07-28,599.13,599.35,587.78,589.45,106264460,1406512800
2014-07-29,590.57,592.24,585.75,592.24,60692450,1406599200
2014-07-30,591.15,593.58,588.53,589.33,73191400,1406685600
2014-07-31,587.68,596.11,587.68,596.07,61274970,1406772000
2014-08-01,594.66,596.8,592.38,593.9,59841150,1406858400
2014-08-04,592.35,600.52,592.04,599.04,71125720,1407117600
2014-08-05,600.46,607.73,599.1,607.73,83711690,1407204000
2014-08-06,607.95,610.88,605.63,606.7,87400600,1407290400
2014-08-07,603.94,608.42,603.13,607.62,87858760,1407376800
2014-08-08,607.64,610.09,604.08,605.43,101520160,1407463200
2014-08-11,602.78,607.16,600.48,602.13,74249570,1407722400
2014-08-12,602.35,604.89,598.71,601.78,78520730,1407808800
2014-08-13,601.77,604.51,599.64,602.76,93087280,1407895200
2014-08-14,605.2,607.84,604.08,605.25,109406300,1407981600
2014-08-15,605.25,608.46,603.24,604.24,101218780,1408068000
2014-08-18,605.65,607.79,603.33,605.08,123678840,1408327200
2014-08-19,606.6,609.04,603.61,604.64,125366090,1408413600
2014-08-20,604.3,608.72,602.81,606.7,98377830,1408500000
2014-08-21,608.91,616.96,608.58,612.94,140343470,1408586400
2014-08-22,615.81,622.97,614.51,620.14,151323250,1408672800
2014-08-25,622.71,629.58,622.16,625.88,156793900,1408932000
2014-08-26,627.13,631.17,625.1,629.06,129151110,1409018400
2014-08-27,631.23,632.25,624.68,628.77,152313560,1409104800
2014-08-28,629.28,635.94,626.32,632.03,134519830,1409191200
2014-08-29,634.91,640.19,631.11,636.65,170612900,1409277600
2014-09-03,641.01,644.56,638.95,640.75,188155710,1409709600
2014-09-04,639.14,642.88,636.56,640.22,147679700,1409796000
2014-09-05,640.05,641.96,638.55,638.65,138632500,1409882400
2014-09-08,641.93,642.72,639.19,639.85,163757920,1410141600
2014-09-09,640.99,641.2,622.76,626.92,242576650,1410228000
2014-09-10,627.35,630.03,618.54,628.8,129722930,1410314400
2014-09-11,629.77,633.6,626.26,628.99,121586890,1410400800
2014-09-12,631.31,632.91,627.42,632.5,142042140,1410487200
2014-09-15,631.31,636.65,627.42,630.34,201078790,1410746400
2014-09-16,628.96,631.59,623.66,627.66,176189320,1410832800
2014-09-17,630.5,632.22,625.66,625.66,183400380,1410919200
2014-09-18,625.94,627.29,615.8,615.8,162783900,1411005600
2014-09-19,616.03,619.8,612.4,613.29,203749040,1411092000
2014-09-22,617.71,621.36,611.93,611.93,99326220,1411351200
2014-09-23,611.75,615.99,610.39,610.39,131792630,1411437600
2014-09-24,609.51,611.61,603.59,603.59,112776100,1411524000
2014-09-25,602.53,605.5,594.28,605.1,123016770,1411610400
2014-09-26,608.8,610.15,604.98,604.98,134501730,1411696800
2014-09-29,605.03,605.03,599.78,599.78,111034700,1411956000
2014-09-30,597.16,601.54,594.0,598.8,142531380,1412042400
2014-10-01,603.5,611.74,603.44,609.27,168682480,1412128800
2014-10-02,612.43,614.8,607.57,612.66,165970840,1412215200
2014-10-03,613.38,615.42,610.55,611.55,170475580,1412301600
2014-10-06,612.11,616.13,612.03,614.42,163261230,1412560800
2014-10-07,614.16,617.01,612.94,614.08,178871570,1412647200
2014-10-08,615.04,618.37,611.98,617.26,167590180,1412733600
2014-10-09,622.25,626.9,622.25,624.34,154923100,1412820000
2014-10-10,624.61,627.49,617.72,617.72,143028680,1412906400
2014-10-13,615.79,618.29,608.27,614.22,108441800,1413165600
2014-10-14,614.22,616.71,605.79,605.79,112901760,1413252000
2014-10-15,603.73,606.4,596.5,604.29,117820960,1413338400
2014-10-16,603.11,603.59,585.76,587.17,165668630,1413424800
2014-10-17,587.48,591.85,577.79,585.28,118004420,1413511200
2014-10-20,588.38,593.2,585.7,589.24,75388460,1413770400
2014-10-21,590.17,601.14,588.75,600.55,80475800,1413856800
2014-10-22,600.27,603.97,598.99,601.59,97192990,1413943200
2014-10-23,598.61,602.02,593.11,593.53,143961970,1414029600
2014-10-24,592.66,595.33,588.72,591.51,90743200,1414116000
2014-10-27,590.33,591.59,580.02,580.8,99712610,1414375200
2014-10-28,579.77,584.43,578.44,583.13,109692910,1414461600
2014-10-29,585.85,591.83,585.68,591.2,94659670,1414548000
2014-10-30,593.86,594.3,589.14,589.14,94528450,1414634400
2014-10-31,591.12,600.84,588.16,600.84,128902840,1414720800
2014-11-03,603.44,606.94,602.51,603.15,109836450,1414980000
2014-11-04,601.55,604.47,598.39,598.39,107482690,1415066400
2014-11-05,599.64,602.53,593.53,597.01,129003800,1415152800
2014-11-06,599.42,601.28,596.73,597.85,85175150,1415239200
2014-11-07,598.37,603.32,597.73,602.59,119568150,1415325600
2014-11-10,603.7,607.5,602.12,602.12,126939270,1415584800
2014-11-11,603.5,608.68,601.85,604.23,132043890,1415671200
2014-11-12,605.44,606.36,603.12,604.01,121877550,1415757600
2014-11-13,605.3,607.29,602.62,603.16,139365180,1415844000
2014-11-14,601.61,602.51,596.95,600.36,141302230,1415930400
2014-11-17,602.4,604.63,600.93,600.93,108861540,1416189600
2014-11-18,600.86,602.53,594.25,594.25,128868510,1416276000
2014-11-19,594.88,597.29,588.35,588.35,131657230,1416362400
2014-11-20,592.17,594.76,589.84,593.32,147023610,1416448800
2014-11-21,594.71,596.02,588.03,588.03,157836660,1416535200
2014-11-24,585.08,586.54,580.92,582.53,111511310,1416794400
2014-11-25,583.53,588.42,583.53,585.91,102742670,1416880800
2014-11-26,587.58,588.16,575.09,576.04,153001780,1416967200
2014-11-27,575.64,575.82,567.36,572.89,107299540,1417053600
2014-11-28,571.04,572.12,565.1,566.58,138169790,1417140000
2014-12-01,566.22,571.69,565.09,568.01,108033330,1417399200
2014-12-02,570.44,570.79,568.55,569.43,95251130,1417485600
2014-12-03,570.48,575.95,570.44,574.88,111414110,1417572000
2014-12-04,576.63,581.27,576.63,578.38,105904080,1417658400
2014-12-05,578.64,582.42,578.18,578.76,95316490,1417744800
2014-12-08,577.44,577.44,569.24,571.68,105840990,1418004000
2014-12-09,567.55,567.55,554.51,555.31,169970680,1418090400
2014-12-10,549.98,558.47,544.78,557.19,111615650,1418176800
2014-12-11,549.78,557.96,547.55,550.11,87052690,1418263200
2014-12-12,547.69,554.82,547.69,553.93,73938730,1418349600
2014-12-15,550.8,554.35,547.93,547.93,77841880,1418608800
2014-12-16,545.33,545.66,535.0,535.14,114699800,1418695200
2014-12-17,535.27,536.64,513.06,518.22,165055720,1418781600
2014-12-18,523.91,528.6,521.33,528.45,94737920,1418868000
2014-12-19,527.61,533.3,522.1,523.09,171218450,1418954400
2014-12-22,527.31,537.54,527.28,537.54,70396910,1419213600
2014-12-23,535.61,543.22,532.78,537.88,76021280,1419300000
2014-12-24,540.46,541.73,536.79,539.44,57168000,1419386400
2014-12-25,536.21,537.47,531.52,532.01,67648520,1419472800
2014-12-26,531.84,537.89,527.41,533.37,85103360,1419559200
2014-12-29,534.56,538.83,533.37,532.68,94978280,1419818400
2014-12-30,531.07,537.57,526.61,537.57,80298630,1419904800
2014-12-31,538.7,546.62,537.91,545.63,106297220,1419991200
2015-01-05,544.86,549.22,543.78,544.45,91834620,1420423200
2015-01-06,539.08,550.11,538.82,549.66,94081890,1420509600
2015-01-07,548.44,555.83,548.44,552.05,109445780,1420596000
2015-01-08,553.49,556.8,552.15,553.47,73883040,1420682400
2015-01-09,553.49,570.52,552.15,569.73,104203680,1420768800
2015-01-12,575.86,579.73,574.07,574.32,123328210,1421028000
2015-01-13,573.26,580.65,573.26,580.6,93250940,1421114400
2015-01-14,579.77,582.21,571.67,577.01,105588770,1421200800
2015-01-15,578.31,581.24,575.36,577.74,111809300,1421287200
2015-01-16,576.88,578.51,574.08,574.81,103715770,1421373600
2015-01-19,577.32,579.06,570.1,571.51,85869950,1421632800
2015-01-20,570.78,574.96,570.14,572.22,72955320,1421719200
2015-01-21,573.54,574.41,569.12,569.12,75650990,1421805600
2015-01-22,569.74,576.48,567.82,574.54,77924420,1421892000
2015-01-23,578.22,583.57,577.57,582.38,116961120,1421978400
2015-01-26,584.89,586.76,580.64,580.64,92614650,1422237600
2015-01-27,579.04,584.28,575.5,579.3,138720400,1422324000
2015-01-28,579.56,584.35,578.59,583.76,107448470,1422410400
2015-01-29,584.26,585.66,580.37,583.28,93424200,1422496800
2015-01-30,584.08,584.08,574.46,576.07,97717870,1422583200
2015-02-02,576.07,579.73,570.37,570.37,66840420,1422842400
2015-02-03,572.56,574.83,557.47,557.47,93996200,1422928800
2015-02-04,556.93,561.69,553.21,561.45,90940000,1423015200
2015-02-05,562.17,568.22,562.05,567.17,69467520,1423101600
2015-02-06,569.03,574.36,569.03,574.13,58140870,1423188000
2015-02-09,575.14,575.14,573.55,573.55,62712850,1423447200
2015-02-10,575.74,578.42,574.24,574.52,61234350,1423533600
2015-02-11,574.88,581.76,574.88,581.76,70560970,1423620000
2015-02-12,582.52,584.99,581.86,584.67,79108960,1423706400
2015-02-13,586.26,589.02,585.6,587.24,72295080,1423792800
2015-02-24,590.18,596.95,589.74,596.95,61107780,1424743200
2015-02-25,596.9,601.55,592.66,592.66,96802090,1424829600
2015-02-26,593.95,597.07,591.78,596.72,84963550,1424916000
2015-02-27,598.0,598.4,590.58,592.57,76140470,1425002400
2015-03-02,591.75,593.72,588.59,590.73,76507740,1425261600
2015-03-03,590.42,597.45,590.42,596.72,108805820,1425348000
2015-03-04,598.49,600.69,595.34,600.39,115432610,1425434400
2015-03-05,601.08,602.4,596.75,596.91,121956230,1425520800
2015-03-06,596.42,598.33,592.71,593.97,96217780,1425607200
2015-03-09,594.08,596.32,587.27,588.44,90927440,1425866400
2015-03-10,586.38,591.17,586.38,589.66,93334410,1425952800
2015-03-11,589.04,590.56,586.49,586.54,79076070,1426039200
2015-03-12,585.89,589.67,585.48,588.53,79994860,1426125600
2015-03-13,589.04,591.75,586.1,586.1,88834970,1426212000
2015-03-16,589.04,591.75,580.55,580.8,98790020,1426471200
2015-03-17,580.6,583.59,580.6,581.76,88737460,1426557600
2015-03-18,580.81,581.53,578.45,578.68,86795050,1426644000
2015-03-19,579.39,580.32,573.52,573.74,81752950,1426730400
2015-03-20,572.57,577.56,571.92,575.44,145321980,1426816800
2015-03-23,576.64,579.39,570.44,570.89,92533430,1427076000
2015-03-24,569.33,569.91,562.07,567.43,85257700,1427162400
2015-03-25,567.62,568.4,559.87,560.93,83089270,1427248800
2015-03-26,556.12,559.68,553.19,556.16,78108910,1427335200
2015-03-27,558.93,561.13,549.65,551.42,83668500,1427421600
2015-03-30,551.75,554.26,545.07,545.19,85631540,1427680800
2015-03-31,544.87,552.72,544.87,551.13,80466510,1427767200
2015-04-01,550.8,551.69,537.3,538.91,109335350,1427853600
2015-04-02,540.54,546.85,536.87,546.85,85076890,1427940000
2015-04-03,548.69,550.3,544.22,547.85,69546330,1428026400
2015-04-06,549.25,549.28,542.97,542.97,54696270,1428285600
2015-04-07,544.07,548.37,540.79,548.11,89727690,1428372000
2015-04-08,549.69,551.23,546.29,547.72,70218920,1428458400
2015-04-09,547.26,552.53,546.76,550.52,83461270,1428544800
2015-04-10,550.96,557.65,550.96,554.03,94475400,1428631200
2015-04-13,556.35,559.68,555.97,559.54,68397200,1428890400
2015-04-14,559.81,562.95,558.49,558.67,64342770,1428976800
2015-04-15,558.94,565.39,558.94,564.5,74772590,1429063200
2015-04-16,564.5,570.68,564.5,568.28,96584510,1429149600
2015-04-17,568.28,572.76,568.28,568.32,104793290,1429236000
2015-04-20,568.52,568.83,562.66,565.04,65083490,1429495200
2015-04-21,563.78,567.52,562.24,562.24,81797060,1429581600
2015-04-22,562.58,565.04,561.53,562.51,89314350,1429668000
2015-04-23,562.85,564.45,557.57,561.25,71098650,1429754400
2015-04-24,563.17,567.36,561.56,565.77,54121630,1429840800
2015-04-27,567.72,568.47,562.4,562.4,53676760,1430100000
2015-05-04,560.62,563.36,545.08,545.08,111153790,1430704800
2015-05-05,544.8,552.65,539.04,552.65,100089470,1430791200
2015-05-06,553.3,555.51,548.17,549.3,80300720,1430877600
2015-05-07,548.51,554.22,547.53,552.98,65236660,1430964000
2015-05-08,551.57,556.39,550.93,554.51,70875790,1431050400
2015-05-11,554.5,551.67,551.67,551.67,88473680,1431309600
2015-05-12,551.98,544.41,544.41,544.41,72362280,1431396000
2015-05-13,545.5,544.82,538.76,542.82,76185760,1431482400
2015-05-14,542.53,545.0,540.72,543.69,64983330,1431568800
2015-05-15,543.05,545.48,537.44,537.44,72939360,1431655200
2015-05-18,535.55,536.71,528.9,528.95,101571460,1431914400
2015-05-19,532.86,537.19,531.76,536.82,83713920,1432000800
2015-05-20,536.35,550.33,536.07,550.1,123636990,1432087200
2015-05-21,550.99,554.0,547.95,552.56,103114440,1432173600
2015-05-22,553.41,561.82,550.81,561.82,112920050,1432260000
2015-05-25,560.8,563.84,558.5,563.0,106078240,1432519200
2015-05-26,563.07,570.29,563.07,567.2,133053010,1432605600
2015-05-27,564.64,569.63,563.28,566.48,111368810,1432692000
2015-05-28,566.13,576.92,564.73,572.97,145617460,1432778400
2015-05-29,572.73,577.03,568.7,569.56,129559300,1432864800
2015-06-01,571.15,579.58,570.14,574.98,112680510,1433124000
2015-06-02,575.7,581.24,570.31,570.31,120805280,1433210400
2015-06-03,570.55,573.91,567.81,567.9,120677080,1433296800
2015-06-04,568.01,573.5,567.89,568.99,102465870,1433383200
2015-06-05,568.63,579.01,568.37,578.07,141129610,1433469600
2015-06-08,583.06,585.51,579.45,579.83,181609700,1433728800
2015-06-09,578.68,582.13,573.73,574.47,146632640,1433815200
2015-06-10,576.06,576.62,569.59,574.1,123193810,1433901600
2015-06-11,577.32,582.68,575.25,581.05,158674570,1433988000
2015-06-12,582.54,585.01,578.8,582.73,154356240,1434074400
2015-06-15,583.25,586.67,581.35,586.48,146447610,1434333600
2015-06-16,587.76,589.33,580.35,580.35,152124380,1434420000
2015-06-17,578.68,584.04,576.22,578.87,118202310,1434506400
2015-06-18,578.73,583.02,578.47,580.35,90021550,1434592800
2015-06-19,584.08,588.48,582.47,584.7,184477640,1434679200
2015-06-22,588.33,594.08,588.01,594.08,145223130,1434938400
2015-06-23,592.44,595.11,590.76,593.07,99831620,1435024800
2015-06-24,592.19,594.01,589.02,590.02,112994500,1435111200
2015-06-25,589.29,590.37,585.34,587.99,106046100,1435197600
2015-06-26,586.04,592.59,581.75,581.75,138270500,1435284000
2015-06-29,580.16,591.75,579.61,591.75,104599850,1435543200
2015-06-30,588.77,598.98,588.77,593.05,136064740,1435629600
2015-07-01,594.52,594.52,587.33,591.5,114932070,1435716000
2015-07-02,591.5,605.7,590.52,605.7,117495710,1435802400
2015-07-03,608.82,617.96,608.82,616.43,154568920,1435888800
2015-07-06,618.75,625.34,618.65,625.22,161305630,1436148000
2015-07-07,623.89,633.73,620.59,630.27,167953860,1436234400
2015-07-08,618.75,625.51,618.33,623.17,180512890,1436320800
2015-07-09,616.2,626.38,613.34,622.1,128611000,1436407200
2015-07-10,627.56,630.79,624.7,627.28,149796670,1436493600
2015-07-13,631.56,635.17,627.69,634.06,129559110,1436752800
2015-07-14,635.55,640.43,628.43,638.69,148321440,1436839200
2015-07-15,640.43,641.06,630.89,630.89,135994360,1436925600
2015-07-16,627.32,632.21,622.57,626.9,113628750,1437012000
2015-07-17,628.45,631.67,626.21,628.63,97179130,1437098400
2015-07-20,624.84,624.84,616.11,620.54,105000850,1437357600
2015-07-21,619.9,624.47,613.83,616.61,95668300,1437444000
2015-07-22,614.78,629.94,613.58,629.85,109080570,1437530400
2015-07-23,632.07,637.91,631.43,632.01,117644960,1437616800
2015-07-24,633.27,634.51,628.42,631.26,109015570,1437703200
2015-07-27,629.68,636.84,629.42,635.46,116704360,1437962400
2015-07-28,636.58,639.54,631.47,631.47,149155540,1438048800
2015-07-29,632.0,634.64,624.7,624.7,111883170,1438135200
2015-07-30,625.46,627.11,622.43,626.57,96753150,1438221600
2015-07-31,628.31,629.97,621.06,621.06,101422300,1438308000
2015-08-03,617.12,617.12,605.63,609.47,120074910,1438567200
2015-08-04,607.95,609.91,600.76,600.76,78122270,1438653600
2015-08-05,600.68,608.21,600.68,607.08,92678090,1438740000
2015-08-06,607.84,609.31,600.85,601.04,108566000,1438826400
2015-08-07,601.57,604.04,597.75,603.76,75215360,1438912800
2015-08-10,603.82,614.53,603.82,614.53,84997900,1439172000
2015-08-11,615.17,619.69,611.17,613.05,102419460,1439258400
2015-08-12,609.33,611.46,602.01,604.24,108828230,1439344800
2015-08-13,598.24,598.24,590.44,594.26,119329110,1439431200
2015-08-14,592.8,598.55,585.97,589.03,85702280,1439517600
2015-08-17,588.67,591.2,571.26,573.15,104003690,1439776800
2015-08-18,571.31,580.22,571.22,580.22,86433690,1439863200
2015-08-19,576.44,580.99,569.21,577.82,98952270,1439949600
2015-08-20,577.82,577.82,565.09,566.69,106922940,1440036000
2015-08-21,559.34,559.97,542.31,556.3,181154060,1440122400
2015-08-24,550.48,550.48,523.55,526.93,166417080,1440381600
2015-08-25,511.13,535.48,511.13,529.98,167518810,1440468000
2015-08-26,530.05,545.89,530.05,545.89,120486820,1440554400
2015-08-27,551.89,558.93,551.44,555.81,115022570,1440640800
2015-08-28,561.36,570.87,559.35,570.87,151294750,1440727200
2015-08-31,573.1,573.1,563.99,564.75,103156060,1440986400
2015-09-01,565.75,569.18,561.28,562.31,85154580,1441072800
2015-09-03,559.32,561.43,551.47,554.3,88639140,1441245600
2015-09-04,554.85,558.9,554.77,556.81,65396630,1441332000
2015-09-07,557.07,560.09,554.44,554.93,62231590,1441591200
2015-09-08,554.48,566.72,554.34,566.72,93964710,1441677600
2015-09-09,574.06,574.73,569.69,572.34,83370390,1441764000
2015-09-10,567.51,576.13,567.09,572.07,68366470,1441850400
2015-09-11,572.14,573.99,566.18,566.74,83304010,1441936800
2015-09-14,569.61,572.25,561.46,562.17,73159920,1442196000
2015-09-15,564.38,565.05,561.1,563.27,75629990,1442282400
2015-09-16,561.86,564.82,561.69,564.13,62116570,1442368800
2015-09-17,563.93,565.85,562.48,562.48,69310470,1442455200
2015-09-18,564.69,569.5,564.69,566.25,146392000,1442541600
2015-09-21,566.74,572.26,565.16,572.12,85909480,1442800800
2015-09-22,573.09,575.17,570.26,573.2,93447420,1442887200
2015-09-23,570.64,573.85,569.51,572.72,83854560,1442973600
2015-09-24,573.5,575.36,570.12,570.25,97457070,1443060000
2015-09-25,570.41,572.09,567.71,570.38,64206160,1443146400
2015-09-28,571.29,572.15,564.88,564.88,75292380,1443405600
2015-09-29,559.83,561.76,557.65,561.19,81325500,1443492000
2015-09-30,562.5,565.65,562.5,562.64,65873320,1443578400
2015-10-01,563.39,565.63,563.23,563.54,59579580,1443664800
2015-10-02,563.33,565.01,561.73,564.15,55193470,1443751200
2015-10-05,564.58,570.0,563.95,570.0,90475450,1444010400
2015-10-06,577.45,581.38,574.63,581.29,151905450,1444096800
2015-10-07,583.97,587.3,579.57,579.57,132503590,1444183200
2015-10-08,580.04,588.35,579.82,586.78,143545640,1444269600
2015-10-09,590.61,593.02,587.57,588.02,147844670,1444356000
2015-10-12,591.67,594.74,591.54,592.1,114261810,1444615200
2015-10-13,589.09,591.66,588.54,590.84,101884610,1444701600
2015-10-14,592.45,593.73,589.62,589.98,102671940,1444788000
2015-10-15,591.36,594.17,588.98,592.4,104752740,1444874400
2015-10-16,592.4,599.74,592.4,593.02,126451760,1444960800
2015-10-19,593.87,598.11,591.6,594.61,98680460,1445220000
2015-10-20,594.97,596.37,588.26,590.45,118292310,1445306400
2015-10-21,590.43,594.5,589.84,590.24,91811440,1445392800
2015-10-22,590.24,595.81,589.74,595.08,88520580,1445479200
2015-10-23,598.55,602.55,598.25,601.74,96230820,1445565600
2015-10-26,604.41,606.79,598.61,598.61,92720180,1445824800
2015-10-27,597.8,600.51,595.62,598.44,88083740,1445911200
2015-10-28,599.09,601.09,596.24,596.24,104906030,1445997600
2015-10-29,599.32,605.2,598.8,605.2,99041850,1446084000
2015-10-30,605.49,608.01,603.93,607.37,82752600,1446170400
2015-11-02,607.93,610.17,601.99,602.76,112292820,1446429600
2015-11-03,605.32,611.71,600.46,611.71,103782570,1446516000
2015-11-04,617.6,617.77,610.6,610.6,97491500,1446602400
2015-11-05,609.49,616.46,608.53,615.18,90953470,1446688800
2015-11-06,615.54,617.79,608.89,612.36,103653710,1446775200
2015-11-09,612.29,613.79,610.35,610.66,112006930,1447034400
2015-11-10,609.3,610.6,605.08,605.27,108522700,1447120800
2015-11-11,604.13,609.24,603.34,603.53,90407380,1447207200
2015-11-12,602.02,605.58,595.86,605.58,137337740,1447293600
2015-11-13,604.41,611.27,603.72,611.27,145889290,1447380000
2015-11-16,609.77,611.92,605.39,609.21,122539980,1447639200
2015-11-17,609.46,611.18,605.05,605.05,162846800,1447725600
2015-11-18,603.32,606.62,602.13,603.34,110694890,1447812000
2015-11-19,604.38,605.56,600.84,601.9,111444220,1447898400
2015-11-20,602.11,606.58,601.9,604.46,130398970,1447984800
2015-11-23,605.89,607.69,599.99,599.99,147238690,1448244000
2015-11-24,599.81,599.94,590.41,593.83,150944920,1448330400
2015-11-25,593.24,596.92,588.1,595.7,141109040,1448416800
2015-11-26,593.12,594.67,590.39,590.4,143903290,1448503200
2015-11-27,589.09,591.84,582.86,582.86,133885000,1448589600
2015-11-30,581.39,581.65,571.12,573.2,112002660,1448848800
2015-12-01,573.39,577.58,570.41,570.41,105037670,1448935200
2015-12-02,571.01,577.03,571.01,574.42,95044360,1449021600
2015-12-03,574.04,576.84,573.2,574.38,72157320,1449108000
2015-12-04,574.0,574.69,567.95,571.62,83491230,1449194400
2015-12-07,570.12,571.2,563.41,563.62,70843060,1449453600
2015-12-08,561.0,574.15,556.92,574.15,97111470,1449540000
2015-12-09,575.37,576.63,565.2,565.2,88440210,1449626400
2015-12-10,564.86,567.62,561.04,561.04,94011540,1449712800
2015-12-11,560.99,567.13,559.73,563.43,79068530,1449799200
2015-12-14,564.14,566.28,560.99,562.22,92279450,1450058400
2015-12-15,563.3,568.74,563.3,568.0,99030490,1450144800
2015-12-16,570.36,575.54,570.36,572.55,96949850,1450231200
2015-12-17,572.55,579.18,572.55,577.11,80826770,1450317600
2015-12-18,574.66,578.0,568.18,568.18,179001190,1450404000
2015-12-21,570.45,571.28,565.35,566.9,97315670,1450663200
2015-12-22,567.88,570.86,565.48,566.35,74383900,1450749600
2015-12-23,564.93,568.16,562.3,564.27,73480350,1450836000
2015-12-24,566.65,567.8,565.62,566.17,64643240,1450922400
2015-12-25,566.6,570.49,566.6,567.67,79503910,1451008800
2015-12-28,570.57,572.92,569.4,569.9,100998130,1451268000
2015-12-29,569.4,576.29,566.49,576.29,94079180,1451354400
2015-12-30,576.5,579.45,575.71,579.45,83672230,1451440800
2015-12-31,579.12,580.82,575.73,579.03,102999330,1451527200
2016-01-04,579.03,579.97,573.15,574.41,95930580,1451872800
2016-01-05,571.66,575.4,569.26,569.94,97997540,1451959200
2016-01-06,569.5,574.57,569.5,574.57,82285160,1452045600
2016-01-07,570.62,570.94,561.09,565.36,140610960,1452132000
2016-01-08,562.62,563.17,556.36,560.05,133652640,1452218400
2016-01-11,559.3,563.04,557.51,557.87,100564840,1452477600
2016-01-12,557.36,564.26,557.36,564.26,101936980,1452564000
2016-01-13,565.21,566.02,560.37,560.37,116482120,1452650400
2016-01-14,555.88,556.62,550.6,553.03,128698360,1452736800
2016-01-15,554.35,556.55,543.04,543.04,119036170,1452823200
2016-01-18,532.54,532.54,518.16,526.37,155232200,1453082400
2016-01-19,525.65,535.77,525.65,535.77,113134420,1453168800
2016-01-20,532.81,536.57,529.42,529.44,110084630,1453255200
2016-01-21,529.44,531.21,520.74,521.88,139640150,1453341600
2016-01-22,521.88,525.83,513.82,522.24,159197830,1453428000
2016-01-25,522.24,542.36,522.24,542.35,141544590,1453687200
2016-01-26,534.06,542.98,531.27,537.73,129406630,1453773600
2016-01-27,541.18,543.88,540.03,542.69,113837250,1453860000
2016-01-28,542.01,544.73,538.59,539.47,107972910,1453946400
2016-01-29,539.96,545.71,537.51,545.25,98772890,1454032800
2016-02-01,545.27,548.58,540.56,540.56,91516390,1454292000
2016-02-02,537.71,542.26,535.38,536.45,81857900,1454378400
2016-02-03,531.11,539.07,530.23,539.07,72488010,1454464800
2016-02-04,542.91,545.17,541.66,542.15,58991600,1454551200
2016-02-05,540.64,545.54,540.64,544.75,58916530,1454637600
2016-02-15,540.13,544.59,537.81,543.79,63716290,1455501600
2016-02-16,545.72,548.89,545.72,548.05,101448930,1455588000
2016-02-17,551.38,552.38,547.05,547.05,108235660,1455674400
2016-02-18,551.08,555.05,549.16,552.49,105390240,1455760800
2016-02-19,552.37,555.16,551.38,554.03,176932600,1455847200
2016-02-22,555.31,561.44,555.31,560.71,146133920,1456106400
2016-02-23,564.75,567.58,561.09,561.28,151169460,1456192800
2016-02-24,559.48,569.7,557.77,568.04,150465740,1456279200
2016-02-25,571.15,573.63,562.82,562.82,128761360,1456365600
2016-02-26,565.61,566.8,562.39,566.11,96285500,1456452000
2016-02-29,566.0,566.0,559.0,559.0,116967696,1456711200
2016-03-01,560.03,565.65,560.03,561.56,115276230,1456797600
2016-03-02,564.85,570.18,562.97,570.18,140295650,1456884000
2016-03-03,573.06,573.88,569.39,570.39,121565340,1456970400
2016-03-04,570.18,576.02,568.83,573.65,131099670,1457056800
2016-03-07,575.76,580.95,575.39,576.2,154505980,1457316000
2016-03-08,576.75,579.87,574.53,574.71,141443700,1457402400
2016-03-09,573.47,576.32,571.48,571.71,118988380,1457488800
2016-03-10,574.07,575.91,571.52,575.91,118002950,1457575200
2016-03-11,576.12,580.93,574.81,577.26,134136630,1457661600
2016-03-14,579.61,579.84,576.26,577.98,122214350,1457920800
2016-03-15,577.98,578.96,572.59,574.04,138716120,1458007200
2016-03-16,573.88,577.96,573.37,577.07,138524560,1458093600
2016-03-17,581.55,583.53,579.26,579.26,138979600,1458180000
2016-03-18,579.95,580.81,575.44,575.82,174491080,1458266400
2016-03-21,577.65,580.83,572.27,572.27,143177260,1458525600
2016-03-22,572.27,573.8,567.8,570.91,122911350,1458612000
2016-03-23,570.74,575.22,570.39,574.71,130484450,1458698400
2016-03-24,573.93,577.21,570.66,570.66,140020360,1458784800
2016-03-25,569.48,572.48,564.88,572.08,132180850,1458871200
2016-03-28,573.69,576.0,571.58,575.72,110859230,1459130400
2016-03-29,575.63,576.07,568.28,568.28,132852470,1459216800
2016-03-30,566.08,571.89,565.55,569.91,122484050,1459303200
2016-03-31,569.0,571.0,561.0,561.0,145625024,1459389600
2016-04-01,560.64,562.73,557.96,558.43,116291560,1459476000
2016-04-04,557.56,560.92,554.3,555.82,108880000,1459735200
2016-04-05,556.69,560.32,555.15,560.32,112087100,1459821600
2016-04-06,561.94,567.79,560.63,567.79,99562200,1459908000
2016-04-07,570.72,572.56,567.01,571.6,117899300,1459994400
2016-04-08,571.21,574.46,569.09,572.34,111597810,1460080800
2016-04-11,575.11,581.88,575.01,579.27,129674560,1460340000
2016-04-12,580.9,582.97,577.17,579.84,138444120,1460426400
2016-04-13,580.77,582.81,575.65,578.02,130634250,1460512800
2016-04-14,575.69,584.81,575.69,579.49,116830600,1460599200
2016-04-15,581.54,586.36,579.86,579.86,115434600,1460685600
2016-04-19,578.32,578.44,568.28,568.28,125545070,1461031200
2016-04-20,569.8,571.71,565.3,568.03,108722460,1461117600
2016-04-21,571.19,577.41,570.71,575.73,100005660,1461204000
2016-04-22,574.57,592.48,574.57,592.48,129717340,1461290400
2016-04-25,597.91,601.61,591.58,591.58,130331660,1461549600
2016-04-26,590.99,598.48,590.19,598.48,132638550,1461636000
2016-04-27,601.79,601.79,591.35,593.96,134186560,1461722400
2016-04-28,594.98,597.28,589.97,591.67,94003230,1461808800
2016-04-29,591.2,599.71,591.2,598.37,110322990,1461895200
2016-05-04,595.95,603.08,592.43,599.07,131949650,1462327200
2016-05-05,600.66,605.21,600.5,601.51,120477350,1462413600
2016-05-06,602.4,608.94,602.17,606.52,113045550,1462500000
2016-05-09,610.92,612.97,603.85,603.85,105330980,1462759200
2016-05-10,600.35,605.46,597.74,605.05,107970160,1462845600
2016-05-11,606.6,614.06,606.06,614.06,104828050,1462932000
2016-05-12,615.55,617.56,612.12,612.12,86561510,1463018400
2016-05-13,612.32,615.3,608.04,610.82,105664260,1463104800
2016-05-16,610.13,616.17,608.49,615.78,90053950,1463364000
2016-05-17,620.54,626.12,618.67,624.75,116003280,1463450400
2016-05-18,625.53,627.81,621.79,622.45,113469020,1463536800
2016-05-19,621.83,623.68,618.13,619.2,114111200,1463623200
2016-05-20,620.72,622.48,614.41,614.81,89160520,1463709600
2016-05-23,616.11,616.83,610.45,611.03,76074600,1463968800
2016-05-24,612.23,613.14,608.15,611.62,95492370,1464055200
2016-05-25,613.96,616.38,611.89,611.89,95084720,1464141600
2016-05-26,611.88,613.37,604.34,604.34,94423070,1464228000
2016-05-27,604.36,609.94,603.23,608.11,89454250,1464314400
2016-05-30,609.98,615.52,608.46,614.5,101592790,1464573600
2016-05-31,616.0,621.0,615.0,618.0,107978416,1464660000
2016-06-01,618.2,620.2,616.3,619.86,99652390,1464746400
2016-06-02,619.19,624.52,618.38,623.37,121873950,1464832800
2016-06-03,623.21,625.19,621.62,621.88,118639060,1464919200
2016-06-06,621.09,624.55,616.98,620.05,118156660,1465178400
2016-06-07,622.4,624.69,620.05,624.65,112253160,1465264800
2016-06-08,626.84,632.68,626.29,627.87,126073730,1465351200
2016-06-09,628.4,631.26,626.27,631.26,116376380,1465437600
2016-06-10,629.95,633.47,628.56,629.84,128988300,1465524000
2016-06-13,626.26,627.36,621.4,623.58,116109850,1465783200
2016-06-14,621.63,626.4,619.13,625.43,91857820,1465869600
2016-06-15,624.63,628.75,621.76,627.02,103691960,1465956000
2016-06-16,627.38,630.21,625.11,625.11,116946050,1466042400
2016-06-17,622.92,624.59,618.16,619.25,143669220,1466128800
2016-06-20,622.04,626.46,619.25,626.46,94712000,1466388000
2016-06-21,629.03,631.96,626.46,628.0,108155080,1466474400
2016-06-22,628.77,629.95,625.81,626.41,93762050,1466560800
2016-06-23,626.47,632.6,626.41,632.27,105505080,1466647200
2016-06-24,631.77,632.27,597.68,620.77,262210430,1466733600
2016-06-27,616.19,621.27,608.26,621.27,101865150,1466992800
2016-06-28,617.68,624.85,617.65,622.2,76760440,1467079200
2016-06-29,623.56,631.25,623.56,630.12,113362110,1467165600
2016-06-30,633.0,637.0,632.0,632.0,99042576,1467252000
2016-07-01,632.26,643.55,632.26,640.3,106711160,1467338400
2016-07-04,643.11,647.96,641.96,647.96,124752900,1467597600
2016-07-05,650.47,658.45,647.52,650.88,140423840,1467684000
2016-07-06,646.8,652.36,644.07,649.46,117965440,1467770400
2016-07-07,652.49,661.12,652.13,661.12,130188390,1467856800
2016-07-08,661.07,665.53,655.91,658.68,131939490,1467943200
2016-07-11,658.92,664.89,648.77,652.26,146647990,1468202400
2016-07-12,652.81,658.9,649.86,658.9,149112960,1468288800
2016-07-13,662.04,676.06,662.04,675.12,138393530,1468375200
2016-07-14,675.66,681.75,666.69,666.69,152057570,1468461600
2016-07-15,666.69,670.18,661.47,664.56,116464580,1468548000
2016-07-18,664.12,673.5,662.25,673.5,122748180,1468807200
2016-07-19,675.89,677.35,660.09,667.76,131066870,1468893600
2016-07-20,667.86,667.86,660.26,660.26,124236080,1468980000
2016-07-21,662.72,665.9,656.03,659.57,104596580,1469066400
2016-07-22,657.15,658.06,640.26,649.87,140165040,1469152800
2016-07-25,651.33,654.17,646.04,649.3,86417860,1469412000
2016-07-26,648.58,651.93,642.91,648.59,97294620,1469498400
2016-07-27,648.03,656.11,647.74,656.11,111642190,1469584800
2016-07-28,655.81,657.2,649.86,657.14,115779900,1469671200
2016-07-29,654.19,657.88,650.98,652.23,112283210,1469757600
2016-08-01,655.38,655.38,646.02,648.38,89743110,1470016800
2016-08-02,643.2,643.2,633.33,636.05,136282920,1470103200
2016-08-03,632.98,634.75,627.66,631.61,87450230,1470189600
2016-08-04,633.74,641.02,631.94,631.94,103788870,1470276000
2016-08-05,629.69,630.18,622.49,627.39,118506920,1470362400
2016-08-08,627.39,629.91,622.14,629.46,84087430,1470621600
2016-08-09,629.66,637.34,629.66,637.34,87157080,1470708000
2016-08-10,637.21,648.48,637.21,648.33,107877050,1470794400
2016-08-11,649.27,660.24,648.31,660.24,134689840,1470880800
2016-08-12,665.14,668.52,652.67,655.71,117895770,1470967200
2016-08-15,654.06,659.47,653.64,659.47,114385770,1471226400
2016-08-16,659.47,662.13,656.83,658.11,128458310,1471312800
2016-08-17,659.46,660.76,657.06,660.51,113029210,1471399200
2016-08-18,663.56,665.94,656.35,660.65,120173290,1471485600
2016-08-19,664.09,666.93,659.64,662.28,101626960,1471572000
2016-08-22,662.87,664.95,657.68,657.68,109773170,1471831200
2016-08-23,653.58,659.16,652.88,659.16,90297080,1471917600
2016-08-24,660.95,665.43,659.7,660.77,98316870,1472004000
2016-08-25,660.77,660.77,656.49,658.5,106728730,1472090400
2016-08-26,662.9,668.84,662.9,667.75,109776940,1472176800
2016-08-29,670.71,679.62,669.44,669.44,108619910,1472436000
2016-08-30,667.96,672.67,666.33,672.67,87433660,1472522400
2016-08-31,673.0,676.0,671.0,675.0,93688888,1472608800
2016-09-01,674.19,674.72,664.77,669.19,93925040,1472695200
2016-09-05,669.3,669.97,660.31,664.55,103194860,1473040800
2016-09-06,666.38,668.4,663.9,663.9,87906500,1473127200
2016-09-07,663.05,663.68,656.22,661.28,88002530,1473213600
2016-09-08,661.89,668.2,660.54,666.07,112627640,1473300000
2016-09-09,669.24,672.39,666.88,666.88,95460760,1473386400
2016-09-12,665.77,666.04,655.55,659.76,88572250,1473645600
2016-09-13,658.61,661.74,654.95,659.72,81226280,1473732000
2016-09-14,658.16,661.82,656.64,656.64,92963280,1473818400
2016-09-15,657.46,660.32,654.84,656.18,105142830,1473904800
2016-09-16,654.68,657.53,651.31,651.31,184317130,1473991200
2016-09-19,651.31,658.35,651.31,657.89,104348350,1474250400
2016-09-20,656.2,663.37,653.28,663.37,100490650,1474336800
2016-09-21,663.12,668.83,662.79,668.48,134925820,1474423200
2016-09-22,668.48,675.36,668.48,671.38,112592880,1474509600
2016-09-23,670.73,674.09,670.3,674.09,99084600,1474596000
2016-09-26,673.21,677.04,671.51,677.04,91965270,1474855200
2016-09-27,676.61,684.89,676.24,684.89,115019350,1474941600
2016-09-28,684.99,687.94,682.98,686.72,111646620,1475028000
2016-09-29,689.82,692.17,685.91,688.55,109747830,1475114400
2016-09-30,689.0,689.0,685.0,686.0,102428416,1475200800
2016-10-03,687.68,687.98,681.99,683.05,108519140,1475460000
2016-10-04,682.82,689.17,680.24,684.2,111644670,1475546400
2016-10-05,686.41,689.5,685.48,687.04,106465990,1475632800
2016-10-06,687.04,690.93,687.04,687.32,140831260,1475719200
2016-10-07,689.51,690.14,680.26,683.95,128830960,1475805600
2016-10-10,684.05,684.46,674.19,674.19,119618590,1476064800
2016-10-11,677.63,682.36,669.2,682.36,126219300,1476151200
2016-10-12,683.88,686.18,681.12,682.45,107650470,1476237600
2016-10-13,680.73,685.23,678.79,685.23,117781230,1476324000
2016-10-14,685.06,690.62,684.78,687.0,134748710,1476410400
2016-10-17,687.18,687.94,680.95,680.95,106159380,1476669600
2016-10-18,680.44,682.99,678.13,682.02,100892180,1476756000
2016-10-19,683.83,689.88,683.25,688.89,122517570,1476842400
2016-10-20,690.45,690.86,685.63,686.39,106042150,1476928800
2016-10-21,685.77,687.54,683.76,684.83,111996680,1477015200
2016-10-24,683.14,684.51,678.66,678.02,91994310,1477274400
2016-10-25,676.29,677.37,670.6,676.18,108043320,1477360800
2016-10-26,676.18,676.18,670.8,673.61,91959690,1477447200
2016-10-27,672.81,676.9,671.61,676.9,85549590,1477533600
2016-10-28,676.74,682.25,675.85,682.25,103029880,1477620000
2016-10-31,682.0,683.0,676.0,676.0,114384032,1477879200
2016-11-01,675.13,676.6,672.33,676.6,103689100,1477965600
2016-11-02,675.68,678.14,671.4,671.4,128035040,1478052000
2016-11-03,668.66,668.66,661.86,667.63,114649680,1478138400
2016-11-04,666.93,668.99,665.08,666.73,74501690,1478224800
2016-11-07,667.12,674.36,666.61,674.14,86516180,1478484000
2016-11-08,675.82,677.91,674.33,676.46,77559310,1478570400
2016-11-09,675.57,675.57,656.68,670.26,129849160,1478656800
2016-11-10,675.36,678.54,675.18,678.17,104949360,1478743200
2016-11-11,678.38,679.56,676.73,679.2,96643530,1478829600
2016-11-14,677.13,679.96,672.45,673.05,111753270,1479088800
2016-11-15,673.75,675.73,671.55,674.26,105064180,1479175200
2016-11-16,674.85,676.9,673.95,674.6,102400010,1479261600
2016-11-17,674.5,676.48,673.13,674.57,119114290,1479348000
2016-11-18,673.82,675.15,669.18,673.25,96180820,1479434400
2016-11-21,673.2,675.04,671.65,674.29,96259380,1479693600
2016-11-22,675.23,681.91,675.23,681.91,106254350,1479780000
2016-11-23,681.17,684.12,679.81,683.16,109567320,1479866400
2016-11-24,683.61,683.61,676.39,678.18,117539200,1479952800
2016-11-25,678.47,678.87,671.48,675.87,108511930,1480039200
2016-11-28,672.49,673.18,660.96,665.29,94780750,1480298400
2016-11-29,665.11,667.79,658.26,658.26,111429590,1480384800
2016-11-30,658.0,666.0,655.0,665.0,115315368,1480471200
2016-12-01,670.69,670.76,666.54,666.54,107595380,1480557600
2016-12-02,667.26,667.39,662.09,665.14,106687860,1480644000
2016-12-05,663.06,663.87,658.11,660.21,87046940,1480903200
2016-12-06,660.68,660.77,648.37,651.49,117960660,1480989600
2016-12-07,648.63,654.13,647.33,653.53,103897120,1481076000
2016-12-08,655.48,660.72,655.48,658.89,90796840,1481162400
2016-12-09,659.46,664.46,659.46,663.07,79953030,1481248800
2016-12-12,663.7,664.67,658.84,659.7,94354570,1481508000
2016-12-13,662.27,663.54,654.34,654.66,111295850,1481594400
2016-12-14,657.39,665.14,657.39,665.14,193827050,1481680800
2016-12-15,668.07,668.07,664.08,665.92,107135700,1481767200
2016-12-16,670.43,675.19,668.3,675.16,155852900,1481853600
2016-12-19,673.98,679.9,673.88,674.33,107085610,1482112800
2016-12-20,673.93,674.28,662.66,662.66,92619080,1482199200
2016-12-21,662.36,667.06,657.4,666.94,81863850,1482285600
2016-12-22,669.01,669.95,663.7,664.15,86318960,1482372000
2016-12-23,663.75,664.37,659.18,664.37,72131790,1482458400
2016-12-26,665.67,665.73,662.09,662.45,67252060,1482717600
2016-12-27,662.66,665.5,661.41,663.86,95593140,1482804000
2016-12-28,665.9,666.64,661.8,663.5,101515350,1482890400
2016-12-29,666.43,666.43,663.95,664.72,99258510,1482976800
2016-12-30,664.17,665.49,663.4,664.87,90082950,1483063200
2017-01-03,665.92,672.34,665.43,672.01,79722650,1483408800
2017-01-04,672.58,675.93,672.21,674.7,92285170,1483495200
2017-01-05,674.82,675.92,673.31,675.81,92735720,1483581600
2017-01-06,675.35,683.76,675.22,679.8,111701460,1483668000
2017-01-09,681.74,684.88,681.74,682.57,88221600,1483927200
2017-01-10,682.77,683.02,680.76,681.07,78938330,1484013600
2017-01-11,680.85,687.16,680.85,687.16,96461920,1484100000
2017-01-12,688.71,688.99,685.59,686.96,102618890,1484186400
2017-01-13,686.58,688.62,685.06,685.06,82155530,1484272800
2017-01-16,684.62,684.82,677.85,677.94,76123340,1484532000
2017-01-17,678.83,684.73,678.83,684.71,94123250,1484618400
2017-01-18,683.74,687.76,683.28,683.28,84747660,1484704800
2017-01-19,683.02,684.19,680.8,682.31,69116870,1484791200
2017-01-20,684.56,688.42,684.37,686.26,80002540,1484877600
2017-01-23,687.83,689.47,686.46,687.15,75819770,1485136800
2017-01-24,687.08,692.45,687.08,691.36,92470490,1485223200
2017-01-25,693.07,697.28,691.19,697.28,89267610,1485309600
2017-02-02,699.91,703.2,697.71,703.18,82117060,1486000800
2017-02-03,704.69,708.1,700.09,700.35,119246940,1486087200
2017-02-06,702.02,702.02,696.92,700.04,115790760,1486346400
2017-02-07,699.99,703.3,698.99,701.91,151064680,1486432800
2017-02-08,702.67,702.77,700.47,702.04,131301380,1486519200
2017-02-09,700.93,702.64,700.26,700.65,138329170,1486605600
2017-02-10,701.15,704.08,701.15,703.78,129049870,1486692000
2017-02-13,704.61,706.47,703.58,705.9,158112440,1486951200
2017-02-14,706.41,707.32,703.85,706.26,169469810,1487037600
2017-02-15,706.84,711.73,706.84,711.57,152178230,1487124000
2017-02-16,712.61,717.57,709.35,709.35,189608500,1487210400
2017-02-17,709.52,710.21,705.84,707.83,158563960,1487296800
2017-02-20,705.72,711.4,704.41,710.59,186577070,1487556000
2017-02-21,711.49,718.06,711.49,716.55,198966880,1487642400
2017-02-22,717.77,719.09,715.36,717.24,213358850,1487728800
2017-02-23,717.49,719.58,712.36,716.87,211235150,1487815200
2017-02-24,716.35,717.94,713.7,714.47,231146780,1487901600
2017-02-27,711.7,718.37,711.7,717.44,176837600,1488160800
2017-02-28,718.0,719.0,711.0,711.0,183667856,1488247200
2017-03-01,711.46,712.49,705.79,709.52,211022340,1488333600
2017-03-02,712.68,713.53,707.51,707.51,164954330,1488420000
2017-03-03,708.23,712.62,705.83,712.62,163479620,1488506400
2017-03-06,714.61,718.04,714.01,716.29,156471030,1488765600
2017-03-07,716.46,716.95,714.27,716.54,176411640,1488852000
2017-03-08,715.04,718.78,713.89,716.6,162940400,1488938400
2017-03-09,715.86,718.23,714.96,715.8,185884380,1489024800
2017-03-10,715.85,716.81,712.21,712.21,185800020,1489111200
2017-03-13,711.93,712.63,707.63,710.17,128790790,1489370400
2017-03-14,709.9,716.49,709.29,714.71,125968160,1489456800
2017-03-15,715.63,716.49,713.14,713.14,129782600,1489543200
2017-03-16,712.56,715.03,710.66,714.92,162314460,1489629600
2017-03-17,715.82,717.1,710.54,710.54,235368860,1489716000
2017-03-20,711.44,717.54,711.44,715.07,158390700,1489975200
2017-03-21,717.03,718.8,714.78,716.18,201545030,1490061600
2017-03-22,715.78,720.68,712.94,712.94,254610300,1490148000
2017-03-23,712.61,719.56,712.61,719.56,176869560,1490234400
2017-03-24,719.56,724.36,719.56,722.14,200241730,1490320800
2017-03-27,723.23,725.57,721.41,723.52,207369580,1490580000
2017-03-28,724.37,725.0,718.66,719.26,186623970,1490666400
2017-03-29,719.08,721.92,718.37,720.47,172783250,1490752800
2017-03-30,721.87,725.91,721.87,723.86,180388070,1490839200
2017-03-31,726.0,727.0,722.0,722.0,181949344,1490925600
2017-04-03,723.02,724.37,721.58,722.38,177623170,1491184800
2017-04-04,723.7,724.67,722.79,724.14,187134630,1491271200
2017-04-05,724.89,726.03,722.49,723.22,196707340,1491357600
2017-04-07,721.85,727.95,720.28,727.95,189771920,1491530400
2017-04-10,728.71,730.9,727.77,729.87,144425190,1491789600
2017-04-11,730.15,732.24,730.15,731.33,197010310,1491876000
2017-04-12,731.62,732.87,724.48,725.58,213521570,1491962400
2017-04-13,725.54,727.34,723.88,724.35,168105900,1492048800
2017-04-14,722.67,722.96,714.13,718.45,183224860,1492135200
2017-04-17,718.93,721.78,710.83,710.83,154510130,1492394400
2017-04-18,708.64,714.93,705.55,714.93,156906940,1492480800
2017-04-19,714.87,716.77,714.02,716.77,142094700,1492567200
2017-04-20,716.76,716.76,712.66,712.66,125260980,1492653600
2017-04-21,712.77,715.08,711.08,712.41,132811530,1492740000
2017-04-24,711.6,712.77,709.39,709.39,129826020,1492999200
2017-04-25,709.0,709.81,706.04,707.58,117943390,1493085600
2017-04-26,706.36,710.04,706.32,710.04,134367260,1493172000
2017-04-27,711.74,716.53,711.38,716.53,163516320,1493258400
2017-04-28,715.9,717.73,713.83,717.73,175317340,1493344800
2017-05-03,718.7,719.54,716.66,719.54,169302120,1493776800
2017-05-04,717.98,723.22,717.98,722.02,199862840,1493863200
2017-05-05,720.0,722.0,720.0,720.0,179559888,1493949600
2017-05-08,720.61,720.61,717.98,718.86,200765930,1494208800
2017-05-09,718.86,722.11,716.95,722.11,208726890,1494295200
2017-05-10,721.94,727.52,721.81,724.31,207031480,1494381600
2017-05-11,724.84,726.82,723.39,724.99,184492830,1494468000
2017-05-12,724.63,726.4,724.41,725.37,175822670,1494554400
2017-05-15,725.25,726.19,723.18,725.35,225204780,1494813600
2017-05-16,725.84,727.86,725.03,725.03,283939360,1494900000
2017-05-17,724.01,727.63,722.81,727.2,198308760,1494986400
2017-05-18,727.2,729.0,723.8,726.99,207715300,1495072800
2017-05-19,727.61,733.82,726.79,733.82,206013150,1495159200
2017-05-22,738.63,746.87,738.63,744.1,239413730,1495418400
2017-05-23,744.32,746.18,740.28,740.93,259818180,1495504800
2017-05-24,739.91,744.27,737.3,742.74,199021090,1495591200
2017-05-25,744.24,746.48,740.89,741.91,192545970,1495677600
2017-05-26,741.4,743.46,740.6,743.41,182563920,1495764000
2017-05-29,746.08,748.06,745.31,746.25,238391340,1496023200
2017-05-30,747.07,747.43,738.21,738.21,243929050,1496109600
2017-05-31,739.0,742.0,735.0,738.0,186925616,1496196000
2017-06-01,739.45,742.23,737.82,741.8,136773790,1496282400
2017-06-02,741.48,742.11,736.09,738.81,158389700,1496368800
2017-06-05,739.13,745.14,738.35,743.49,157936290,1496628000
2017-06-06,743.99,751.31,743.49,751.31,170947990,1496714400
2017-06-07,752.75,754.92,751.31,753.46,192345690,1496800800
2017-06-08,751.7,753.46,748.91,750.13,177252320,1496887200
2017-06-09,749.46,752.01,749.04,749.72,170501090,1496973600
2017-06-12,751.33,753.41,749.0,751.09,168761640,1497232800
2017-06-13,751.09,756.89,750.1,756.89,161472560,1497319200
2017-06-14,758.26,761.7,756.82,760.77,171867720,1497405600
2017-06-15,760.38,762.98,758.17,760.57,167145290,1497492000
2017-06-16,761.75,762.43,759.98,761.24,197513460,1497578400
2017-06-19,763.75,766.83,761.24,766.83,178804100,1497837600
2017-06-20,767.59,768.29,764.42,767.99,174082870,1497924000
2017-06-21,765.71,767.99,758.9,767.41,192993090,1498010400
2017-06-22,768.41,769.99,766.3,766.3,195187930,1498096800
2017-06-23,765.66,769.01,763.64,769.01,212981550,1498183200
2017-06-26,770.5,773.14,769.01,772.52,212474720,1498442400
2017-06-27,773.15,773.4,767.19,767.51,217431160,1498528800
2017-06-28,766.82,769.04,762.78,769.04,183664140,1498615200
2017-06-29,771.26,773.08,769.04,771.75,198168950,1498701600
2017-06-30,773.0,776.0,773.0,776.0,174259024,1498788000
2017-07-03,777.2,780.01,775.53,778.88,184646110,1499047200
2017-07-04,779.15,779.15,772.9,775.54,210154270,1499133600
2017-07-05,775.85,778.32,773.81,778.32,202611490,1499220000
2017-07-06,780.5,782.77,778.32,782.65,217291680,1499306400
2017-07-07,783.73,783.81,775.73,775.73,237199480,1499392800
2017-07-10,775.85,775.85,764.43,766.56,207350440,1499652000
2017-07-11,766.56,769.36,761.57,769.36,198964720,1499738400
2017-07-12,772.6,775.08,769.36,774.17,163777890,1499824800
2017-07-13,777.12,778.3,773.85,778.3,183216330,1499911200
2017-07-14,779.72,780.65,776.88,777.6,189794180,1499997600
2017-07-17,777.7,778.3,766.47,768.91,225823120,1500256800
2017-07-18,766.88,770.37,762.68,767.49,201070890,1500343200
2017-07-19,771.33,774.12,767.49,771.3,205221170,1500429600
2017-07-20,768.56,771.3,763.55,768.41,172385410,1500516000
2017-07-21,768.9,770.43,761.86,761.86,162474290,1500602400
2017-07-24,759.97,761.86,753.82,759.74,146939630,1500861600
2017-07-25,757.43,767.27,757.35,767.27,139582860,1500948000
2017-07-26,769.35,773.88,764.92,773.88,188632680,1501034400
2017-07-27,773.21,774.97,770.3,771.5,191436360,1501120800
2017-07-28,771.0,777.0,771.0,777.0,177186912,1501207200
2017-07-31,778.0,784.0,777.0,784.0,258874944,1501466400
2017-08-01,784.44,787.68,783.55,786.81,201082610,1501552800
2017-08-02,782.41,788.23,779.96,786.23,194673150,1501639200
2017-08-03,786.23,790.82,786.19,788.49,195378820,1501725600
2017-08-04,789.46,790.12,786.09,788.68,189688130,1501812000
2017-08-07,789.41,796.09,788.66,792.98,210236060,1502071200
2017-08-08,795.8,796.62,789.84,791.57,213526640,1502157600
2017-08-09,789.15,791.57,773.66,773.66,292795000,1502244000
2017-08-10,769.58,776.77,769.58,773.43,178275390,1502330400
2017-08-11,773.43,774.31,769.14,772.08,156752670,1502416800
2017-08-14,772.17,776.42,772.01,776.17,159668260,1502676000
2017-08-15,776.64,776.83,770.09,771.06,143870570,1502762400
2017-08-16,771.1,773.57,766.8,773.57,156131920,1502848800
2017-08-17,773.48,774.47,766.8,767.59,220817310,1502935200
2017-08-18,762.82,774.47,762.46,768.97,162337400,1503021600
2017-08-21,767.42,774.47,762.46,768.79,152284410,1503280800
2017-08-22,768.2,768.79,760.3,761.26,145570650,1503367200
2017-08-23,762.42,765.98,759.01,765.98,152531930,1503453600
2017-08-24,766.48,771.65,764.64,769.77,208905050,1503540000
2017-08-25,769.07,771.63,768.57,771.63,218265430,1503626400
2017-08-28,771.81,777.26,770.51,777.26,240572610,1503885600
2017-08-29,773.91,777.26,773.87,774.03,255981300,1503972000
2017-08-30,774.31,778.65,773.85,778.65,193496470,1504058400
2017-08-31,779.0,786.0,778.0,783.0,191640512,1504144800
2017-09-01,784.42,789.19,782.76,788.73,137914410,1504231200
2017-09-05,787.85,794.46,787.8,792.31,153091050,1504576800
2017-09-06,792.16,793.82,788.89,793.55,144147770,1504663200
2017-09-07,793.61,798.58,792.77,796.72,143540810,1504749600
2017-09-08,797.98,802.9,796.72,801.2,122071810,1504836000
2017-09-11,801.2,805.44,797.47,797.47,138929970,1505095200
2017-09-12,795.53,801.01,794.88,799.94,133449030,1505181600
2017-09-13,802.85,804.38,799.94,802.78,139692830,1505268000
2017-09-14,803.34,807.29,802.78,806.32,139352800,1505354400
2017-09-15,803.35,806.32,802.08,805.82,142760690,1505440800
2017-09-18,808.51,809.39,805.37,807.87,167579320,1505700000
2017-09-19,807.41,810.13,805.87,805.93,160487610,1505786400
2017-09-20,806.88,807.51,803.33,805.86,137443940,1505872800
2017-09-21,805.29,806.52,802.6,803.93,130767410,1505959200
2017-09-22,805.15,808.16,803.93,807.13,150381610,1506045600
2017-09-25,806.9,807.64,802.23,805.58,126085700,1506304800
2017-09-26,806.4,806.84,801.66,805.35,155559280,1506391200
2017-09-27,803.32,805.35,801.74,803.77,142029330,1506477600
2017-09-28,803.1,810.35,803.1,804.82,161949260,1506564000
2017-09-29,805.07,808.77,804.42,804.42,124224690,1506650400
2017-10-02,805.29,808.09,801.7,802.23,101196300,1506909600
2017-10-03,803.98,804.39,795.05,798.0,148218410,1506996000
2017-10-04,797.39,805.66,797.0,805.66,109372380,1507082400
2017-10-05,806.56,810.54,805.22,805.23,139251920,1507168800
2017-10-06,805.7,808.13,803.81,807.8,119935950,1507255200
2017-10-09,809.61,810.75,806.78,808.96,129146140,1507514400
2017-10-10,808.43,810.65,806.3,810.65,138184800,1507600800
2017-10-11,811.2,815.11,810.65,813.95,162513710,1507687200
2017-10-12,814.43,818.44,813.72,815.87,136859420,1507773600
2017-10-13,814.6,820.95,814.2,820.95,141204400,1507860000
2017-10-16,821.54,823.85,819.43,819.43,149580780,1508119200
2017-10-17,819.51,828.29,819.43,828.29,162264680,1508205600
2017-10-18,829.43,831.15,826.72,827.72,183002780,1508292000
2017-10-19,828.89,831.61,825.5,828.93,143640120,1508378400
2017-10-20,827.93,833.57,826.84,826.84,175594060,1508464800
2017-10-23,826.25,827.24,818.81,820.04,194440930,1508724000
2017-10-24,818.08,825.24,814.92,825.24,141570200,1508810400
2017-10-25,826.08,830.69,822.83,830.69,120610410,1508896800
2017-10-26,829.94,834.67,823.92,830.11,166974910,1508983200
2017-10-27,829.15,840.37,828.45,840.37,125941130,1509069600
2017-10-30,842.92,849.3,840.37,845.2,162129150,1509328800
2017-10-31,844.0,846.0,837.0,837.0,159926432,1509415200
2017-11-01,838.75,842.88,837.28,842.71,154993610,1509501600
2017-11-02,842.19,849.53,833.09,833.09,174440020,1509588000
2017-11-03,833.16,843.73,831.58,843.73,149701990,1509674400
2017-11-06,846.12,849.09,843.73,849.09,128405430,1509933600
2017-11-07,850.2,854.6,847.88,850.33,150836950,1510020000
2017-11-08,853.15,863.07,850.33,859.7,147296730,1510106400
2017-11-09,862.38,864.2,858.16,860.4,142874820,1510192800
2017-11-10,859.91,869.37,859.24,868.21,150463680,1510279200
2017-11-13,871.7,879.34,868.21,879.34,189223330,1510538400
2017-11-14,883.8,884.14,876.66,880.9,168957930,1510624800
2017-11-15,877.65,884.83,876.6,882.59,162193450,1510711200
2017-11-16,880.17,892.8,880.17,892.8,169624640,1510797600
2017-11-17,893.99,898.11,886.86,890.69,168088500,1510884000
2017-11-20,889.87,903.55,889.55,903.55,145015010,1511143200
2017-11-21,907.51,929.89,903.55,918.3,207576000,1511229600
2017-11-22,921.13,932.66,918.3,932.66,181455380,1511316000
2017-11-23,938.31,943.15,927.0,933.7,205435150,1511402400
2017-11-24,930.52,937.54,924.65,935.57,199758010,1511488800
2017-11-27,933.38,947.06,931.29,938.61,225989050,1511748000
2017-11-28,939.1,943.45,933.59,941.21,323706840,1511834400
2017-11-29,943.46,952.14,940.4,952.14,206121930,1511920800
2017-11-30,956.0,960.0,950.0,950.0,248899084,1512007200
2017-12-01,952.76,960.33,949.93,960.33,226657365,1512093600
2017-12-04,962.47,972.53,960.33,970.02,268885747,1512352800
2017-12-05,972.28,974.8,953.3,953.3,264801518,1512439200
2017-12-06,950.21,953.3,932.64,947.64,242816645,1512525600
2017-12-07,950.23,954.24,932.68,938.65,196211880,1512612000
2017-12-08,938.41,944.75,930.29,940.16,197176392,1512698400
2017-12-11,930.17,940.16,917.45,917.45,192083805,1512957600
2017-12-12,927.67,931.12,895.73,927.25,242792940,1513044000
2017-12-13,932.05,932.48,922.97,924.4,156111264,1513130400
2017-12-14,925.51,936.29,923.99,935.85,171631523,1513216800
2017-12-15,933.63,939.57,932.96,935.16,239195950,1513303200
2017-12-18,945.9,958.06,935.16,958.06,241021639,1513562400
2017-12-19,961.03,963.01,951.25,951.42,227911477,1513648800
2017-12-20,945.12,958.82,945.12,953.51,219329591,1513735200
2017-12-21,949.45,957.56,946.06,946.06,211332183,1513821600
2017-12-22,947.54,952.7,945.18,952.32,196376667,1513908000
2017-12-25,954.28,958.57,952.32,958.31,167211387,1514167200
2017-12-26,960.32,965.93,957.24,965.93,183593330,1514253600
2017-12-27,969.72,972.6,965.18,968.46,234640508,1514340000
2017-12-28,970.63,978.65,967.73,976.72,158614926,1514426400
2017-12-29,978.39,990.1,976.33,984.24,209960294,1514512800
2018-01-02,986.05,996.18,984.24,995.77,185285246,1514858400
2018-01-03,999.86,1010.21,995.77,1005.67,236216643,1514944800
2018-01-04,1009.37,1019.75,1005.67,1019.75,251786350,1515031200
2018-01-05,1020.34,1020.6,1010.65,1012.65,281983216,1515117600
2018-01-08,1011.36,1022.9,1004.89,1022.9,267791885,1515376800
2018-01-09,1027.14,1033.56,1017.86,1033.56,319153690,1515463200
2018-01-10,1034.64,1045.63,1033.01,1038.11,373999707,1515549600
2018-01-11,1037.03,1049.73,1031.13,1048.17,314031903,1515636000
2018-01-12,1050.17,1057.88,1046.38,1050.11,350740790,1515722400
2018-01-15,1049.91,1063.47,1043.15,1063.47,292119041,1515981600
2018-01-16,1059.36,1065.39,1052.43,1062.96,339774441,1516068000
2018-01-17,1061.98,1064.77,1034.69,1034.69,332192428,1516154400
2018-01-18,1028.76,1050.25,1020.01,1050.25,280976139,1516240800
2018-01-19,1054.33,1067.21,1050.25,1062.07,341857498,1516327200
2018-01-22,1066.86,1086.51,1062.07,1086.51,264693040,1516586400
2018-01-25,1098.44,1117.08,1087.42,1104.57,509401981,1516845600
2018-01-26,1122.55,1122.6,1103.06,1115.64,291674120,1516932000
2018-01-29,1121.78,1130.1,1109.8,1109.8,276156693,1517191200
2018-01-30,1099.98,1110.56,1092.44,1110.56,334896874,1517277600
2018-01-31,1112.23,1128.1,1104.98,1110.36,349952858,1517364000
2018-02-01,1111.74,1111.74,1090.25,1099.67,268030513,1517450400
2018-02-02,1098.66,1105.04,1091.1,1105.04,199521956,1517536800
2018-02-05,1089.62,1105.04,1048.71,1048.71,281148550,1517796000
2018-02-06,1026.08,1048.71,983.06,1011.6,480499989,1517882400
2018-02-07,1040.53,1048.54,1011.6,1040.55,240704851,1517968800
2018-02-08,1031.46,1040.55,1023.25,1023.25,180931944,1518055200
2018-02-09,991.09,1023.25,973.78,1003.94,241623614,1518141600
2018-02-12,1011.64,1041.79,1003.94,1041.79,170886474,1518400800
2018-02-13,1054.69,1060.48,1041.79,1059.73,173361750,1518487200
2018-02-21,1073.33,1092.65,1059.73,1087.15,177459756,1519178400
2018-02-22,1087.15,1091.62,1074.27,1076.03,200002940,1519264800
2018-02-23,1086.81,1102.85,1076.03,1102.85,188357393,1519351200
2018-02-26,1115.9,1127.57,1102.85,1114.53,233918266,1519610400
2018-02-27,1124.03,1124.03,1106.77,1119.61,196356343,1519696800
2018-02-28,1110.3,1129.89,1109.89,1124.87,232098170,1519783200
2018-03-01,1121.54,1128.38,1110.92,1115.79,226986330,1519869600
2018-03-02,1103.16,1121.91,1103.16,1121.21,209353770,1519956000
2018-03-05,1121.21,1132.69,1093.48,1093.48,277434132,1520215200
2018-03-06,1093.48,1120.29,1091.67,1120.29,234353472,1520301600
2018-03-07,1121.99,1126.67,1103.29,1112.26,278767365,1520388000
2018-03-08,1112.24,1126.35,1111.76,1124.15,198688740,1520474400
2018-03-09,1128.73,1135.02,1119.18,1123.41,217075064,1520560800
2018-03-12,1135.37,1135.48,1123.41,1126.29,244001635,1520820000
2018-03-13,1127.53,1133.31,1118.49,1133.31,232375857,1520906400
2018-03-14,1135.99,1142.88,1133.31,1138.09,249528409,1520992800
2018-03-15,1134.51,1140.74,1129.66,1138.76,231979932,1521079200
2018-03-16,1144.54,1152.52,1138.76,1150.19,307956277,1521165600
2018-03-19,1160.74,1165.63,1150.19,1159.22,271697781,1521424800
2018-03-20,1154.48,1166.33,1154.48,1159.39,213407755,1521511200
2018-03-21,1166.51,1172.31,1159.39,1169.36,235134524,1521597600
2018-03-22,1175.22,1180.44,1169.36,1172.36,232653039,1521684000
2018-03-23,1154.25,1172.36,1139.07,1153.59,261519280,1521770400
2018-03-26,1150.51,1176.95,1150.51,1171.22,211276764,1522029600
2018-03-27,1187.42,1187.42,1169.58,1171.73,237309392,1522116000
2018-03-28,1168.87,1179.18,1165.71,1172.24,208016445,1522202400
2018-03-29,1174.73,1176.45,1164.12,1167.03,184296348,1522288800
2018-03-30,1169.29,1175.36,1158.49,1174.46,204495993,1522375200
2018-04-02,1180.26,1196.61,1174.46,1196.61,244220760,1522634400
2018-04-03,1197.0,1199.93,1185.83,1188.29,254218487,1522720800
2018-04-04,1194.26,1200.71,1188.29,1191.54,237528440,1522807200
2018-04-05,1197.76,1199.15,1186.75,1193.17,240277929,1522893600
2018-04-06,1194.15,1202.59,1193.17,1199.96,249232629,1522980000
2018-04-09,1202.44,1207.45,1197.44,1204.33,250765345,1523239200
2018-04-10,1207.62,1211.34,1192.22,1198.12,286340013,1523325600
2018-04-11,1201.51,1202.46,1167.11,1167.11,285291272,1523412000
2018-04-12,1162.48,1173.02,1153.64,1173.02,179577087,1523498400
2018-04-13,1178.57,1181.52,1153.93,1157.14,195463355,1523584800
2018-04-16,1156.49,1159.45,1141.81,1148.49,196039797,1523844000
2018-04-17,1149.02,1156.7,1139.33,1153.28,174859690,1523930400
2018-04-18,1153.28,1160.32,1138.42,1138.53,171343406,1524016800
2018-04-19,1137.99,1138.53,1094.63,1094.63,203715723,1524103200
2018-04-20,1095.84,1119.86,1078.01,1119.86,214184308,1524189600
2018-04-23,1124.33,1127.24,1076.78,1076.78,217223209,1524448800
2018-04-24,1064.86,1084.89,1048.68,1080.74,186463040,1524535200
2018-04-26,1082.52,1082.52,1039.35,1044.86,207301570,1524708000
2018-04-27,1037.36,1054.94,1031.89,1050.26,190763045,1524794400
2018-05-02,1053.26,1053.52,1024.75,1029.08,182993306,1525226400
2018-05-03,1018.47,1029.08,1003.79,1026.46,201591155,1525312800
2018-05-04,1032.12,1037.02,1022.14,1026.8,161918676,1525399200
2018-05-07,1034.64,1062.26,1026.8,1062.26,151869045,1525658400
2018-05-08,1061.12,1072.28,1057.24,1060.45,169574634,1525744800
2018-05-09,1058.33,1069.8,1051.79,1056.97,158292418,1525831200
2018-05-10,1058.22,1059.34,1025.75,1028.87,203199633,1525917600
2018-05-11,1026.34,1044.85,1014.3,1044.85,133958801,1526004000
2018-05-14,1051.69,1066.98,1042.31,1066.98,135506471,1526263200
2018-05-15,1072.25,1084.2,1066.98,1073.5,157878759,1526349600
2018-05-16,1073.5,1073.5,1052.18,1054.62,147997272,1526436000
2018-05-17,1055.21,1057.84,1030.64,1030.64,129158125,1526522400
2018-05-18,1033.33,1040.84,1013.57,1040.54,407433870,1526608800
2018-05-21,1043.82,1043.82,1014.98,1014.98,121868402,1526868000
2018-05-22,1006.18,1015.97,976.73,985.91,180056246,1526954400
2018-05-23,974.8,995.25,965.92,988.94,178574430,1527040800
2018-05-24,992.24,995.82,974.14,985.92,128768319,1527127200
2018-05-25,981.47,987.56,963.9,963.9,147741595,1527213600
2018-05-28,938.86,963.9,927.47,931.75,218740970,1527472800
2018-05-29,925.89,958.96,916.0,952.18,181915261,1527559200
2018-05-30,953.41,953.41,932.26,948.5,145952094,1527645600
2018-05-31,948.0,976.0,945.0,971.0,181235486,1527732000
2018-06-01,973.67,995.06,971.25,992.87,203081880,1527818400
2018-06-04,994.48,1013.78,992.01,1013.78,165295600,1528077600
2018-06-05,1013.59,1025.26,1011.59,1022.74,211691644,1528164000
2018-06-06,1020.97,1034.5,1012.98,1034.5,161424647,1528250400
2018-06-07,1038.93,1043.71,1030.79,1036.69,172658090,1528336800
2018-06-08,1032.59,1039.07,1026.94,1039.01,147668723,1528423200
2018-06-11,1033.55,1045.6,1029.19,1039.02,184839827,1528682400
2018-06-12,1033.55,1039.02,1005.1,1020.76,210808586,1528768800
2018-06-13,1017.93,1030.53,1017.93,1030.53,114624850,1528855200
2018-06-14,1032.62,1033.32,1015.72,1015.72,164427113,1528941600
2018-06-15,1012.71,1018.95,1006.75,1016.51,164954583,1529028000
2018-06-18,1012.71,1018.98,986.88,987.34,180463847,1529287200
2018-06-19,972.38,987.34,941.57,962.16,250122410,1529373600
2018-06-20,957.37,980.95,955.61,980.95,153725275,1529460000
2018-06-21,979.57,980.95,966.28,969.4,115863417,1529546400
2018-06-22,963.89,983.57,959.91,983.17,131559518,1529632800
2018-06-25,997.34,997.34,983.17,990.52,141016443,1529892000
2018-06-26,977.78,990.52,970.75,983.02,163126785,1529978400
2018-06-27,981.44,984.46,968.91,968.91,178618950,1530064800
2018-06-28,964.76,976.12,954.46,957.35,157128230,1530151200
2018-06-29,955.64,962.93,950.48,960.78,140916713,1530237600
2018-07-02,955.18,960.78,932.66,947.15,167726624,1530496800
2018-07-03,945.87,947.15,906.01,906.01,179732904,1530583200
2018-07-04,904.34,914.99,890.83,914.99,127049129,1530669600
2018-07-05,914.48,921.85,892.67,899.4,140920025,1530756000
2018-07-06,895.7,921.75,891.92,917.51,158240265,1530842400
2018-07-09,922.72,929.5,915.12,915.12,118710016,1531101600
2018-07-10,919.44,921.96,911.12,911.12,117174556,1531188000
2018-07-11,898.08,911.12,885.09,893.16,156522188,1531274400
2018-07-12,891.21,905.72,884.75,898.51,112874757,1531360800
2018-07-13,904.8,912.53,898.51,909.72,138098938,1531447200
2018-07-16,914.22,917.63,905.27,911.11,135156960,1531706400
2018-07-17,905.32,921.27,902.02,921.27,154392244,1531792800
2018-07-18,926.14,942.39,921.27,942.39,222546269,1531879200
2018-07-19,942.39,947.07,939.58,943.97,198700532,1531965600
2018-07-20,938.83,943.97,930.26,933.39,200838301,1532052000
2018-07-23,931.52,949.14,930.25,936.74,205734655,1532311200
2018-07-24,938.66,939.07,926.3,934.08,202770685,1532397600
2018-07-25,936.57,938.33,927.58,927.58,230408100,1532484000
2018-07-26,928.96,930.32,920.99,930.16,195058620,1532570400
2018-07-27,933.21,937.23,928.82,935.52,177491888,1532656800
2018-07-30,940.76,949.73,935.52,949.73,192626276,1532916000
2018-07-31,949.0,959.0,947.0,956.0,246908451,1533002400
2018-08-01,957.35,960.05,949.89,952.77,200891252,1533088800
2018-08-02,952.75,953.55,942.39,953.55,211409737,1533175200
2018-08-03,957.92,966.1,953.55,959.6,195164993,1533261600
2018-08-06,960.12,962.99,955.42,960.23,229293851,1533520800
2018-08-07,957.7,962.02,953.71,956.79,160717400,1533607200
2018-08-08,958.31,966.27,956.79,966.27,154700118,1533693600
2018-08-09,968.57,972.52,963.5,963.5,167352924,1533780000
2018-08-10,955.04,968.47,955.04,968.47,184454472,1533866400
2018-08-13,966.46,978.04,963.41,978.04,212747577,1534125600
2018-08-14,979.66,981.42,974.47,978.27,176229010,1534212000
2018-08-15,980.93,982.0,961.37,961.37,188689694,1534298400
2018-08-16,952.83,964.28,947.09,964.28,173396294,1534384800
2018-08-17,971.4,975.52,964.28,968.88,150831609,1534471200
2018-08-20,970.81,973.57,966.46,969.62,180286277,1534730400
2018-08-21,968.46,979.21,968.45,979.21,200280740,1534816800
2018-08-22,979.21,986.36,979.21,982.15,203562362,1534903200
2018-08-23,984.12,989.45,982.15,987.36,146355918,1534989600
2018-08-24,985.49,989.21,982.88,987.05,179652082,1535076000
2018-08-27,990.77,994.54,987.05,991.92,187919315,1535335200
2018-08-28,991.92,995.29,989.81,995.19,174536524,1535421600
2018-08-29,994.96,995.19,987.47,988.17,175121172,1535508000
2018-08-30,987.62,998.07,983.43,998.07,185513008,1535594400
2018-08-31,999.0,1003.0,990.0,990.0,185616231,1535680800
2018-09-04,990.79,1003.06,975.94,975.94,185152779,1536026400
2018-09-05,975.05,978.78,964.8,968.44,180628274,1536112800
2018-09-06,968.37,970.84,957.99,958.19,158924428,1536199200
2018-09-07,955.5,968.9,955.5,968.9,169075540,1536285600
2018-09-10,969.74,974.59,968.19,970.34,188688028,1536544800
2018-09-11,968.41,985.06,967.92,985.06,192348822,1536631200
2018-09-12,990.0,994.83,985.06,987.01,181733720,1536717600
2018-09-13,987.48,992.96,985.06,987.95,171494235,1536804000
2018-09-14,987.95,995.55,987.95,991.34,174343506,1536890400
2018-09-17,991.03,993.83,987.02,987.61,164043388,1537149600
2018-09-18,983.43,993.49,981.89,993.49,196294194,1537236000
2018-09-19,998.65,1001.83,993.49,995.54,243632710,1537322400
2018-09-20,995.54,1004.74,995.54,1004.74,203998854,1537408800
2018-09-21,1006.25,1009.1,1000.39,1002.97,300727501,1537495200
2018-09-24,1008.06,1011.29,1002.97,1011.29,185767286,1537754400
2018-09-25,1011.84,1014.53,1008.67,1010.74,230156870,1537840800
2018-09-26,1008.93,1014.86,1007.44,1009.61,260171777,1537927200
2018-09-27,1012.57,1017.78,1009.61,1015.37,206513381,1538013600
2018-09-28,1019.34,1020.84,1015.37,1017.13,246584742,1538100000
2018-10-01,1020.11,1023.87,1012.88,1012.88,247451695,1538359200
2018-10-02,1014.26,1021.51,1012.88,1018.79,357523377,1538445600
2018-10-03,1021.08,1024.59,1016.47,1020.4,173693870,1538532000
2018-10-04,1024.68,1024.68,1020.4,1023.62,195870279,1538618400
2018-10-05,1020.21,1023.62,1008.39,1008.39,290602181,1538704800
2018-10-08,1003.31,1008.39,996.12,996.12,203814694,1538964000
2018-10-09,998.7,1001.87,996.12,996.19,201377001,1539050400
2018-10-10,998.66,999.62,991.22,993.96,189839089,1539136800
2018-10-11,972.21,993.96,938.83,945.89,352319651,1539223200
2018-10-12,939.2,970.08,933.35,970.08,227895049,1539309600
2018-10-15,968.8,970.08,951.64,951.64,143094536,1539568800
2018-10-16,950.36,963.69,950.36,963.37,147985519,1539655200
2018-10-17,973.14,975.27,963.37,971.6,151562133,1539741600
2018-10-18,968.93,971.6,962.68,963.47,145016530,1539828000
2018-10-19,949.94,963.47,945.83,958.36,152331388,1539914400
2018-10-22,958.36,963.79,953.51,953.51,147040376,1540173600
2018-10-23,950.12,953.51,925.38,939.68,200028798,1540260000
2018-10-24,935.25,939.68,922.73,922.73,148892679,1540346400
2018-10-25,902.59,922.73,885.34,910.17,175043582,1540432800
2018-10-26,918.11,918.16,900.82,900.82,156925397,1540519200
2018-10-29,895.05,900.82,884.92,888.82,138533198,1540778400
2018-10-30,881.32,894.8,880.85,888.69,132237292,1540864800
2018-10-31,894.0,915.0,894.0,915.0,191963108,1540951200
2018-11-01,915.52,918.84,888.69,907.96,177895187,1541037600
2018-11-02,911.35,927.62,888.69,924.86,221725408,1541124000
2018-11-05,920.87,925.53,915.77,925.53,133567755,1541383200
2018-11-06,931.0,931.27,921.93,922.05,136566101,1541469600
2018-11-07,922.03,924.6,915.41,922.16,141600460,1541556000
2018-11-08,928.69,932.86,922.16,926.28,143684863,1541642400
2018-11-09,921.11,926.28,914.29,914.29,147757465,1541728800
2018-11-12,909.36,918.99,903.95,918.12,122555330,1541988000
2018-11-13,904.35,918.12,903.48,907.99,169360048,1542074400
2018-11-14,904.16,910.58,898.83,900.93,139408658,1542160800
2018-11-15,901.13,903.83,892.5,897.15,161555072,1542247200
2018-11-16,901.44,903.21,894.14,898.19,157126898,1542333600
2018-11-19,902.65,916.06,898.19,916.06,144588987,1542592800
2018-11-20,909.76,919.02,909.76,919.02,156125230,1542679200
2018-11-21,909.83,922.56,907.47,922.56,146610520,1542765600
2018-11-22,924.93,926.15,922.02,924.42,149875295,1542852000
2018-11-23,923.91,925.59,916.87,917.97,132033586,1542938400
2018-11-26,915.67,921.96,914.43,921.03,116116834,1543197600
2018-11-27,925.31,930.37,921.03,923.12,150368352,1543284000
2018-11-28,922.29,930.2,922.18,930.2,134987965,1543370400
2018-11-29,934.88,937.75,926.79,926.79,130384860,1543456800
2018-11-30,924.0,929.0,921.0,927.0,157132486,1543543200
2018-12-03,937.7,951.59,926.54,951.59,207953614,1543802400
2018-12-04,952.97,960.44,950.89,958.84,226059356,1543888800
2018-12-05,950.34,960.87,946.97,957.14,210997662,1543975200
2018-12-06,957.14,959.58,948.44,954.82,177813093,1544061600
2018-12-07,956.49,962.39,954.82,958.59,189692360,1544148000
2018-12-10,955.06,958.59,951.5,955.89,212226558,1544407200
2018-12-11,955.93,957.97,949.4,954.58,179967157,1544493600
2018-12-12,956.32,961.28,954.58,961.28,219546035,1544580000
2018-12-13,961.28,966.83,960.1,960.25,171323065,1544666400
2018-12-14,958.78,960.25,951.04,952.04,198998891,1544752800
2018-12-17,948.09,952.04,933.65,933.65,252994398,1545012000
2018-12-18,933.65,933.65,917.03,927.25,174016610,1545098400
2018-12-19,926.35,927.25,914.66,919.24,183236264,1545184800
2018-12-20,915.5,921.79,914.18,918.24,142881083,1545271200
2018-12-21,911.57,918.24,907.88,912.26,194021404,1545357600
2018-12-24,912.9,916.41,908.56,908.56,153635310,1545616800
2018-12-25,893.53,908.56,882.17,897.94,245577359,1545703200
2018-12-26,896.63,899.49,890.86,891.75,137428936,1545789600
2018-12-27,904.8,918.24,882.17,900.81,150229157,1545876000
2018-12-28,903.79,906.63,891.75,892.54,174430626,1545962400
2019-01-02,903.79,906.63,891.1,891.75,106682750,1546394400
2019-01-03,889.78,892.21,872.12,878.22,151816745,1546480800
2019-01-04,872.69,881.48,861.85,880.9,133182976,1546567200
2019-01-07,890.47,896.63,880.9,889.64,125858999,1546826400
2019-01-08,891.37,891.87,883.67,887.44,107002355,1546912800
2019-01-09,890.26,897.25,887.44,896.99,158483147,1546999200
2019-01-10,897.85,899.47,895.17,898.3,129343689,1547085600
2019-01-11,899.1,904.37,898.3,902.71,129890920,1547172000
2019-01-14,903.83,903.83,897.18,901.8,142411021,1547431200
2019-01-15,901.21,909.68,898.92,909.68,124839735,1547517600
2019-01-16,911.32,912.48,906.39,908.7,161988751,1547604000
2019-01-17,908.48,909.06,901.89,901.89,132314850,1547690400
2019-01-18,902.7,906.35,900.64,902.3,139195280,1547776800
2019-01-21,905.25,911.74,902.3,911.05,164353539,1548036000
2019-01-22,912.73,913.37,906.55,906.55,150899563,1548122400
2019-01-23,905.73,910.12,905.12,908.02,127437780,1548208800
2019-01-24,908.56,910.59,906.59,908.79,109636847,1548295200
2019-01-25,908.86,911.59,907.96,908.88,115786522,1548381600
2019-01-28,912.53,913.43,908.88,912.18,125508675,1548640800
2019-01-29,913.67,915.93,907.09,915.93,119199720,1548727200
2019-01-30,914.08,917.8,913.48,915.84,132760608,1548813600
2019-01-31,919.51,920.36,910.38,910.65,135611470,1548900000
2019-02-01,911.98,912.81,907.52,908.67,137066092,1548986400
2019-02-11,916.98,926.1,908.67,926.1,123347865,1549850400
2019-02-12,930.37,938.64,926.1,937.54,186256419,1549936800
2019-02-13,937.61,945.25,937.34,945.25,212897526,1550023200
2019-02-14,946.21,953.66,945.25,952.34,179699603,1550109600
2019-02-15,951.9,955.4,948.26,950.89,157626720,1550196000
2019-02-18,954.85,961.3,950.89,961.3,193399548,1550455200
2019-02-19,962.84,971.92,961.3,964.35,228333540,1550541600
2019-02-20,964.37,972.75,964.35,970.58,169541615,1550628000
2019-02-21,972.82,987.57,970.31,987.57,176856625,1550714400
2019-02-22,983.99,993.05,982.86,988.91,212577729,1550800800
2019-02-25,996.06,999.9,988.91,994.43,225671802,1551060000
2019-02-26,991.63,996.44,979.24,987.06,250091695,1551146400
2019-02-27,990.06,994.46,987.06,990.27,256596694,1551232800
2019-02-28,989.84,990.27,965.47,965.47,222642380,1551319200
2019-03-01,971.05,980.82,965.47,979.63,166417455,1551405600
2019-03-04,983.5,994.46,979.63,993.99,234389447,1551664800
2019-03-05,990.08,1000.25,987.92,992.45,295958096,1551751200
2019-03-06,993.01,994.49,985.51,994.49,244821252,1551837600
2019-03-07,995.65,1004.55,994.03,994.03,209715357,1551924000
2019-03-08,987.89,994.03,984.48,985.25,201224801,1552010400
2019-03-11,982.94,987.11,981.34,984.6,177480784,1552269600
2019-03-12,991.14,1001.32,984.6,1001.32,206006519,1552356000
2019-03-13,1003.75,1009.77,1001.32,1005.41,227617946,1552442400
2019-03-14,1006.37,1011.39,1002.09,1009.56,198409806,1552528800
2019-03-15,1008.44,1008.44,1001.1,1004.12,248704934,1552615200
2019-03-18,1004.12,1013.29,1004.12,1011.86,229852143,1552874400
2019-03-19,1013.75,1014.51,1004.22,1006.59,236096439,1552960800
2019-03-20,1002.86,1006.59,992.02,1002.3,299014177,1553047200
2019-03-21,1005.12,1006.37,981.78,981.78,199707625,1553133600
2019-03-22,984.9,990.07,981.3,988.71,205659684,1553220000
2019-03-25,976.53,988.71,964.76,970.07,244842502,1553479200
2019-03-26,970.07,978.99,966.9,969.79,174213657,1553565600
2019-03-27,976.67,979.32,969.79,975.91,159046085,1553652000
2019-03-28,973.44,983.18,972.6,982.98,216315637,1553738400
2019-03-29,985.35,988.24,980.76,980.76,172891815,1553824800
2019-04-01,980.76,988.53,980.76,988.53,187224494,1554084000
2019-04-02,994.87,996.41,985.48,985.81,234192667,1554170400
2019-04-03,984.74,985.81,980.3,984.46,216003555,1554256800
2019-04-04,987.47,989.08,982.94,986.91,164485802,1554343200
2019-04-05,986.91,990.38,986.39,989.26,188254636,1554429600
2019-04-08,989.26,997.56,989.26,997.56,162521095,1554688800
2019-04-09,999.89,1000.02,987.82,988.48,164248810,1554775200
2019-04-10,984.79,988.48,976.83,981.91,158980531,1554861600
2019-04-11,984.46,985.95,981.06,985.95,128944818,1554948000
2019-04-12,984.66,985.95,980.26,982.9,152276526,1555034400
2019-04-16,970.87,982.9,963.06,977.17,149053999,1555380000
2019-04-17,977.17,980.71,972.1,972.1,184885151,1555466400
2019-04-18,969.5,973.73,962.05,962.3,159608841,1555552800
2019-04-19,968.27,971.73,962.3,966.21,106479320,1555639200
2019-04-22,963.78,966.69,959.33,965.86,215473399,1555898400
2019-04-23,964.84,970.98,964.35,968.0,153493795,1555984800
2019-04-24,969.66,978.71,968.0,976.92,133175692,1556071200
2019-04-25,976.34,976.92,971.92,974.13,147906136,1556157600
2019-04-26,972.86,979.64,970.73,979.64,117149642,1556244000
2019-05-02,978.81,979.93,975.51,978.5,151745410,1556762400
2019-05-03,976.77,978.5,971.75,974.14,146562382,1556848800
2019-05-06,964.37,974.14,955.41,957.97,155066933,1557108000
2019-05-07,961.31,965.61,955.42,957.56,144928463,1557194400
2019-05-08,950.1,957.56,947.86,951.22,140800644,1557280800
2019-05-09,950.45,953.66,944.91,947.01,180972362,1557367200
2019-05-10,950.37,953.92,947.01,952.55,129335823,1557453600
2019-05-13,952.11,958.54,951.76,958.54,231514712,1557712800
2019-05-14,957.74,965.34,955.79,965.34,157304444,1557799200
2019-05-15,967.95,977.65,965.34,975.64,188191147,1557885600
2019-05-16,976.19,981.22,975.64,975.69,168976403,1557972000
2019-05-17,977.85,980.04,974.91,976.48,134342858,1558058400
2019-05-20,981.92,987.13,981.91,987.13,152486814,1558317600
2019-05-21,989.67,992.84,986.07,986.29,205946899,1558404000
2019-05-22,986.97,992.26,982.68,983.78,174063453,1558490400
2019-05-23,982.0,984.57,977.17,982.71,156484399,1558576800
2019-05-24,976.43,983.14,970.03,970.03,167702106,1558663200
2019-05-27,970.73,975.4,970.03,975.14,134734494,1558922400
2019-05-28,977.02,978.8,969.51,972.0,148496956,1559008800
2019-05-29,972.75,974.96,969.55,971.54,144346753,1559095200
2019-05-30,971.04,974.56,967.21,969.34,159714242,1559181600
2019-05-31,968.84,969.94,959.88,959.88,135008526,1559268000
2019-06-03,953.58,959.88,940.28,946.47,182611353,1559527200
2019-06-04,945.62,951.42,943.21,951.16,161793584,1559613600
2019-06-05,956.46,958.39,951.16,951.41,128713393,1559700000
2019-06-06,951.41,951.41,939.35,948.21,124463456,1559786400
2019-06-07,951.64,958.28,948.21,958.28,146284943,1559872800
2019-06-10,963.78,966.9,958.28,962.9,150537432,1560132000
2019-06-11,962.43,964.81,959.98,962.07,135833856,1560218400
2019-06-12,960.6,962.07,953.83,954.17,136003856,1560304800
2019-06-13,951.26,954.17,946.29,950.08,141785922,1560391200
2019-06-14,948.65,954.7,948.65,953.61,155287405,1560477600
2019-06-17,953.97,955.18,944.47,946.95,170366599,1560736800
2019-06-18,945.73,947.3,938.95,944.01,166070417,1560823200
2019-06-19,948.92,950.04,944.01,949.69,144712256,1560909600
2019-06-20,949.48,962.33,948.97,959.18,184248610,1560996000
2019-06-21,962.69,964.52,959.12,959.2,205444307,1561082400
2019-06-24,949.48,967.11,962.63,962.85,148779079,1561341600
2019-06-25,949.48,963.23,960.06,960.13,163270719,1561428000
2019-06-26,949.48,962.7,958.49,959.13,251407689,1561514400
2019-06-27,949.48,958.07,943.11,943.11,157565481,1561600800
2019-06-28,944.53,949.94,939.12,949.94,177873791,1561687200
2019-07-01,958.92,965.61,949.94,965.61,165483258,1561946400
2019-07-02,964.77,966.76,959.8,961.98,136683642,1562032800
2019-07-03,960.44,961.98,956.91,960.39,134141176,1562119200
2019-07-04,961.78,973.04,960.39,973.04,187407706,1562205600
2019-07-05,973.04,975.34,970.16,975.34,135907288,1562292000
2019-07-08,972.83,975.34,963.84,966.35,165044017,1562551200
2019-07-09,965.24,969.05,963.05,969.05,168394047,1562637600
2019-07-10,971.19,974.96,969.05,973.65,150128412,1562724000
2019-07-11,976.95,980.02,973.65,978.63,161255567,1562810400
2019-07-12,980.11,982.1,974.32,975.4,155757580,1562896800
2019-07-15,975.57,975.66,970.93,972.53,149099328,1563156000
2019-07-16,975.05,982.11,972.53,982.11,171316809,1563242400
2019-07-17,981.49,985.59,979.05,982.57,168994587,1563328800
2019-07-18,979.16,982.57,975.01,976.05,135555338,1563415200
2019-07-19,978.12,986.12,976.05,982.34,169739993,1563501600
2019-07-22,981.17,985.13,980.08,982.04,160382175,1563760800
2019-07-23,981.38,990.39,980.22,989.46,182614475,1563847200
2019-07-24,993.01,994.85,986.34,988.41,166474367,1563933600
2019-07-25,986.85,997.49,986.85,994.95,169770546,1564020000
2019-07-26,994.8,998.52,992.97,993.35,149897544,1564106400
2019-07-29,994.23,997.94,988.29,997.94,145948711,1564365600
2019-07-30,1001.46,1002.77,986.02,986.02,153040865,1564452000
2019-07-31,986.0,993.4,982.64,991.66,171661856,1564538400
2019-08-01,993.25,997.39,990.88,997.39,222057053,1564624800
2019-08-02,987.55,997.39,985.69,991.1,185842033,1564711200
2019-08-05,988.6,991.1,973.15,973.15,193827944,1564970400
2019-08-06,960.29,973.15,958.39,964.61,209831960,1565056800
2019-08-07,967.18,971.96,961.64,965.93,217532781,1565143200
2019-08-08,965.93,975.83,964.21,975.24,217819979,1565229600
2019-08-09,976.41,978.69,974.33,974.34,191457353,1565316000
2019-08-12,975.38,977.63,973.22,975.31,173678500,1565575200
2019-08-13,972.7,975.31,964.03,966.83,180847000,1565661600
2019-08-14,975.88,975.99,966.83,968.91,149839838,1565748000
2019-08-15,958.05,979.38,955.76,979.38,180329544,1565834400
2019-08-16,974.88,985.61,974.88,980.0,196738484,1565920800
2019-08-19,984.04,985.48,979.17,981.03,156542121,1566180000
2019-08-20,983.94,985.35,981.03,984.67,177266657,1566266400
2019-08-21,984.36,995.44,983.3,994.38,200449208,1566352800
2019-08-22,996.41,998.67,993.23,997.26,152296408,1566439200
2019-08-23,998.21,998.21,990.83,992.45,161728129,1566525600
2019-08-26,983.8,992.45,977.0,982.88,188560111,1566784800
2019-08-27,986.33,988.49,976.79,976.79,198871499,1566871200
2019-08-28,977.1,981.35,976.79,977.26,146072789,1566957600
2019-08-29,978.17,978.78,973.34,978.59,137077049,1567044000
2019-08-30,980.25,984.87,978.59,984.06,140758544,1567130400
2019-09-03,984.79,985.21,978.62,979.36,185027349,1567476000
2019-09-04,977.97,979.91,973.37,977.63,156515303,1567562400
2019-09-05,979.83,981.67,976.79,976.79,158849767,1567648800
2019-09-06,977.83,978.73,973.87,974.08,160481484,1567735200
2019-09-09,974.53,975.03,972.47,974.12,152251382,1567994400
2019-09-10,974.62,977.44,968.36,970.26,160350088,1568080800
2019-09-11,969.59,973.13,967.14,969.31,153374880,1568167200
2019-09-12,972.39,976.07,969.31,976.07,139801696,1568253600
2019-09-13,976.07,987.22,975.95,987.22,188000858,1568340000
2019-09-16,987.07,992.6,986.72,989.86,185759222,1568599200
2019-09-17,990.06,996.74,986.96,996.74,229745711,1568685600
2019-09-18,995.75,998.4,993.94,995.15,190094519,1568772000
2019-09-19,995.49,997.2,990.55,997.1,184955148,1568858400
2019-09-20,997.6,998.56,990.36,990.36,202660672,1568944800
2019-09-23,991.75,993.98,987.54,987.54,173375182,1569204000
2019-09-24,986.33,991.36,984.94,988.13,164121707,1569290400
2019-09-25,985.96,989.18,983.06,987.3,170628250,1569376800
2019-09-26,988.7,991.66,986.35,990.75,151611641,1569463200
2019-09-27,992.26,998.34,990.75,997.84,179468579,1569549600
2019-09-30,999.92,1004.17,996.51,996.56,175389041,1569808800
2019-10-01,997.87,999.72,996.2,999.59,209462141,1569895200
2019-10-02,999.18,1000.93,989.63,991.19,177738960,1569981600
2019-10-03,985.65,992.45,983.35,992.45,193011978,1570068000
2019-10-04,993.69,994.81,987.59,987.59,204268609,1570154400
2019-10-07,989.45,990.34,983.09,983.09,178681474,1570413600
2019-10-08,983.62,988.51,981.89,988.22,177370455,1570500000
2019-10-09,987.82,992.0,986.74,987.83,179531142,1570586400
2019-10-10,988.81,990.89,986.93,987.38,181920834,1570672800
2019-10-11,988.57,991.84,987.38,991.84,167306542,1570759200
2019-10-14,994.61,997.25,991.84,993.57,192663382,1571018400
2019-10-15,993.55,994.75,990.74,993.05,178255097,1571104800
2019-10-16,995.75,997.41,993.05,994.46,187508950,1571191200
2019-10-17,995.04,995.81,989.82,989.82,189958077,1571277600
2019-10-18,992.0,993.03,988.56,989.2,173360850,1571364000
2019-10-21,988.18,989.2,983.56,983.56,198718418,1571623200
2019-10-22,983.52,987.59,983.52,987.19,230549053,1571709600
2019-10-23,987.04,989.61,985.52,987.79,177569684,1571796000
2019-10-24,988.85,993.6,987.65,993.6,157889100,1571882400
2019-10-25,993.91,996.67,992.91,996.57,171679347,1571968800
2019-10-28,998.27,999.56,996.48,996.48,181708244,1572228000
2019-10-29,997.77,999.88,995.87,995.87,248717069,1572314400
2019-10-30,996.83,1003.4,994.86,1000.89,179789647,1572400800
2019-10-31,1000.89,1004.4,998.58,998.82,217977500,1572487200
2019-11-01,998.82,1015.88,998.82,1015.59,239818015,1572573600
2019-11-04,1019.0,1023.92,1015.59,1022.43,231717876,1572832800
2019-11-05,1022.77,1025.19,1021.63,1024.34,197745956,1572919200
2019-11-06,1023.43,1028.97,1023.42,1024.91,224304670,1573005600
2019-11-07,1023.49,1028.45,1022.61,1024.03,191501313,1573092000
2019-11-08,1026.98,1027.39,1021.11,1022.49,179615447,1573178400
2019-11-11,1023.32,1024.77,1016.35,1016.75,208975060,1573437600
2019-11-12,1016.97,1021.84,1015.97,1018.33,219974046,1573524000
2019-11-13,1019.07,1020.09,1010.8,1012.77,285252167,1573610400
2019-11-14,1013.85,1016.71,1010.6,1012.3,204712185,1573696800
2019-11-15,1012.93,1015.16,1005.1,1010.03,211278635,1573783200
2019-11-18,1010.03,1012.09,1002.63,1002.91,180944000,1574042400
2019-11-19,1002.89,1008.35,1001.35,1008.35,230061254,1574128800
2019-11-20,1009.21,1009.21,1000.56,1000.56,208254980,1574215200
2019-11-21,999.37,1000.56,987.89,987.89,212521093,1574301600
2019-11-22,992.73,993.7,971.03,977.78,229391413,1574388000
2019-11-25,977.85,979.6,971.24,976.35,187427229,1574647200
2019-11-26,976.35,981.96,976.35,976.79,190195718,1574733600
2019-11-27,978.98,982.76,976.79,978.17,196305936,1574820000
2019-11-28,977.66,979.17,967.68,970.39,189976351,1574906400
2019-11-29,971.1,972.89,968.03,970.75,166180199,1574992800
2019-12-02,971.42,972.91,958.3,959.31,209857143,1575252000
2019-12-03,957.4,960.82,950.96,953.43,263964885,1575338400
2019-12-04,952.51,965.9,950.13,965.9,209212959,1575424800
2019-12-05,969.0,969.53,962.16,963.27,193167601,1575511200
2019-12-06,962.38,965.41,960.99,963.56,170179884,1575597600
2019-12-09,963.91,967.57,962.59,966.06,271480529,1575856800
2019-12-10,965.92,966.58,955.14,960.3,241040002,1575943200
2019-12-11,960.59,961.78,954.56,961.78,215395115,1576029600
2019-12-12,963.39,968.39,961.78,968.17,217566989,1576116000
2019-12-13,969.43,971.84,965.93,966.18,218006493,1576202400
2019-12-16,966.0,966.18,960.39,961.47,276131193,1576461600
2019-12-17,962.49,962.79,954.03,954.03,278730480,1576548000
2019-12-18,951.52,954.18,949.86,951.13,321613384,1576634400
2019-12-19,950.61,955.85,946.74,952.26,219466625,1576720800
2019-12-20,953.55,957.52,952.26,956.41,240319668,1576807200
2019-12-23,959.55,960.71,956.41,959.43,237561660,1577066400
2019-12-24,959.43,959.43,953.29,958.88,227388705,1577152800
2019-12-25,958.18,962.83,957.5,960.92,235025084,1577239200
2019-12-26,960.67,962.11,957.43,958.59,264335777,1577325600
2019-12-27,957.7,963.51,954.19,963.51,178754671,1577412000
2019-12-30,962.89,967.52,962.47,965.03,175590090,1577671200
2019-12-31,965.71,965.71,958.23,960.99,184117173,1577757600
2020-01-02,960.26,966.67,959.67,966.67,199078197,1577930400
2020-01-03,968.72,970.88,965.14,965.14,163377030,1578016800
2020-01-06,962.79,963.2,955.59,955.79,174743568,1578276000
2020-01-07,955.79,959.46,953.19,958.88,170274833,1578362400
2020-01-08,954.13,955.84,945.28,948.98,314889160,1578448800
2020-01-09,960.01,960.73,952.16,960.15,156704789,1578535200
2020-01-10,961.17,969.71,961.17,968.54,215612110,1578621600
2020-01-13,966.89,968.63,964.79,965.84,140812853,1578880800
2020-01-14,966.26,968.85,965.76,967.0,184399054,1578967200
2020-01-15,967.69,967.69,964.84,967.56,145276529,1579053600
2020-01-16,967.2,974.7,967.17,974.31,187338263,1579140000
2020-01-17,976.28,980.02,973.79,978.96,155643394,1579226400
2020-01-20,978.23,979.85,975.93,978.63,139621069,1579485600
2020-01-21,978.82,986.37,978.82,986.37,150240335,1579572000
2020-01-22,986.52,991.46,983.92,991.46,144045252,1579658400
2020-01-30,975.15,977.72,954.0,959.58,191988780,1580349600
2020-01-31,959.58,960.96,936.62,936.62,248951880,1580436000
2020-02-03,916.6,930.37,891.85,928.14,268750540,1580695200
2020-02-04,929.42,934.91,919.33,929.09,190295660,1580781600
2020-02-05,934.75,936.33,921.89,925.91,187355088,1580868000
2020-02-06,926.66,938.54,925.21,938.54,220891034,1580954400
2020-02-07,938.61,943.48,935.94,940.75,183112320,1581040800
2020-02-10,934.38,935.87,926.61,930.73,151372718,1581300000
2020-02-11,930.73,936.04,930.73,934.67,176240010,1581386400
2020-02-12,940.72,943.11,937.34,937.68,223996560,1581472800
2020-02-13,937.19,939.1,934.47,938.24,175110780,1581559200
2020-02-14,939.28,940.65,936.47,937.45,203731291,1581645600
2020-02-17,938.52,938.52,931.66,934.77,180980659,1581904800
2020-02-18,934.47,934.98,926.01,927.93,185672824,1581991200
2020-02-19,926.41,931.66,925.86,928.76,190514987,1582077600
2020-02-20,933.69,938.13,930.41,938.13,196076108,1582164000
2020-02-21,938.13,940.53,932.32,933.09,204777789,1582250400
2020-02-24,917.49,917.49,903.34,903.34,290227839,1582509600
2020-02-25,893.95,909.67,893.95,909.67,215729307,1582596000
2020-02-26,901.51,903.27,894.25,895.97,141350090,1582682400
2020-02-27,892.15,899.34,889.14,898.44,162521398,1582768800
2020-02-28,885.47,887.07,872.46,882.19,241346580,1582855200
2020-03-02,878.43,886.45,877.31,884.43,205497912,1583114400
2020-03-03,895.39,896.39,890.06,890.61,211917192,1583200800
2020-03-04,887.85,889.85,882.83,889.37,237500826,1583287200
2020-03-05,892.71,898.43,891.2,893.31,230725699,1583373600
2020-03-06,888.96,891.44,882.71,891.44,210067994,1583460000
2020-03-09,875.8,875.8,834.67,835.49,307929473,1583719200
2020-03-10,813.83,843.28,806.63,837.5,293563642,1583805600
2020-03-11,843.52,844.94,794.54,811.35,317715700,1583892000
2020-03-12,778.06,778.06,762.12,769.25,337825235,1583978400
2020-03-13,735.6,764.69,723.42,761.78,353511100,1584064800
2020-03-16,758.28,758.59,737.58,747.86,290933937,1584324000
2020-03-17,724.07,750.03,721.84,745.78,285882921,1584410400
2020-03-18,747.4,752.65,742.12,747.66,258181937,1584496800
2020-03-19,732.35,733.43,714.02,725.94,352024045,1584583200
2020-03-20,728.55,729.35,709.73,709.73,228909653,1584669600
2020-03-23,694.77,694.77,664.23,666.59,279065985,1584928800
2020-03-24,666.59,666.59,652.27,659.21,243955927,1585015200
2020-03-25,669.76,690.25,667.58,690.25,268953570,1585101600
2020-03-26,689.0,700.76,680.1,694.21,220853680,1585188000
2020-03-27,692.54,703.22,682.52,696.06,325102990,1585274400
2020-03-30,663.91,665.56,657.36,662.26,232201218,1585533600
2020-03-31,669.74,678.64,649.1,662.53,258685418,1585620000
2020-04-01,658.8,684.96,657.41,680.23,265162596,1585706400
2020-04-03,687.92,701.8,687.92,701.8,231696136,1585879200
2020-04-06,716.22,736.75,715.39,736.75,332849528,1586138400
2020-04-07,744.97,749.13,730.28,746.69,291169450,1586224800
2020-04-08,740.03,748.36,730.12,748.02,251864140,1586311200
2020-04-09,751.08,765.87,751.08,760.33,297983597,1586397600
2020-04-10,759.08,764.36,751.59,757.94,337848204,1586484000
2020-04-13,762.99,774.62,762.53,765.79,234876297,1586743200
2020-04-14,769.01,769.53,753.85,767.41,265998122,1586829600
2020-04-15,768.05,779.52,768.01,777.22,302090210,1586916000
2020-04-16,773.11,781.06,770.91,780.7,250402800,1587002400
2020-04-17,786.96,790.95,783.74,789.6,308802172,1587088800
2020-04-20,796.17,797.49,786.73,794.97,333885492,1587348000
2020-04-21,794.97,794.97,761.96,766.84,395833150,1587434400
2020-04-22,752.8,774.94,749.97,768.92,251674441,1587520800
2020-04-23,774.23,785.6,768.92,773.91,205377143,1587607200
2020-04-24,777.28,778.3,767.31,776.66,260958208,1587693600
2020-04-27,774.63,785.74,770.77,770.77,306700832,1587952800
2020-04-28,773.31,776.13,763.66,767.21,218679645,1588039200
2020-04-29,768.59,772.62,768.19,769.11,249696191,1588125600
2020-05-04,766.14,769.73,761.64,762.47,283854068,1588557600
2020-05-05,763.22,767.03,760.04,764.16,211891745,1588644000
2020-05-06,767.3,782.59,765.37,782.59,271904258,1588730400
2020-05-07,785.08,796.54,785.08,796.54,240410059,1588816800
2020-05-08,800.32,825.72,800.2,813.73,370976239,1588903200
2020-05-11,818.26,828.33,812.48,828.33,353416000,1589162400
2020-05-13,835.32,839.59,815.13,834.21,374602816,1589335200
2020-05-15,835.42,838.47,824.59,827.03,301891136,1589508000
2020-05-18,827.49,827.9,823.23,823.23,29758024,1589767200
2020-05-19,852.14,854.25,844.15,845.92,385271840,1589853600
2020-05-20,843.26,850.46,842.21,850.46,178192416,1589940000
2020-05-21,854.93,862.73,854.04,862.73,328605856,1590026400
2020-05-25,852.74,858.26,849.12,857.99,165032192,1590372000
2020-05-26,861.47,864.47,860.22,863.74,164662816,1590458400
2020-05-28,858.97,866.17,856.48,861.39,312561856,1590631200
2020-06-01,868.97,874.92,868.97,873.62,193475168,1590976800
2020-06-02,879.23,882.73,877.47,879.24,212590640,1591063200
2020-06-03,876.73,881.17,874.01,881.17,347558592,1591149600
2020-06-04,883.22,888.32,883.22,883.9,429474080,1591236000
2020-06-05,883.4,886.59,878.5,886.22,497498720,1591322400
2020-06-08,888.7,905.65,888.7,899.92,566177408,1591581600
2020-06-09,902.26,904.89,898.87,899.43,501725120,1591668000
2020-06-10,898.78,902.69,890.3,900.0,540489216,1591754400
2020-06-11,900.48,903.7,873.39,873.39,634409664,1591840800
2020-06-12,841.85,863.52,841.44,863.52,617701888,1591927200
2020-06-15,867.52,868.16,832.47,832.47,706576960,1592186400
2020-06-16,848.86,858.7,844.67,856.13,406455488,1592272800
2020-06-17,861.05,861.05,852.27,854.44,353852832,1592359200
2020-06-18,850.92,858.03,847.49,855.27,272130304,1592445600
2020-06-19,857.77,868.56,857.77,868.56,436782048,1592532900
2020-06-22,871.56,872.94,867.37,871.28,348625664,1592792100
2020-06-23,871.12,873.2,864.02,868.2,449815616,1592878500
2020-06-24,868.2,873.13,857.58,859.71,366401152,1592964900
2020-06-25,851.09,856.23,849.65,854.59,311072928,1593051300
2020-06-26,859.07,862.59,850.66,851.98,299985536,1593137700
2020-06-29,846.26,846.53,826.0,829.36,388718400,1593396900
2020-06-30,836.72,840.31,821.92,825.11,357307008,1593483300
2020-07-01,827.67,844.26,826.38,843.49,299935104,1593569700
2020-07-02,845.66,845.66,838.48,842.38,223235856,1593656100
2020-07-03,845.26,848.16,843.25,847.44,166008672,1593742500
2020-07-06,851.47,861.85,850.04,861.16,214705120,1594001700
2020-07-07,865.46,870.63,863.42,863.42,321946272,1594088100
2020-07-08,861.75,865.58,859.98,864.5,236354704,1594174500
2020-07-09,867.66,876.38,867.45,875.57,198632320,1594260900
2020-07-10,873.7,878.53,867.59,871.21,286337216,1594347300
2020-07-13,874.85,876.83,873.67,874.05,59205060,1594606500
2020-07-14,865.01,866.36,860.28,863.84,165637600,1594692900
2020-07-15,872.8,876.69,872.8,873.57,137181104,1594779300
2020-07-21,863.94,864.7,856.94,861.69,241711008,1595297700
2020-07-22,862.8,864.0,854.97,855.08,277714112,1595384100
2020-07-23,854.92,857.22,851.97,856.75,240163424,1595470500
2020-07-24,854.23,854.57,816.65,829.16,503563840,1595556900
2020-07-27,794.14,808.74,780.64,785.17,416770496,1595816100
2020-07-28,786.72,814.4,786.67,813.36,327063104,1595902500
2020-07-29,800.39,800.39,779.82,788.29,305660192,1595988900
2020-07-30,796.22,802.97,794.88,801.13,187303808,1596075300
2020-07-31,787.78,803.55,786.98,798.39,246572576,1596161700
2020-08-03,796.86,814.84,796.47,814.65,297589184,1596420900
2020-08-04,822.86,827.57,820.2,827.57,273010048,1596507300
2020-08-05,827.54,839.52,820.74,837.8,302780672,1596593700
2020-08-06,838.01,844.16,833.56,840.04,255225088,1596680100
2020-08-07,840.65,844.33,836.84,841.46,258641120,1596766500
2020-08-10,845.11,849.52,843.2,843.2,307182304,1597025700
2020-08-11,847.61,847.61,840.35,843.08,245112784,1597112100
2020-08-12,844.19,848.54,842.88,846.92,269543168,1597198500
2020-08-13,849.96,855.19,849.86,855.05,256101744,1597284900
2020-08-14,854.29,860.32,848.38,850.74,298087296,1597371300
2020-08-17,848.08,852.05,841.62,850.15,236768240,1597630500
2020-08-18,850.15,851.06,845.0,846.43,224491664,1597716900
2020-08-19,847.19,853.07,846.22,853.04,171861520,1597803300
2020-08-26,873.62,876.97,871.78,873.47,349794208,1598408100
2020-08-27,872.38,875.71,871.93,874.71,324316928,1598494500
2020-08-28,878.79,885.86,877.7,878.98,394668288,1598580900
2020-08-31,882.13,888.44,879.26,881.65,348626528,1598840100
2020-09-01,882.4,892.51,880.79,891.73,307182048,1598926500
2020-09-03,898.25,904.32,896.26,903.97,367066176,1599099300
2020-09-04,896.02,903.11,893.86,901.54,339328160,1599185700
2020-09-07,903.85,905.8,888.25,888.25,430515328,1599444900
2020-09-08,891.61,894.58,884.88,890.14,289231712,1599531300
2020-09-09,883.68,892.4,881.57,889.32,314746784,1599617700
2020-09-10,895.29,896.78,888.82,888.82,384987136,1599704100
2020-09-11,888.82,889.81,884.67,888.0,181389664,1599790500
2020-09-16,897.43,897.58,894.63,897.47,288877504,1600222500
2020-09-17,897.47,898.48,895.58,897.44,119131608,1600308900
2020-09-21,904.5,909.75,904.5,908.49,219443840,1600654500
2020-09-22,905.9,909.69,902.47,906.19,394882880,1600740900
2020-09-23,908.97,913.52,908.97,912.5,390852224,1600827300
2020-09-24,910.53,914.51,907.32,908.58,392759936,1600913700
2020-09-25,910.78,911.3,905.56,908.27,352970624,1601000100
2020-09-29,916.63,917.49,904.69,905.28,439606432,1601345700
2020-09-30,904.34,907.0,900.44,905.21,339708800,1601432100
2020-10-01,910.13,914.09,909.13,914.09,351520032,1601518500
2020-10-02,914.09,916.67,897.72,909.91,521811200,1601604900
2020-10-05,913.77,915.55,910.96,914.68,456077408,1601864100
2020-10-06,918.11,918.93,912.77,915.67,491463872,1601950500
2020-10-07,913.62,923.57,912.69,919.72,516240608,1602036900
2020-10-08,922.08,922.08,916.95,918.4,250672288,1602123300
2020-10-09,919.48,924.0,917.7,924.0,385953024,1602209700
2020-10-12,930.78,933.13,923.28,925.83,455583840,1602468900
2020-10-13,926.76,930.96,923.78,929.86,354660992,1602555300
2020-10-14,931.89,940.18,931.89,940.18,473979232,1602641700
2020-10-15,945.28,945.93,938.7,942.76,469150432,1602728100
2020-10-16,944.03,946.23,935.98,943.3,441944288,1602814500
2020-10-19,945.01,946.29,941.92,943.69,388916480,1603073700
2020-10-20,941.0,943.17,937.32,939.16,332656352,1603160100
2020-10-21,947.68,948.2,939.0,939.03,409376192,1603246500
2020-10-22,938.06,949.9,933.78,949.9,363556096,1603332900
2020-10-23,953.45,961.26,953.14,961.26,450714944,1603419300
2020-10-26,967.52,970.15,950.8,950.8,426328160,1603678500
2020-10-27,950.8,954.72,946.28,946.47,454866080,1603764900
2020-10-28,942.82,946.91,921.05,921.05,451897856,1603851300
2020-10-29,916.49,923.53,914.48,921.53,214723504,1603937700
2020-10-30,925.41,926.32,911.2,925.47,310626432,1604024100
2020-11-02,926.09,933.68,924.14,933.68,297071936,1604283300
2020-11-03,936.73,937.57,932.18,935.41,316796544,1604369700
2020-11-04,935.41,943.56,933.86,939.76,350261568,1604456100
2020-11-05,940.32,945.51,937.75,937.75,300944672,1604542500
2020-11-06,939.73,941.2,934.63,938.29,266470704,1604628900
2020-11-09,942.15,951.99,942.15,951.99,388388512,1604888100
2020-11-10,962.68,963.47,951.9,951.9,455630784,1604974500
2020-11-11,954.46,956.65,947.61,952.22,375033152,1605060900
2020-11-12,953.97,959.28,953.62,959.28,331040704,1605147300
2020-11-13,959.56,966.29,959.13,966.29,457004800,1605233700
2020-11-16,970.11,972.98,950.5,950.79,517018592,1605492900
2020-11-17,955.52,968.9,953.22,968.9,397382272,1605579300
2020-11-18,969.48,974.3,966.32,973.53,478142880,1605665700
2020-11-19,975.32,983.26,974.33,983.26,497047392,1605752100
2020-11-20,984.71,990.0,980.72,990.0,498397120,1605838500
2020-11-23,991.87,995.9,985.38,994.19,485071392,1606097700
2020-11-24,996.55,997.99,984.92,995.76,544793216,1606184100
2020-11-25,1000.39,1002.31,996.8,999.94,472805088,1606270500
2020-11-26,999.24,1005.97,994.91,1005.97,487284224,1606356900
2020-11-27,1006.68,1010.22,1004.0,1010.22,432952288,1606443300
2020-11-30,1011.82,1012.5,1002.61,1003.08,530834528,1606702500
2020-12-01,988.71,1008.87,988.71,1008.87,578853376,1606788900
2020-12-02,1008.77,1015.86,1007.91,1014.32,679373824,1606875300
2020-12-03,1016.73,1020.35,1014.06,1019.8,516118208,1606961700
2020-12-04,1019.8,1025.17,1018.67,1021.49,551804224,1607048100
2020-12-07,1024.34,1030.41,1022.14,1029.98,512401600,1607307300
2020-12-08,1027.91,1032.03,1027.7,1028.63,503586368,1607393700
2020-12-09,1029.26,1039.55,1029.26,1039.13,581588224,1607480100
2020-12-10,1041.65,1044.1,1030.91,1030.91,625054272,1607566500
2020-12-11,1033.19,1045.96,1030.06,1045.96,459865120,1607652900
2020-12-14,1048.97,1064.09,1048.97,1064.09,575954048,1607912100
2020-12-15,1062.02,1067.45,1052.01,1055.27,671053504,1607998500
2020-12-16,1058.34,1066.99,1057.21,1066.99,589124416,1608084900
2020-12-17,1065.85,1065.85,1051.42,1051.77,660979264,1608171300
2020-12-18,1055.75,1068.56,1055.75,1067.46,618501056,1608257700
2020-12-21,1071.62,1081.6,1070.86,1081.08,706880960,1608516900
2020-12-22,1081.85,1084.23,1077.06,1083.45,752019904,1608603300
2020-12-23,1087.89,1094.09,1077.92,1078.9,808257408,1608689700
2020-12-24,1083.83,1084.76,1046.89,1067.52,750640384,1608776100
2020-12-25,1068.83,1084.42,1061.83,1084.42,644964992,1608862500
2020-12-28,1094.37,1096.11,1083.9,1091.33,707511808,1609121700
2020-12-29,1090.49,1102.79,1087.93,1099.49,651425984,1609208100
2020-12-30,1099.78,1108.83,1094.91,1097.54,674479744,1609294500
2020-12-31,1098.25,1105.33,1096.27,1103.87,522818624,1609380900
2021-01-04,1113.77,1126.43,1113.59,1120.47,761359296,1609726500
2021-01-05,1116.96,1134.45,1116.49,1132.55,757840704,1609812900
2021-01-06,1139.12,1152.85,1133.7,1143.21,780492032,1609899300
2021-01-07,1147.26,1156.49,1143.44,1156.49,748227968,1609985700
2021-01-08,1164.1,1176.33,1160.48,1167.69,803793792,1610072100
2021-01-11,1176.47,1186.45,1175.0,1184.89,844438144,1610331300
2021-01-12,1190.38,1192.28,1179.24,1192.28,709578368,1610417700
2021-01-13,1197.32,1200.82,1183.18,1186.05,804921728,1610504100
2021-01-14,1189.48,1190.5,1178.84,1187.4,776717760,1610590500
2021-01-15,1188.84,1197.74,1188.84,1194.2,779559296,1610676900
2021-01-18,1198.79,1200.85,1190.33,1191.94,741797760,1610936100
2021-01-19,1189.91,1189.91,1117.17,1131.0,984733440,1611022500
2021-01-20,1136.5,1142.48,1098.05,1134.68,832868480,1611108900
2021-02-05,1114.79,1126.91,1112.19,1126.91,523998528,1612491300
2021-02-08,1127.06,1127.06,1075.1,1083.18,692740736,1612750500
2021-02-09,1090.88,1114.93,1078.98,1114.93,514816672,1612836900
2021-02-17,1127.46,1155.78,1127.46,1155.78,566668096,1613528100
2021-02-18,1157.1,1174.38,1148.66,1174.38,612883392,1613614500
2021-02-19,1160.65,1178.18,1157.6,1173.5,574417024,1613700900
2021-02-22,1173.57,1182.67,1169.12,1175.04,622766144,1613960100
2021-02-23,1174.57,1184.32,1168.32,1177.64,591988992,1614046500
2021-02-24,1184.32,1185.58,1154.36,1162.01,598665856,1614132900
2021-02-25,1169.97,1169.97,1155.74,1165.43,508740480,1614219300
2021-02-26,1148.88,1169.28,1148.88,1169.04,499873216,1614305700
2021-03-01,1176.93,1186.82,1174.45,1186.17,640006912,1614564900
2021-03-02,1196.16,1196.16,1181.99,1186.61,569568192,1614651300
2021-03-03,1184.73,1189.18,1180.25,1186.95,628660736,1614737700
2021-03-04,1191.78,1191.9,1159.48,1168.52,668388288,1614824100
2021-03-05,1164.19,1169.56,1155.6,1168.69,591770304,1614910500
2021-03-08,1180.33,1181.25,1164.02,1168.27,650153664,1615169700
2021-03-09,1160.96,1166.42,1150.94,1161.97,639095616,1615256100
2021-03-10,1163.86,1170.59,1154.89,1170.08,700688384,1615342500
2021-03-11,1170.08,1183.73,1170.08,1181.73,627326337,1615428900
2021-03-12,1185.21,1186.52,1178.14,1181.56,621833088,1615515300
2021-03-15,1183.89,1186.06,1178.8,1184.56,673179776,1615774500
2021-03-16,1184.91,1184.91,1171.76,1179.9,683298240,1615860900
2021-03-17,1178.64,1186.09,1176.26,1186.09,685116160,1615947300
2021-03-18,1196.6,1200.94,1191.94,1200.94,613144512,1616033700
2021-03-19,1195.47,1199.67,1191.96,1194.05,668228928,1616120100
2021-03-22,1200.05,1200.21,1189.31,1194.43,698752896,1616379300
2021-03-23,1190.28,1191.47,1177.1,1183.45,681511552,1616465700
2021-03-24,1169.42,1174.2,1154.22,1161.81,745117824,1616552100
2021-03-25,1164.41,1170.76,1154.44,1163.1,680121344,1616638500
2021-03-26,1162.71,1165.76,1137.9,1148.46,553416960,1616724900
2021-03-29,1169.65,1175.77,1165.78,1175.68,658223232,1616984100
2021-03-30,1179.64,1187.29,1172.85,1186.36,775502144,1617070500
2021-03-31,1186.36,1196.45,1186.36,1191.44,701422849,1617156900
2021-04-01,1194.59,1217.26,1192.83,1216.1,669558848,1617243300
2021-04-02,1225.76,1228.29,1221.07,1224.45,660388032,1617329700
2021-04-05,1245.28,1245.28,1228.18,1236.05,689912832,1617588900
2021-04-06,1233.37,1244.63,1231.14,1239.96,688807040,1617675300
2021-04-07,1237.39,1242.38,1232.52,1242.38,721204096,1617761700
2021-04-08,1242.38,1246.4,1232.26,1234.89,661930752,1617848100
2021-04-09,1231.51,1234.98,1227.6,1231.66,728188224,1617934500
2021-04-12,1236.79,1252.45,1232.35,1252.45,886260608,1618193700
2021-04-13,1262.44,1268.02,1247.66,1248.33,1020857664,1618280100
2021-04-14,1240.9,1255.87,1233.01,1255.87,860784640,1618366500
2021-04-15,1262.25,1265.87,1247.25,1247.25,798227840,1618452900
2021-04-16,1245.06,1254.61,1227.14,1238.71,982946240,1618539300
2021-04-19,1243.58,1260.58,1233.77,1260.58,812583744,1618798500
2021-04-20,1267.74,1286.32,1261.28,1268.28,839123776,1618884900
2021-04-22,1264.31,1271.98,1227.82,1227.82,764632896,1619057700
2021-04-23,1227.18,1248.53,1216.15,1248.53,712385664,1619144100
2021-04-26,1251.25,1251.25,1214.14,1215.77,741112448,1619403300
2021-04-27,1213.84,1220.96,1204.14,1219.75,593764800,1619489700
2021-04-28,1220.26,1230.91,1217.49,1229.55,610754496,1619576100
2021-04-29,1234.91,1239.39,1231.25,1239.39,640565952,1619662500
2021-05-04,1222.08,1242.8,1212.56,1242.2,786542656,1620094500
2021-05-05,1244.69,1265.93,1244.69,1256.43,742476864,1620180900
2021-05-06,1255.42,1261.49,1246.64,1250.57,727607808,1620267300
2021-05-07,1245.48,1250.5,1231.92,1241.81,779989376,1620353700
2021-05-10,1239.96,1259.58,1236.85,1259.58,769141824,1620612900
2021-05-11,1265.11,1272.55,1256.04,1256.04,763921920,1620699300
2021-05-12,1251.97,1269.09,1249.18,1269.09,697701376,1620785700
2021-05-13,1262.98,1273.49,1261.99,1261.99,703813056,1620872100
2021-05-14,1266.43,1271.45,1259.97,1266.36,729990336,1620958500
2021-05-17,1272.55,1277.83,1258.5,1258.7,754980160,1621217700
2021-05-18,1259.57,1262.22,1249.02,1252.68,690106304,1621304100
2021-05-19,1254.78,1262.71,1250.58,1262.49,691145664,1621390500
2021-05-20,1264.62,1278.22,1255.78,1278.22,740844160,1621476900
2021-05-21,1272.84,1289.03,1268.46,1283.93,692529920,1621563300
2021-05-24,1287.5,1299.83,1287.36,1297.98,710524160,1621822500
2021-05-25,1299.19,1308.58,1297.23,1308.58,673821376,1621908900
2021-05-26,1308.04,1317.3,1304.68,1316.7,710504384,1621995300
2021-05-27,1318.42,1319.67,1299.99,1303.57,730038906,1622081700
2021-05-28,1307.79,1323.09,1300.06,1320.46,768362752,1622168100
2021-05-31,1326.65,1328.05,1307.56,1328.05,730465660,1622427300
2021-06-01,1329.47,1346.34,1328.84,1337.78,629421184,1622513700
2021-06-02,1337.78,1344.98,1330.82,1340.78,804521921,1622600100
2021-06-03,1345.21,1366.0,1345.21,1364.28,895269252,1622686500
2021-06-04,1367.06,1374.05,1360.42,1374.05,940314240,1622772900
2021-06-07,1374.8,1375.74,1347.21,1358.78,872809900,1623032100
2021-06-08,1355.36,1364.48,1318.11,1319.88,921420544,1623118500
2021-06-09,1323.52,1339.14,1312.08,1332.9,818482876,1623204900
2021-06-10,1332.9,1336.71,1317.49,1323.58,719836672,1623291300
2021-06-11,1326.79,1352.47,1322.08,1351.74,729930560,1623377700
2021-06-14,1352.73,1368.53,1352.73,1361.72,774566720,1623636900
2021-06-15,1361.58,1372.72,1356.59,1367.36,727219584,1623723300
2021-06-16,1363.85,1370.14,1350.73,1356.52,765679296,1623809700
2021-06-17,1341.06,1364.55,1337.49,1359.92,758000128,1623896100
2021-06-18,1366.19,1377.77,1363.52,1377.77,797554560,1623982500
2021-06-21,1373.59,1381.74,1367.85,1372.63,765113216,1624241700
2021-06-22,1380.84,1385.98,1375.0,1379.97,742905280,1624328100
2021-06-23,1383.15,1388.33,1372.06,1376.87,687378304,1624414500
2021-06-24,1376.87,1384.71,1372.99,1379.72,590234304,1624500900
2021-06-25,1382.11,1390.12,1372.8,1390.12,591310976,1624587300
2021-06-28,1397.96,1406.02,1390.56,1405.81,693161344,1624846500
2021-06-29,1408.34,1416.34,1406.87,1410.04,634305152,1624932900
2021-06-30,1410.83,1419.61,1408.18,1408.55,585257536,1625019300
2021-07-01,1412.15,1417.27,1402.18,1417.08,744995840,1625105700
2021-07-02,1422.89,1424.28,1415.82,1420.27,703308800,1625192100
2021-07-05,1420.27,1420.27,1394.68,1411.13,817327360,1625451300
2021-07-06,1411.13,1418.99,1354.79,1354.79,803157248,1625537700
2021-07-07,1354.79,1388.55,1334.88,1388.55,780790656,1625624100
2021-07-08,1388.55,1388.55,1363.92,1374.68,549356224,1625710500
2021-07-09,1374.68,1374.68,1335.9,1347.14,753739904,1625796900
2021-07-15,1270.95,1299.18,1270.95,1293.92,439087200,1626315300
2021-07-16,1299.05,1304.37,1296.06,1299.31,462262304,1626401700
2021-07-19,1270.7,1276.55,1237.79,1243.51,729253504,1626660900
2021-07-20,1247.49,1273.29,1225.52,1273.29,566382080,1626747300
2021-07-21,1277.87,1284.33,1266.71,1270.79,448559744,1626833700
2021-07-22,1270.57,1294.16,1266.54,1293.67,534550656,1626920100
2021-07-26,1261.91,1277.33,1254.57,1272.71,504503840,1627265700
2021-07-27,1283.89,1288.35,1276.53,1276.93,552081024,1627352100
2021-07-28,1273.45,1281.17,1271.78,1277.07,403539872,1627438500
2021-07-29,1287.27,1293.6,1282.88,1293.6,490637024,1627524900
2021-07-30,1297.18,1311.97,1296.95,1310.05,635233408,1627611300
2021-08-02,1308.53,1322.35,1304.49,1314.22,613293760,1627870500
2021-08-03,1315.87,1332.44,1315.57,1332.44,646811840,1627956900
2021-08-04,1336.63,1340.76,1328.4,1334.74,660956672,1628043300
2021-08-05,1331.56,1346.62,1326.8,1345.55,631647040,1628129700
2021-08-06,1348.97,1351.85,1341.45,1341.45,732191360,1628216100
2021-08-09,1337.71,1361.12,1334.69,1359.86,687149696,1628475300
2021-08-10,1367.49,1370.35,1358.12,1362.43,714066816,1628561700
2021-08-11,1365.07,1374.03,1357.79,1357.79,805842048,1628648100
2021-08-12,1356.0,1365.01,1353.05,1353.05,741464320,1628734500
2021-08-13,1351.88,1357.41,1336.74,1357.05,740370496,1628820900
2021-08-16,1363.76,1372.33,1361.75,1370.96,826644480,1629080100
2021-08-17,1377.22,1379.7,1359.11,1363.09,767520384,1629166500
2021-08-18,1362.29,1370.5,1355.83,1360.94,688297024,1629252900
2021-08-19,1360.56,1374.85,1352.94,1374.85,726525632,1629339300
2021-08-20,1368.38,1369.39,1317.52,1329.43,1202935936,1629425700
2021-08-23,1323.28,1327.04,1298.86,1298.86,794012096,1629684900
2021-08-24,1304.23,1307.56,1289.16,1298.74,710500160,1629771300
2021-08-25,1301.42,1309.8,1291.7,1309.55,518735872,1629857700
2021-08-26,1313.14,1316.26,1295.77,1301.12,520458720,1629944100
2021-08-27,1295.9,1313.2,1285.16,1313.2,682595904,1630030500
2021-08-30,1323.09,1329.62,1318.76,1328.14,673820096,1630289700
2021-08-31,1332.95,1336.14,1325.69,1331.47,730907904,1630376100
2021-09-01,1328.86,1338.02,1328.13,1334.65,718513280,1630462500
2021-09-06,1341.34,1348.36,1339.8,1346.39,940656000,1630894500
2021-09-07,1349.12,1353.66,1340.32,1341.9,869134848,1630980900
2021-09-08,1344.48,1344.49,1328.35,1333.61,625074944,1631067300
2021-09-09,1334.63,1345.59,1332.67,1343.98,634258560,1631153700
2021-09-10,1349.29,1350.43,1345.07,1345.31,597835328,1631240100
2021-09-13,1348.27,1350.69,1340.5,1341.43,771718272,1631499300
2021-09-14,1343.88,1349.13,1336.84,1339.7,726923584,1631585700
2021-09-15,1338.45,1347.7,1334.97,1345.83,681041152,1631672100
2021-09-16,1351.99,1353.12,1341.23,1345.87,595423424,1631758500
2021-09-17,1347.77,1356.45,1347.13,1352.64,848579968,1631844900
2021-09-20,1360.86,1365.92,1349.18,1350.48,891279104,1632104100
2021-09-21,1336.92,1346.32,1324.82,1339.84,852484544,1632190500
2021-09-22,1344.84,1350.71,1336.63,1350.68,773613632,1632276900
2021-09-23,1358.64,1361.09,1350.43,1352.76,992678016,1632363300
2021-09-24,1355.31,1356.97,1348.07,1351.17,668809664,1632449700
2021-09-27,1353.44,1354.38,1324.99,1324.99,776728320,1632708900
2021-09-28,1320.12,1341.81,1316.41,1339.31,621919168,1632795300
2021-09-29,1338.29,1340.9,1328.17,1339.21,596805632,1632881700
2021-09-30,1342.24,1348.89,1341.15,1342.06,472897120,1632968100
2021-10-01,1340.29,1344.06,1332.97,1334.89,732745088,1633054500
2021-10-04,1338.97,1347.49,1333.53,1339.54,734807360,1633313700
2021-10-05,1345.13,1354.63,1343.67,1354.63,632801600,1633400100
2021-10-06,1359.24,1362.82,1355.0,1362.82,632608576,1633486500
2021-10-07,1366.39,1367.64,1360.57,1365.99,692447488,1633572900
2021-10-08,1369.33,1373.18,1365.93,1372.73,631841152,1633659300
2021-10-11,1377.52,1394.64,1377.3,1394.09,763575296,1633918500
2021-10-12,1398.19,1400.78,1389.43,1394.8,738382336,1634004900
2021-10-13,1398.14,1400.67,1389.61,1391.91,644516160,1634091300
2021-10-14,1393.27,1398.67,1388.89,1391.85,708552384,1634177700
2021-10-15,1395.64,1399.03,1388.0,1392.7,781275072,1634264100
2021-10-18,1395.68,1402.63,1390.88,1395.53,787297792,1634523300
2021-10-19,1395.35,1399.66,1388.95,1395.33,634701568,1634609700
2021-10-20,1398.37,1401.76,1376.15,1393.8,837495232,1634696100
2021-10-21,1397.55,1398.45,1384.77,1384.77,707026560,1634782500
2021-10-22,1388.82,1393.7,1385.53,1389.24,795578112,1634868900
2021-10-25,1395.14,1395.69,1385.4,1385.4,898401600,1635128100
2021-10-26,1384.45,1393.03,1377.56,1391.63,745308032,1635214500
2021-10-27,1397.49,1423.02,1395.83,1423.02,928049600,1635300900
2021-10-28,1427.39,1440.64,1420.42,1438.01,861708800,1635387300
2021-10-29,1439.27,1447.62,1432.19,1444.27,978806592,1635473700
2021-11-01,1448.58,1451.81,1435.57,1438.97,1130970368,1635732900
2021-11-02,1439.9,1452.46,1438.83,1452.46,1007353920,1635819300
2021-11-03,1459.48,1463.63,1440.67,1444.3,1500452736,1635905700
2021-11-04,1443.06,1451.98,1435.84,1448.34,925156672,1635992100
2021-11-05,1450.63,1459.93,1444.51,1456.51,870062656,1636078500
2021-11-08,1462.5,1470.49,1456.9,1467.57,1053921152,1636337700
2021-11-09,1470.35,1474.2,1457.57,1461.5,1026660480,1636424100
2021-11-10,1465.48,1470.19,1457.98,1465.02,983535808,1636510500
2021-11-11,1469.26,1472.89,1449.18,1462.35,1259121024,1636596900
2021-11-12,1464.58,1474.98,1453.22,1473.37,942625984,1636683300
2021-11-15,1481.96,1481.96,1466.01,1476.57,1172819328,1636942500
2021-11-16,1472.15,1476.97,1459.08,1466.45,1216002560,1637028900
2021-11-17,1467.83,1477.04,1464.78,1475.85,854638976,1637115300
2021-11-18,1478.82,1482.68,1469.83,1469.83,1087978496,1637201700
2021-11-19,1474.86,1481.53,1434.69,1452.35,1518391424,1637288100
2021-11-22,1452.94,1466.46,1442.85,1447.25,1261482496,1637547300
2021-11-23,1442.2,1463.63,1438.41,1463.63,878628352,1637633700
2021-11-24,1471.24,1491.05,1467.29,1488.87,1114417792,1637720100
2021-11-25,1496.69,1505.36,1490.32,1500.81,1001072896,1637806500
2021-11-26,1506.64,1511.68,1488.83,1493.03,1053654464,1637892900
2021-11-29,1469.24,1488.93,1468.25,1484.84,1010860608,1638152100
2021-11-30,1497.06,1503.09,1471.57,1478.44,1084182016,1638238500
2021-12-01,1477.84,1487.68,1471.3,1485.19,870021888,1638324900
2021-12-02,1489.04,1493.84,1482.05,1482.05,761232832,1638411300
2021-12-03,1490.4,1491.2,1443.32,1443.32,1090061056,1638497700
2021-12-06,1447.52,1452.55,1400.87,1413.58,1034718208,1638756900
2021-12-07,1428.47,1446.77,1421.6,1446.77,754054336,1638843300
2021-12-08,1452.09,1460.28,1447.88,1452.87,767416000,1638929700
2021-12-09,1448.18,1467.98,1446.88,1467.98,659412480,1639016100
2021-12-10,1470.55,1475.85,1461.78,1463.54,797823488,1639102500
2021-12-13,1471.27,1481.7,1470.08,1476.21,859105472,1639361700
2021-12-14,1476.58,1485.14,1469.21,1476.02,961817920,1639448100
2021-12-15,1476.43,1481.67,1468.21,1475.5,904653440,1639534500
2021-12-16,1482.19,1482.32,1468.95,1476.61,925186624,1639620900
2021-12-17,1482.62,1487.73,1479.79,1479.79,1113566720,1639707300
2021-12-20,1482.09,1483.23,1468.88,1477.33,955232640,1639966500
2021-12-21,1475.31,1486.03,1472.43,1478.74,899152640,1640052900
2021-12-22,1485.4,1489.24,1471.84,1477.67,1066749760,1640139300
2021-12-23,1480.52,1481.21,1447.14,1456.96,1355777152,1640225700
2021-12-24,1465.0,1478.8,1456.32,1477.03,888131584,1640312100
2021-12-27,1485.1,1490.12,1469.91,1488.88,750900224,1640571300
2021-12-28,1497.16,1499.77,1483.97,1494.39,1000895104,1640657700
2021-12-29,1498.3,1498.91,1485.82,1485.82,840898240,1640744100
2021-12-30,1491.24,1493.38,1484.82,1485.97,747236992,1640830500
2021-12-31,1490.25,1499.07,1490.08,1498.28,873116160,1640916900
2022-01-04,1508.15,1526.69,1508.15,1525.58,881549760,1641262500
2022-01-05,1531.81,1535.82,1522.5,1522.5,1056163776,1641348900
2022-01-06,1518.78,1536.24,1518.18,1528.57,1117564800,1641435300
2022-01-07,1534.1,1534.52,1524.96,1528.48,1019140480,1641521700
2022-01-10,1530.74,1536.45,1503.71,1503.71,1369197184,1641780900
2022-01-11,1506.73,1512.05,1488.4,1492.31,1246802304,1641867300
2022-01-12,1491.3,1510.51,1464.49,1510.51,1129745664,1641953700
2022-01-13,1519.79,1522.6,1495.13,1496.05,993886208,1642040100
2022-01-14,1477.5,1503.25,1476.68,1496.02,784394560,1642126500
2022-01-17,1499.47,1503.86,1452.84,1452.84,985088256,1642385700
2022-01-18,1444.16,1452.14,1424.65,1438.94,738556992,1642472100
2022-01-19,1444.6,1449.11,1434.46,1442.79,635225024,1642558500
2022-01-20,1439.06,1469.08,1432.58,1465.3,785235712,1642644900
2022-01-21,1470.75,1477.09,1463.06,1472.89,810727744,1642731300
2022-01-24,1465.33,1467.99,1432.18,1439.71,824774592,1642990500
2022-01-25,1433.2,1479.58,1424.36,1479.58,747488320,1643076900
2022-01-26,1485.83,1490.45,1478.41,1481.58,809859520,1643163300
2022-01-27,1475.15,1486.39,1464.06,1470.76,563214464,1643249700
2022-01-28,1471.14,1484.48,1465.22,1478.96,698895872,1643336100
2022-02-07,1497.55,1505.69,1493.89,1497.66,577578688,1644200100
2022-02-08,1495.58,1503.33,1491.78,1500.99,732983104,1644286500
2022-02-09,1501.67,1511.72,1499.53,1505.38,793861952,1644372900
2022-02-10,1510.66,1512.88,1495.7,1506.79,679449792,1644459300
2022-02-11,1502.83,1508.54,1499.06,1501.71,634921088,1644545700
2022-02-14,1486.73,1495.99,1471.96,1471.96,800495488,1644804900
2022-02-15,1473.92,1495.56,1470.06,1492.75,605248896,1644891300
2022-02-16,1499.07,1499.5,1486.68,1492.1,702251584,1644977700
2022-02-17,1494.02,1507.99,1492.49,1507.99,608987520,1645064100
2022-02-18,1494.3,1507.29,1492.38,1504.84,696726720,1645150500
2022-02-21,1504.96,1516.63,1500.97,1510.84,788541632,1645409700
2022-02-22,1499.18,1506.38,1484.81,1503.47,903169984,1645496100
2022-02-23,1509.12,1520.78,1507.37,1512.3,692671488,1645582500
2022-02-24,1508.73,1513.25,1473.76,1494.85,1158726528,1645668900
2022-02-25,1504.55,1512.05,1494.85,1498.89,767097728,1645755300
2022-02-28,1499.43,1502.36,1487.57,1490.13,729177536,1646014500
2022-03-01,1493.93,1501.73,1491.48,1498.78,842192192,1646100900
2022-03-02,1499.37,1500.41,1479.55,1485.52,936451904,1646187300
2022-03-03,1492.48,1505.0,1487.69,1505.0,921857664,1646273700
2022-03-04,1505.0,1509.19,1501.39,1505.33,924964992,1646360100
2022-03-07,1500.65,1505.32,1493.87,1499.05,971475776,1646619300
2022-03-08,1487.37,1499.05,1473.71,1473.71,1030217920,1646705700
2022-03-09,1478.43,1482.86,1462.8,1473.74,921452288,1646792100
2022-03-10,1485.11,1488.59,1476.76,1479.08,648611328,1646878500
2022-03-11,1478.44,1480.29,1458.88,1466.54,877365504,1646964900
2022-03-14,1459.28,1466.54,1439.19,1446.25,855380032,1647224100
2022-03-15,1444.92,1453.07,1437.27,1452.74,672243776,1647310500
2022-03-16,1459.68,1462.98,1453.91,1459.33,622497536,1647396900
2022-03-17,1466.56,1467.74,1459.14,1461.34,715216192,1647483300
2022-03-18,1467.67,1474.86,1465.57,1469.1,792375744,1647569700
2022-03-21,1474.78,1494.95,1474.38,1494.95,787335936,1647828900
2022-03-22,1500.08,1507.71,1494.95,1503.78,941863744,1647915300
2022-03-23,1505.76,1513.9,1501.67,1502.34,853836160,1648001700
2022-03-24,1503.91,1505.39,1495.18,1498.26,783228608,1648088100
2022-03-25,1500.17,1503.29,1494.55,1498.5,766886848,1648174500
2022-03-28,1490.44,1496.79,1473.8,1483.18,1062270016,1648433700
2022-03-29,1487.57,1498.45,1485.22,1497.76,730062528,1648520100
2022-03-30,1491.92,1503.89,1483.9,1490.51,898903680,1648606500
2022-03-31,1492.5,1498.41,1488.27,1492.15,677216960,1648692900
2022-04-01,1489.48,1516.87,1484.13,1516.44,964757952,1648779300
2022-04-04,1528.87,1530.95,1522.82,1524.7,777734208,1649038500
2022-04-05,1521.4,1527.57,1519.28,1520.03,701620416,1649124900
2022-04-06,1510.69,1523.75,1507.62,1522.9,942764416,1649211300
2022-04-07,1524.12,1524.92,1502.35,1502.35,794151680,1649297700
2022-04-08,1504.31,1507.73,1482.0,1482.0,761998208,1649384100
2022-04-12,1487.94,1490.58,1455.25,1455.25,673778240,1649729700
2022-04-13,1455.25,1477.2,1448.52,1477.2,672831296,1649816100
2022-04-14,1483.08,1484.34,1471.75,1472.12,521901792,1649902500
2022-04-15,1470.32,1478.95,1456.39,1458.56,657232064,1649988900
2022-04-18,1455.04,1456.47,1425.07,1432.6,826007360,1650248100
2022-04-19,1435.82,1442.04,1406.45,1406.45,697273024,1650334500
2022-04-20,1401.63,1410.64,1384.72,1384.72,685262976,1650420900
2022-04-21,1369.8,1392.33,1356.58,1370.21,805646592,1650507300
2022-04-22,1378.28,1392.89,1352.43,1379.23,833075776,1650593700
2022-04-25,1377.75,1382.13,1298.38,1310.92,759301376,1650852900
2022-04-26,1285.4,1341.34,1261.4,1341.34,724910592,1650939300
2022-04-27,1331.73,1355.92,1314.81,1353.77,516805440,1651025700
2022-04-28,1353.48,1358.07,1344.1,1350.99,479023200,1651112100
2022-04-29,1347.08,1369.31,1343.24,1366.8,596021056,1651198500
2022-05-04,1366.11,1366.39,1348.68,1348.68,528002208,1651630500
2022-05-05,1361.62,1362.18,1331.41,1360.68,528130080,1651716900
2022-05-06,1333.55,1353.48,1328.13,1329.26,563489600,1651803300
2022-05-09,1313.49,1314.52,1265.54,1269.62,669260032,1652062500
2022-05-10,1240.93,1293.56,1232.57,1293.56,663547008,1652148900
2022-05-11,1295.39,1305.17,1277.91,1301.53,413453760,1652235300
2022-05-12,1290.4,1301.53,1238.05,1238.84,553965888,1652321700
2022-05-13,1235.03,1237.8,1180.6,1182.77,814151168,1652408100
2022-05-16,1208.05,1215.96,1170.59,1171.95,575098368,1652667300
2022-05-17,1164.32,1228.37,1156.54,1228.37,578269888,1652753700
2022-05-18,1240.06,1249.84,1222.92,1240.76,566098560,1652840100
2022-05-19,1211.31,1246.66,1210.43,1241.64,491939872,1652926500
2022-05-20,1240.72,1252.96,1232.33,1240.71,501724032,1653012900
2022-05-23,1246.56,1246.58,1207.99,1218.81,556957440,1653272100
2022-05-24,1218.87,1233.38,1203.28,1233.38,528208608,1653358500
2022-05-25,1238.52,1268.43,1234.2,1268.43,655182848,1653444900
2022-05-26,1273.8,1278.11,1261.55,1268.57,541056833,1653531300
2022-05-27,1270.56,1286.99,1268.57,1285.45,602250496,1653617700
2022-05-30,1287.21,1296.22,1281.27,1293.92,583016704,1653876900
2022-05-31,1288.63,1297.64,1280.44,1292.68,588722368,1653963300
2022-06-01,1289.56,1302.25,1286.01,1299.52,567394944,1654049700
2022-06-02,1300.58,1302.66,1283.32,1288.62,569771776,1654136100
2022-06-03,1284.62,1292.78,1276.37,1287.98,473094560,1654222500
2022-06-06,1290.04,1302.14,1281.95,1290.01,586779840,1654481700
2022-06-07,1285.07,1291.35,1260.92,1291.35,670093504,1654568100
2022-06-08,1297.56,1316.69,1291.35,1307.91,583291328,1654654500
2022-06-09,1310.35,1312.44,1300.85,1307.8,457986976,1654740900
2022-06-10,1298.78,1309.59,1284.08,1284.08,601986304,1654827300
2022-06-13,1251.08,1284.08,1226.01,1227.04,729850112,1655086500
2022-06-14,1213.44,1239.36,1211.13,1230.31,556644544,1655172900
2022-06-15,1231.23,1235.56,1195.19,1213.93,680114240,1655259300
2022-06-16,1227.24,1246.32,1213.93,1236.63,560687616,1655345700
2022-06-17,1210.5,1220.41,1191.92,1217.3,729954752,1655432100
2022-06-20,1218.37,1221.6,1180.4,1180.4,667570816,1655691300
2022-06-21,1172.98,1189.97,1162.94,1172.47,689701248,1655777700
2022-06-22,1180.11,1185.86,1162.98,1169.27,590151040,1655864100
2022-06-23,1162.06,1188.88,1162.06,1188.88,431887232,1655950500
2022-06-24,1190.82,1196.85,1185.48,1185.48,474392992,1656036900
2022-06-27,1189.12,1203.51,1185.48,1202.82,518363008,1656296100
2022-06-28,1202.41,1221.74,1198.99,1218.1,584543104,1656382500
2022-06-29,1208.22,1219.58,1207.38,1218.09,554924608,1656468900
2022-06-30,1218.22,1220.51,1197.6,1197.6,508349312,1656555300
2022-07-01,1193.04,1202.41,1170.95,1198.9,526123712,1656641700
2022-07-04,1206.47,1208.96,1192.63,1195.53,437680448,1656900900
2022-07-05,1198.42,1200.99,1181.29,1181.29,609774784,1656987300
2022-07-06,1167.25,1175.26,1147.63,1149.61,553117504,1657073700
2022-07-07,1148.97,1166.48,1142.8,1166.48,409115872,1657160100
2022-07-08,1174.53,1177.18,1164.23,1171.31,474987968,1657246500
2022-07-11,1161.3,1165.6,1144.55,1155.29,535369568,1657505700
2022-07-12,1154.31,1174.82,1153.55,1174.82,523732160,1657592100
2022-07-13,1173.46,1182.21,1170.92,1173.92,561789312,1657678500
2022-07-14,1170.7,1182.17,1170.04,1182.17,524709248,1657764900
2022-07-15,1183.15,1189.66,1178.12,1179.25,603163712,1657851300
2022-07-18,1184.74,1184.93,1174.7,1176.49,523446624,1658110500
2022-07-19,1176.1,1180.46,1168.99,1178.33,532137248,1658196900
2022-07-20,1188.12,1198.63,1185.82,1194.14,642528064,1658283300
2022-07-21,1195.03,1201.91,1194.89,1198.47,527173568,1658369700
2022-07-22,1199.16,1202.69,1194.76,1194.76,474484736,1658456100
2022-07-25,1191.43,1198.16,1184.32,1188.5,436927680,1658715300
2022-07-26,1189.2,1194.15,1184.44,1185.07,428051904,1658801700
2022-07-27,1180.83,1191.04,1178.58,1191.04,443168960,1658888100
2022-07-28,1201.77,1214.03,1191.19,1208.12,665358400,1658974500
2022-07-29,1214.32,1217.84,1206.33,1206.33,577345728,1659060900
2022-08-01,1209.05,1231.35,1206.46,1231.35,706221568,1659320100
2022-08-02,1230.31,1236.41,1224.11,1236.12,673906304,1659406500
2022-08-03,1233.84,1250.2,1232.41,1249.76,779398784,1659492900
2022-08-04,1252.49,1257.38,1247.38,1254.15,723968000,1659579300
2022-08-05,1250.25,1253.75,1245.05,1252.74,692734528,1659665700
2022-08-08,1252.36,1258.84,1252.04,1256.75,696606464,1659924900
2022-08-09,1260.36,1263.14,1252.84,1258.85,717955520,1660011300
2022-08-10,1255.69,1260.36,1253.89,1256.5,639848640,1660097700
2022-08-11,1267.37,1268.03,1245.85,1252.07,808679936,1660184100
2022-08-12,1250.66,1262.33,1248.65,1262.33,540748352,1660270500
2022-08-15,1268.56,1274.24,1262.33,1274.2,632219264,1660529700
2022-08-16,1274.08,1275.93,1271.11,1274.69,613713152,1660616100
2022-08-17,1276.78,1280.61,1271.97,1275.28,711888192,1660702500
2022-08-18,1273.45,1283.15,1268.64,1273.66,594158528,1660788900
2022-08-19,1272.23,1280.0,1263.45,1269.18,606064192,1660875300
2022-08-22,1264.64,1270.57,1255.83,1260.43,617884032,1661134500
2022-08-23,1253.45,1270.81,1253.45,1270.81,564723968,1661220900
2022-08-24,1275.57,1280.36,1272.33,1277.16,596389376,1661307300
2022-08-25,1280.39,1289.18,1280.28,1288.88,608830080,1661393700
2022-08-26,1291.29,1295.12,1280.05,1282.57,667642560,1661480100
2022-08-29,1263.43,1270.8,1249.17,1270.8,842183744,1661739300
2022-08-30,1274.97,1287.65,1274.0,1279.39,524293504,1661825700
2022-08-31,1276.49,1285.29,1274.99,1280.51,497543872,1661912100
2022-09-05,1280.26,1285.7,1275.35,1277.35,522411904,1662344100
2022-09-06,1279.58,1286.92,1277.4,1277.4,579114944,1662430500
2022-09-07,1274.6,1277.4,1243.17,1243.17,842479040,1662516900
2022-09-08,1251.06,1251.36,1234.6,1234.6,594727808,1662603300
2022-09-09,1241.26,1248.78,1228.54,1248.78,585259712,1662689700
2022-09-12,1255.0,1257.8,1248.97,1249.62,408413280,1662948900
2022-09-13,1251.1,1252.35,1243.87,1248.4,473039616,1663035300
2022-09-14,1229.76,1248.4,1228.51,1240.77,602565888,1663121700
2022-09-15,1247.34,1250.93,1240.77,1245.66,425678432,1663208100
2022-09-16,1243.38,1246.17,1230.37,1234.03,630193408,1663294500
2022-09-19,1231.45,1233.46,1202.07,1205.43,694428480,1663553700
2022-09-20,1212.08,1218.93,1199.71,1218.93,464889856,1663640100
2022-09-21,1213.47,1217.28,1204.68,1210.55,388988864,1663726500
2022-09-22,1200.34,1214.7,1196.64,1214.7,472245952,1663812900
2022-09-23,1212.61,1216.59,1201.45,1203.28,482996704,1663899300
2022-09-26,1186.41,1190.27,1159.12,1174.35,743720000,1664158500
2022-09-27,1177.51,1180.75,1166.44,1166.54,462763968,1664244900
2022-09-28,1158.53,1162.6,1142.79,1143.62,525485184,1664331300
2022-09-29,1157.09,1159.49,1126.07,1126.07,485356992,1664417700
2022-09-30,1115.2,1135.47,1099.44,1132.11,719135808,1664504100
2022-10-03,1124.46,1132.11,1079.86,1086.44,549435968,1664763300
2022-10-04,1095.73,1100.42,1069.74,1078.14,570588864,1664849700
2022-10-05,1092.08,1110.21,1092.08,1104.26,442193664,1664936100
2022-10-06,1105.31,1106.97,1072.57,1074.52,539061568,1665022500
2022-10-07,1061.93,1062.23,1022.38,1035.91,869411840,1665108900
2022-10-10,1019.67,1051.02,1012.94,1042.48,654326400,1665368100
2022-10-11,1036.48,1036.48,998.64,1006.2,667702912,1665454500
2022-10-12,1006.1,1039.44,1002.89,1034.81,606854720,1665540900
2022-10-13,1035.33,1050.99,1025.04,1050.99,474627904,1665627300
2022-10-14,1063.07,1068.12,1055.29,1061.85,639782080,1665713700
2022-10-17,1053.46,1054.05,1033.59,1051.58,491023904,1665972900
2022-10-18,1065.6,1071.74,1051.58,1063.66,509850496,1666059300
2022-10-19,1065.08,1065.99,1052.29,1060.07,395065504,1666145700
2022-10-20,1056.14,1065.28,1048.21,1058.45,377879968,1666232100
2022-10-21,1059.03,1059.09,1013.69,1019.82,731699456,1666318500
2022-10-24,1021.25,1023.51,977.41,986.15,632681216,1666577700
2022-10-25,980.47,1011.39,962.45,997.7,734535872,1666664100
2022-10-26,1000.71,1004.55,984.71,992.85,382562592,1666750500
2022-10-27,994.82,1023.49,990.48,1022.16,614294464,1666836900
2022-10-28,1036.27,1044.57,1026.53,1028.56,612850560,1666923300
2022-10-31,1028.24,1030.32,1005.0,1021.42,625073472,1667182500
2022-11-01,1034.77,1043.53,1027.39,1028.41,580676672,1667268900
2022-11-02,1033.51,1034.73,1018.64,1021.52,532856288,1667355300
2022-11-03,1011.41,1023.95,1010.65,1017.03,412007648,1667441700
2022-11-04,1008.23,1009.96,974.61,994.12,679505088,1667528100
2022-11-07,989.74,996.18,969.61,971.22,574823744,1667787300
2022-11-08,960.93,981.86,956.97,976.99,614127424,1667873700
2022-11-09,983.62,994.79,977.93,981.33,546616128,1667960100
2022-11-10,974.76,976.31,935.78,942.65,655656512,1668046500
2022-11-11,954.95,966.7,947.24,952.88,682331712,1668132900
2022-11-14,939.94,949.38,923.53,941.04,657943616,1668392100
2022-11-15,926.08,929.06,900.17,911.9,658748544,1668478500
2022-11-16,876.0,945.42,873.78,942.9,1024616256,1668564900
2022-11-17,952.91,972.88,945.09,969.26,700900224,1668651300
2022-11-18,967.18,971.77,939.73,969.33,934032384,1668737700
2022-11-21,971.57,973.19,956.77,960.65,587725376,1668996900
2022-11-22,953.78,985.28,948.52,952.12,1044120576,1669083300
2022-11-23,947.81,958.61,942.02,946.0,538800960,1669169700
2022-11-24,942.86,950.03,934.31,947.71,528225344,1669256100
2022-11-25,956.62,971.46,955.53,971.46,612877248,1669342500
2022-11-28,979.68,1006.22,971.46,1005.69,950020159,1669601700
2022-11-29,1008.85,1032.16,998.56,1032.16,1176699780,1669688100
2022-11-30,1037.44,1048.42,1021.54,1048.42,1069148160,1669774500
2022-12-01,1057.97,1066.28,1035.62,1036.28,1332475776,1669860900
2022-12-02,1032.67,1080.01,1030.81,1080.01,1090716160,1669947300
2022-12-05,1090.97,1099.45,1082.59,1093.67,1217486080,1670206500
2022-12-06,1088.9,1090.64,1048.69,1048.69,1468304000,1670292900
2022-12-07,1046.72,1059.79,1034.92,1041.02,915775552,1670379300
2022-12-08,1055.21,1078.09,1045.98,1050.53,911862592,1670465700
2022-12-09,1056.85,1061.21,1041.39,1051.81,785236096,1670552100
2022-12-12,1059.55,1065.16,1032.07,1032.07,893844352,1670811300
2022-12-13,1035.76,1047.45,1026.3,1047.45,792084223,1670897700
2022-12-14,1062.18,1062.18,1046.43,1050.43,755646528,1670984100
2022-12-15,1049.16,1062.61,1049.06,1055.32,717860800,1671070500
2022-12-16,1048.62,1064.79,1047.16,1052.48,874728192,1671156900
2022-12-19,1053.91,1065.59,1038.4,1038.4,973198656,1671416100
2022-12-20,1035.82,1038.74,1010.08,1023.13,1068219392,1671502500
2022-12-21,1033.34,1033.84,1005.43,1018.88,772734912,1671588900
2022-12-22,1026.49,1033.18,1016.54,1022.61,668847360,1671675300
2022-12-23,1023.69,1027.34,1013.2,1020.34,537715968,1671761700
2022-12-26,1019.66,1021.89,985.21,985.21,611116608,1672020900
2022-12-27,986.07,1007.88,985.28,1004.57,582860288,1672107300
2022-12-28,1008.41,1020.52,998.97,1015.66,575669760,1672193700
2022-12-29,1016.06,1021.96,1009.29,1009.29,453396448,1672280100
2022-12-30,1017.45,1017.99,1007.09,1007.09,395620480,1672366500
2023-01-03,1011.39,1043.9,1011.38,1043.9,548487360,1672712100
2023-01-04,1048.31,1052.6,1041.56,1046.35,643758144,1672798500
2023-01-05,1048.17,1058.14,1046.64,1055.82,531992896,1672884900
2023-01-06,1055.51,1065.58,1047.26,1051.44,694258240,1672971300
2023-01-09,1057.49,1057.49,1050.95,1054.21,465044576,1673230500
2023-01-10,1054.84,1057.44,1045.75,1053.35,537346880,1673316900
2023-01-11,1058.25,1065.69,1054.53,1055.76,540720192,1673403300
2023-01-12,1058.51,1060.97,1050.27,1056.39,498993728,1673489700
2023-01-13,1060.71,1066.39,1055.23,1060.17,661973696,1673576100
2023-01-16,1062.14,1067.74,1057.87,1066.68,507637088,1673835300
2023-01-17,1071.37,1088.29,1067.6,1088.29,665779648,1673921700
2023-01-18,1092.5,1100.39,1088.29,1098.28,602432512,1674008100
2023-01-19,1095.53,1111.72,1094.46,1108.08,611985536,1674094500
2023-01-27,1114.15,1124.3,1111.41,1117.1,600038720,1674785700
2023-01-30,1117.66,1118.46,1102.57,1102.57,796982400,1675044900
2023-01-31,1100.4,1111.18,1088.25,1111.18,744674624,1675131300
2023-02-01,1114.68,1116.96,1075.97,1075.97,1027755072,1675217700
2023-02-02,1079.69,1083.36,1070.81,1077.59,631351296,1675304100
2023-02-03,1078.83,1081.89,1070.46,1077.15,555867136,1675390500
2023-02-06,1073.52,1089.29,1067.24,1089.29,515247968,1675649700
2023-02-07,1088.07,1092.12,1065.18,1065.84,670195840,1675736100
2023-02-08,1067.58,1079.51,1063.5,1072.22,567414592,1675822500
2023-02-09,1070.07,1075.2,1064.03,1064.03,468311968,1675908900
2023-02-10,1066.16,1066.28,1054.08,1055.3,462035840,1675995300
2023-02-13,1050.99,1054.05,1031.7,1043.7,675272896,1676254500
2023-02-14,1045.14,1046.64,1032.76,1038.64,390913248,1676340900
2023-02-15,1037.17,1051.89,1034.39,1048.2,581759872,1676427300
2023-02-16,1051.16,1058.29,1047.45,1058.29,473657440,1676513700
2023-02-17,1058.99,1062.25,1053.26,1059.31,458046784,1676600100
2023-02-20,1059.74,1088.01,1059.56,1086.69,681844992,1676859300
2023-02-21,1089.74,1095.1,1081.8,1082.23,710327040,1676945700
2023-02-22,1073.62,1079.72,1054.28,1054.28,810477184,1677032100
2023-02-23,1053.95,1054.48,1030.58,1053.66,715619072,1677118500
2023-02-24,1051.58,1052.49,1034.66,1039.56,424423872,1677204900
2023-02-27,1029.55,1031.59,1017.7,1021.25,585054912,1677464100
2023-02-28,1027.74,1034.36,1018.72,1024.68,423328384,1677550500
2023-03-01,1018.07,1040.55,1013.37,1040.55,513984704,1677636900
2023-03-02,1039.0,1043.8,1033.07,1037.61,363822080,1677723300
2023-03-03,1038.1,1041.82,1022.78,1024.77,442593536,1677809700
2023-03-06,1032.35,1042.43,1026.73,1027.18,416423648,1678068900
2023-03-07,1033.96,1043.92,1033.32,1037.84,461679520,1678155300
2023-03-08,1028.77,1049.18,1027.8,1049.18,505502336,1678241700
2023-03-09,1050.61,1060.56,1049.45,1055.95,604018112,1678328100
2023-03-10,1050.53,1053.86,1046.31,1053.0,502993632,1678414500
2023-03-13,1046.95,1055.58,1045.46,1052.8,620801600,1678673700
2023-03-14,1049.3,1051.56,1034.72,1040.13,620666240,1678760100
2023-03-15,1052.06,1062.55,1043.82,1062.19,619189248,1678846500
2023-03-16,1056.15,1058.73,1043.65,1047.4,530346816,1678932900
2023-03-17,1053.37,1055.42,1043.54,1045.14,556727360,1679019300
2023-03-20,1041.91,1042.6,1022.71,1023.1,563464832,1679278500
2023-03-21,1028.83,1036.15,1017.05,1032.43,471473984,1679364900
2023-03-22,1035.84,1042.84,1032.6,1040.54,452992832,1679451300
2023-03-23,1035.33,1045.1,1030.93,1045.1,430076224,1679537700
2023-03-24,1047.1,1052.29,1044.02,1046.79,574361920,1679624100
2023-03-27,1047.78,1053.78,1041.99,1052.25,556101440,1679883300
2023-03-28,1055.57,1059.83,1051.75,1054.29,629994944,1679969700
2023-03-29,1055.18,1056.33,1048.26,1056.33,459582112,1680056100
2023-03-30,1061.32,1066.23,1056.33,1059.44,595226304,1680142500
2023-03-31,1060.0,1067.55,1059.85,1064.64,638266112,1680228900
2023-04-03,1074.69,1079.28,1071.62,1079.28,820699264,1680488100
2023-04-04,1081.36,1082.21,1075.1,1078.45,798212800,1680574500
2023-04-05,1079.06,1080.86,1074.1,1080.86,790254976,1680660900
2023-04-06,1083.27,1084.52,1070.91,1070.91,994858496,1680747300
2023-04-10,1073.86,1075.54,1063.45,1065.35,855848448,1681092900
2023-04-11,1063.64,1070.56,1056.9,1069.46,695585088,1681179300
2023-04-12,1071.61,1072.7,1066.43,1069.45,718535552,1681265700
2023-04-13,1070.96,1070.96,1062.39,1064.3,671524992,1681352100
2023-04-14,1067.21,1068.79,1052.89,1052.89,779924672,1681438500
2023-04-17,1053.02,1054.72,1049.11,1053.81,451985280,1681697700
2023-04-18,1055.85,1057.15,1050.89,1055.02,535160928,1681784100
2023-04-19,1057.88,1058.14,1047.47,1048.98,563813696,1681870500
2023-04-20,1050.02,1051.86,1045.85,1049.25,371423776,1681956900
2023-04-21,1050.1,1050.4,1041.26,1042.91,547312960,1682043300
2023-04-24,1045.28,1047.18,1038.36,1041.36,551653440,1682302500
2023-04-25,1045.87,1045.87,1032.49,1034.85,535177792,1682388900
2023-04-26,1034.02,1040.8,1029.19,1040.8,500715744,1682475300
2023-04-27,1041.39,1044.25,1037.62,1039.63,510669984,1682561700
2023-04-28,1043.17,1049.12,1042.04,1049.12,605861376,1682648100
2023-05-04,1046.05,1048.16,1038.18,1040.61,623392384,1683166500
2023-05-05,1040.23,1043.22,1036.69,1040.31,543410624,1683252900
2023-05-08,1040.31,1052.76,1040.31,1052.62,618773248,1683512100
2023-05-09,1055.42,1058.71,1052.68,1053.77,557705664,1683598500
2023-05-10,1055.62,1058.67,1053.34,1058.26,714771968,1683684900
2023-05-11,1060.75,1063.69,1056.72,1057.12,705981440,1683771300
2023-05-12,1057.7,1066.9,1053.97,1066.9,723347200,1683857700
2023-05-15,1074.82,1076.32,1065.71,1065.71,830397056,1684116900
2023-05-16,1068.51,1069.27,1063.65,1065.91,678489664,1684203300
2023-05-17,1066.41,1069.95,1060.44,1060.44,830269760,1684289700
2023-05-18,1063.55,1073.41,1060.94,1068.31,646254848,1684376100
2023-05-19,1069.64,1070.15,1058.56,1067.07,753243328,1684462500
2023-05-22,1067.32,1070.64,1065.88,1070.64,707300864,1684721700
2023-05-23,1073.12,1073.96,1062.15,1065.85,718771712,1684808100
2023-05-24,1069.13,1069.61,1060.6,1061.79,783054528,1684894500
2023-05-25,1062.03,1065.5,1057.91,1064.63,663084480,1684980900
2023-05-26,1067.24,1067.28,1063.76,1063.76,634260800,1685067300
2023-05-29,1067.68,1077.18,1067.27,1074.98,828512064,1685326500
2023-05-30,1078.82,1079.31,1071.01,1078.05,913968832,1685412900
2023-05-31,1078.39,1079.11,1071.38,1075.17,917399552,1685499300
2023-06-01,1076.27,1078.39,1071.61,1078.39,852591680,1685585700
2023-06-02,1084.19,1092.24,1083.36,1090.84,1025982016,1685672100
2023-06-05,1100.2,1103.81,1096.76,1097.82,942253440,1685931300
2023-06-06,1099.99,1108.31,1098.28,1108.31,837786240,1686017700
2023-06-07,1111.67,1112.28,1104.26,1109.54,995078784,1686104100
2023-06-08,1111.86,1115.14,1101.32,1101.32,1321305344,1686190500
2023-06-09,1103.11,1107.53,1097.23,1107.53,897118528,1686276900
2023-06-12,1110.26,1116.02,1100.08,1116.02,783528704,1686536100
2023-06-13,1117.43,1122.46,1116.1,1122.46,940781824,1686622500
2023-06-14,1124.56,1129.49,1117.42,1117.42,915957312,1686708900
2023-06-15,1117.06,1120.13,1112.11,1116.97,703437888,1686795300
2023-06-16,1121.92,1128.92,1112.51,1115.22,1157762560,1686881700
2023-06-19,1115.68,1117.23,1104.73,1105.4,807629888,1687140900
2023-06-20,1107.3,1111.72,1102.58,1111.72,689274560,1687227300
2023-06-21,1112.73,1118.46,1110.65,1118.46,868996480,1687313700
2023-06-22,1126.21,1127.54,1122.27,1125.3,905032832,1687400100
2023-06-23,1126.4,1130.61,1122.62,1129.38,901592384,1687486500
2023-06-26,1130.08,1134.0,1119.95,1132.03,1035697024,1687745700
2023-06-27,1134.55,1136.49,1128.82,1134.33,711965952,1687832100
2023-06-28,1137.18,1140.56,1131.86,1138.35,871618048,1687918500
2023-06-29,1139.42,1140.43,1125.39,1125.39,902448832,1688004900
2023-06-30,1124.3,1126.33,1120.01,1120.18,613568640,1688091300
2023-07-03,1125.55,1128.35,1121.17,1125.5,549873856,1688350500
2023-07-04,1127.11,1132.12,1123.49,1132.0,693614912,1688436900
2023-07-05,1136.64,1138.67,1133.45,1134.62,801237760,1688523300
2023-07-06,1133.7,1135.81,1122.35,1126.22,915839808,1688609700
2023-07-07,1124.98,1138.07,1122.94,1138.07,791868352,1688696100
2023-07-10,1142.61,1149.02,1140.03,1149.02,874313600,1688955300
2023-07-11,1151.13,1157.01,1149.38,1151.77,919958016,1689041700
2023-07-12,1154.37,1157.43,1149.28,1154.2,777236672,1689128100
2023-07-13,1159.88,1165.42,1158.15,1165.42,802197696,1689214500
2023-07-14,1169.2,1169.84,1156.28,1168.4,1039511424,1689300900
2023-07-17,1171.75,1174.89,1168.77,1173.13,905118720,1689560100
2023-07-18,1173.23,1175.7,1170.04,1174.09,821596032,1689646500
2023-07-19,1177.5,1178.55,1172.98,1172.98,891140288,1689732900
2023-07-20,1171.83,1174.39,1166.62,1172.81,789583424,1689819300
2023-07-21,1173.21,1185.9,1172.07,1185.9,980566976,1689905700
2023-07-24,1190.74,1193.22,1183.39,1190.72,1041864960,1690164900
2023-07-25,1194.45,1199.27,1193.34,1195.9,996016640,1690251300
2023-07-26,1195.5,1200.84,1195.44,1200.84,906391488,1690337700
2023-07-27,1201.69,1203.69,1191.08,1197.33,1160976000,1690424100
2023-07-28,1197.32,1207.67,1195.86,1207.67,1105954688,1690510500
2023-07-31,1219.66,1224.81,1207.67,1222.9,1199654784,1690769700
2023-08-01,1230.32,1234.5,1217.56,1217.56,1276467200,1690856100
2023-08-02,1217.17,1223.04,1213.18,1220.43,930382848,1690942500
2023-08-03,1219.73,1222.35,1209.06,1210.95,1029956160,1691028900
2023-08-04,1216.27,1228.12,1211.9,1225.98,1124416768,1691115300
2023-08-07,1233.1,1241.42,1230.38,1241.42,1291669248,1691374500
2023-08-08,1244.35,1246.22,1239.01,1242.23,1191071360,1691460900
2023-08-09,1240.68,1241.96,1231.28,1233.99,1083543040,1691547300
2023-08-10,1236.51,1238.19,1220.61,1220.61,1006663360,1691633700
2023-08-11,1228.92,1232.21,1213.37,1232.21,1008884544,1691720100
2023-08-14,1237.14,1239.61,1229.04,1236.84,1100327040,1691979300
2023-08-15,1239.42,1239.42,1230.58,1234.05,910816256,1692065700
2023-08-16,1239.95,1243.48,1234.77,1243.26,920483200,1692152100
2023-08-17,1242.58,1243.98,1233.48,1233.48,1106323584,1692238500
2023-08-18,1227.02,1228.98,1177.74,1177.99,1689444608,1692324900
2023-08-21,1177.01,1188.16,1164.63,1179.76,1064248192,1692584100
2023-08-22,1183.92,1184.43,1149.13,1180.49,1043223744,1692670500
2023-08-23,1192.96,1193.79,1168.89,1172.56,731631488,1692756900
2023-08-24,1175.2,1189.99,1171.33,1189.39,834759168,1692843300
2023-08-25,1188.99,1192.59,1181.6,1183.37,871918848,1692929700
2023-08-28,1189.43,1202.02,1189.43,1201.72,871787776,1693188900
2023-08-29,1204.75,1208.78,1197.57,1204.43,989036224,1693275300
2023-08-30,1206.1,1213.52,1203.51,1213.16,908175040,1693361700
2023-08-31,1216.0,1224.84,1214.32,1224.05,941763264,1693448100
2023-09-05,1231.43,1236.21,1228.7,1234.98,1083696384,1693880100
2023-09-06,1237.07,1245.5,1229.89,1245.5,1131264512,1693966500
2023-09-07,1248.91,1255.11,1240.82,1243.14,1125098624,1694052900
2023-09-08,1242.28,1248.1,1240.15,1241.48,1096407040,1694139300
2023-09-11,1250.48,1251.37,1223.33,1223.63,1380687104,1694398500
2023-09-12,1227.16,1245.44,1220.85,1245.44,963572096,1694484900
2023-09-13,1248.94,1250.61,1232.84,1238.39,1259350912,1694571300
2023-09-14,1238.19,1244.21,1223.03,1223.81,1218798208,1694657700
2023-09-15,1228.87,1233.87,1220.27,1227.36,909883648,1694744100
2023-09-18,1225.6,1227.36,1203.88,1211.81,841376320,1695003300
2023-09-19,1215.96,1219.57,1199.85,1211.5,966841216,1695089700
2023-09-20,1212.7,1226.11,1209.46,1226.11,861723328,1695176100
2023-09-21,1226.79,1227.88,1211.65,1212.74,954009856,1695262500
2023-09-22,1197.49,1205.41,1174.57,1193.05,1392864128,1695348900
2023-09-25,1190.58,1195.62,1153.2,1153.2,1083225984,1695608100
2023-09-26,1150.94,1163.52,1137.96,1137.96,1039491264,1695694500
2023-09-27,1139.76,1153.85,1126.36,1153.85,845872960,1695780900
2023-09-28,1153.74,1155.39,1136.99,1152.43,683541504,1695867300
2023-09-29,1157.76,1163.88,1152.43,1154.15,572894400,1695953700
2023-10-02,1155.07,1161.48,1149.63,1155.25,501611968,1696212900
2023-10-03,1145.85,1146.59,1117.28,1118.1,984502720,1696299300
2023-10-04,1106.61,1133.77,1106.4,1128.67,678860352,1696385700
2023-10-05,1131.29,1133.12,1113.89,1113.89,606657344,1696472100
2023-10-06,1115.23,1129.13,1107.4,1128.54,621154560,1696558500
2023-10-09,1130.25,1137.36,1127.03,1137.36,601244864,1696817700
2023-10-10,1143.6,1150.34,1140.83,1143.69,669993856,1696904100
2023-10-11,1146.2,1150.81,1138.22,1150.81,538812032,1696990500
2023-10-12,1155.12,1156.73,1148.11,1151.61,640588928,1697076900
2023-10-13,1145.03,1155.1,1138.99,1154.73,615106112,1697163300
2023-10-16,1152.69,1157.46,1140.64,1141.42,674893696,1697422500
2023-10-17,1145.34,1147.89,1121.65,1121.65,602323392,1697508900
2023-10-18,1123.73,1125.27,1088.87,1103.4,1024485504,1697595300
2023-10-19,1102.93,1104.03,1087.85,1087.85,638820864,1697681700
2023-10-20,1085.83,1108.16,1073.73,1108.03,657621440,1697768100
2023-10-23,1106.56,1106.8,1086.54,1093.53,562497984,1698027300
2023-10-24,1095.42,1107.3,1088.17,1105.9,502883392,1698113700
2023-10-25,1106.41,1111.39,1100.64,1101.66,532012800,1698200100
2023-10-26,1082.8,1083.22,1049.71,1055.45,1171656703,1698286500
2023-10-27,1059.41,1061.87,1037.46,1060.62,675686016,1698372900
2023-10-30,1054.03,1060.39,1042.4,1042.4,524183744,1698632100
2023-10-31,1045.6,1046.17,1025.03,1028.19,752219904,1698718500
2023-11-01,1029.0,1039.66,1020.01,1039.66,674512192,1698804900
2023-11-02,1048.62,1075.47,1039.86,1075.47,767166720,1698891300
2023-11-03,1081.35,1082.23,1071.11,1076.78,739651904,1698977700
2023-11-06,1082.21,1089.66,1076.78,1089.66,688285632,1699236900
2023-11-07,1086.68,1089.89,1079.42,1080.29,619799296,1699323300
2023-11-08,1079.14,1113.43,1075.8,1113.43,928885696,1699409700
2023-11-09,1116.42,1124.78,1112.13,1113.89,1033742528,1699496100
2023-11-10,1105.75,1116.02,1101.23,1101.68,1021663680,1699582500
2023-11-13,1103.66,1107.91,1093.19,1100.07,773867840,1699841700
2023-11-14,1109.08,1115.6,1101.67,1109.73,813947136,1699928100
2023-11-15,1124.56,1132.75,1118.74,1122.5,935097792,1700014500
2023-11-16,1119.98,1125.53,1114.97,1125.53,678322176,1700100900
2023-11-17,1128.14,1129.84,1096.16,1101.19,1244855040,1700187300
2023-11-20,1085.4,1111.26,1085.32,1103.66,835819200,1700446500
2023-11-21,1112.61,1112.77,1103.79,1110.46,711761792,1700532900
2023-11-22,1111.35,1115.47,1103.26,1113.82,940697728,1700619300
2023-11-23,1117.71,1118.54,1088.49,1088.49,1014867776,1700705700
2023-11-24,1090.97,1095.61,1073.31,1095.61,955714432,1700792100
2023-11-27,1095.59,1096.84,1085.69,1088.06,590020288,1701051300
2023-11-28,1088.6,1095.43,1076.45,1095.43,676625920,1701137700
2023-11-29,1097.28,1105.28,1095.43,1102.8,604645440,1701224100
2023-11-30,1101.75,1107.45,1094.13,1094.13,715938752,1701310500
2023-12-01,1099.18,1102.2,1090.08,1102.16,595675392,1701396900
2023-12-04,1107.74,1123.96,1102.16,1120.49,1115486336,1701656100
2023-12-05,1122.28,1124.11,1113.55,1115.97,819991808,1701742500
2023-12-06,1118.06,1126.43,1115.97,1126.43,850653184,1701828900
2023-12-07,1128.67,1129.83,1109.51,1121.49,1333046528,1701915300
2023-12-08,1122.09,1127.45,1119.43,1124.44,811313920,1702001700
2023-12-11,1127.92,1129.15,1120.32,1125.5,688147776,1702260900
2023-12-12,1127.55,1129.77,1123.35,1127.63,641360384,1702347300
2023-12-13,1129.94,1131.21,1112.08,1114.2,837384512,1702433700
2023-12-14,1119.62,1120.36,1107.86,1110.13,679391936,1702520100
2023-12-15,1109.51,1112.79,1102.3,1102.3,745423616,1702606500
2023-12-18,1103.43,1103.74,1091.45,1091.88,700400960,1702865700
2023-12-19,1091.26,1096.3,1082.29,1096.3,636044672,1702952100
2023-12-20,1098.1,1102.27,1093.38,1100.76,595242816,1703038500
2023-12-21,1096.22,1102.43,1094.47,1102.43,517259520,1703124900
2023-12-22,1103.08,1104.65,1099.32,1103.06,554714816,1703211300
2023-12-25,1104.27,1118.31,1104.27,1117.66,655464448,1703470500
2023-12-26,1120.11,1123.11,1117.93,1122.25,628095488,1703556900
2023-12-27,1123.28,1126.47,1121.99,1121.99,747803648,1703643300
2023-12-28,1122.77,1130.58,1120.5,1128.93,687477568,1703729700
2023-12-29,1131.75,1135.05,1129.93,1129.93,691339584,1703816100
2024-01-02,1136.39,1139.71,1128.69,1131.72,838630464,1704161700
2024-01-03,1130.53,1144.17,1128.32,1144.17,715205888,1704248100
2024-01-04,1145.49,1160.08,1144.32,1150.72,1177634560,1704334500
2024-01-05,1152.37,1155.84,1149.08,1154.68,802135296,1704420900
2024-01-08,1159.42,1162.56,1155.48,1160.19,902490432,1704680100
2024-01-09,1161.71,1162.83,1155.46,1158.59,855085888,1704766500
2024-01-10,1158.79,1166.1,1155.94,1161.54,989921408,1704852900
2024-01-11,1162.49,1169.1,1157.43,1162.22,838395264,1704939300
2024-01-12,1159.25,1161.91,1146.75,1154.7,1081769472,1705025700
2024-01-15,1159.37,1163.75,1154.12,1154.12,614835392,1705284900
2024-01-16,1150.31,1163.12,1147.71,1163.12,608745792,1705371300
2024-01-17,1161.95,1168.46,1160.45,1162.53,765919296,1705457700
2024-01-18,1164.32,1169.73,1162.62,1169.06,593184960,1705544100
2024-01-19,1171.5,1181.5,1171.47,1181.5,656119872,1705630500
2024-01-22,1186.29,1186.96,1175.54,1182.86,859366080,1705889700
2024-01-23,1183.96,1184.74,1173.78,1177.5,672144896,1705976100
2024-01-24,1175.58,1180.3,1172.0,1172.97,709618176,1706062500
2024-01-25,1173.58,1173.83,1168.5,1170.37,533835360,1706148900
2024-01-26,1173.43,1176.76,1173.26,1175.67,556304192,1706235300
2024-01-29,1177.23,1180.46,1174.88,1175.69,658514816,1706494500
2024-01-30,1176.02,1179.92,1174.13,1179.65,611031808,1706580900
2024-01-31,1181.62,1182.53,1163.13,1164.31,1112277632,1706667300
2024-02-01,1162.78,1174.5,1162.45,1173.02,653326272,1706753700
2024-02-02,1173.93,1178.27,1169.7,1172.55,904503424,1706840100
2024-02-05,1174.22,1188.45,1173.54,1186.06,863532416,1707099300
2024-02-06,1189.08,1190.92,1185.68,1188.48,617518016,1707185700
2024-02-07,1190.51,1199.52,1190.5,1198.53,684745600,1707272100
2024-02-15,1203.08,1207.56,1198.81,1202.5,866806208,1707963300
2024-02-16,1204.9,1210.25,1204.29,1209.7,822084736,1708049700
2024-02-19,1213.24,1225.48,1212.58,1224.97,1040941056,1708308900
2024-02-20,1227.75,1230.47,1222.66,1230.06,935224192,1708395300
2024-02-21,1231.78,1234.22,1222.92,1230.04,987185152,1708481700
2024-02-22,1229.85,1232.09,1226.15,1227.31,833078400,1708568100
2024-02-23,1230.3,1240.81,1211.55,1212.0,1391771776,1708654500
2024-02-26,1212.93,1225.21,1210.52,1224.17,886094848,1708913700
2024-02-27,1228.93,1237.6,1226.49,1237.46,976812864,1709000100
2024-02-28,1241.77,1254.55,1236.32,1254.55,956194176,1709086500
2024-02-29,1259.59,1264.39,1247.7,1252.73,1081910144,1709172900
2024-03-01,1256.72,1258.76,1247.87,1258.28,960467392,1709259300
2024-03-04,1264.07,1268.25,1256.54,1261.41,1178324736,1709518500
2024-03-05,1262.89,1269.98,1257.81,1269.98,1008772096,1709604900
2024-03-06,1269.8,1277.51,1256.3,1262.73,1058679808,1709691300
2024-03-07,1263.51,1269.88,1260.24,1268.46,987451920,1709769600
2024-03-08,1272.62,1274.3,1247.35,1247.35,1343076480,1709864100
2024-03-11,1248.32,1254.01,1233.49,1235.49,973325952,1710123300
2024-03-12,1235.4,1248.33,1233.14,1245.0,833707136,1710209700
2024-03-13,1250.2,1270.51,1245.25,1270.51,976311296,1710296100
2024-03-14,1276.0,1276.41,1258.67,1264.26,1056019840,1710382500
2024-03-15,1263.76,1271.63,1252.36,1263.78,1056168512,1710468900
2024-03-18,1266.11,1269.9,1221.67,1243.56,1706017408,1710728100
2024-03-19,1246.54,1249.75,1238.92,1242.46,900932608,1710814500
2024-03-20,1243.79,1261.55,1235.46,1260.08,913049536,1710900900
2024-03-21,1269.96,1276.42,1264.2,1276.42,1246349056,1710987300
2024-03-22,1281.56,1291.27,1276.38,1281.8,1376654208,1711073700
2024-03-25,1278.86,1286.84,1264.51,1267.86,1238590464,1711332900
2024-03-26,1267.95,1282.5,1264.42,1282.21,935733376,1711419300
2024-03-27,1286.34,1286.72,1276.95,1283.09,917618432,1711505700
2024-03-28,1293.03,1293.9,1285.52,1290.18,1004141376,1711592100
2024-03-29,1292.7,1293.04,1282.44,1284.09,908466112,1711678500
2024-04-01,1282.37,1286.8,1274.09,1281.52,960291968,1711937700
2024-04-02,1276.38,1287.04,1268.48,1287.04,1083884928,1712024100
2024-04-03,1285.3,1288.99,1271.47,1271.47,1071915136,1712110500
2024-04-04,1271.87,1277.62,1265.12,1268.25,971640832,1712196900
2024-04-05,1258.58,1268.25,1253.56,1255.11,1065832192,1712283300
2024-04-08,1255.37,1258.4,1246.87,1250.35,865493952,1712542500
2024-04-09,1252.4,1262.82,1247.7,1262.82,711114944,1712628900
2024-04-10,1266.52,1268.72,1258.56,1258.56,698047744,1712715300
2024-04-11,1249.88,1262.03,1248.11,1258.2,684929600,1712801700
2024-04-12,1262.96,1278.39,1259.02,1276.6,942190208,1712888100
2024-04-15,1274.02,1281.81,1216.61,1216.61,1435511808,1713147300
2024-04-16,1218.64,1222.45,1191.73,1215.68,1329769856,1713233700
2024-04-17,1221.47,1221.47,1193.01,1193.01,853687808,1713320100
2024-04-19,1180.87,1190.96,1165.99,1174.85,1068555328,1713492900
2024-04-22,1183.77,1193.88,1181.13,1190.22,696415104,1713752100
2024-04-23,1190.56,1192.8,1169.61,1177.4,772262336,1713838500
2024-04-24,1186.47,1207.61,1177.4,1205.61,783986304,1713924900
2024-04-25,1206.25,1208.41,1200.21,1204.97,549032832,1714011300
2024-04-26,1199.83,1216.6,1198.73,1209.52,617209408,1714097700
2024-05-02,1212.13,1216.36,1206.28,1216.36,561159296,1714616100
2024-05-03,1222.54,1225.75,1219.69,1221.03,619471808,1714702500
2024-05-06,1226.89,1241.58,1224.22,1241.58,836769600,1714961700
2024-05-07,1245.5,1250.63,1240.09,1248.63,697202112,1715048100
2024-05-08,1243.61,1251.62,1234.76,1250.46,972595840,1715134500
2024-05-09,1252.81,1256.8,1243.29,1248.64,754058368,1715220900
2024-05-10,1251.78,1252.5,1237.46,1244.7,668214080,1715307300
2024-05-13,1248.19,1249.2,1233.56,1240.18,736736512,1715566500
2024-05-14,1246.23,1252.52,1240.88,1243.28,636983552,1715652900
2024-05-15,1248.61,1257.92,1243.28,1254.39,868160896,1715739300
2024-05-16,1264.51,1271.66,1261.19,1268.78,880281088,1715825700
2024-05-17,1270.34,1274.27,1266.32,1273.11,933144960,1715912100
2024-05-20,1281.5,1285.19,1277.36,1277.58,1141253120,1716171300
2024-05-21,1277.85,1281.29,1267.29,1277.14,966197632,1716257700
2024-05-22,1280.26,1283.06,1263.87,1266.91,1133051392,1716344100
2024-05-23,1265.6,1281.03,1262.29,1281.03,917217472,1716430500
2024-05-24,1276.68,1285.07,1250.28,1261.93,1365692032,1716516900
2024-05-27,1263.46,1267.68,1257.27,1267.68,701757504,1716776100
2024-05-28,1272.23,1281.73,1269.37,1281.73,863869312,1716862500
2024-05-29,1284.74,1285.63,1271.6,1272.64,1060543872,1716948900
2024-05-30,1264.45,1269.07,1251.8,1266.32,1039411712,1717035300
2024-05-31,1268.37,1271.07,1261.43,1261.72,756632576,1717121700
2024-06-03,1271.65,1284.48,1271.65,1280.0,1037689664,1717380900
2024-06-04,1285.51,1289.31,1281.98,1283.52,912210368,1717467300
2024-06-05,1287.12,1293.93,1284.35,1284.35,915994496,1717553700
2024-06-06,1288.79,1292.02,1278.4,1283.56,885249600,1717640100
2024-06-07,1289.05,1293.03,1283.13,1287.58,691695424,1717726500
2024-06-10,1292.67,1297.39,1287.44,1290.67,857236928,1717985700
2024-06-11,1295.03,1296.41,1279.47,1284.41,973490176,1718072100
2024-06-12,1285.01,1301.35,1281.71,1300.19,880605952,1718158500
2024-06-13,1305.69,1306.01,1297.6,1301.51,884527296,1718244900
2024-06-14,1303.37,1305.02,1279.91,1279.91,1108445056,1718331300
2024-06-17,1282.08,1283.1,1272.54,1274.77,868908672,1718590500
2024-06-18,1279.39,1286.52,1278.38,1279.5,804834432,1718676900
2024-06-19,1283.0,1284.14,1270.66,1279.79,980063552,1718763300
2024-06-20,1281.82,1286.54,1273.54,1282.3,904815104,1718849700
2024-06-21,1285.07,1288.06,1279.44,1282.02,815868160,1718936100
2024-06-24,1281.19,1284.84,1252.66,1254.12,1233806464,1719195300
2024-06-25,1255.77,1260.07,1250.25,1256.56,804929152,1719281700
2024-06-26,1258.95,1262.67,1247.55,1261.24,832452160,1719368100
2024-06-27,1260.71,1262.49,1255.12,1259.09,589457088,1719454500
2024-06-28,1260.27,1262.61,1240.3,1245.32,837219200,1719540900
2024-07-01,1246.33,1254.56,1240.07,1254.56,484034592,1719800100
2024-07-02,1258.87,1270.47,1257.93,1269.79,523556704,1719886500
2024-07-03,1273.26,1278.14,1268.23,1276.85,582845120,1719972900
2024-07-04,1278.87,1283.13,1274.58,1279.89,523085216,1720059300
2024-07-05,1281.21,1284.98,1276.93,1283.04,610314496,1720145700
2024-07-08,1285.34,1287.14,1277.68,1283.56,762678976,1720404900
2024-07-09,1286.33,1294.15,1283.62,1293.71,814078016,1720491300
2024-07-10,1295.57,1297.96,1285.94,1285.94,742347136,1720577700
2024-07-11,1291.14,1293.32,1283.8,1283.8,695392576,1720664100
2024-07-12,1284.57,1288.67,1277.16,1280.75,600094848,1720750500
2024-07-15,1284.14,1286.37,1276.27,1279.82,567179072,1721009700
2024-07-16,1282.83,1291.47,1279.37,1281.18,676878080,1721096100
2024-07-17,1286.07,1290.76,1256.42,1268.66,1218616064,1721182500
2024-07-18,1270.95,1274.67,1256.21,1274.44,725641664,1721268900
2024-07-19,1275.28,1279.94,1260.68,1264.78,767101696,1721355300
2024-07-22,1261.42,1267.43,1245.02,1254.64,922548032,1721614500
2024-07-23,1256.72,1258.74,1231.81,1231.81,726452928,1721700900
2024-07-24,1225.5,1242.4,1218.65,1238.47,733244608,1721787300
2024-07-25,1232.92,1235.67,1226.2,1233.19,474923616,1721873700
2024-07-26,1235.21,1242.11,1234.05,1242.11,453711776,1721960100
2024-07-29,1247.71,1249.68,1243.08,1246.6,496463200,1722219300
2024-07-30,1247.23,1248.73,1236.97,1245.06,647887808,1722305700
2024-07-31,1247.45,1255.77,1246.3,1251.51,715124608,1722392100
2024-08-01,1254.59,1257.85,1222.51,1226.96,882579712,1722478500
2024-08-02,1215.67,1236.6,1209.77,1236.6,681492800,1722564900
2024-08-05,1219.05,1236.6,1184.53,1188.07,1032698304,1722824100
2024-08-06,1197.52,1213.35,1186.74,1210.28,680286400,1722910500
2024-08-07,1216.96,1217.79,1205.11,1215.88,615654976,1722996900
2024-08-08,1211.83,1219.97,1202.58,1208.32,750242752,1723083300
2024-08-09,1215.3,1225.02,1208.32,1223.64,582942336,1723169700
2024-08-13,1229.81,1231.55,1223.01,1230.42,537449344,1723515300
2024-08-14,1233.7,1236.51,1228.93,1230.36,505301216,1723601700
2024-08-15,1230.58,1231.69,1222.28,1223.56,481168192,1723688100
2024-08-16,1228.27,1253.24,1225.73,1252.23,960751040,1723774500
2024-08-19,1259.36,1263.84,1252.23,1261.62,691898816,1724033700
2024-08-20,1263.65,1275.95,1261.62,1272.55,805641216,1724120100
2024-08-21,1272.34,1284.05,1268.91,1284.05,834436928,1724206500
2024-08-22,1287.34,1288.42,1280.42,1282.78,662035328,1724292900
2024-08-23,1283.22,1287.43,1276.43,1285.32,723180864,1724379300
2024-08-26,1289.65,1290.45,1278.72,1280.02,774450368,1724638500
2024-08-27,1279.55,1282.92,1274.7,1280.56,654752384,1724724900
2024-08-28,1283.41,1285.72,1276.9,1281.44,714082432,1724811300
2024-08-29,1281.05,1288.2,1280.24,1281.47,627488576,1724897700
2024-08-30,1283.61,1286.84,1282.58,1283.87,566286976,1724984100
2024-09-04,1271.39,1277.27,1268.43,1275.8,642292416,1725416100
2024-09-05,1276.35,1282.21,1266.05,1268.21,663928960,1725502500
2024-09-06,1268.22,1274.44,1262.94,1273.96,632645632,1725588900
2024-09-09,1269.83,1273.96,1262.97,1267.73,494511552,1725848100
2024-09-10,1269.83,1271.83,1252.22,1255.23,685115136,1725934500
2024-09-11,1254.25,1256.86,1244.79,1253.27,583008448,1726020900
2024-09-12,1258.42,1260.93,1253.27,1256.35,426999904,1726107300
2024-09-13,1253.48,1254.24,1248.78,1251.71,478165536,1726193700
2024-09-16,1251.0,1255.42,1239.26,1239.26,604032128,1726452900
2024-09-17,1240.0,1258.95,1238.69,1258.95,631141760,1726539300
2024-09-18,1261.23,1271.77,1257.93,1264.9,797548224,1726625700
2024-09-19,1268.08,1271.27,1264.82,1271.27,605613120,1726712100
2024-09-20,1277.73,1283.3,1271.27,1272.04,879150208,1726798500
2024-09-23,1275.15,1276.99,1267.87,1268.48,545321600,1727057700
2024-09-24,1268.25,1276.99,1266.68,1276.99,809537408,1727144100
2024-09-25,1282.48,1288.44,1280.47,1287.48,986610816,1727230500
2024-09-26,1290.03,1298.71,1289.15,1291.49,942350848,1727316900
2024-09-27,1295.03,1300.31,1287.21,1290.92,946563520,1727403300
2024-09-30,1290.17,1292.03,1283.92,1287.94,745955904,1727662500
2024-10-01,1290.68,1302.22,1287.94,1292.2,977299200,1727748900
2024-10-02,1289.65,1293.69,1285.14,1287.84,767699712,1727835300
2024-10-03,1288.45,1299.36,1276.51,1278.1,1040166912,1727921700
2024-10-04,1278.9,1279.19,1270.6,1270.6,600895104,1728008100
2024-10-07,1275.59,1278.61,1264.65,1269.93,536570176,1728267300
2024-10-08,1271.98,1275.82,1266.94,1271.98,666067712,1728353700
2024-10-09,1273.96,1283.01,1273.04,1281.85,672297344,1728440100
2024-10-10,1289.61,1294.33,1284.97,1286.36,717494848,1728526500
2024-10-11,1287.66,1289.37,1283.56,1288.39,513942560,1728612900
2024-10-14,1296.54,1297.67,1286.13,1286.34,790231808,1728872100
2024-10-15,1287.81,1294.05,1279.81,1281.08,705520704,1728958500
2024-10-16,1279.86,1283.33,1276.4,1279.48,533187680,1729044900
2024-10-17,1282.65,1286.52,1271.86,1286.52,676282688,1729131300
2024-10-18,1291.16,1294.1,1285.46,1285.46,681895744,1729217700
2024-10-21,1284.17,1287.71,1279.77,1279.77,615034304,1729476900
2024-10-22,1280.21,1280.21,1265.44,1269.89,793801408,1729563300
2024-10-23,1270.58,1273.21,1263.26,1270.9,589533248,1729649700
2024-10-24,1271.17,1274.11,1257.41,1257.41,671998016,1729736100
2024-10-25,1260.94,1261.72,1251.75,1252.72,561206912,1729822500
2024-10-28,1252.76,1255.18,1250.94,1254.77,479253824,1730081700
2024-10-29,1258.03,1262.38,1257.43,1261.78,868684288,1730168100
2024-10-30,1263.57,1264.84,1255.07,1258.63,535536800,1730254500
2024-10-31,1260.23,1267.88,1255.55,1264.48,600236224,1730340900
2024-11-01,1262.39,1264.67,1254.33,1254.89,575288832,1730427300
2024-11-04,1255.92,1256.96,1242.36,1244.71,706206080,1730686500
2024-11-05,1244.85,1248.97,1243.55,1245.76,415322656,1730772900
2024-11-06,1251.22,1262.44,1250.57,1261.28,565507648,1730859300
2024-11-07,1266.61,1267.09,1259.75,1259.75,497306880,1730945700
2024-11-08,1262.84,1264.09,1250.77,1252.56,550302016,1731032100
2024-11-11,1253.81,1253.87,1241.29,1250.32,788661248,1731291300
2024-11-12,1251.79,1257.02,1242.91,1244.82,595767296,1731377700
2024-11-13,1242.94,1247.04,1234.62,1246.04,649715264,1731464100
2024-11-14,1243.85,1247.07,1231.69,1231.89,676132416,1731550500
2024-11-15,1229.36,1229.59,1217.03,1218.57,744140608,1731636900
2024-11-18,1218.3,1225.38,1204.6,1217.12,635334144,1731896100
2024-11-19,1220.68,1221.4,1205.15,1205.15,506331872,1731982500
2024-11-20,1203.71,1222.73,1197.99,1216.54,765098176,1732068900
2024-11-21,1216.32,1228.55,1214.99,1228.33,477379488,1732155300
2024-11-22,1228.39,1233.42,1226.33,1228.1,529740192,1732241700
2024-11-25,1229.39,1236.57,1229.0,1234.7,488333120,1732500900
2024-11-26,1235.63,1246.83,1234.7,1242.13,556376256,1732587300
2024-11-27,1241.36,1245.34,1239.23,1241.97,424283360,1732673700
2024-11-28,1246.37,1250.46,1240.91,1242.11,475297088,1732760100
2024-11-29,1242.51,1250.92,1241.0,1250.46,500233568,1732846500
2024-12-02,1255.73,1258.05,1247.74,1251.21,473474784,1733105700
2024-12-03,1251.43,1253.83,1244.91,1249.83,661812160,1733192100
2024-12-04,1247.34,1247.78,1239.82,1240.41,572931520,1733278500
2024-12-05,1241.81,1269.18,1238.49,1267.53,906533120,1733364900
2024-12-06,1270.96,1276.1,1268.58,1270.14,693857792,1733451300
2024-12-09,1271.46,1277.69,1268.69,1273.84,738306112,1733710500
2024-12-10,1274.29,1277.32,1270.32,1272.07,626892608,1733796900
2024-12-11,1273.23,1276.67,1264.15,1268.86,607780224,1733883300
2024-12-12,1270.86,1275.64,1265.99,1267.35,552831168,1733969700
2024-12-13,1264.98,1266.55,1260.48,1262.57,459600608,1734056100
2024-12-16,1264.03,1267.1,1258.65,1263.79,505634656,1734315300
2024-12-17,1264.91,1265.45,1260.6,1261.72,484998528,1734401700
2024-12-18,1262.57,1266.53,1261.49,1266.0,508489408,1734488100
2024-12-19,1256.9,1259.76,1249.39,1254.67,774204224,1734574500
2024-12-20,1255.6,1259.0,1253.9,1257.5,540171584,1734660900
2024-12-23,1262.45,1265.2,1257.5,1262.76,478968736,1734920100
2024-12-24,1263.03,1263.05,1253.78,1260.36,622981184,1735006500
2024-12-25,1262.03,1283.09,1261.87,1274.04,801257280,1735092900
2024-12-26,1275.68,1277.17,1271.99,1272.87,577316992,1735179300
2024-12-27,1275.56,1277.89,1272.23,1275.14,655900224,1735265700
2024-12-30,1273.75,1274.15,1268.77,1272.02,525707520,1735524900
2024-12-31,1272.25,1272.46,1266.78,1266.78,469698048,1735611300
2025-01-02,1268.96,1271.13,1263.25,1269.71,419226176,1735784100
2025-01-03,1268.74,1269.01,1254.59,1254.59,553308800,1735870500
2025-01-06,1254.79,1260.37,1244.87,1246.35,562217664,1736129700
2025-01-07,1249.19,1254.09,1243.06,1246.95,546782656,1736216100
2025-01-08,1246.16,1251.02,1239.67,1251.02,437806656,1736302500
2025-01-09,1250.56,1253.26,1242.9,1245.77,333832864,1736388900
2025-01-10,1245.68,1247.8,1230.48,1230.48,491795584,1736475300
2025-01-13,1226.66,1235.65,1220.87,1235.65,511942336,1736734500
2025-01-14,1234.77,1235.54,1226.7,1229.07,369639904,1736820900
2025-01-15,1233.29,1237.46,1231.13,1236.18,463297760,1736907300
2025-01-16,1241.74,1245.4,1235.56,1242.36,466092288,1736993700
2025-01-17,1242.38,1249.11,1239.63,1249.11,405069984,1737080100
2025-01-20,1250.03,1253.02,1247.5,1249.55,431303904,1737339300
2025-01-21,1252.75,1254.17,1243.08,1246.09,479672864,1737425700
2025-01-22,1248.26,1249.14,1242.53,1242.53,500084832,1737512100
2025-01-23,1245.59,1263.59,1244.77,1259.63,540845760,1737598500
2025-01-24,1259.26,1265.38,1258.46,1265.05,519722240,1737684900
2025-02-03,1259.09,1259.09,1249.78,1253.03,535483904,1738548900
2025-02-04,1256.91,1264.68,1255.44,1264.68,657310976,1738635300
2025-02-05,1268.43,1271.8,1266.18,1269.61,583908288,1738721700
2025-02-06,1273.58,1275.47,1268.28,1271.48,557739520,1738808100
2025-02-07,1271.98,1279.35,1269.12,1275.2,617157120,1738894500
2025-02-10,1272.27,1274.47,1263.26,1263.26,794895680,1739153700
2025-02-11,1265.44,1268.45,1263.11,1268.45,626667968,1739240100
2025-02-12,1270.83,1272.86,1266.59,1266.91,504861088,1739326500
2025-02-13,1267.25,1270.67,1263.85,1270.35,511151168,1739412900
2025-02-14,1277.52,1280.6,1274.0,1276.08,649374272,1739499300
2025-02-17,1277.12,1278.49,1272.72,1272.72,851272512,1739758500
2025-02-18,1274.05,1283.34,1272.19,1278.14,705870336,1739844900
2025-02-19,1280.6,1288.56,1278.92,1288.56,810380480,1739931300
2025-02-20,1292.94,1295.82,1290.84,1292.98,764899392,1740017700
2025-02-21,1293.63,1296.75,1290.98,1296.75,731061440,1740104100
2025-02-24,1298.39,1304.56,1294.69,1304.56,892076416,1740363300
2025-02-25,1306.86,1309.97,1298.54,1303.16,881445056,1740449700
2025-02-26,1305.16,1306.49,1301.2,1302.96,755585408,1740536100
2025-02-27,1307.31,1307.87,1296.43,1307.8,890929920,1740622500
2025-02-28,1307.14,1308.77,1300.66,1305.36,807648000,1740708900
2025-03-03,1306.97,1309.77,1304.3,1309.37,961792768,1740968100
2025-03-04,1306.82,1313.21,1298.28,1311.91,1057315712,1741054500
2025-03-05,1312.84,1319.52,1304.71,1304.71,973122560,1741140900
2025-03-06,1308.02,1318.22,1307.91,1318.22,1061285440,1741227300
2025-03-07,1320.08,1327.07,1318.71,1326.05,952809344,1741313700
2025-03-10,1331.6,1335.87,1326.51,1330.28,1013701440,1741572900
2025-03-11,1319.17,1332.54,1315.92,1332.54,930716672,1741659300
2025-03-12,1337.63,1342.91,1331.75,1334.41,934615616,1741745700
2025-03-13,1335.66,1340.91,1324.87,1326.27,1066749056,1741832100
2025-03-14,1325.84,1333.32,1324.3,1326.15,1021045504,1741918500
2025-03-17,1330.62,1336.26,1329.05,1336.26,952007616,1742177700
2025-03-18,1340.16,1341.65,1330.97,1330.97,899439936,1742264100
2025-03-19,1330.4,1330.7,1320.85,1324.63,945869568,1742350500
2025-03-20,1326.8,1332.41,1316.11,1323.93,910926464,1742436900
2025-03-21,1324.0,1325.22,1320.67,1321.88,799888896,1742523300
2025-03-24,1322.9,1330.32,1316.73,1330.32,919259648,1742782500
2025-03-25,1335.29,1337.6,1329.81,1331.92,1009780224,1742868900
2025-03-26,1333.33,1338.55,1323.69,1326.09,819106752,1742955300
2025-03-27,1325.98,1328.82,1323.01,1323.81,670508736,1743041700
2025-03-28,1324.42,1325.34,1315.72,1317.46,734342720,1743128100
2025-03-31,1313.51,1314.09,1304.1,1306.86,863300416,1743387300
2025-04-01,1313.03,1317.46,1308.06,1317.33,608962176,1743473700
2025-04-02,1321.53,1324.46,1317.68,1317.83,848992320,1743560100
2025-04-03,1272.87,1277.9,1229.41,1229.84,1754245760,1743646500
2025-04-04,1159.33,1210.67,1158.17,1210.67,1977718784,1743732900
2025-04-08,1173.14,1174.4,1130.98,1132.79,1142773376,1744078500
2025-04-09,1073.61,1141.35,1073.61,1094.3,1594477056,1744164900
2025-04-10,1166.09,1168.4,1165.86,1168.34,367335072,1744251300
2025-04-11,1185.86,1222.46,1180.59,1222.46,1721989896,1744337700
2025-04-14,1235.01,1242.94,1226.06,1241.44,1037578688,1744596900
2025-04-15,1232.64,1246.21,1221.75,1227.79,1065639808,1744683300
2025-04-16,1225.29,1233.84,1205.93,1210.3,816347840,1744769700
2025-04-17,1201.63,1217.25,1197.5,1217.25,775554560,1744856100
2025-04-18,1228.37,1234.67,1219.12,1219.12,1064573312,1744942500
2025-04-21,1220.38,1222.77,1201.63,1207.07,880812736,1745201700
2025-04-22,1201.38,1203.82,1136.98,1197.13,1700038528,1745288100
2025-04-23,1215.65,1216.28,1202.27,1211.0,851439104,1745374500
2025-04-24,1214.78,1224.66,1210.37,1223.35,770280320,1745460900
2025-04-25,1227.16,1230.72,1220.67,1229.23,854847232,1745547300
2025-04-28,1234.3,1234.3,1222.56,1226.8,676417856,1745806500
2025-04-29,1227.25,1229.1,1222.3,1226.3,669984448,1745892900
2025-05-05,1226.3,1241.51,1226.3,1240.05,562287400,1746410400
2025-05-06,1244.3,1251.02,1240.75,1241.95,723040799,1746496800
2025-05-07,1241.1,1250.79,1240.67,1250.37,696102300,1746583200
2025-05-08,1250.37,1271.44,1250.37,1269.8,780069567,1746669600
2025-05-09,1274.5,1275.59,1264.87,1267.3,693909959,1746756000
2025-05-12,1267.3,1283.86,1267.3,1283.26,831857112,1747015200
2025-05-13,1283.26,1293.46,1283.26,1293.43,883805575,1747101600
2025-05-14,1293.43,1310.57,1293.43,1309.73,915939876,1747188000
2025-05-15,1314.19,1315.86,1301.61,1313.2,1046611026,1747274400
2025-05-16,1314.16,1316.53,1299.77,1301.39,849810205,1747360800
2025-05-19,1293.61,1306.2,1291.66,1296.29,829016708,1747620000
2025-05-20,1298.62,1316.67,1298.62,1315.15,856903527,1747706400
2025-05-21,1329.83,1331.6,1313.13,1323.05,989954494,1747792800
2025-05-22,1319.88,1331.93,1312.82,1313.84,1118092439,1747879200
2025-05-23,1313.93,1320.07,1308.62,1314.46,641199057,1747965600
2025-05-26,1317.08,1332.51,1288.86,1332.51,959629532,1748224800
2025-05-27,1338.09,1339.81,1329.6,1339.81,1052148659,1748311200
2025-05-28,1344.08,1348.05,1337.18,1341.87,898547998,1748397600
2025-05-29,1346.68,1348.31,1335.62,1341.86,894918607,1748484000
2025-05-30,1342.89,1344.32,1330.53,1332.6,910315797,1748570400
2025-06-02,1330.77,1336.3,1322.95,1336.3,860225663,1748829600
2025-06-03,1341.31,1350.89,1339.56,1347.25,1034655094,1748916000
2025-06-04,1350.52,1351.14,1341.53,1345.74,952312254,1749002400
2025-06-05,1346.13,1347.14,1336.11,1342.09,756606282,1749088800
2025-06-06,1339.13,1341.78,1329.67,1329.89,900453514,1749175200
2025-06-09,1329.66,1331.56,1310.57,1310.57,718350414,1749434400
2025-06-10,1307.74,1323.61,1307.74,1316.23,702729250,1749520800
2025-06-11,1321.68,1321.68,1310.39,1315.2,539559282,1749607200
2025-06-12,1321.25,1326.03,1316.8,1322.99,810972360,1749693600
2025-06-13,1313.08,1321.0,1304.12,1315.49,1163417530,1749780000
2025-06-16,1313.4,1338.66,1313.4,1338.11,778082690,1750039200
2025-06-17,1343.7,1353.01,1339.39,1347.69,762355364,1750125600
2025-06-18,1350.17,1353.99,1341.64,1346.83,766359975,1750212000
2025-06-19,1346.33,1353.96,1342.08,1352.04,650852162,1750298400
2025-06-20,1354.69,1356.78,1347.36,1349.35,778282664,1750384800
2025-06-23,1345.24,1358.18,1338.49,1358.18,734132370,1750644000
2025-06-24,1365.69,1371.24,1362.05,1366.77,881509880,1750730400
2025-06-25,1368.51,1371.57,1365.45,1366.75,733106140,1750816800
2025-06-26,1368.73,1370.61,1360.78,1365.67,598738983,1750903200
2025-06-27,1369.13,1373.28,1362.09,1371.44,677782586,1750989600
2025-06-30,1374.9,1377.3,1372.62,1376.07,636408174,1751248800
2025-07-01,1378.14,1382.16,1369.74,1377.84,725237758,1751335200
2025-07-02,1377.26,1384.59,1375.26,1384.59,848885603,1751421600
2025-07-03,1381.64,1392.39,1377.06,1381.96,1315032525,1751508000
2025-07-04,1384.93,1388.04,1379.4,1386.97,834917440,1751594400
2025-07-07,1393.34,1402.32,1393.24,1402.06,1230455872,1751853600
2025-07-08,1407.07,1415.46,1403.36,1415.46,1174871653,1751940000
2025-07-09,1421.12,1432.29,1420.26,1431.32,1430949638,1752026400
2025-07-10,1437.13,1446.16,1434.06,1445.64,1073701407,1752112800
2025-07-11,1451.12,1463.91,1448.29,1457.76,1232260482,1752199200
2025-07-14,1471.4,1473.93,1447.72,1470.42,1256774726,1752458400
2025-07-15,1473.43,1476.32,1460.49,1460.65,1332298301,1752544800
2025-07-16,1459.87,1475.47,1457.31,1475.47,1218566877,1752631200
2025-07-17,1481.85,1494.46,1481.44,1490.01,1405002217,1752717600
2025-07-18,1497.53,1501.2,1484.29,1497.28,1459740870,1752804000
2025-07-21,1508.6,1511.96,1485.05,1485.05,1388969063,1753063200
2025-07-22,1485.26,1509.54,1476.61,1509.54,1226974741,1753149600
2025-07-23,1519.58,1523.37,1507.14,1512.31,1439115085,1753236000
2025-07-24,1520.25,1525.32,1502.82,1521.02,1390154530,1753322400
2025-07-25,1521.56,1534.51,1521.52,1531.13,1405568881,1753408800
2025-07-28,1541.82,1558.12,1538.72,1557.42,1788192102,1753668000
2025-07-29,1564.84,1564.92,1493.41,1493.41,2642722700,1753754400
2025-07-30,1502.26,1512.15,1482.45,1507.63,1620038736,1753840800
2025-07-31,1521.96,1522.39,1488.3,1502.52,1651133772,1753927200
2025-08-01,1506.88,1509.03,1486.59,1495.21,1378350894,1754013600
2025-08-04,1493.37,1528.21,1491.11,1528.19,1228661002,1754272800
2025-08-05,1547.19,1584.98,1519.08,1547.15,2697027395,1754359200
2025-08-06,1558.56,1573.71,1551.6,1573.71,1325741058,1754445600
2025-08-07,1587.84,1587.84,1567.72,1581.81,1605153483,1754532000
2025-08-08,1589.32,1589.44,1565.45,1584.95,1817288244,1754618400
2025-08-11,1590.98,1601.79,1586.21,1596.86,1589742304,1754877600
2025-08-12,1603.5,1608.23,1591.18,1608.22,1583593191,1754964000
2025-08-13,1615.57,1616.99,1585.54,1611.6,1863151895,1755050400
2025-08-14,1623.18,1641.28,1619.76,1640.69,1752441563,1755136800
2025-08-15,1665.86,1665.97,1615.26,1630.0,2011992093,1755223200
2025-08-18,1638.37,1642.71,1625.61,1636.37,1514197226,1755482400
2025-08-19,1646.73,1665.48,1643.04,1654.2,1789073441,1755568800
2025-08-20,1662.11,1665.54,1614.6,1664.36,2280731304,1755655200
2025-08-21,1674.76,1693.68,1672.26,1688.0,1635930140,1755741600
2025-08-22,1680.42,1689.3,1629.49,1645.47,2234242998,1755828000
2025-08-25,1659.7,1660.49,1608.53,1614.03,1449075936,1756087200
2025-08-26,1611.61,1667.96,1603.73,1667.63,1229376641,1756173600
2025-08-27,1678.54,1696.6,1669.67,1672.78,1477066097,1756260000
2025-08-28,1679.33,1684.16,1659.68,1680.86,1098450679,1756346400
2025-08-29,1690.11,1694.42,1678.57,1682.21,1460861015,1756432800
2025-09-03,1682.11,1685.73,1670.39,1681.3,1241257543,1756864800
2025-09-04,1687.59,1696.29,1675.95,1696.29,1289344174,1756951200
2025-09-05,1705.13,1711.49,1665.81,1666.97,1651250921,1757037600
2025-09-08,1660.91,1667.36,1624.53,1624.53,1769876607,1757296800
2025-09-09,1629.58,1637.32,1613.01,1637.32,1012829196,1757383200
2025-09-10,1646.09,1646.49,1629.29,1643.26,833100714,1757469600
2025-09-11,1638.75,1659.19,1605.76,1657.75,1197131426,1757556000
2025-09-12,1662.02,1670.62,1653.79,1667.26,1006501112,1757642400
2025-09-15,1672.59,1684.9,1668.09,1684.9,1122425898,1757901600
2025-09-16,1696.1,1696.33,1677.03,1680.9,1232560447,1757988000
2025-09-17,1678.09,1684.62,1667.07,1670.97,967047675,1758074400
2025-09-18,1675.85,1679.63,1654.12,1665.18,863667370,1758160800
2025-09-19,1671.24,1671.77,1640.62,1658.62,863955588,1758247200
2025-09-22,1656.66,1659.13,1616.02,1634.45,1138988356,1758506400
2025-09-23,1635.12,1643.59,1627.58,1635.26,657137789,1758592800
2025-09-24,1635.36,1657.46,1619.09,1657.46,942294584,1758679200
2025-09-25,1661.08,1668.21,1654.47,1666.09,914938950,1758765600
2025-09-26,1666.68,1671.43,1657.94,1660.7,899321657,1758852000
2025-09-29,1659.24,1674.84,1655.03,1666.48,808656985,1759111200
2025-09-30,1667.86,1676.8,1645.97,1661.7,1048764085,1759197600
2025-10-01,1664.95,1671.07,1658.81,1665.05,665999631,1759284000
2025-10-02,1668.04,1679.73,1651.18,1652.71,735858787,1759370400
2025-10-03,1651.39,1654.6,1638.6,1645.82,814582654,1759456800
2025-10-06,1673.16,1695.5,1664.17,1695.5,1005160153,1759716000
2025-10-07,1703.9,1703.9,1680.74,1685.3,799007265,1759802400
2025-10-08,1701.06,1704.42,1680.87,1697.83,1016488853,1759888800
2025-10-09,1702.76,1717.65,1699.17,1716.47,1043251858,1759975200
2025-10-10,1725.27,1747.57,1721.76,1747.55,998294168,1760061600
2025-10-13,1738.23,1766.77,1736.03,1765.12,1231241730,1760320800
2025-10-14,1782.97,1794.58,1755.64,1761.06,1491009356,1760407200
2025-10-15,1766.12,1773.73,1750.4,1757.95,1107614674,1760493600
2025-10-16,1764.51,1768.45,1753.5,1766.85,1087385525,1760580000
2025-10-17,1771.61,1771.61,1727.8,1731.19,1221045346,1760666400
2025-10-20,1723.59,1727.11,1636.43,1636.43,1636108645,1760925600
2025-10-21,1640.8,1677.11,1622.37,1663.43,1530032193,1761012000
2025-10-22,1678.82,1678.82,1628.37,1678.5,910675007,1761098400
2025-10-23,1680.61,1698.01,1669.78,1687.06,699304369,1761184800
2025-10-24,1684.95,1691.69,1660.32,1683.18,916269054,1761271200
2025-10-27,1695.98,1697.16,1652.54,1652.54,903493887,1761530400
2025-10-28,1647.86,1680.5,1621.52,1680.5,876810299,1761616800
2025-10-29,1685.9,1695.99,1675.68,1685.83,823542134,1761703200
2025-10-30,1690.69,1690.69,1661.92,1669.57,763111948,1761789600
2025-10-31,1668.11,1668.11,1639.33,1639.65,777803290,1761876000
2025-11-03,1645.15,1652.48,1617.0,1617.0,965233110,1762135200
2025-11-04,1618.02,1658.93,1600.56,1651.98,1131564973,1762221600
2025-11-05,1647.46,1659.58,1640.51,1654.89,614850900,1762308000
2025-11-06,1656.67,1658.69,1638.12,1642.64,550189158,1762394400
2025-11-07,1634.05,1638.59,1595.34,1599.1,818296957,1762480800
2025-11-10,1598.02,1609.49,1580.54,1580.54,656338910,1762740000
2025-11-11,1585.32,1597.08,1578.42,1593.61,596030348,1762826400
2025-11-12,1599.63,1631.86,1596.43,1631.86,682207403,1762912800
2025-11-13,1632.64,1638.98,1626.14,1631.44,629954183,1762999200
2025-11-14,1627.45,1638.35,1623.03,1635.46,649838136,1763085600
2025-11-17,1640.47,1654.42,1640.47,1654.42,661269040,1763344800
2025-11-18,1657.15,1660.41,1647.64,1659.92,706237540,1763431200
2025-11-19,1659.25,1661.51,1643.04,1649.0,741997320,1763517600
2025-11-20,1651.93,1660.55,1647.79,1655.99,592496709,1763604000
2025-11-21,1646.24,1656.84,1635.1,1654.93,666027161,1763690400
2025-11-24,1656.03,1674.29,1656.01,1667.98,522154043,1763949600
2025-11-25,1670.08,1676.7,1658.47,1660.36,778049790,1764036000
2025-11-26,1667.31,1682.17,1663.99,1680.36,682182877,1764122400
2025-11-27,1686.03,1695.34,1681.08,1684.32,598407577,1764208800
2025-11-28,1683.77,1696.14,1679.12,1690.99,632979322,1764295200
2025-12-01,1698.98,1713.77,1697.38,1701.67,519841839,1764554400
2025-12-02,1704.84,1719.03,1690.36,1717.06,661265926,1764640800
2025-12-03,1725.9,1741.65,1714.9,1731.77,720629160,1764727200
2025-12-04,1735.61,1741.71,1725.23,1737.24,762188232,1764813600
2025-12-05,1755.72,1758.44,1741.32,1741.32,629671556,1764900000
2025-12-08,1757.41,1758.41,1746.03,1753.74,609653976,1765159200
2025-12-09,1771.82,1771.82,1724.66,1747.17,895768193,1765245600
2025-12-10,1748.82,1748.82,1714.44,1718.98,518373930,1765332000
2025-12-11,1710.28,1718.84,1693.72,1698.9,497312893,1765418400
2025-12-12,1702.72,1702.73,1640.91,1646.89,830667261,1765504800
2025-12-15,1645.87,1665.65,1636.82,1646.01,599602932,1765764000
2025-12-16,1647.42,1689.07,1629.37,1679.18,751636809,1765850400
2025-12-17,1680.4,1683.95,1671.07,1673.66,495753236,1765936800
2025-12-18,1674.36,1676.98,1665.21,1676.98,490167302,1766023200
2025-12-19,1678.72,1705.76,1677.67,1704.31,660580746,1766109600
2025-12-22,1717.42,1751.03,1712.48,1751.03,755374637,1766368800
2025-12-23,1765.0,1778.18,1763.52,1772.15,732383695,1766455200
2025-12-24,1782.71,1784.98,1753.65,1782.82,685897134,1766541600
2025-12-25,1779.51,1805.93,1742.85,1742.85,633306718,1766628000
2025-12-26,1706.39,1730.99,1687.14,1729.8,920350846,1766714400
2025-12-29,1733.39,1754.84,1731.63,1754.84,513330603,1766973600
2025-12-30,1758.45,1766.9,1740.07,1766.9,554603881,1767060000
2025-12-31,1760.81,1787.75,1760.14,1784.49,592835116,1767146400
2026-01-05,1786.08,1797.4,1775.19,1788.4,810900473,1767578400
2026-01-06,1795.57,1817.06,1790.44,1816.27,838989917,1767664800
2026-01-07,1831.62,1861.58,1819.17,1861.58,929077252,1767751200
2026-01-08,1880.81,1888.33,1850.11,1855.56,1172488005,1767837600
2026-01-09,1861.02,1880.16,1853.16,1867.9,1218660759,1767924000
2026-01-12,1880.38,1887.92,1868.89,1877.33,1322446972,1768183200
2026-01-13,1876.61,1910.69,1871.79,1902.93,1289021469,1768269600
2026-01-14,1910.68,1918.46,1870.87,1894.44,1335130373,1768356000
2026-01-15,1883.7,1884.19,1845.95,1864.8,1198731055,1768442400
2026-01-16,1874.83,1901.22,1874.83,1879.13,980958156,1768528800
2026-01-19,1894.67,1898.24,1874.69,1896.59,832522475,1768788000
2026-01-20,1907.56,1915.11,1884.6,1893.78,987970727,1768874400
2026-01-21,1876.96,1894.22,1859.25,1885.44,1125596634,1768960800
2026-01-22,1895.08,1904.56,1874.81,1882.73,945697108,1769047200
2026-01-23,1889.73,1898.83,1866.87,1870.79,841053745,1769133600
2026-01-26,1876.82,1879.45,1833.21,1843.72,998240671,1769392800
2026-01-27,1843.94,1845.7,1821.79,1830.5,752074184,1769479200
2026-01-28,1837.67,1842.61,1793.13,1802.91,863394661,1769565600
2026-01-29,1804.63,1814.98,1797.32,1814.98,657114403,1769652000
2026-01-30,1822.1,1831.97,1808.98,1829.04,827036508,1769738400
2026-02-02,1822.38,1827.91,1777.85,1806.5,888369649,1769997600
2026-02-03,1807.09,1827.22,1805.22,1813.4,916896859,1770084000
2026-02-04,1813.87,1813.87,1780.71,1791.43,969815852,1770170400
2026-02-05,1789.14,1800.1,1782.18,1782.56,703264966,1770256800
2026-02-06,1768.77,1782.34,1755.49,1755.49,997365978,1770343200
2026-02-09,1769.76,1771.73,1749.87,1754.82,517575829,1770602400
2026-02-10,1755.83,1776.24,1741.37,1754.03,719682136,1770688800
2026-02-11,1766.74,1799.92,1763.96,1796.85,808848823,1770775200
2026-02-12,1809.01,1816.11,1804.6,1814.09,451674492,1770861600
2026-02-13,1816.29,1824.09,1792.91,1824.09,576394307,1770948000
2026-02-23,1838.12,1863.13,1836.61,1860.14,732214189,1771812000
2026-02-24,1862.18,1867.62,1849.6,1867.62,967871763,1771898400
2026-02-25,1869.49,1876.01,1857.16,1860.91,1084949538,1771984800
2026-02-26,1861.32,1882.17,1859.04,1879.64,753927389,1772071200
2026-02-27,1883.12,1899.44,1868.91,1880.33,858209995,1772157600
2026-03-02,1876.01,1885.18,1844.25,1846.1,1418296837,1772416800
2026-03-03,1854.28,1854.28,1808.55,1813.14,1221025992,1772503200
2026-03-04,1803.54,1833.33,1766.86,1818.27,1478621201,1772589600
2026-03-05,1837.34,1849.01,1808.07,1808.51,1097224844,1772676000
2026-03-06,1801.08,1807.31,1767.84,1767.84,952770876,1772762400
2026-03-09,1757.73,1757.73,1651.68,1652.79,1278597856,1773021600
2026-03-10,1664.52,1716.62,1651.29,1676.73,1344747032,1773108000
2026-03-11,1675.87,1729.67,1675.17,1728.34,896281821,1773194400
2026-03-12,1716.62,1725.52,1701.59,1709.61,857917482,1773280800
2026-03-13,1697.72,1716.75,1688.67,1696.24,877875254,1773367200
2026-03-16,1702.13,1707.0,1680.7,1693.21,746306319,1773626400
2026-03-17,1709.38,1732.31,1708.83,1710.29,725273862,1773712800
2026-03-18,1718.3,1742.87,1706.53,1713.83,699754878,1773799200
2026-03-19,1700.77,1709.47,1685.9,1699.13,821692120,1773885600
2026-03-20,1698.62,1698.62,1642.65,1647.81,856451948,1773972000
2026-03-23,1630.11,1636.27,1586.44,1591.17,986020339,1774231200
2026-03-24,1626.34,1630.63,1602.92,1614.77,687078246,1774317600
2026-03-25,1629.73,1658.77,1629.73,1658.19,796965260,1774404000
2026-03-26,1661.53,1661.6,1634.55,1644.63,641307834,1774490400
2026-03-27,1643.89,1673.31,1640.31,1672.8,814663981,1774576800
2026-03-30,1646.08,1671.6,1637.58,1662.54,745194737,1774836000
2026-03-31,1669.57,1677.83,1663.05,1674.49,787839248,1774922400
2026-04-01,1713.92,1715.21,1700.18,1702.93,826834534,1775008800
2026-04-02,1706.15,1706.15,1684.47,1694.82,730462121,1775095200
2026-04-03,1700.14,1713.95,1679.79,1684.04,696862532,1775181600
2026-04-06,1682.24,1693.03,1669.31,1674.99,556779316,1775440800
2026-04-07,1677.87,1690.31,1665.36,1677.54,514778977,1775527200
2026-04-08,1706.59,1756.55,1706.59,1756.55,1121941552,1775613600
2026-04-09,1750.88,1754.77,1736.68,1736.68,939896157,1775700000
2026-04-10,1750.86,1762.84,1748.96,1750.0,855525196,1775786400
2026-04-13,1738.57,1765.67,1733.18,1758.96,767253461,1776045600
2026-04-14,1775.25,1784.43,1765.52,1775.65,774460243,1776132000
2026-04-15,1787.37,1801.89,1786.65,1800.65,805513607,1776218400
2026-04-16,1806.46,1824.03,1799.18,1819.83,819390678,1776304800
2026-04-17,1834.32,1846.19,1814.47,1817.17,632349354,1776391200
2026-04-20,1819.03,1837.11,1802.42,1837.11,581405080,1776650400
2026-04-21,1851.84,1866.1,1833.48,1833.48,751134492,1776736800
2026-04-22,1833.93,1861.34,1819.21,1857.3,562382244,1776823200
2026-04-23,1868.31,1888.99,1855.09,1870.36,953432252,1776909600
2026-04-24,1873.23,1881.93,1843.63,1853.29,568682199,1776996000
2026-04-28,1850.07,1887.69,1848.98,1875.84,577907915,1777341600
2026-04-29,1879.53,1881.18,1841.3,1854.1,626247808,1777428000
2026-05-04,1870.66,1876.8,1840.43,1854.06,614072346,1777860000
2026-05-05,1853.13,1875.97,1849.32,1874.85,701963400,1777946400
2026-05-06,1881.22,1892.0,1868.92,1891.2,788372585,1778032800
2026-05-07,1897.44,1924.95,1896.45,1909.01,852195767,1778119200
2026-05-08,1911.15,1921.81,1897.06,1915.37,840759266,1778205600
2026-05-11,1919.05,1927.06,1893.75,1895.5,870568077,1778464800
2026-05-12,1893.2,1906.64,1875.25,1901.1,646156258,1778551200
2026-05-13,1908.77,1908.77,1865.12,1898.37,796945943,1778637600
2026-05-14,1896.72,1927.7,1883.98,1925.46,580872676,1778724000
2026-05-15,1928.61,1930.58,1909.9,1921.6,708757508,1778810400
2026-05-18,1916.56,1932.62,1908.78,1927.94,774679381,1779069600
2026-05-19,1933.01,1933.11,1904.47,1912.93,904325068,1779156000
2026-05-20,1906.73,1919.39,1859.22,1913.23,1078815114,1779242400
2026-05-21,1920.44,1923.21,1886.62,1896.89,562755083,1779328800
2026-05-22,1896.74,1896.74,1856.08,1877.13,650651924,1779415200
2026-05-25,1876.37,1891.26,1876.37,1886.03,495245425,1779674400
2026-05-26,1889.15,1889.15,1876.32,1884.18,598836621,1779760800
2026-05-27,1889.87,1889.87,1863.18,1874.43,667675136,1779847200
2026-05-28,1868.88,1882.66,1857.25,1863.67,602798527,1779933600
2026-05-29,1864.65,1873.17,1855.96,1863.49,556018675,1780020000
2026-06-01,1867.44,1871.09,1841.32,1844.54,431817093,1780279200
2026-06-02,1845.32,1858.76,1824.08,1826.47,719741504,1780365600
2026-06-03,1824.18,1831.65,1798.05,1819.01,717622784,1780452000
2026-06-04,1822.08,1831.55,1812.65,1831.55,546633600,1780538400
2026-06-05,1833.07,1846.71,1832.76,1838.9,491758208,1780624800
2026-06-08,1822.1,1822.95,1789.31,1790.53,696165568,1780884000
2026-06-09,1799.21,1800.8,1780.71,1793.05,523970176,1780970400
2026-06-10,1793.45,1805.03,1789.48,1803.71,596041536,1781056800
2026-06-11,1793.15,1801.99,1788.64,1798.61,408853376,1781143200
2026-06-12,1813.07,1813.57,1788.8,1791.65,637931712,1781229600
2026-06-15,1804.24,1810.41,1775.72,1799.31,761472768,1781488800
2026-06-16,1808.56,1811.59,1799.86,1807.94,669627584,1781575200
2026-06-17,1797.41,1808.57,1787.89,1806.2,771408960,1781661600
2026-06-18,1822.37,1836.4,1819.62,1830.47,629881856,1781748000
2026-06-19,1837.38,1838.52,1822.47,1824.53,596143488,1781834400
2026-06-22,1827.53,1859.78,1822.58,1857.91,505126112,1782093600
2026-06-23,1871.92,1886.6,1863.51,1869.04,932868864,1782180000
2026-06-24,1873.19,1894.75,1861.72,1878.02,619329472,1782266400
2026-06-25,1878.71,1880.16,1856.3,1863.07,462923392,1782352800
2026-06-26,1857.24,1873.91,1854.94,1871.91,498278784,1782439200
2026-06-29,1868.64,1869.52,1852.2,1854.97,592439872,1782698400
2026-06-30,1855.67,1863.14,1844.66,1860.01,691943872,1782784800
2026-07-01,1859.96,1871.68,1859.68,1867.21,613215680,1782871200
2026-07-02,1869.87,1873.87,1863.75,1866.35,555476352,1782957600
2026-07-03,1867.17,1872.98,1857.28,1862.08,604259520,1783044000
2026-07-06,1873.24,1873.58,1829.05,1843.5,779589120,1783303200
2026-07-07,1840.69,1848.25,1825.79,1848.25,554175616,1783389600
2026-07-08,1847.42,1855.74,1842.19,1853.7,662188416,1783476000
2026-07-09,1843.01,1850.56,1840.7,1840.7,585707200,1783562400
2026-07-10,1840.33,1845.86,1828.34,1828.34,585312064,1783648800
2026-07-13,1829.5,1829.5,1781.45,1800.54,845364032,1783908000
2026-07-14,1793.23,1806.63,1774.22,1806.63,561857536,1783994400
2026-07-15,1805.93,1805.93,1776.83,1782.12,603241792,1784080800
2026-07-16,1772.52,1804.24,1757.42,1804.24,788577792,1784167200
2026-07-17,1801.89,1803.14,1787.45,1787.45,435884192,1784253600
2026-07-20,1782.93,1783.83,1736.43,1743.51,858477248,1784512800
2026-07-21,1733.44,1750.3,1725.34,1730.56,782582400,1784599200
2026-07-22,1729.33,1736.91,1668.53,1668.53,904523584,1784685600
2026-07-23,1664.5,1703.48,1658.35,1699.38,862797376,1784772000
2026-07-24,1683.23,1696.78,1674.64,1686.11,585994880,1784858400
2026-07-27,1694.78,1700.69,1669.01,1669.01,627269632,1785117600
2026-07-28,1653.51,1684.54,1651.2,1680.62,778939712,1785204000
2026-07-29,1682.72,1704.68,1675.19,1704.68,554227264,1785290400
2026-07-30,1703.94,1744.8,1701.14,1744.66,837197568,1785376800
2026-07-31,1764.45,1764.45,1735.36,1735.78,756503744,1785463200
2026-08-03,1745.06,1767.58,1737.26,1762.84,760113024,1785722400
2026-08-04,1764.98,1777.23,1759.64,1777.23,662723712,1785808800
2026-08-05,1784.94,1790.87,1773.39,1776.46,746409280,1785895200
2026-08-06,1784.65,1784.65,1764.32,1764.78,578878912,1785981600
2026-08-07,1761.23,1774.61,1756.07,1768.06,647697536,1786068000
2026-08-10,1775.79,1785.38,1759.06,1776.77,730811072,1786327200
2026-08-11,1781.08,1789.35,1772.03,1773.41,636947456,1786413600
2026-08-12,1776.63,1794.01,1770.63,1793.18,570616704,1786500000
2026-08-13,1793.81,1798.79,1765.63,1765.63,743382208,1786586400
2026-08-14,1763.6,1763.6,1717.64,1729.08,737002304,1786672800
2026-08-17,1727.81,1735.2,1715.91,1727.46,519224704,1786932000
2026-08-18,1727.62,1750.86,1724.33,1732.02,548635840,1787018400
2026-08-19,1732.02,1734.39,1719.16,1726.69,572422912,1787104800
2026-08-20,1735.56,1742.38,1729.48,1734.24,463424256,1787191200
2026-08-21,1733.52,1768.12,1725.4,1768.12,777638144,1787277600
2026-08-24,1787.54,1795.38,1778.4,1788.78,845757440,1787536800
2026-08-25,1792.19,1812.18,1785.22,1791.41,835458304,1787623200
2026-08-26,1789.43,1821.32,1787.8,1821.32,724836160,1787709600
2026-08-27,1821.82,1838.25,1815.42,1831.56,604677120,1787796000
2026-08-28,1833.27,1838.2,1819.16,1832.12,562183972,1787882400
2026-09-03,1821.82,1829.84,1802.11,1827.72,520015364,1788400800
2026-09-04,1829.66,1862.63,1829.66,1853.08,618685696,1788487200
2026-09-07,1857.32,1874.48,1821.64,1821.64,643819648,1788746400
2026-09-08,1820.75,1831.31,1814.5,1830.44,559481536,1788832800
2026-09-09,1836.98,1848.17,1822.63,1827.12,566830080,1788919200
2026-09-10,1825.79,1834.96,1812.98,1829.23,484570080,1789005600
2026-09-11,1820.11,1822.44,1795.21,1795.21,697692096,1789092000
2026-09-14,1792.67,1799.1,1776.85,1788.23,663717506,1789351200
2026-09-15,1795.12,1813.94,1794.76,1811.15,523818299,1789437600
2026-09-16,1812.96,1816.26,1805.2,1810.11,583285568,1789524000
2026-09-17,1802.79,1830.35,1801.42,1822.77,715923328,1789610400
2026-09-18,1835.32,1841.2,1815.66,1815.66,862063616,1789696800
2026-09-21,1829.03,1829.03,1786.37,1799.67,654159104,1789956000
2026-09-22,1798.9,1816.93,1787.62,1816.93,531618144,1790042400
2026-09-23,1818.06,1822.67,1801.65,1801.65,663744448,1790128800
2026-09-24,1801.07,1801.07,1772.24,1775.09,638302592,1790215200
2026-09-25,1773.36,1796.29,1771.57,1785.11,621646208,1790301600
