time,open,high,low,close,55EMA,89EMA,200EMA,Volume
964749600,100,100,100,100,,,,4000
965008800,101.55000305,101.55000305,101.55000305,101.55000305,,,,10000
965181600,103.37999725,103.37999725,103.37999725,103.37999725,,,,300
965354400,105.19999695,105.19999695,105.19999695,105.19999695,,,,4000
965613600,106.91999817,106.91999817,106.91999817,106.91999817,,,,13000
965786400,108.63999939,108.63999939,108.63999939,108.63999939,,,,16000
965959200,110.36000061,110.36000061,110.36000061,110.36000061,,,,14000
966218400,112.08000183,112.08000183,112.08000183,112.08000183,,,,12000
966391200,113.80000305,113.80000305,113.80000305,113.80000305,,,,23000
966564000,115.51999664,115.51999664,115.51999664,115.51999664,,,,10000
966823200,117.23999786,117.23999786,117.23999786,117.23999786,,,,36000
966996000,118.95999908,118.95999908,118.95999908,118.95999908,,,,111000
967168800,118.83999634,118.83999634,118.83999634,118.83999634,,,,95000
967428000,117,117,117,117,,,,98000
967600800,115.15000153,115.15000153,115.15000153,115.15000153,,,,127000
967773600,113.37000275,113.37000275,113.37000275,113.37000275,,,,97000
968205600,112.51000214,112.51000214,112.51000214,112.51000214,,,,61000
968378400,112.38999939,112.38999939,112.38999939,112.38999939,,,,50000
968637600,114.11000061,114.11000061,114.11000061,114.11000061,,,,31000
968810400,116.08000183,116.08000183,116.08000183,116.08000183,,,,18000
968983200,118.04000092,118.04000092,118.04000092,118.04000092,,,,46000
969242400,118.19000244,118.19000244,118.19000244,118.19000244,,,,65000
969415200,118.20999908,118.20999908,118.20999908,118.20999908,,,,42000
969588000,118.76000214,118.76000214,118.76000214,118.76000214,,,,67000
969847200,118.98000336,118.98000336,118.98000336,118.98000336,,,,57000
970020000,119.69000244,119.69000244,119.69000244,119.69000244,,,,57000
970192800,120.70999908,120.70999908,120.70999908,120.70999908,,,,53000
970452000,120.91999817,120.91999817,120.91999817,120.91999817,,,,49000
970624800,121.13999939,121.13999939,121.13999939,121.13999939,,,,58000
970797600,122.20999908,122.20999908,122.20999908,122.20999908,,,,40000
971056800,124.33000183,124.33000183,124.33000183,124.33000183,,,,26000
971229600,126.44999695,126.44999695,126.44999695,126.44999695,,,,53000
971402400,128.57000732,128.57000732,128.57000732,128.57000732,,,,52000
971661600,130.71000671,130.71000671,130.71000671,130.71000671,,,,27000
971834400,132.8500061,132.8500061,132.8500061,132.8500061,,,,26000
972007200,135.03999329,135.03999329,135.03999329,135.03999329,,,,66000
972266400,136.55000305,136.55000305,136.55000305,136.55000305,,,,39000
972439200,137.08000183,137.08000183,137.08000183,137.08000183,,,,45000
972612000,139.57000732,139.57000732,139.57000732,139.57000732,,,,88000
972871200,140.83999634,140.83999634,140.83999634,140.83999634,,,,101000
973044000,143.33000183,143.33000183,143.33000183,143.33000183,,,,96000
973216800,145.83000183,145.83000183,145.83000183,145.83000183,,,,79000
973476000,148.57000732,148.57000732,148.57000732,148.57000732,,,,55000
973648800,151.32000732,151.32000732,151.32000732,151.32000732,,,,29000
973821600,154.08000183,154.08000183,154.08000183,154.08000183,,,,57000
974080800,156.83999634,156.83999634,156.83999634,156.83999634,,,,22000
974253600,159.6000061,159.6000061,159.6000061,159.6000061,,,,13000
974426400,162.36000061,162.36000061,162.36000061,162.36000061,,,,35000
974685600,165.69999695,165.69999695,165.69999695,165.69999695,,,,64000
974858400,165.52000427,165.52000427,165.52000427,165.52000427,,,,137000
975031200,166.16999817,166.16999817,166.16999817,166.16999817,,,,117000
975290400,165.6000061,165.6000061,165.6000061,165.6000061,,,,90000
975463200,168.72999573,168.72999573,168.72999573,168.72999573,,,,77000
975636000,171.86999512,171.86999512,171.86999512,171.86999512,,,,43000
975895200,175,175,175,175,130.22654626963637,,,29000
976068000,178.13000488,178.13000488,178.13000488,178.13000488,131.93738407714935,,,60000
976240800,181.25999451,181.25999451,181.25999451,181.25999451,133.6989058783226,,,188000
976500000,189.94000244,189.94000244,189.94000244,189.94000244,135.70751646981108,,,125000
976672800,184.47999573,184.47999573,184.47999573,184.47999573,137.44939072910356,,,106000
976845600,187.61999512,187.61999512,187.61999512,187.61999512,139.24119802877843,,,49000
977104800,191.11000061,191.11000061,191.11000061,191.11000061,141.09365526382206,,,82000
977277600,194.8500061,194.8500061,194.8500061,194.8500061,143.0135249365427,,,39000
977450400,198.58000183,198.58000183,198.58000183,198.58000183,144.99804196845187,,,61000
977709600,202.32000732,202.32000732,202.32000732,202.32000732,147.04525501672146,,,21000
977882400,203.08999634,203.08999634,203.08999634,203.08999634,149.04685292112427,,,41000
978055200,206.83000183,206.83000183,206.83000183,206.83000183,151.11053681072698,,,60000
978487200,210.55999756,210.55999756,210.55999756,210.55999756,153.23373183748674,,,44000
978660000,214.32000732,214.32000732,214.32000732,214.32000732,155.4153845332908,,,50000
978919200,218.11999512,218.11999512,218.11999512,218.11999512,157.65483491138755,,,72000
979092000,222.1499939,222.1499939,222.1499939,222.1499939,159.95823344669515,,,184000
979264800,225.66999817,225.66999817,225.66999817,225.66999817,162.30508218681317,,,224000
979524000,228.3500061,228.3500061,228.3500061,228.3500061,164.663829469427,,,123000
979696800,232.67999268,232.67999268,232.67999268,232.67999268,167.0929781555189,,,88000
979869600,236.97000122,236.97000122,236.97000122,236.97000122,169.5885861221075,,,43000
980733600,241.36000061,241.36000061,241.36000061,241.36000061,172.15185092524652,,,9000
980906400,245.80000305,245.80000305,245.80000305,245.80000305,174.78214207255914,,,7000
981079200,250.22999573,250.22999573,250.22999573,250.22999573,177.4767082746106,,,25000
981338400,254.96000671,254.96000671,254.96000671,254.96000671,180.24396893301736,,,3000
981511200,259.92999268,259.92999268,259.92999268,259.92999268,183.08989835255244,,,9000
981684000,260.1499939,260.1499939,260.1499939,260.1499939,185.84204462210414,,,315000
981943200,256.17999268,256.17999268,256.17999268,256.17999268,188.35411419560043,,,131000
982116000,252.21000671,252.21000671,252.21000671,252.21000671,190.6346817854004,,,78000
982288800,248.97999573,248.97999573,248.97999573,248.97999573,192.71844299770754,,,44000
982548000,245.99000549,245.99000549,245.99000549,245.99000549,194.6209988010037,,,35000
982720800,246.75,246.75,246.75,246.75,196.482748843825,,,240000
982893600,251.22000122,251.22000122,251.22000122,251.22000122,198.43765071440268,,,155000
983152800,255.61000061,255.61000061,255.61000061,255.61000061,200.47952035353114,,,97000
983325600,252.3999939,252.3999939,252.3999939,252.3999939,202.33382298019075,,,293000
983498400,253.63999939,253.63999939,253.63999939,253.63999939,204.16618642339822,166.79662957325843,,208000
983757600,250.72999573,250.72999573,250.72999573,250.72999573,205.82917961291972,168.6618154878527,,166000
983930400,248.05000305,248.05000305,248.05000305,248.05000305,207.33706616424402,170.4259974336782,,203000
984103200,252.61000061,252.61000061,252.61000061,252.61000061,208.95395668016388,172.25230861537423,,118000
984362400,255.99000549,255.99000549,255.99000549,255.99000549,210.63381556622946,174.11314632369925,,122000
984535200,257.70001221,257.70001221,257.70001221,257.70001221,212.31475116064985,175.97063223228372,,144000
984708000,258.51998901,258.51998901,258.51998901,258.51998901,213.96493822669808,177.80506238289965,,102000
984967200,260.29000854,260.29000854,260.29000854,260.29000854,215.61940502360173,179.63806118639076,,180000
985140000,261.10998535,261.10998535,261.10998535,261.10998535,217.2440686066874,181.44854839002653,,84000
985312800,259.6000061,259.6000061,259.6000061,259.6000061,218.75678066001998,183.18524745024817,,135000
985572000,260.10998535,260.10998535,260.10998535,260.10998535,220.23368082751927,184.89468607024264,,76000
985744800,264.70001221,264.70001221,264.70001221,264.70001221,221.8217640911793,186.66813776223725,,89000
985917600,269.29998779,269.29998779,269.29998779,269.29998779,223.51741493756575,188.50440109618754,,44000
986176800,274.42999268,274.42999268,274.42999268,274.42999268,225.33572128550983,190.41385868693894,,140000
986349600,279.55999756,279.55999756,279.55999756,279.55999756,227.27230258102733,192.39488399522918,,57000
986522400,284.69000244,284.69000244,284.69000244,284.69000244,229.3229347188478,194.4458866273352,,33000
986781600,289.82000732,289.82000732,289.82000732,289.82000732,231.48354445460322,196.56531153161663,,147000
986954400,295.08999634,295.08999634,295.08999634,295.08999634,233.75520345051024,198.75474897180294,,98000
987127200,300.35998535,300.35998535,300.35998535,300.35998535,236.1339456612063,201.01264311354066,,68000
987386400,306.16000366,306.16000366,306.16000366,306.16000366,238.63487630402037,203.3492511256842,,44000
987559200,311.95999146,311.95999146,311.95999146,311.95999146,241.25363041673393,205.76282313311344,,61000
987732000,317.76000977,317.76000977,317.76000977,317.76000977,243.986001107922,208.25164950282203,,123000
987991200,313.73999023,313.73999023,313.73999023,313.73999023,246.47721500513907,210.59583485231488,,322000
988164000,315.26998901,315.26998901,315.26998901,315.26998901,248.93409979102697,212.92192716693012,,417000
988336800,321.07000732,321.07000732,321.07000732,321.07000732,251.51038220277601,215.32521783699835,,50000
988768800,327.13000488,327.13000488,327.13000488,327.13000488,254.21108301267688,217.80976866017616,,44000
988941600,332,332,332,332,256.989258619367,220.34732935661668,,115000
989200800,338.3500061,338.3500061,338.3500061,338.3500061,259.89499960081815,222.9696110620252,,65000
989373600,344.47000122,344.47000122,344.47000122,344.47000122,262.9155353729318,225.66961973220242,,161000
989546400,351.05999756,351.05999756,351.05999756,351.05999756,266.0635518796128,228.45607257282015,,26000
989805600,357.6499939,357.6499939,357.6499939,357.6499939,269.3344962374838,231.32704860231303,,60000
989978400,364.26998901,364.26998901,364.26998901,364.26998901,272.72504955078796,234.2813361669283,,25000
990151200,370.8999939,370.8999939,370.8999939,370.8999939,276.23129756325983,237.31730633877433,,56000
990410400,377.42999268,377.42999268,377.42999268,377.42999268,279.845536674572,240.43092159080157,,52000
990583200,384.16000366,384.16000366,384.16000366,384.16000366,283.571053352623,243.6249011923393,,230000
990756000,390.88000488,390.88000488,390.88000488,390.88000488,287.40351590717216,246.89723682984288,,84000
991015200,397.5,397.5,397.5,397.5,291.3355331962017,250.24396490029082,,132000
991188000,404.26000977,404.26000977,404.26000977,404.26000977,295.36855021669453,253.66654367517324,,14000
991360800,411.02999878,411.02999878,411.02999878,411.02999878,299.4993162368126,257.16350934416937,,16000
991620000,417.79000854,417.79000854,417.79000854,417.79000854,303.7239838190693,260.7329871040767,,22000
991792800,424.55999756,424.55999756,424.55999756,424.55999756,308.03955573838823,264.37358733643055,,25000
991965600,426.57998657,426.57998657,426.57998657,426.57998657,312.2731425538029,267.9781739860654,,193000
992224800,428.01998901,428.01998901,428.01998901,428.01998901,316.4069584986671,271.5346587643751,,425000
992397600,456.17999268,456.17999268,456.17999268,456.17999268,321.39885257657187,275.6378884069445,,122000
992570400,486.33999634,486.33999634,486.33999634,486.33999634,327.28960771098,280.3201574721235,,74000
992829600,518.61999512,518.61999512,518.61999512,518.61999512,334.12283583273074,285.6157094198541,,210000
993002400,553.55999756,553.55999756,553.55999756,553.55999756,341.95987732299034,291.5700269340796,,141000
993175200,563,563,563,563,349.85416741859785,297.60180411332226,,544000
993434400,571.03997803,571.03997803,571.03997803,571.03997803,357.75366065471934,303.6782079781373,,268000
993607200,531.92999268,531.92999268,531.92999268,531.92999268,363.9742439413365,308.7504698604009,,80000
993780000,500.27999878,500.27999878,500.27999878,500.27999878,368.8423066141459,313.0066816141698,,120000
994039200,491.17001343,491.17001343,491.17001343,491.17001343,373.2111532861407,316.9658667656327,,181000
994212000,512.79998779,512.79998779,512.79998779,512.79998779,378.1964688041357,321.31773612172975,,268000
994384800,502.92999268,502.92999268,502.92999268,502.92999268,382.651237513988,325.35356404524686,,224000
994644000,470.82998657,470.82998657,470.82998657,470.82998657,385.8004785517027,328.5863734346858,,109000
994816800,436.13000488,436.13000488,436.13000488,436.13000488,387.5979616348562,330.97623191124836,,93000
994989600,416.45999146,416.45999146,416.45999146,416.45999146,388.6287484143256,332.87587101233174,,169000
995248800,411.42999268,411.42999268,411.42999268,411.42999268,389.44307856667115,334.62151816050215,,122000
995421600,438.11999512,438.11999512,438.11999512,438.11999512,391.1815398721472,336.92148431515767,,99000
995594400,466.67001343,466.67001343,466.67001343,466.67001343,393.87755678492766,339.80478496215414,,76000
995853600,438.32998657,438.32998657,438.32998657,438.32998657,395.465143562966,341.9942338867729,,275000
996026400,450.86999512,450.86999512,450.86999512,450.86999512,397.4438882614315,344.41369524751127,,142000
996199200,445.36999512,445.36999512,445.36999512,445.36999512,399.1555349349518,346.657168578011,,97000
996458400,422.45999146,422.45999146,422.45999146,422.45999146,399.9878369537035,348.3416757531663,,100000
996631200,395.63000488,395.63000488,395.63000488,395.63000488,399.83220009392835,349.39252751154044,,121000
996804000,371.76000977,371.76000977,371.76000977,371.76000977,398.8296218680738,349.88958267283954,,64000
997063200,350.69000244,350.69000244,350.69000244,350.69000244,397.11034974564257,349.90736977877646,,76000
997236000,373.63000488,373.63000488,373.63000488,373.63000488,396.27176600044106,350.43453944769254,,261000
997408800,394.17999268,394.17999268,394.17999268,394.17999268,396.1970598104253,351.4066606306327,,213000
997668000,368.33999634,368.33999634,368.33999634,368.33999634,395.2021646864815,351.78295697972976,,129000
997840800,344.30999756,344.30999756,344.30999756,344.30999756,393.3845872891072,351.6168912148469,,72000
998013600,321.82998657,321.82998657,321.82998657,321.82998657,390.82906583485334,350.95496000051696,,185000
998272800,302.25,302.25,302.25,302.25,387.66552776932286,349.87262755606105,,201000
998445600,320.98001099,320.98001099,320.98001099,320.98001099,385.2839021700613,349.2305694101486,,167000
998618400,300.02999878,300.02999878,300.02999878,300.02999878,382.23911990613055,348.13722339614526,,154000
998877600,279.6499939,279.6499939,279.6499939,279.6499939,378.57522254876875,346.6152849628976,,55000
999050400,261.3500061,261.3500061,261.3500061,261.3500061,374.38860767559845,344.7205009881665,,121000
999223200,277.3999939,277.3999939,277.3999939,277.3999939,370.9247286121842,343.2244897195406,,297000
999655200,296.42999268,296.42999268,296.42999268,296.42999268,368.2642023288919,342.1846120075508,,91000
999828000,307.76000977,307.76000977,307.76000977,307.76000977,366.1033383089315,341.4196208467163,,246000
1000087200,286.54998779,286.54998779,286.54998779,286.54998779,363.26214721896963,340.2002956676782,,266000
1000260000,284.67999268,284.67999268,284.67999268,284.67999268,360.45564169972073,338.9665111568409,,197000
1000432800,274.64001465,274.64001465,274.64001465,274.64001465,357.39079787651644,337.5370334566889,,155000
1000692000,266.08999634,266.08999634,266.08999634,266.08999634,354.130054964498,335.9493215207625,,135000
1000864800,273.36999512,273.36999512,273.36999512,273.36999512,351.2457671129088,334.5586698229678,,158000
1001037600,272.02999878,272.02999878,272.02999878,272.02999878,348.41663252959063,333.16914379979073,,113000
1001296800,259.75,259.75,259.75,259.75,345.24996708210523,331.5376072709065,,151000
1001469600,249.72000122,249.72000122,249.72000122,249.72000122,341.83818258703,329.719438247553,,134000
1001642400,244.46000671,244.46000671,244.46000671,244.46000671,338.3603905914218,327.82478421338516,,141000
1001901600,229.05999756,229.05999756,229.05999756,229.05999756,334.4568051260139,325.6300111766433,,142000
1002074400,214.28999329,214.28999329,214.28999329,214.28999329,330.1651332747277,323.1557885569401,,102000
1002247200,203.11999512,203.11999512,203.11999512,203.11999512,325.6278069120588,320.4883264805636,,212000
1002506400,217.1000061,217.1000061,217.1000061,217.1000061,321.75181402591386,318.1908082498844,,299000
1002679200,221.17999268,221.17999268,221.17999268,221.17999268,318.1599632635598,316.0350123483314,,156000
1002852000,225.27000427,225.27000427,225.27000427,225.27000427,314.8424647280755,314.0180121688129,,1000
1003111200,229.3500061,229.3500061,229.3500061,229.3500061,311.7891626342157,312.1365009228393,,989000
1003284000,233.47999573,233.47999573,233.47999573,233.47999573,308.99240667335084,310.3885785852206,,11000
1003456800,237.61999512,237.61999512,237.61999512,237.61999512,306.4433919750169,308.7714989526602,,9000
1003716000,242.00999451,242.00999451,242.00999451,242.00999451,304.1421992084091,307.2879099650455,,18000
1003888800,246.41000366,246.41000366,246.41000366,246.41000366,302.08033508168023,305.9350676027112,,54000
1004061600,250.8500061,250.8500061,250.8500061,250.8500061,300.25068047519164,304.7109551248731,,23000
1004320800,255.55000305,255.55000305,255.55000305,255.55000305,298.65422771000624,303.6184895232093,,408000
1004493600,260.29000854,260.29000854,260.29000854,260.29000854,297.28407702536316,302.6556343902491,,53000
1004666400,265.02999878,265.02999878,265.02999878,265.02999878,296.1321456594573,301.8195091544658,,66000
1004925600,269.76998901,269.76998901,269.76998901,269.76998901,295.1906400648338,301.1072975956999,,70000
1005098400,274.89001465,274.89001465,274.89001465,274.89001465,294.46561772858973,300.5246913080177,,25000
1005271200,280.02999878,280.02999878,280.02999878,280.02999878,293.9500599089972,300.06925369628397,,22000
1005530400,285.05999756,285.05999756,285.05999756,285.05999756,293.6325576822473,299.73571467103324,,25000
1005703200,290.51000977,290.51000977,290.51000977,290.51000977,293.5210381139527,299.53069900656584,,33000
1005876000,295.97000122,295.97000122,295.97000122,295.97000122,293.60850108202584,299.4515723890866,,24000
1006135200,301.08999634,301.08999634,301.08999634,301.08999634,293.8756973412392,299.487981810218,,54000
1006308000,296.10998535,296.10998535,296.10998535,296.10998535,293.9554933415521,299.41291522221314,259.93814929969994,301000
1006480800,292.17001343,292.17001343,292.17001343,292.17001343,293.89172620185377,299.25196184905286,260.2588643656731,185000
1006740000,296.8999939,296.8999939,296.8999939,296.8999939,293.9991643339304,299.1996958946295,260.6234527192485,278000
1006912800,293.02999878,293.02999878,293.02999878,293.02999878,293.9645512784329,299.06259151430436,260.9459059138829,156000
1007085600,288.51998901,288.51998901,288.51998901,288.51998901,293.7701026259889,298.82831145865316,261.2202748999139,42000
1007344800,283.01998901,283.01998901,283.01998901,283.01998901,293.38616999684643,298.47701540423867,261.4371874781237,28000
1007517600,279.1499939,279.1499939,279.1499939,279.1499939,292.8777351362448,298.04752603747784,261.6134343081921,18000
1007690400,275.48999023,275.48999023,275.48999023,275.48999023,292.25674424673605,297.5462474639783,261.75150949149366,73000
1007949600,271.61999512,271.61999512,271.61999512,271.61999512,291.51971749220974,296.97010852300104,261.8497033783445,149000
1008122400,267.82998657,267.82998657,267.82998657,267.82998657,290.6736556735594,296.3225502573788,261.9092086837341,79000
1008295200,263.04000854,263.04000854,263.04000854,263.04000854,289.6867397045037,295.58293821921484,261.92046042359743,47000
1008554400,259.07998657,259.07998657,259.07998657,259.07998657,288.5936413782714,294.77176151589896,261.8921970021686,27000
1008727200,247.25999451,247.25999451,247.25999451,247.25999451,287.11743970440455,293.71594447132344,261.74660294752016,86000
1008900000,250.94999695,250.94999695,250.94999695,250.94999695,285.8257453203187,292.7655900819607,261.63917403212196,363000
1009159200,248.05000305,248.05000305,248.05000305,248.05000305,284.4766116678073,291.7719103701393,261.50395840045906,175000
1009332000,242.75,242.75,242.75,242.75,282.98637553681414,290.68253458413625,261.3173518492107,146000
1009504800,239.27000427,239.27000427,239.27000427,239.27000427,281.4250765629993,289.5400339104888,261.0979752563827,73000
1009764000,235.3999939,235.3999939,235.3999939,235.3999939,279.7813236107493,288.3369219102557,260.842273949354,44000
1009936800,231.69999695,231.69999695,231.69999695,231.69999695,278.0641333728654,287.0783235778056,260.55230104388784,64000
1010109600,227.78999329,227.78999329,227.78999329,227.78999329,276.2686283699059,285.76080512696547,260.2263079319089,41000
1010368800,225.94999695,225.94999695,225.94999695,225.94999695,274.47153439062356,284.43167605636626,259.8852501111934,284000
1010541600,222.8999939,222.8999939,222.8999939,222.8999939,272.6296936588156,283.06430534178037,259.5172376115795,189000
1010714400,219.22000122,219.22000122,219.22000122,219.22000122,270.7222046431436,281.645543027963,259.1162700852951,79000
1010973600,214.16000366,214.16000366,214.16000366,214.16000366,268.70212603660275,280.1458643753416,258.6689440512126,52000
1011146400,210.67999268,210.67999268,210.67999268,210.67999268,266.62990698815264,278.60217833766734,258.19144204751893,32000
1011319200,206.78999329,206.78999329,206.78999329,206.78999329,264.4927672132186,277.00635200327474,257.6799848459516,31000
1011578400,203.27000427,203.27000427,203.27000427,203.27000427,262.3062399652465,275.3677664980909,257.1385920043998,80000
1011751200,206.00999451,206.00999451,206.00999451,206.00999451,260.29565977041625,273.8264826761333,256.6298497407739,325000
1011924000,209.02000427,209.02000427,209.02000427,209.02000427,258.4643863596871,272.3863387115526,256.1561199350946,164000
1012183200,210.75999451,210.75999451,210.75999451,210.75999451,256.76065807934117,271.0168643959625,255.70441719454638,122000
1012356000,207.55000305,207.55000305,207.55000305,207.55000305,255.00313468543612,269.6064896993856,255.22526879509815,549000
1012528800,204.47999573,204.47999573,204.47999573,204.47999573,253.19873686559913,268.15923427784367,254.72034070489818,278000
1012788000,203.77000427,203.77000427,203.77000427,203.77000427,251.43342498718488,266.7283624998916,254.2133721831579,271000
1012960800,205.36999512,205.36999512,205.36999512,205.36999512,249.78830249192828,265.3648432247829,253.7273684312857,183000
1013133600,205.19999695,205.19999695,205.19999695,205.19999695,248.19586300828797,264.0278466408988,253.24450901356147,287000
1013738400,205.19999695,205.19999695,205.19999695,205.19999695,246.66029636334912,262.72056109221217,252.76645416715786,287000
1013997600,202.88999939,202.88999939,202.88999939,202.88999939,245.0970714714438,261.3909930543852,252.27017103504684,59000
1014170400,199.52000427,199.52000427,199.52000427,199.52000427,243.46931907139222,260.01608219251,251.7452937538026,92000
1014343200,196.58000183,196.58000183,196.58000183,196.58000183,241.79470059848535,258.60639151778753,251.19638537645133,124000
1014602400,193.78999329,193.78999329,193.78999329,193.78999329,240.08024676603944,257.1660271127256,250.6251774949941,182000
1014775200,191.1000061,191.1000061,191.1000061,191.1000061,238.33095245653803,255.6978933124428,250.03288723235733,85000
1014948000,193.58999634,193.58999634,193.58999634,193.58999634,236.73306116666168,254.3177178241663,249.47126642745826,454000
1015207200,190.97999573,190.97999573,190.97999573,190.97999573,235.09902311535234,252.91021288874038,248.88926373395122,210000
1015293600,188.22000122,188.22000122,188.22000122,188.22000122,233.42477233337547,251.47265262943503,248.28558948008106,137000
1015380000,185.74000549,185.74000549,185.74000549,185.74000549,231.72174494611207,250.0119271374476,247.66324536077676,151000
1015466400,183.19999695,183.19999695,183.19999695,183.19999695,229.98882537482234,248.52721757772653,247.0218200034556,173000
1015552800,181.19999695,181.19999695,181.19999695,181.19999695,228.24636721679298,247.03105711933262,246.36687649048588,181000
1015812000,180.72999573,180.72999573,180.72999573,180.72999573,226.5493539494075,245.55770019956967,245.71377319933677,348000
1015898400,182.91999817,182.91999817,182.91999817,182.91999817,224.99116267157152,244.16575126557922,245.08895951745282,149000
1015984800,185.66000366,185.66000366,185.66000366,185.66000366,223.58647842115823,242.8656235410108,244.49762662334882,79000
1016071200,188.97000122,188.97000122,188.97000122,188.97000122,222.350175663974,241.66794304498833,243.94511293774337,97000
1016157600,192.38999939,192.38999939,192.38999939,192.38999939,221.28016936847493,240.57287763043303,243.43212673328821,195000
1016416800,190.30000305,190.30000305,190.30000305,190.30000305,220.1737348571008,239.45570263975674,242.9034488856933,414000
1016503200,187.05999756,187.05999756,187.05999756,187.05999756,218.99110138220436,238.29135363798437,242.34779265359685,151000
1016589600,189.05000305,189.05000305,189.05000305,189.05000305,217.9217764417685,237.19710140269584,241.81746638888444,386000
1016676000,189.25999451,189.25999451,189.25999451,189.25999451,216.89814137277676,236.13183236063594,241.29450646969156,129000
1016762400,187.66999817,187.66999817,187.66999817,187.66999817,215.85427911553472,235.05490271195515,240.7609292726797,136000
1017021600,188.71000671,188.71000671,188.71000671,188.71000671,214.88484081533704,234.02501613413392,240.24300964519034,97000
1017108000,191.97000122,191.97000122,191.97000122,191.97000122,214.06645368693214,233.09046024715317,239.76268120314865,117000
1017194400,195.11000061,195.11000061,195.11000061,195.11000061,213.38943750561313,232.2464500329942,239.31837592361484,127000
1017280800,197.88999939,197.88999939,197.88999939,197.88999939,212.83588614434123,231.48297335203878,238.90615327153907,138000
1017367200,200.1499939,200.1499939,200.1499939,200.1499939,212.38281856418618,230.78668491977126,238.5205198449566,118000
1017626400,203.13999939,203.13999939,203.13999939,203.13999939,212.0527178793938,230.1723141302208,238.16847486530528,144000
1017712800,203.22000122,203.22000122,203.22000122,203.22000122,211.7372637129869,229.573373843327,237.82072885888434,175000
1017799200,202.16000366,202.16000366,202.16000366,202.16000366,211.39521871109451,228.96418783925307,237.46589577232828,360000
1017885600,201.38000488,201.38000488,201.38000488,201.38000488,211.03753250284115,228.3512059957141,237.10683218135983,208000
1017972000,198.77000427,198.77000427,198.77000427,198.77000427,210.5994064945254,227.6938459573649,236.72537120711746,114000
1018231200,198.52000427,198.52000427,198.52000427,198.52000427,210.16799927222092,227.04553836431236,236.34521830227052,148000
1018317600,200.47999573,200.47999573,200.47999573,200.47999573,209.82199914571302,226.45519297243877,235.98835041597928,140000
1018404000,200.8500061,200.8500061,200.8500061,200.8500061,209.50157082265184,225.88618881971792,235.63871514915363,128000
1018490400,200.36000061,200.36000061,200.36000061,200.36000061,209.1750861722,225.3189401928353,235.28768316368942,146000
1018576800,199.69000244,199.69000244,199.69000244,199.69000244,208.83633318176427,224.7494082427723,234.93347738534425,108000
1018836000,200.3999939,200.3999939,200.3999939,200.3999939,208.5350353502727,224.20831014626623,234.5898606342463,106000
1018922400,198.44000244,198.44000244,198.44000244,198.44000244,208.1744984606201,223.63568108612697,234.2301605527115,116000
1019008800,197.11999512,197.11999512,197.11999512,197.11999512,207.77969476988366,223.04644362021304,233.8609051752716,100000
1019095200,199.30999756,199.30999756,199.30999756,199.30999756,207.47720558381639,222.5189670410972,233.5171150497465,160000
1019181600,201.42999268,201.42999268,201.42999268,201.42999268,207.26123369439438,222.05032316640614,233.1978402002963,166000
1019440800,201.13999939,201.13999939,201.13999939,201.13999939,207.04261818352316,221.58564930470823,232.87885670964658,149000
1019527200,202.80999756,202.80999756,202.80999756,202.80999756,206.89145316125447,221.16841259927025,232.5796640812919,239000
1019613600,205.6499939,205.6499939,205.6499939,205.6499939,206.8471153304954,220.82355885039757,232.3117071640651,206000
1019700000,207.05999756,207.05999756,207.05999756,207.05999756,206.85471826726342,220.51770193283318,232.06044637198485,945000
1019786400,208.47999573,208.47999573,208.47999573,208.47999573,206.91276389093258,220.250197350548,231.82581502231335,235000
1020045600,208.47999573,208.47999573,208.47999573,208.47999573,206.96873645661356,219.98863731453582,231.5935183129371,281000
1020304800,209.52000427,209.52000427,209.52000427,209.52000427,207.0598531642345,219.75600102465725,231.373881357286,401000
1020391200,212.94999695,212.94999695,212.94999695,212.94999695,207.27021544229757,219.60475648966488,231.19055912437767,275000
1020650400,214.22999573,214.22999573,214.22999573,214.22999573,207.51877902400122,219.48531736167232,231.021797299558,284000
1020736800,210.42999268,210.42999268,210.42999268,210.42999268,207.6227509402869,219.28408792430182,230.81690372125394,240000
1020823200,207.05000305,207.05000305,207.05000305,207.05000305,207.60229565849093,219.01221937153954,230.5804171474106,255000
1020909600,208.8500061,208.8500061,208.8500061,208.8500061,207.64685674568767,218.78639240994977,230.36419415191398,186000
1020996000,211.88000488,211.88000488,211.88000488,211.88000488,207.7980406076274,218.63291713150645,230.1802718706014,216000
1021255200,209.61999512,209.61999512,209.61999512,209.61999512,207.86311041164072,218.4326299756952,229.9756920024362,282000
1021341600,209.88000488,209.88000488,209.88000488,209.88000488,207.93514235693925,218.2425716402353,229.77573491664083,209000
1021428000,209.82000732,209.82000732,209.82000732,209.82000732,208.00245896276286,218.05540354423007,229.57717046294292,247000
1021514400,209.08000183,209.08000183,209.08000183,209.08000183,208.04094263659275,217.85595017280275,229.37321853624698,233000
1021600800,209.78999329,209.78999329,209.78999329,209.78999329,208.1034087313573,217.67670668651826,229.17836057359776,505000
1021860000,208.13999939,208.13999939,208.13999939,208.13999939,208.10471554059453,217.46477985770673,228.96902364639777,174000
1021946400,208.92999268,208.92999268,208.92999268,208.92999268,208.13418972414473,217.27511792042435,228.76963030344854,179000
1022032800,209.66000366,209.66000366,209.66000366,209.66000366,208.18868307899672,217.10589315908157,228.57948476470776,164000
1022119200,208.92999268,208.92999268,208.92999268,208.92999268,208.2151584218897,216.92420648176866,228.38396743053156,135000
1022205600,208.03999329,208.03999329,208.03999329,208.03999329,208.2089025243222,216.72677952195158,228.18153982714318,203000
1022464800,206.30000305,206.30000305,206.30000305,206.30000305,208.14072754309643,216.49507337813043,227.96381309304226,196000
1022551200,205.02000427,205.02000427,205.02000427,205.02000427,208.02927314048586,216.2400718423942,227.73551648783786,247000
1022637600,203.6499939,203.6499939,203.6499939,203.6499939,207.8728703104685,215.96029233256323,227.49585954666534,181000
1022724000,203.77000427,203.77000427,203.77000427,203.77000427,207.72633938045178,215.68939704228404,227.25978138470848,159000
1022810400,207.11999512,207.11999512,207.11999512,207.11999512,207.7046842282928,215.4989658884555,227.05938550147755,220000
1023069600,207.80999756,207.80999756,207.80999756,207.80999756,207.7084454187109,215.32809992560092,226.8678493030549,132000
1023156000,205.67999268,205.67999268,205.67999268,205.67999268,207.63600067804265,215.11369754236534,226.6570248590444,94000
1023242400,205.47999573,205.47999573,205.47999573,205.47999573,207.55900050132684,214.89961527986833,226.44630815129273,74000
1023328800,205.07000732,205.07000732,205.07000732,205.07000732,207.47010788770802,214.6811795474268,226.2336086405336,85000
1023415200,203.05999756,203.05999756,203.05999756,203.05999756,207.31260394743273,214.4229310588173,226.0030254457024,85000
1023674400,204.88000488,204.88000488,204.88000488,204.88000488,207.22572540931014,214.21086603262137,225.79284613659095,89000
1023760800,203.52999878,203.52999878,203.52999878,203.52999878,207.09373517254906,213.97351342700756,225.57132526737115,86000
1023847200,203.78999329,203.78999329,203.78999329,203.78999329,206.97574439102945,213.7472129795185,225.35459559595452,109000
1023933600,202.3500061,202.3500061,202.3500061,202.3500061,206.81053945206412,213.49394171552922,225.12569420793508,66000
1024020000,200.75,200.75,200.75,200.75,206.5940916144904,213.2107430107397,224.8831499869606,117000
1024279200,197.77000427,197.77000427,197.77000427,197.77000427,206.27894563790144,212.8676154831677,224.61336744251324,118000
1024365600,195.58999634,195.58999634,195.58999634,195.58999634,205.8971974486907,212.4836683910973,224.32457768029917,72000
1024452000,192.13000488,192.13000488,192.13000488,192.13000488,205.40551199980888,212.03136475751737,224.004233672336,151000
1024538400,193.32000732,193.32000732,193.32000732,193.32000732,204.97388683267286,211.61555681446143,223.69891798723813,189000
1024624800,196.88999939,196.88999939,196.88999939,196.88999939,204.6851765668631,211.28832220502895,223.4321625783104,44000
1024884000,200.5,200.5,200.5,200.5,204.53570597518942,211.04858171158386,223.20398185613814,38000
1024970400,202.3999939,202.3999939,202.3999939,202.3999939,204.45943054393265,210.85639087132645,222.99697700085318,146000
1025056800,200.5,200.5,200.5,200.5,204.31802231022078,210.62624885196365,222.77312648343175,201000
1025143200,199.61000061,199.61000061,199.61000061,199.61000061,204.14987867807005,210.38144333547558,222.5426476190195,130000
1025229600,202.05999756,202.05999756,202.05999756,202.05999756,204.07524006671042,210.19652231824278,222.3388401557457,141000
1025488800,200.25999451,200.25999451,200.25999451,200.25999451,203.9389812968279,209.97571058917072,222.11915014932035,144000
1025575200,199.94000244,199.94000244,199.94000244,199.94000244,203.79616062336976,209.75269485252247,221.8984621124117,155000
1025661600,199.61000061,199.61000061,199.61000061,199.61000061,203.64665490860656,209.52730164713307,221.67668637606928,152000
1025748000,199.69999695,199.69999695,199.69999695,199.69999695,203.50570283865633,209.3089170983079,221.45801284944173,138000
1025834400,200.5,200.5,200.5,200.5,203.3983563087043,209.11316338501214,221.24947540815376,190000
1026093600,200.19000244,200.19000244,200.19000244,200.19000244,203.28377224196487,208.91487091956742,221.03992841344575,169000
1026180000,199,199,199,199,203.1307803761804,208.69454045468814,220.8206256431627,200000
1026266400,197.27000427,197.27000427,197.27000427,197.27000427,202.92146694381682,208.44066187280617,220.58629110213622,257000
1026352800,197.25,197.25,197.25,197.25,202.71891455296623,208.19198049785493,220.3540892006224,178000
1026439200,198.16999817,198.16999817,198.16999817,198.16999817,202.55645325357457,207.96926977945816,220.13335197643713,134000
1026698400,197.36999512,197.36999512,197.36999512,197.36999512,202.3712226059469,207.7337303425813,219.906850913189,383000
1026784800,196.8500061,196.8500061,196.8500061,196.8500061,202.1740363021631,207.49186980385727,219.67742957176424,136000
1026871200,194.30000305,194.30000305,194.30000305,194.30000305,201.89282082887155,207.1987172093271,219.42491786508,150000
1026957600,192.41999817,192.41999817,192.41999817,192.41999817,201.55450573391184,206.87030123067538,219.15621219647224,126000
1027044000,191.25,191.25,191.25,191.25,201.1864876719864,206.52318342554926,218.8785384432735,126000
1027303200,193.36000061,193.36000061,193.36000061,193.36000061,200.90697027691547,206.23066825187038,218.62462264393744,434000
1027389600,196.8500061,196.8500061,196.8500061,196.8500061,200.76207869916848,206.02220909293993,218.40795979275399,154000
1027476000,197.41999817,197.41999817,197.41999817,197.41999817,200.6427186802696,205.83104885020794,218.1991243537216,304000
1027562400,194.49000549,194.49000549,194.49000549,194.49000549,200.42297892347426,205.57902566442553,217.9632127232368,216000
1027648800,195.78999329,195.78999329,195.78999329,195.78999329,200.25751515085017,205.3614916116605,217.74258367414987,117000
1027908000,195.16000366,195.16000366,195.16000366,195.16000366,200.0754611690341,205.13479187940138,217.51788138545186,132000
1027994400,196.94000244,196.94000244,196.94000244,196.94000244,199.96348050014004,204.95268544741467,217.31312637106925,106000
1028080800,197.57000732,197.57000732,197.57000732,197.57000732,199.87799931513504,204.7886259334721,217.11667742528746,289000
1028167200,197.11999512,197.11999512,197.11999512,197.11999512,199.77949916530878,204.61821191539494,216.91770546205078,75000
1028253600,195.05999756,195.05999756,195.05999756,195.05999756,199.61094553654775,204.40580715194173,216.7002158311846,202000
1028512800,193.66999817,193.66999817,193.66999817,193.66999817,199.39876884488532,204.1672336190097,216.47105943654594,155000
1028599200,194.33999634,194.33999634,194.33999634,194.33999634,199.21809839828228,203.94885056836503,216.25084985349574,117000
1028685600,194.05999756,194.05999756,194.05999756,194.05999756,199.03388051120078,203.72909827929024,216.03004535306295,107000
1028772000,193.38999939,193.38999939,193.38999939,193.38999939,198.83231332830076,203.4993405261949,215.80477126387825,110000
1028858400,192.49000549,192.49000549,192.49000549,192.49000549,198.60580233407572,203.2546886365017,215.5727835447352,151000
1029117600,191.52999878,191.52999878,191.52999878,191.52999878,198.3530950642873,202.9941399730239,215.33355185553384,116000
1029204000,189.77999878,189.77999878,189.77999878,189.77999878,198.04691305413417,202.7004923909567,215.07928764582704,159000
1029290400,188.72999573,188.72999573,188.72999573,188.72999573,197.71416600684367,202.39003690960212,214.81710563671433,139000
1029376800,189.55000305,189.55000305,189.55000305,189.55000305,197.42258875838496,202.10470282383318,214.56569168062762,185000
1029463200,191.66999817,191.66999817,191.66999817,191.66999817,197.21713909451407,201.87282049819245,214.33787383475072,105000
1029722400,192.66999817,192.66999817,192.66999817,192.66999817,197.05474120435287,201.66831333534373,214.12227308186763,136000
1029808800,190.96000671,190.96000671,190.96000671,190.96000671,196.83707211526882,201.43035096589165,213.89180276970976,110000
1029895200,190.8999939,190.8999939,190.8999939,190.8999939,196.62503360758066,201.19634303109405,213.6630285521007,184000
1029981600,190.94999695,190.94999695,190.94999695,190.94999695,196.4223537269528,200.9686464515142,213.43702823765196,180000
1030068000,190.21000671,190.21000671,190.21000671,190.21000671,196.20048419063306,200.72956556836942,213.20591359558577,169000
1030327200,189.97000122,189.97000122,189.97000122,189.97000122,195.97796694168187,200.49046413840566,212.974710487371,134000
1030413600,189.32000732,189.32000732,189.32000732,189.32000732,195.74018266947894,200.2422317646633,212.73934030660115,138000
1030500000,190.53999329,190.53999329,190.53999329,190.53999329,195.55446162021184,200.02662646522634,212.51845128156035,125000
1030586400,191.27999878,191.27999878,191.27999878,191.27999878,195.4018022330614,199.8322569611102,212.30712339597267,170000
1030672800,191.66000366,191.66000366,191.66000366,191.66000366,195.2681665697378,199.65065133219665,212.1016794185003,182000
1031018400,191.42999268,191.42999268,191.42999268,191.42999268,195.13108893081858,199.4679700288145,211.8959909932416,88000
1031104800,190.58999634,190.58999634,190.58999634,190.58999634,194.96890705257505,199.27068172461864,211.6839910464432,172000
1031191200,190.53999329,190.53999329,190.53999329,190.53999329,194.81073156105452,199.07666642607157,211.47360300906564,117000
1031277600,190.44999695,190.44999695,190.44999695,190.44999695,194.65499103923116,198.88496265993663,211.2644128990252,92000
1031536800,190.21000671,190.21000671,190.21000671,190.21000671,194.4962415989015,198.69218586104915,211.05491632002992,113000
1031623200,189.86000061,189.86000061,189.86000061,189.86000061,194.3306615635836,198.4959150776925,210.84402163634803,95000
1031709600,189.3999939,189.3999939,189.3999939,189.3999939,194.15456628988417,198.293783495966,210.6306482260361,202000
1031796000,189.13999939,189.13999939,189.13999939,189.13999939,193.9754746148883,198.09036607138898,210.416810924185,156000
1031882400,188.72000122,188.72000122,188.72000122,188.72000122,193.78777913649944,197.88213574135813,210.200922270412,127000
1032141600,188.66000366,188.66000366,188.66000366,188.66000366,193.60464429805302,197.6771994728835,209.98658477180095,184000
1032228000,186.86999512,186.86999512,186.86999512,186.86999512,193.36412111312256,197.43703937615277,209.7565689543701,152000
1032314400,185,185,185,185,193.06540250193962,197.16066072334937,209.51023493492363,129000
1032400800,184.69000244,184.69000244,184.69000244,184.69000244,192.76628107115607,196.8835349837194,209.26326744741195,121000
1032487200,183.83000183,183.83000183,183.83000183,183.83000183,192.4471282411148,196.5934564691923,209.0102001278357,158000
1032746400,182.33000183,182.33000183,182.33000183,182.33000183,192.0858022978607,196.27649081054358,208.744725517907,148000
1032832800,179.92999268,179.92999268,179.92999268,179.92999268,191.65166624007998,195.9132352965315,208.45801175832582,117000
1032919200,181.66000366,181.66000366,181.66000366,181.66000366,191.29482114793427,195.5964968157197,208.1913649115763,144000
1033005600,183.66999817,183.66999817,183.66999817,183.66999817,191.02250604157948,195.33146351248146,207.94737121265516,177000
1033092000,182.61999512,182.61999512,182.61999512,182.61999512,190.72241636580878,195.048986437093,207.69535752019092,123000
1033351200,182.13000488,182.13000488,182.13000488,182.13000488,190.4155445270299,194.7618979580465,207.44097590188056,86000
1033437600,182.97000122,182.97000122,182.97000122,182.97000122,190.14963226606454,194.49985580831213,207.1974836164887,77000
1033524000,182.83999634,182.83999634,182.83999634,182.83999634,189.88857384013366,194.2407478201274,206.95512055901122,68000
1033610400,183.3999939,183.3999939,183.3999939,183.3999939,189.65683884227175,193.9998421774579,206.7207411892698,108000
1033696800,182.49000549,182.49000549,182.49000549,182.49000549,189.40088050826205,193.74406802884772,206.47963934151588,72000
1033956000,181.71000671,181.71000671,181.71000671,181.71000671,189.12620644403842,193.47664444398444,206.23317533523215,121000
1034042400,180.02000427,180.02000427,180.02000427,180.02000427,188.80098493782276,193.17760799567367,205.97234776244377,141000
1034128800,178.8500061,178.8500061,178.8500061,178.8500061,188.44559283647195,192.85921684243647,205.7024737160513,134000
1034215200,179.1000061,179.1000061,179.1000061,179.1000061,188.11182188159796,192.55345660371566,205.43777254574232,539000
1034301600,179.33000183,179.33000183,179.33000183,179.33000183,187.79818545118374,192.25960205318864,205.17799373265035,36000
1034560800,180.1000061,180.1000061,180.1000061,180.1000061,187.52325047435576,191.98938880978446,204.9284615174001,109000
1034647200,180.63000488,180.63000488,180.63000488,180.63000488,187.2770631317002,191.73695805578924,204.68668582946577,132000
1034733600,180.13000488,180.13000488,180.13000488,180.13000488,187.02181105128233,191.47902576299393,204.44234074539148,73000
1034820000,179.66000366,179.66000366,179.66000366,179.66000366,186.75888935873652,191.21638082737184,204.19575032663136,91000
1034906400,178.63999939,178.63999939,178.63999939,178.63999939,186.4689290027102,190.93690568431913,203.9414642476599,160000
1035165600,178.66000366,178.66000366,178.66000366,178.66000366,186.19003881189914,190.66408563933425,203.68990742589213,87000
1035252000,179.38999939,179.38999939,179.38999939,179.38999939,185.94718026111704,190.41355038934904,203.44811729618175,102000
1035338400,179.1000061,179.1000061,179.1000061,179.1000061,185.70263832679143,190.16213829403017,203.20584753303567,72000
1035424800,178.94000244,178.94000244,178.94000244,178.94000244,185.46111561654888,189.91275749727396,202.9643963380801,91000
1035511200,178.80999756,178.80999756,178.80999756,178.80999756,185.22357568595785,189.66602949866788,202.72405406168127,69000
1035770400,178.80000305,178.80000305,178.80000305,178.80000305,184.99416237753078,189.42456224425305,202.48600380285856,105000
1035856800,177.91999817,177.91999817,177.91999817,177.91999817,184.74151365583324,189.1689052648252,202.24156593586494,101000
1035943200,177.61000061,177.61000061,177.61000061,177.61000061,184.4868167613392,188.9120407169402,201.99647573361753,56000
1036029600,177.61000061,177.61000061,177.61000061,177.61000061,184.24121618450567,188.6608842701193,201.7538242398502,54000
1036116000,177.3500061,177.3500061,177.3500061,177.3500061,183.99510153863048,188.40953142189443,201.51100017875714,78000
1036375200,176.57000732,176.57000732,176.57000732,176.57000732,183.72991960225082,188.14643088629677,201.26283109558543,387000
1036461600,175.02000427,175.02000427,175.02000427,175.02000427,183.41885119752757,187.85473251704573,201.0017084406045,288000
1036548000,174.83999634,174.83999634,174.83999634,174.83999634,183.11246352404444,187.56551615755583,200.74139289731488,57000
1036634400,174.61999512,174.61999512,174.61999512,174.61999512,182.80916108104284,187.27783791227682,200.48147849157044,97000
1036720800,174.88000488,174.88000488,174.88000488,174.88000488,182.5259769310056,187.00233051155956,200.22673746060954,65000
1036980000,175.19000244,175.19000244,175.19000244,175.19000244,182.26397784204113,186.73983433219158,199.97761571911093,60000
1037066400,175.27000427,175.27000427,175.27000427,175.27000427,182.0141930716111,186.48494921969842,199.73176883902028,58000
1037152800,175.63000488,175.63000488,175.63000488,175.63000488,181.78618635048213,186.2437282343718,199.49195029216435,65000
1037239200,175.41999817,175.41999817,175.41999817,175.41999817,181.5588224868935,186.00320089960798,199.25242838050102,92000
1037325600,175.77000427,175.77000427,175.77000427,175.77000427,181.35207897914728,185.77579653006114,199.0187724192025,91000
1037584800,175.72999573,175.72999573,175.72999573,175.72999573,181.15129029167773,185.552556512282,198.78704329791688,76000
1037671200,175.53999329,175.53999329,175.53999329,175.53999329,180.95088682733208,185.3300551073424,198.55572936748985,74000
1037757600,176.08000183,176.08000183,176.08000183,176.08000183,180.77692664885595,185.1244983678459,198.33209028751483,51000
1037844000,176.47000122,176.47000122,176.47000122,176.47000122,180.62310788353966,184.93217620900487,198.11455706296243,104000
1037930400,175.24000549,175.24000549,175.24000549,175.24000549,180.43085422662753,184.71679463747142,197.8869495846245,64000
1038189600,176.47000122,176.47000122,176.47000122,176.47000122,180.28939519067654,184.5335325615276,197.67384562079738,55000
1038276000,176.5,176.5,176.5,176.5,180.15405964815238,184.3550096157159,197.46316058974466,99000
1038362400,176.44000244,176.44000244,176.44000244,176.44000244,180.02141474786123,184.17912056736665,197.25397493651337,80000
1038448800,177.25,177.25,177.25,177.25,179.92243564972333,184.02514011031406,197.0549304097819,89000
1038535200,177.86999512,177.86999512,177.86999512,177.86999512,179.84913420223322,183.8883591105293,196.86403553127658,109000
1038794400,179.27000427,179.27000427,179.27000427,179.27000427,179.82845099036774,183.785729002962,196.68897054360218,236000
1038880800,183.55999756,183.55999756,183.55999756,183.55999756,179.96172051071176,183.78071274867395,196.55833399650166,90000
1038967200,187.21000671,187.21000671,187.21000671,187.21000671,180.22058787497204,183.85691928114787,196.46531581454641,192000
1039053600,186.83000183,186.83000183,186.83000183,186.83000183,180.4566383733659,183.92298778223346,196.3694420435559,236000
1039140000,184.55000305,184.55000305,184.55000305,184.55000305,180.60282996895998,183.9369214548505,196.25183568541107,279000
1039399200,183.61999512,183.61999512,183.61999512,183.61999512,180.71058586721142,183.9298786474094,196.12614572953632,125000
1039485600,184.75,184.75,184.75,184.75,180.85485065766815,183.94810356635585,196.01295024964043,74000
1039572000,184.33999634,184.33999634,184.33999634,184.33999634,180.97932014632286,183.95681229465904,195.89680145451962,103000
1039658400,183.69000244,183.69000244,183.69000244,183.69000244,181.0761302282399,183.95088318677773,195.775340767808,68000
1039744800,184.1499939,184.1499939,184.1499939,184.1499939,181.1859110736599,183.9553078692938,195.65966567459597,101000
1040004000,184.74000549,184.74000549,184.74000549,184.74000549,181.31284301710062,183.9727455941984,195.55101233942585,107000
1040090400,185.36999512,185.36999512,185.36999512,185.36999512,181.45774130648988,184.00379558366063,195.4497086855012,208000
1040176800,185.96000671,185.96000671,185.96000671,185.96000671,181.61853649947238,184.04726694202373,195.3552837902226,170000
1040263200,186.17999268,186.17999268,186.17999268,186.17999268,181.78144564877695,184.0946608473121,195.26398736126515,140000
1040349600,184.94000244,184.94000244,184.94000244,184.94000244,181.8942512484635,184.11344621603848,195.16126114314312,116000
1040608800,184.22999573,184.22999573,184.22999573,184.22999573,181.97767069423264,184.11603620523763,195.0524923330621,148000
1040695200,184.17999268,184.17999268,184.17999268,184.17999268,182.0563250508672,184.11745746023234,194.94430825691222,148000
1040781600,184.13999939,184.13999939,184.13999939,184.13999939,182.1307419915505,184.11795839200497,194.8368026960474,113000
1040868000,183.77999878,183.77999878,183.77999878,183.77999878,182.18964401970942,184.11044817840485,194.726784746634,107000
1040954400,183.05000305,183.05000305,183.05000305,183.05000305,182.22037112793407,184.08688273110695,194.61059786408043,81000
1041213600,182.6499939,182.6499939,182.6499939,182.6499939,182.235714798365,184.05495186819346,194.4915868793632,124000
1041300000,183.33000183,183.33000183,183.33000183,183.33000183,182.27479647806624,184.0388418673447,194.38052633160837,66000
1041472800,183.41000366,183.41000366,183.41000366,183.41000366,182.31533959170673,184.02486768495928,194.2713669020401,30000
1041559200,182.38999939,182.38999939,182.38999939,182.38999939,182.31800601307435,183.98853727840464,194.15314433973126,58000
1041818400,181.75999451,181.75999451,181.75999451,181.75999451,182.2980770308217,183.93901410577342,194.02982941605234,52000
1041904800,180.63000488,180.63000488,180.63000488,180.63000488,182.23850302543522,183.8654805674229,193.89649782862892,77000
1041991200,179.78999329,179.78999329,179.78999329,179.78999329,182.15105624916967,183.77491418348018,193.75613459938884,43000
1042077600,178.92999268,178.92999268,178.92999268,178.92999268,182.03601826455647,183.66724926118061,193.60861079919593,57000
1042164000,178.66999817,178.66999817,178.66999817,178.66999817,181.91580326117946,183.55619923693214,193.45996788746262,62000
1042423200,178.02999878,178.02999878,178.02999878,178.02999878,181.77702452970877,183.43339478233366,193.3064358565426,80000
1042509600,177.30999756,177.30999756,177.30999756,177.30999756,181.61748785221917,183.297319288504,193.1472673162785,39000
1042596000,176.42999268,176.42999268,176.42999268,176.42999268,181.43222016749706,183.14471203053725,192.98092627512148,73000
1042682400,173.11000061,173.11000061,173.11000061,173.11000061,181.1349980404436,182.9217184434142,192.78320562173718,194000
1042768800,173.05000305,173.05000305,173.05000305,173.05000305,180.84624821935634,182.7023469902272,192.58685534739155,63000
1043028000,171.3999939,171.3999939,171.3999939,171.3999939,180.50888199366506,182.45118358822214,192.37604080562645,66000
1043114400,171.36000061,171.36000061,171.36000061,171.36000061,180.18213622996274,182.20471285537275,192.16692597780926,71000
1043200800,170.55000305,170.55000305,170.55000305,170.55000305,179.8381314735355,181.94571930414224,191.95183221733353,93000
1043287200,172.02999878,172.02999878,172.02999878,172.02999878,179.55926959162352,181.7253699591613,191.7536050189521,87000
1043373600,172.66000366,172.66000366,172.66000366,172.66000366,179.31286723692267,181.5239173747355,191.56361893577844,67000
1043632800,172.30000305,172.30000305,172.30000305,172.30000305,179.06240780167542,181.3189415008525,191.3719411657707,316000
1043719200,172.38000488,172.38000488,172.38000488,172.38000488,178.82375055447272,181.12029846483355,191.182966675365,89000
1043805600,172.38000488,172.38000488,172.38000488,172.38000488,178.59361678038442,180.92606971850392,190.99587252814746,99000
1043892000,172.38000488,172.38000488,172.38000488,172.38000488,178.3717020696564,180.73615716653717,190.81064001423553,150000
1044496800,172.38000488,172.38000488,172.38000488,172.38000488,178.15771288431154,180.550464893503,190.62725060991477,97000
1044583200,172.38000488,172.38000488,172.38000488,172.38000488,177.95136616987185,180.36889911542517,190.44568597578626,84000
1044842400,170.94000244,170.94000244,170.94000244,170.94000244,177.70096032237643,180.1593680781935,190.25159957244512,97000
1044928800,167.58999634,167.58999634,167.58999634,167.58999634,177.339854465863,179.88004870623365,190.02611098306755,142000
1045015200,163.91000366,163.91000366,163.91000366,163.91000366,176.86021693708219,179.52515881631734,189.7662492186589,195000
1045101600,167.07000732,167.07000732,167.07000732,167.07000732,176.51056659361495,179.24837767195473,189.54041596593595,100000
1045188000,168.72999573,168.72999573,168.72999573,168.72999573,176.23268906277156,179.0146358510224,189.33334710786693,85000
1045447200,168.49000549,168.49000549,168.49000549,168.49000549,175.9561646494583,178.78075517633303,189.1259506738583,78000
1045533600,167.22999573,167.22999573,167.22999573,167.22999573,175.64451575947763,178.52407163308118,188.90808047541196,73000
1045620000,166.30999756,166.30999756,166.30999756,166.30999756,175.31114010949628,178.25264776479048,188.68322392898995,107000
1045706400,165.99000549,165.99000549,165.99000549,165.99000549,174.97824244451428,177.98014460312848,188.45742076044277,83000
1045792800,164.61999512,164.61999512,164.61999512,164.61999512,174.60830504006734,177.6832523923923,188.2202324456125,103000
1046052000,165.47999573,165.47999573,165.47999573,165.47999573,174.2822939932792,177.4120689110058,187.99396143351686,90000
1046138400,165.28999329,165.28999329,165.28999329,165.28999329,173.96114039673353,177.14268945276123,187.76805130273559,101000
1046224800,164.71000671,164.71000671,164.71000671,164.71000671,173.63074276506447,176.8664076140332,187.53861802320588,45000
1046311200,164.69000244,164.69000244,164.69000244,164.69000244,173.31143061059788,176.595820832388,187.31126861441777,73000
1046397600,164.61000061,164.61000061,164.61000061,164.61000061,173.00066525343368,176.3294692718905,187.0853853506922,80000
1046656800,165.58000183,165.58000183,165.58000183,165.58000183,172.73564155973963,176.09059221762627,186.87140143506343,101000
1046743200,164.91000366,164.91000366,164.91000366,164.91000366,172.4561544918918,175.84213469412347,186.65288006416728,98000
1046829600,164.33999634,164.33999634,164.33999634,164.33999634,172.1662917007528,175.5865316195874,186.43086132064323,102000
1046916000,164.27999878,164.27999878,164.27999878,164.27999878,171.8846383821545,175.33527533426323,186.210454728199,131000
1047002400,164.02000427,164.02000427,164.02000427,164.02000427,171.6037585924347,175.0838248661685,185.98965422612739,77000
1047261600,163.57000732,163.57000732,163.57000732,163.57000732,171.31683890413348,174.82796225403143,185.76657316238482,83000
1047348000,162.86000061,162.86000061,162.86000061,162.86000061,171.01480896505728,174.56200755083074,185.5386470673362,78000
1047434400,162.11000061,162.11000061,162.11000061,162.11000061,170.6967800952338,174.28529628547895,185.3055262070642,154000
1047520800,161.63000488,161.63000488,161.63000488,161.63000488,170.37296669468975,174.0040675875794,185.06994888042672,141000
1047607200,161.30000305,161.30000305,161.30000305,161.30000305,170.04893227880797,173.72175504229986,184.83343200649213,65000
1047866400,160.69999695,160.69999695,160.69999695,160.69999695,169.71504173135054,173.43238264024876,184.59329832433798,89000
1047952800,157.83000183,157.83000183,157.83000183,157.83000183,169.29057602058802,173.0856630666877,184.32699686668286,92000
1048039200,157.94999695,157.94999695,157.94999695,157.94999695,168.8855553394956,172.7493149307613,184.0645391560691,80000
1048125600,156.13999939,156.13999939,156.13999939,156.13999939,168.4303569127279,172.38021902985548,183.78668303899377,92000
1048212000,155.24000549,155.24000549,155.24000549,155.24000549,167.95927293334475,171.99932539563648,183.50263649621772,176000
1048471200,153.94000244,153.94000244,153.94000244,153.94000244,167.45858470143958,171.59800710773345,183.20848093346927,120000
1048557600,153.07000732,153.07000732,153.07000732,153.07000732,166.94470693781673,171.18627377911716,182.90859562388252,299000
1048644000,152.36000061,152.36000061,152.36000061,152.36000061,166.42382456896613,170.76791215313676,182.6046295043414,136000
1048730400,151.96000671,151.96000671,151.96000671,151.96000671,165.90725964543162,170.34995869884483,182.29970788449722,123000
1048816800,150.52999878,150.52999878,150.52999878,150.52999878,165.3580717573805,169.9095151450927,181.98359137599476,147000
1049076000,145.41000366,145.41000366,145.41000366,145.41000366,164.64564075390263,169.3650815565351,181.61967508031321,122000
1049162400,139.63999939,139.63999939,139.63999939,139.63999939,163.75258213376324,168.70452417505655,181.2019668644892,231000
1049248800,144.92999268,144.92999268,144.92999268,144.92999268,163.08034679612885,168.17620125294417,180.8410516984744,243000
1049335200,149.17999268,149.17999268,149.17999268,149.17999268,162.58390557769567,167.75406328465652,180.52601628535524,250000
1049421600,150.22000122,150.22000122,150.22000122,150.22000122,162.14233756492084,167.3644174609975,180.22446389664523,267000
1049680800,149.38999939,149.38999939,149.38999939,149.38999939,161.68689691581653,166.96498594830865,179.9176533045393,122000
1049767200,147.13999939,147.13999939,147.13999939,147.13999939,161.16736486132308,166.52443069145735,179.5915074944444,95000
1049853600,146.49000549,146.49000549,146.49000549,146.49000549,160.6431734552044,166.07922124253608,179.26213931529568,85000
1049940000,147.66000366,147.66000366,147.66000366,147.66000366,160.17948881966137,165.6699052962575,178.94769020429771,166000
1050026400,149.27000427,149.27000427,149.27000427,149.27000427,159.78986437145917,165.30546305122957,178.65238984674252,133000
1050285600,149.02000427,149.02000427,149.02000427,149.02000427,159.40522651069278,164.94356396720224,178.35754023901373,107000
1050372000,148.69000244,148.69000244,148.69000244,148.69000244,159.02253993673946,164.58237371104218,178.06234085792903,112000
1050458400,148.77999878,148.77999878,148.77999878,148.77999878,158.65673489542735,164.23120982368567,177.77097427008894,126000
1050544800,150.66999817,150.66999817,150.66999817,150.66999817,158.37149429809065,163.92984956471489,177.50131281635672,233000
1050631200,152.16999817,152.16999817,152.16999817,152.16999817,158.150012293516,163.66851953372122,177.2492599343034,113000
1050890400,151.97000122,151.97000122,151.97000122,151.97000122,157.929297612319,163.40855246008297,176.99772502172328,190000
1050976800,151.96000671,151.96000671,151.96000671,151.96000671,157.7161086515219,163.15414033230334,176.7485934962335,378000
1051063200,152.58000183,152.58000183,152.58000183,152.58000183,157.53267626503896,162.9191594766966,176.50810999706698,114000
1051149600,152.97999573,152.97999573,152.97999573,152.97999573,157.3700805316447,162.69828917121444,176.27399940734492,96000
1051236000,152.96000671,152.96000671,152.96000671,152.96000671,157.21257789515738,162.48188289429856,176.04201938050565,182000
1051495200,152.75,152.75,152.75,152.75,157.05320011318747,162.2656188299808,175.81025799363493,129000
1051581600,152.53999329,152.53999329,152.53999329,152.53999329,156.8920141552165,162.04949381798124,175.5787130712107,103000
1052100000,152.21000671,152.21000671,152.21000671,152.21000671,156.7247996036016,161.83083854891498,175.34618862980562,318000
1052186400,153.28999329,153.28999329,153.28999329,153.28999329,156.6021279495444,161.64104198760577,175.1267239995588,110000
1052272800,154.82000732,154.82000732,154.82000732,154.82000732,156.53848078420353,161.48946343943675,174.92466711717515,182000
1052359200,155.91999817,155.91999817,155.91999817,155.91999817,156.51639211941054,161.36569754456036,174.73556593362116,170000
1052445600,156.57000732,156.57000732,156.57000732,156.57000732,156.51830694800302,161.25912665068125,174.55481410661994,135000
1052704800,157.88999939,157.88999939,157.88999939,157.88999939,156.5672959637886,161.18425715599946,174.3889950547133,180000
1052791200,158.53999329,158.53999329,158.53999329,158.53999329,156.63774943972473,161.12549573675503,174.23129354461665,183000
1052877600,157.3999939,157.3999939,157.3999939,157.3999939,156.66497245616313,161.04270680704937,174.06381792626226,211000
1052964000,155.66999817,155.66999817,155.66999817,155.66999817,156.62943766022872,160.92331328178162,173.8807948441104,192000
1053050400,155.80000305,155.80000305,155.80000305,155.80000305,156.5998149955777,160.80946194329758,173.7008864680496,217000
1053309600,154.17999268,154.17999268,154.17999268,154.17999268,156.51339277002137,160.6621404041132,173.50664871891476,115000
1053396000,153.8999939,154.17999268,153.8999939,154.17999268,156.4300570525206,160.51809267691067,173.31434368370168,102000
1053482400,154.3999939,154.3999939,153.36000061,153.36000061,156.32041217957342,160.35902396431266,173.11579300635142,91000
1053568800,152.91999817,153.17999268,152.91999817,153.17999268,156.20825434030294,160.19948993577236,172.91742683394992,119000
1053655200,153.32000732,153.32000732,152.91999817,152.91999817,156.09081661993497,160.03772345208853,172.71844744425889,115000
1053914400,153.33000183,153.33000183,152.77999878,152.77999878,155.97257312565156,159.87644068159767,172.52005492023642,132000
1054000800,152.80999756,152.80999756,152.55999756,152.55999756,155.8506954268783,159.7138530566733,172.32144738431367,139000
1054087200,153.03999329,153.03999329,152.74000549,152.74000549,155.73959935770407,159.55887866630277,172.1266071664598,105000
1054173600,152.74000549,152.74000549,152.32000732,152.32000732,155.6174710706432,159.39801485860716,171.92952657097263,136000
1054260000,152.47999573,152.47999573,152.24000549,152.24000549,155.49684729990594,159.23894798374923,171.73361093832614,131000
1054519200,151.44999695,151.66000366,151.44999695,151.66000366,155.3598171699093,159.070526998777,171.53387355247216,107000
1054605600,151.69000244,151.69000244,151.6000061,151.6000061,155.2255382031268,158.90451542324863,171.33552661264656,108000
1054692000,151.63000488,151.63000488,151.61000061,151.61000061,155.09641186051513,158.74241509406534,171.13925272207297,37000
1054778400,150.78999329,151.69000244,150.78999329,151.69000244,154.97475438121103,158.5856948128639,170.9457278436444,81000
1054864800,151.47000122,151.82000732,151.47000122,151.82000732,154.86208484331064,158.43534620191136,170.75542216679221,116000
1055124000,152.49000549,152.49000549,152.3500061,152.3500061,154.77236774533526,158.3001164218689,170.57228369846592,85000
1055210400,152.19999695,152.22999573,152.19999695,152.22999573,154.68156874478757,158.16522485093847,170.3897733704215,132000
1055296800,152.21000671,152.25,152.21000671,152.25,154.5947270039023,158.0337754098065,170.20927811300436,128000
1055383200,152.42999268,152.42999268,152.3999939,152.3999939,154.51634367876295,157.90858026514414,170.03207130491475,88000
1055469600,152.58999634,152.58999634,152.19999695,152.19999695,154.43361700987856,157.78172285814094,169.85463772924396,70000
1055728800,151.99000549,151.99000549,151.97000122,151.97000122,154.34563073166862,157.65257348840447,169.67668114706242,309000
1055815200,151.86999512,151.86999512,151.66999817,151.66999817,154.25007242589473,157.5196273702177,169.49751017216627,202000
1055901600,151.61999512,151.72999573,151.61999512,151.72999573,154.16006968675563,157.39096888932397,169.32071898368702,152000
1055988000,151.97000122,152.02000427,151.97000122,152.02000427,154.08363877901436,157.27161412000567,169.14857256862544,110000
1056074400,152.42999268,152.42999268,152.42999268,152.42999268,154.02457998976385,157.16402253245,168.9822185398829,126000
1056333600,152.24000549,152.24000549,151.58999634,151.58999634,153.93763057370086,157.0401552837289,168.80916160257064,172000
1056420000,151.80000305,152.00999451,151.80000305,152.00999451,153.86878642856868,156.92837393320158,168.64200571110229,41000
1056506400,152.21000671,152.63999939,152.21000671,152.63999939,153.82490117719124,156.83307672113042,168.48278176760874,42000
1056592800,152.3999939,152.3999939,151.88000488,151.88000488,153.75544059514868,156.72300845799418,168.31758000753302,118000
1056679200,152.16999817,152.16999817,152,152,153.69274628817908,156.6180527144832,168.15521602735856,77000
1056938400,151.71000671,152.27000427,151.71000671,152.27000427,153.6419340732441,156.5214294157169,167.99715421882763,671000
1057024800,152.28999329,152.61999512,152.28999329,152.61999512,153.60543625348538,156.43473087581208,167.84414766063034,95000
1057111200,154.13999939,154.13999939,151.67999268,151.67999268,153.5366704115752,156.32907002701626,167.683310297639,252000
1057197600,151.55999756,151.83999634,151.55999756,151.83999634,153.47607490901893,156.22931283397145,167.5256653826376,57000
1057284000,152.1499939,152.17999268,152.1499939,152.17999268,153.42978625798256,156.13932794166098,167.37297212191484,40000
1057543200,152.08000183,152.17999268,152.08000183,152.17999268,153.38515077305462,156.05134271362408,167.22179819711968,113000
1057629600,151.83999634,152.25999451,151.83999634,152.25999451,153.34496662080267,155.96709053132133,167.07292452859113,55000
1057716000,152.22000122,152.22000122,151.1000061,151.1000061,153.26478945934542,155.8589330995142,166.91399001686386,55000
1057802400,151.33000183,151.33000183,151.19999695,151.19999695,153.19104686972594,155.75540118508053,166.75763187689506,60000
1057888800,151.66000366,151.66000366,151.22000122,151.22000122,153.12065238223573,155.65461451918986,166.6030285867767,43000
1058148000,151.47999573,151.47999573,150.80999756,150.80999756,153.0381289957273,155.5469563645412,166.44588399944558,26000
1058234400,150.6000061,150.6000061,150.58999634,150.58999634,152.9506956865942,155.43680169732917,166.28811397298344,94000
1058320800,150.75999451,150.75999451,150.67999268,150.67999268,152.8695991506444,155.3310948302774,166.13280928350102,47000
1058407200,150.6499939,150.6499939,150.27000427,150.27000427,152.77675647633566,155.21862615116012,165.97497042764527,49000
1058493600,150.75,150.75,150.33999634,150.33999634,152.6897293286094,155.11021215535658,165.81939854617616,48000
1058752800,150.11999512,150.11999512,149.92999268,149.92999268,152.59116730544477,154.99509616701533,165.6612950052192,43000
1058839200,149.74000549,149.74000549,149.19999695,149.19999695,152.4700540784646,154.86631618441498,165.4975009947195,46000
1058925600,149.27999878,149.63000488,149.27999878,149.63000488,152.36862374994803,154.74995371098353,165.3396154612397,36000
1059012000,150.07000732,150.07000732,149.86999512,149.86999512,152.27938701316418,154.64151018673945,165.1856888906801,23000
1059098400,149.91999817,149.91999817,149.28999329,149.28999329,152.1726229516226,154.52258758903415,165.0275227653002,24000
1059357600,148.77999878,148.80000305,148.77999878,148.80000305,152.05217224085035,154.39541904372228,164.86605490743653,53000
1059444000,148.69000244,148.69000244,148.02000427,148.02000427,151.90816624189142,154.25374315986178,164.6984325130342,543000
1059530400,147.91000366,147.91000366,147.27000427,147.27000427,151.74251760003816,154.0985489623093,164.5250153165861,76000
1059616800,147.13000488,147.13000488,146.32000732,146.32000732,151.54885651860823,153.9256924813691,164.34387095841112,728000
1059703200,144.99000549,144.99000549,144.88999939,144.88999939,151.31104019258652,153.7248993015609,164.1503000970339,50000
1059962400,144.55000305,144.55000305,143.88999939,143.88999939,151.04600302106556,153.50634597019288,163.9487050651231,122000
1060048800,143.19999695,143.42999268,143.19999695,143.42999268,150.7740026517418,153.2824270081886,163.74453877273382,564000
1060135200,143.16999817,143.16999817,142.66000366,142.66000366,150.4842169734653,153.0463731560066,163.5347424034529,48000
1060221600,142.16000366,142.16000366,142.11999512,142.11999512,150.18549476441297,152.80356475520645,163.32166034093098,126000
1060308000,141.55000305,141.55000305,140.96000671,140.96000671,149.85601304818394,152.54037457642409,163.09915632470282,81000
1060567200,141.25999451,141.66000366,141.25999451,141.66000366,149.56329842717736,152.29858855605912,162.88583142256647,45000
1060653600,141.80000305,141.8999939,141.80000305,141.8999939,149.28960897977817,152.06750867481335,162.67701711885934,70000
1060740000,140.99000549,141.88999939,140.99000549,141.88999939,149.02533720871466,151.8413418018175,162.47018112155726,88000
1060826400,141.92999268,142.72999573,141.92999268,142.72999573,148.80050358447485,151.638867444666,162.27376136641738,46000
1060912800,143.49000549,143.49000549,142.8999939,142.8999939,148.5897710957436,151.44467025478454,162.08098756078138,85000
1061172000,143.25,143.25,143,143,148.39013641375277,151.25701091578932,161.89112698803729,127000
1061258400,142.8999939,142.8999939,142.86999512,142.86999512,148.19298851040446,151.070632786994,161.70186199432547,39000
1061344800,142.63000488,142.63000488,142.25,142.25,147.98073892074717,150.8746187250608,161.5083111287103,63000
1061431200,142.16000366,142.46000671,142.16000366,142.46000671,147.78356991322048,150.68762734694835,161.31877576135994,57000
1061517600,142.55999756,142.55999756,142.1000061,142.1000061,147.58058549131974,150.49679131923838,161.12754422244095,76000
1061776800,142.00999451,142.25999451,142.00999451,142.25999451,147.39056438484403,150.3137513901442,160.93980740938184,941000
1061863200,142.42999268,142.42999268,142.24000549,142.24000549,147.2066158528853,150.13433481458546,160.75373972859197,234000
1061949600,142.82000732,142.82000732,142.67999268,142.67999268,147.04495073956798,149.96868276715023,160.5739014495015,117000
1062036000,142.32000732,142.32000732,142.1000061,142.1000061,146.86834557386914,149.793823285658,160.39008159527762,66000
1062122400,142.11000061,142.71000671,142.11000061,142.71000671,146.7198334715881,149.63640513953226,160.21416045214053,242000
1062554400,142.50999451,142.50999451,142.11000061,142.11000061,146.55519658367422,149.46915170554266,160.03401955818887,135000
1062640800,142.25,142.25,142.05000305,142.05000305,146.39429681461442,149.3042817354195,159.85507412029645,61000
1062727200,141.96000671,141.96000671,141.80000305,141.80000305,146.23021489444963,149.1375199868546,159.67542167183578,76000
1062986400,141.80000305,141.80000305,141.50999451,141.50999451,146.06163559500501,148.9680194207023,159.49467115281254,65000
1063072800,141.44000244,141.72999573,141.44000244,141.72999573,145.90693417125485,148.8071744497978,159.31790821328207,74000
1063159200,141.61000061,141.61000061,141.5,141.5,145.7495436651386,148.64479279535786,159.14061559424442,113000
1063245600,141.3999939,141.3999939,141.3999939,141.3999939,145.59420260209794,148.4837972643499,158.9640919952967,47000
1063332000,140.52999878,140.91000366,140.52999878,140.91000366,145.42690978273728,148.31549073980878,158.78444932529376,51000
1063591200,140.61999512,140.61999512,140.17999268,140.17999268,145.23951988621096,148.13470189403526,158.5993303536988,303000
1063677600,140,140.05999756,140,140.05999756,145.05453694598913,147.9552640199456,158.41485938062718,198000
1063764000,139.94999695,140.33000183,139.94999695,140.33000183,144.88580354898951,147.7858137490579,158.23491054927766,235000
1063850400,140.27000427,140.27000427,140.25999451,140.25999451,144.7205960833113,147.6185733215233,158.0560556633147,24000
1063936800,140.13999939,140.13999939,139.88999939,139.88999939,144.5480747728359,147.4468272341561,157.87529888447577,148000
1064196000,139.8500061,139.97000122,139.8500061,139.97000122,144.38457214594888,147.28067554495263,157.6971367186601,388000
1064282400,139.86000061,140,139.86000061,140,144.22798028359355,147.1188827550648,157.5210458060366,48000
1064368800,140.19000244,140.19000244,139.88000488,139.88000488,144.07269544775093,146.95801880228558,157.3455130605039,71000
1064455200,141.80000305,141.80000305,141.53999329,141.53999329,143.98224179925984,146.8376182353459,157.18824420706605,76000
1064541600,141.25,141.25,139.92999268,139.92999268,143.83751861642912,146.6841154452271,157.01652031127435,76000
1064800800,140.07000732,140.07000732,139.27000427,139.27000427,143.67439310405666,146.51935741911095,156.83993806210745,35000
1064887200,139.22000122,139.32000732,139.22000122,139.32000732,143.51887932605464,146.3593718613529,156.66561039303176,582000
1064973600,139.30999756,139.30999756,139.19000244,139.19000244,143.3642765801241,146.2000525408784,156.49172374673293,51000
1065060000,139.05999756,139.05999756,138.91999817,138.91999817,143.2055523511911,146.03827355485888,156.31688070616843,51000
1065146400,138.94000244,138.94000244,138.63000488,138.63000488,143.0421399415057,145.87364536208423,156.1408918919777,746000
1065405600,137.61000061,138.5,137.61000061,138.5,142.8799206578805,145.70978657626014,155.96536062937096,609000
1065492000,137.52000427,138.22000122,137.52000427,138.22000122,142.71349496367048,145.54334690167659,155.7887898889792,49000
1065578400,136.71000671,137.25,136.71000671,137.25,142.51837014353939,145.35905030386155,155.6043243179446,27000
1065664800,137.32000732,137.32000732,136.94999695,136.94999695,142.31949967234155,145.1721824515535,155.4187091202536,51000
1065751200,136.72000122,136.72000122,136.57000732,136.57000732,142.1141606597579,144.98102300418566,155.23115984860928,1085000
1066010400,136.52000427,136.52000427,136.11999512,136.11999512,141.90008331905227,144.78411127342596,155.04099900553854,747000
1066096800,135.94000244,135.94000244,135.61000061,135.61000061,141.67543750801468,144.58024214757205,154.84765573792123,430000
1066183200,135.72999573,135.72999573,135.49000549,135.49000549,141.45452922165703,144.3782368885149,154.65504230261854,85000
1066269600,135.41000366,135.41000366,134.82000732,134.82000732,141.21758201088358,144.16583178699233,154.45767877045319,389000
1066356000,134.13999939,134.46000671,134.13999939,134.46000671,140.97624003585202,143.9501467852814,154.2586969589064,54000
1066615200,134.19999695,134.19999695,134.08999634,134.08999634,140.73030276100016,143.73103233094182,154.05801337065859,756000
1066701600,134.05999756,134.05999756,133.69000244,133.69000244,140.4788634638216,143.50789833336532,153.85534659522915,59000
1066788000,133.1499939,133.1499939,132.72000122,132.72000122,140.20176124082798,143.26816728640165,153.64504465119703,156000
1066874400,132.44999695,132.44999695,131.16999817,131.16999817,139.87919827401268,142.99931908381495,153.42141234790154,272000
1066960800,130.91000366,130.91000366,130.8999939,130.8999939,139.55851240351222,142.7304451908413,153.197318632002,102000
1067220000,131.13999939,131.44000244,131.13999939,131.44000244,139.26856561910108,142.4795464630448,152.98082792362388,705000
1067306400,131.44000244,132.44000244,131.44000244,132.44000244,139.0246883627046,142.25644548475492,152.77644160040373,567000
1067392800,133.27000427,133.27000427,133.22000122,133.22000122,138.81737810760802,142.0556356122048,152.58185015383253,32000
1067479200,133.97000122,134.1000061,133.97000122,134.1000061,138.64890053590773,141.8788438452669,152.39795120802324,81000
1067565600,135,136.21000671,135,136.21000671,138.56179718498245,141.75286968670542,152.23687713341604,80000
1067824800,136.63999939,136.63999939,135.77999878,135.77999878,138.46244724194736,141.62013922211196,152.0731271000487,112000
1067911200,135.97000122,135.97000122,135.69999695,135.69999695,138.36378830294925,141.48858050495392,151.91021038213776,168000
1067997600,135.5,135.97000122,135.5,135.97000122,138.27829590712963,141.36594540973272,151.75160133574832,38000
1068084000,136.11999512,136.72999573,136.11999512,136.72999573,138.22299947223215,141.26292430573866,151.6021326232533,51000
1068170400,136.63000488,137.33000183,136.63000488,137.33000183,138.1911066992953,141.17552602850003,151.46012137157916,103000
1068429600,137.5,138.19000244,137.5,138.19000244,138.1910672614633,141.1091810598667,151.32808038718534,111000
1068516000,138.71000671,140.19000244,138.71000671,140.19000244,138.2624578035539,141.0887548683141,151.2172537409447,85000
1068602400,141.36000061,143.78999329,141.36000061,143.78999329,138.4598697852127,141.148782388796,151.14335065188058,652000
1068688800,147.88000488,149.58999634,147.88000488,149.58999634,138.85737430502653,141.33636492104498,151.12789439007082,237000
1068775200,156.02999878,156.02999878,155.72999573,155.72999573,139.459967927347,141.6562233834662,151.17368644320445,727000
1069034400,158.16999817,158.16999817,154.66999817,154.66999817,140.00318329315604,141.9454183787225,151.20847561461534,869000
1069120800,148.75999451,150.08999634,148.75999451,150.08999634,140.3634266162576,142.12640900008424,151.19734646760423,2018000
1069207200,148.53999329,152.05999756,148.53999329,152.05999756,140.78116129281983,142.3471554125268,151.2059300605634,196000
1069293600,153.3500061,155.30999756,153.3500061,155.30999756,141.30004830236197,142.63521857135953,151.24676655309509,269000
1069380000,158.02000427,159.97999573,158.02000427,159.97999573,141.96718928192047,143.02065806377377,151.33366435585035,359000
1069639200,163.08999634,163.30999756,163.08999634,163.30999756,142.72943243470903,143.471532274801,151.452831850419,505000
1069725600,166.03999329,166.03999329,165.3999939,165.3999939,143.5390953441837,143.95883142202766,151.59160958225561,742000
1069812000,163.55000305,163.55000305,161.61000061,161.61000061,144.18448481796284,144.3510796262048,151.69129506511874,359000
1069898400,161.67999268,162.91999817,161.67999268,162.91999817,144.85361029482132,144.76372226051137,151.80302345422203,258000
1069984800,164.5,164.5,163.86999512,163.86999512,145.53276689572056,145.18830610183335,151.92309282403076,242000
1070244000,164.75,164.86000061,164.75,164.86000061,146.2230252426591,145.6254548686815,152.0518182746374,744000
1070330400,164.66000366,164.66000366,164.49000549,164.49000549,146.87541739434985,146.04466710471078,152.1755813315067,267000
1070416800,164.21000671,164.21000671,164.05999756,164.05999756,147.48915240026594,146.44500778149498,152.29383422930263,233000
1070503200,164.11000061,164.11000061,163.6000061,163.6000061,148.0645400323993,146.82622996635064,152.40633345189664,941000
1070589600,163.69000244,163.69000244,162.47000122,162.47000122,148.57902078909933,147.17386932754286,152.50646944958922,743000
1070848800,161.63000488,161.63000488,161.00999451,161.00999451,149.02298413627435,147.4813387760419,152.59108163924506,712000
1070935200,161.13999939,161.8500061,161.13999939,161.8500061,149.48109206355025,147.80064249435208,152.6832102408446,1754000
1071021600,162.13999939,162.13999939,161.74000549,161.74000549,149.91891040020917,148.11040611647758,152.77332760650785,143000
1071108000,161.75,161.83999634,161.75,161.83999634,150.34466346948741,148.41550812144473,152.86354321579634,162000
1071194400,161.71000671,162.13999939,161.71000671,162.13999939,150.76592546664858,148.7204968163015,152.95584626230584,352000
1071453600,162.74000549,163.61000061,162.74000549,163.61000061,151.22464243605398,149.0513746783837,153.06185774835254,225000
1071540000,165.66999817,166.13999939,165.66999817,166.13999939,151.75733375583778,149.4311218941974,153.191988510956,315000
1071626400,169.72000122,169.72000122,168.74000549,168.74000549,152.36385774634357,149.86020819632634,153.34669514756342,507000
1071712800,170.36000061,170.36000061,168.69000244,168.69000244,152.94693434254557,150.278648068408,153.49936487186628,251000
1071799200,167.69000244,167.92999268,167.69000244,167.92999268,153.48204356888323,150.67090017088782,153.64295320826562,2724000
1072058400,168.5,168.5,167.11000061,167.11000061,153.96875632035167,151.0362135139792,153.77695367992467,1560000
1072144800,166.55000305,166.55000305,166.47000122,166.47000122,154.41522935248196,151.379186574113,153.90325266042294,428000
1072231200,166.77999878,166.77999878,166.41999817,166.41999817,154.84397109596475,151.71342683179938,154.02779739186153,412000
1072317600,166.57000732,166.57000732,166.47999573,166.47999573,155.25954340432315,152.04157280731496,154.15169986288777,632000
1072404000,166.5,166.5,166.02999878,166.02999878,155.64420252488304,152.35242671781907,154.26989189191377,93000
1072663200,165.97999573,165.97999573,165.57000732,165.57000732,155.99869555328007,152.64615073120086,154.38233085139723,136000
1072749600,165.82000732,166.05999756,165.82000732,166.05999756,156.3580277678058,152.94423621628528,154.49852654004005,336000
1072836000,166.32000732,166.94000244,166.32000732,166.94000244,156.73595543466988,153.25525324347893,154.62232232013915,381000
1073268000,167.69000244,169.16000366,167.69000244,169.16000366,157.1796714427174,153.60869214162383,154.7669758658094,241000
1073354400,170.77999878,170.77999878,170.25999451,170.25999451,157.64682583797747,153.9787210831433,154.92113525530382,282000
1073440800,170.83999634,171.16999817,170.83999634,171.16999817,158.12979627840684,154.36074946285123,155.08281548331075,169000
1073527200,171.78999329,171.78999329,171.6000061,171.6000061,158.61087520060659,154.74384405478787,155.2471656387007,469000
1073613600,171.44000244,173.27000427,171.44000244,173.27000427,159.13441552451349,155.1555365040148,155.42649736637532,463000
1073872800,173.46000671,174.13000488,173.46000671,174.13000488,159.66997228720942,155.57719135681447,155.6126019187497,176000
1073959200,174.6499939,175.16999817,174.6499939,175.16999817,160.22354464016624,156.01258706377413,155.80720287647358,277000
1074045600,178.72000122,178.72000122,176.3500061,176.3500061,160.79948969230315,156.4645297090236,156.01160887869773,563000
1074132000,176.16000366,177.58999634,176.16000366,177.58999634,161.39915064400662,156.9339845230453,156.22631920169576,1331000
1074218400,180.22999573,183.17999268,180.22999573,183.17999268,162.1770378595778,157.5172291487554,156.49451495769878,1079000
1075168800,190.88000488,191.86999512,190.88000488,191.86999512,163.2375006188786,158.28062394811639,156.84650978518437,1013000
1075255200,200.72999573,200.80000305,200.72999573,200.80000305,164.57901856284724,159.22549903926935,157.28385797687406,184000
1075341600,210.46000671,210.46000671,210.46000671,210.46000671,166.2176252823884,160.36404365417448,157.81297388466635,566000
1075428000,217.69999695,217.69999695,214.32000732,214.32000732,167.9355674980174,161.56306506897062,158.3752329238239,4187000
1075687200,213.25999451,213.25999451,207.13999939,207.13999939,169.33572577987394,162.57588583166014,158.86045448070126,736000
1075773600,200.69000244,200.69000244,199.55999756,199.55999756,170.41516405773558,163.39775498117882,159.26542505860473,860000
1075860000,200.02999878,208.25999451,200.02999878,208.25999451,171.76676514531644,164.39469363737484,159.75293321234997,675000
1075946400,217.8500061,217.8500061,215.33000183,215.33000183,173.32259502691227,165.52658937498873,160.30593887023704,1232000
1076032800,215.3500061,215.3500061,213.41999817,213.41999817,174.7546451391654,166.5908873482112,160.83443697272224,513000
1076292000,212.69999695,212.69999695,212.55000305,212.55000305,176.10447935026664,167.61220103047316,161.34901971975984,1311000
1076378400,212.49000549,213,212.49000549,213,177.42217651632856,168.62081878535153,161.86295982205078,572000
1076464800,212.77000427,212.80999756,212.77000427,212.80999756,178.68602726788825,169.60280053589926,162.36989552093584,504000
1076551200,212.99000549,213.75999451,212.99000549,213.75999451,179.93866895510652,170.5840715131015,162.88123978948374,589000
1076637600,215.8500061,217.1000061,215.8500061,217.1000061,181.26585956742414,171.6177589483659,163.42073000152868,1502000
1076896800,219.53999329,219.53999329,218.22000122,218.22000122,182.5856503407304,172.65336433218,163.96599638181198,523000
1076983200,214.19999695,219.05999756,214.19999695,219.05999756,183.88830559856146,173.68462284835377,164.51419539851037,1219000
1077069600,220.30999756,221.99000549,220.30999756,221.99000549,185.24908059468427,174.7580757959459,165.08609400638588,717000
1077156000,225.55999756,227.66999817,225.55999756,227.66999817,186.76411336523125,175.93389629314711,165.7088194209492,1136000
1077242400,233.83000183,235.30000305,233.83000183,235.30000305,188.49753799683015,177.25314310996606,166.40126900929795,2168000
1077501600,244.3500061,246.3500061,244.3500061,246.3500061,190.56369757194335,178.78862895418905,167.19677883109597,3116000
1077588000,256.36999512,256.36999512,255,255,192.86499408723108,180.4822149774293,168.07044272332388,2290000
1077674400,262.04000854,262.04000854,255.11000061,255.11000061,195.08803003447284,182.14061021370864,168.9365079759276,1993000
1077760800,252.52999878,252.52999878,250.63999939,250.63999939,197.07202894002737,183.66281886207068,169.74947803974922,1925000
1077847200,250.16999817,260.6000061,250.16999817,260.6000061,199.34088526716926,185.37253413402468,170.65346339358257,1444000
1078106400,271.44000244,271.45001221,271.44000244,271.45001221,201.91621122941322,187.28536698015745,171.6564141280743,1273000
1078192800,275.83999634,275.83999634,273.42999268,273.42999268,204.47027485264846,189.19969199570951,172.66908655147654,2256000
1078279200,269.77999878,269.85998535,269.77999878,269.85998535,206.8056216561253,190.9921429591382,173.63616017136235,1047000
1078365600,268.23999023,268.23999023,265.02999878,265.02999878,208.8850636962637,192.63742864404622,174.545551600304,990000
1078452000,264.17999268,267.52999878,264.17999268,267.52999878,210.97952566354,194.30170798040075,175.47076998020148,960000
1078711200,266.20999146,266.20999146,264.80999756,264.80999756,212.90204251698498,195.8685588599474,176.35971751830894,572000
1078797600,259.29000854,259.29000854,256.32000732,256.32000732,214.45268411709264,197.2119243812819,177.15534229245512,777000
1078884000,247.78999329,255.47000122,247.78999329,255.47000122,215.91758829933934,198.5065483110312,177.93459263004263,1517000
1078970400,258.61999512,261.22000122,258.61999512,261.22000122,217.53553161793437,199.90018059789716,178.76330316327605,1353000
1079056800,263.13000488,263.13000488,262.88000488,262.88000488,219.15497709157958,201.29973224861055,179.60028526991013,580000
1079316000,262.42001343,264.51000977,262.42001343,264.51000977,220.77479968723745,202.7044050824192,180.44515815050804,1055000
1079402400,263.57998657,263.57998657,263.1000061,263.1000061,222.28641420197897,204.04652954947656,181.26759444851294,1435000
1079488800,264.01998901,264.01998901,260.70999146,260.70999146,223.65868481833687,205.30571759193265,182.05806606056754,544000
1079575200,258.79000854,261.54000854,258.79000854,261.54000854,225.0115892369677,206.5553685018897,182.84893115986537,2082000
1079661600,261.79000854,261.91000366,261.79000854,261.91000366,226.329389752076,207.78547150540325,183.63560849817517,463000
1079920800,263.30999756,263.30999756,261.47000122,261.47000122,227.58441159021615,208.9784610546165,184.41008006754657,666000
1080007200,259.22000122,259.22000122,257.41000366,257.41000366,228.64961130699413,210.05471755695837,185.13644746647645,1203000
1080093600,255.80000305,257.32998657,255.80000305,257.32998657,229.67391042353006,211.10527909058152,185.85479113914832,1085000
1080180000,259.23001099,264.91000366,259.23001099,264.91000366,230.93234232483255,212.3009396365686,186.64141016920655,926000
1080266400,269.60998535,272.29998779,269.60998535,272.29998779,232.4097582343028,213.63425181775594,187.49373432463733,1182000
1080525600,278.25,278.25,275.66000366,275.66000366,233.95440985664914,215.0126018586947,188.37101063643198,1324000
1080612000,274.42001343,274.42001343,273.27999878,273.27999878,235.35889517534025,216.30743290139037,189.21587619009932,750000
1080698400,272.92001343,277.44000244,272.92001343,277.44000244,236.8617918633638,217.6659344466928,190.0937281925859,800000
1080784800,280.52999878,280.52999878,279.70999146,279.70999146,238.3920847061008,219.04469126921074,190.9854323046995,906000
1080871200,274.66000366,274.66000366,272.89001465,272.89001465,239.62415363266862,220.24125401100605,191.80040327330943,292000
1081130400,270.63000488,270.69000244,270.63000488,270.69000244,240.73364823293045,221.36233730942814,192.5853744092964,510000
1081216800,271.42999268,271.42999268,271.29998779,271.29998779,241.8253032171115,222.47206287566308,193.368604393184,1128000
1081303200,272.02999878,272.02999878,269.47000122,269.47000122,242.8126138600718,223.51646150553725,194.12583222230654,556000
1081389600,267.26000977,267.26000977,262.47000122,262.47000122,243.51466340864064,224.3820957214142,194.80587370487066,1159000
1081476000,263.3999939,263.3999939,259.6499939,259.6499939,244.09092521190348,225.16582679204944,195.45108883119036,402000
1081735200,258.51998901,258.51998901,254.41000366,254.41000366,244.45946372790692,225.815697389115,196.03774470013374,520000
1081821600,251.83999634,251.83999634,250.52000427,250.52000427,244.67591160441026,226.364681986468,196.5798567356548,2495000
1081908000,250.44999695,251.24000549,250.44999695,251.24000549,244.9103435288956,226.91746695321316,197.12373881281246,398000
1081994400,253.47000122,256.04998779,253.47000122,256.04998779,245.3081879667922,227.56485630514177,197.71006964840637,347000
1082080800,259.67001343,259.67001343,259.42999268,259.42999268,245.81253813512103,228.2729704468053,198.32419823578542,1307000
1082340000,258.61999512,258.61999512,255.38000488,255.38000488,246.15423337600956,228.87534898976517,198.89191770488208,860000
1082426400,252.77999878,254.82000732,252.77999878,254.82000732,246.46372530258066,229.45189695265927,199.4484161090126,1265000
1082512800,257.8500061,257.8500061,256.3999939,256.3999939,246.81859203820278,230.05074355148906,200.0150984750921,288000
1082599200,258.89001465,258.89001465,258.39001465,258.39001465,247.23185713148126,230.68050513145596,200.59594341215586,290000
1082685600,258.8500061,259.76000977,258.8500061,259.76000977,247.6792911542855,231.32671634564582,201.18464058984586,1487000
1082944800,259.75,260.52999878,259.75,260.52999878,248.13824499806103,231.97567817752036,201.7751416663648,2331000
1083031200,261.39001465,261.39001465,261.13000488,261.13000488,248.60223642241598,232.62355210424212,202.3657373202318,228000
1083117600,261.79998779,262.20999146,261.79998779,262.20999146,249.08822767375827,233.28102853437008,202.96120253555287,175000
1083204000,263.70001221,264.42999268,263.70001221,264.42999268,249.63614785255263,233.9732277376063,203.57283228823394,3609000
1083636000,265.02999878,265.6000061,265.02999878,265.6000061,250.20628564710432,234.67604503454837,204.19001809730625,600000
1083722400,265.51998901,265.51998901,264.13000488,264.13000488,250.70356133399346,235.3305774755584,204.78643587623853,186000
1083808800,263.13000488,263.13000488,261.67999268,261.67999268,251.09557673920798,235.91612003565712,205.35254091906202,325000
1083895200,261.02999878,261.32000732,261.02999878,261.32000732,251.46073497423626,236.48065086419808,205.9094311320067,1170000
1084154400,260.27999878,260.27999878,258.20999146,258.20999146,251.70177984872782,236.96352509966036,206.42983471735985,425000
1084240800,256.16000366,256.91000366,256.16000366,256.91000366,251.88778784198755,237.40678017877903,206.93212495559507,536000
1084327200,257.69000244,262.6499939,257.69000244,262.6499939,252.2721523440594,237.96774048369505,207.4865316117583,615000
1084413600,264.94000244,264.94000244,263.63000488,263.63000488,252.67778993462872,238.53801302583517,208.04517313681544,674000
1084500000,262.82000732,262.82000732,261.48999023,261.48999023,252.99251137374912,239.0480569637055,208.57696236162323,1180000
1084759200,260.86999512,260.86999512,260.23001099,260.23001099,253.25099350290094,239.51876705317872,209.09092304449265,478000
1084845600,262.20999146,262.20999146,260.79000854,260.79000854,253.5202440399402,239.99146130844142,209.60534180564198,86000
1084932000,260.79000854,261.29998779,260.79000854,261.29998779,253.79809203101377,240.4649841191427,210.11971639255103,777000
1085018400,261.57998657,261.57998657,261.57998657,261.57998657,254.07601683597755,240.93420639582843,210.63175888187888,1658000
1085104800,261.54000854,261.54000854,261.13000488,261.13000488,254.32794498040693,241.3830019176989,211.1342289913129,648000
1085364000,262.32998657,262.32998657,261.97000122,261.97000122,254.60087556039238,241.84049079108337,211.64005757070282,2491000
1085450400,261.32000732,261.32000732,258.30999756,258.30999756,254.7333442032355,242.20647983039262,212.10443508303413,1825000
1085536800,254.94000244,254.94000244,253.97999573,253.97999573,254.70643890061996,242.46811351705057,212.52110732827757,179000
1085623200,252.92999268,252.92999268,251.16000366,251.16000366,254.57978049916923,242.66126663133832,212.90557395844397,3548000
1085709600,251.38999939,251.46000671,251.38999939,251.46000671,254.4683600066989,242.8567941886419,213.28920015497687,1235000
1085968800,252.22999573,252.22999573,251.99000549,251.99000549,254.3798473453882,243.0597544397832,213.67428279512635,1836000
1086055200,252.63999939,252.63999939,252.50999451,252.50999451,254.3130668869815,243.2697597746769,214.06070778731413,157000
1086141600,252.02999878,252.11999512,252.02999878,252.11999512,254.23474289530358,243.46643167123966,214.43940716375877,703000
1086228000,252.69000244,252.69000244,250.99000549,250.99000549,254.11885941654273,243.63362220054546,214.8030947092935,637000
1086314400,250.72999573,250.72999573,248.99000549,248.99000549,253.93568606202334,243.75265294031112,215.14326297576818,2645000
1086573600,248.94999695,248.94999695,247.36999512,247.36999512,253.7011970998082,243.833038322082,215.46392697720333,644000
1086660000,244.75999451,245.03999329,244.75999451,245.03999329,253.39186839231508,243.85985954359128,215.75821619424607,1449000
1086746400,245.50999451,246.63999939,245.50999451,246.63999939,253.15073021366098,243.92164042906703,216.06549761907945,832000
1086832800,246.97000122,247.41000366,246.97000122,247.41000366,252.94570426531595,243.99915961197664,216.37738325132742,125000
1086919200,248.27000427,248.44000244,248.27000427,248.44000244,252.78478634298324,244.09784500815493,216.69641428803064,1600000
1087178400,251.8999939,254.25999451,251.8999939,254.25999451,252.83747234894813,244.32367055264038,217.07018125541342,1369000
1087264800,256.10998535,256.10998535,253.53999329,253.53999329,252.86256238255712,244.5284777245817,217.4330649572501,1251000
1087351200,252.36999512,252.36999512,251.99000549,251.99000549,252.83139963639437,244.69428945270212,217.77691511180484,368000
1087437600,251.47000122,251.47000122,249.27999878,249.27999878,252.70456389152315,244.79619410441984,218.09037863089137,1055000
1087524000,249.55999756,249.55999756,249.28999329,249.28999329,252.58261494146876,244.89605630854385,218.40082255784768,1160000
1087783200,249.32000732,249.94999695,249.32000732,249.94999695,252.4885928703449,245.0083661005762,218.71474469110294,934000
1087869600,248.8999939,249.25999451,248.8999939,249.25999451,252.37328578604686,245.10284673189673,219.0186775251218,1040000
1087956000,248.8999939,249.3999939,248.8999939,249.3999939,252.26709679011663,245.19833889118792,219.32097918059324,731000
1088042400,249.63000488,250,249.63000488,250,252.18612904761247,245.30504247138373,219.62624306934356,187000
1088128800,249.69000244,249.82000732,249.69000244,249.82000732,252.10162470019773,245.4053750235752,219.92667853452423,455000
1088388000,249.36999512,249.38000488,249.36999512,249.38000488,252.00442399233353,245.49370013149576,220.21974645835982,878000
1088474400,248.61999512,248.61999512,248.03999329,248.03999329,251.8628371815359,245.55028442390696,220.49656483479404,148000
1088560800,248.44999695,249.69999695,248.44999695,249.69999695,251.78559288755247,245.64250025782013,220.7871462488757,596000
1088647200,249.41999817,249.41999817,248.55000305,248.55000305,251.67003610763987,245.7071114309797,221.06339358023018,180000
1088733600,248.66999817,248.66999817,248.13000488,248.13000488,251.54360642093846,245.76095350762458,221.33271309565077,374000
1088992800,247.92999268,247.92999268,247.61000061,247.61000061,251.40312049911924,245.80204344323292,221.59417864305723,875000
1089079200,247.49000549,247.49000549,247.27000427,247.27000427,251.25550920522213,245.83466479493885,221.84965949506662,632000
1089165600,247.36999512,247.36999512,247,247,251.10352673360705,245.8605611328291,222.09991163939432,578000
1089252000,246.55000305,246.55000305,246.47000122,246.47000122,250.93804367954965,245.87410424587733,222.34240009293268,430000
1089338400,246.83999634,246.83999634,246.32000732,246.32000732,250.77311380956573,245.88401320308006,222.5809832494209,135000
1089597600,245.80000305,245.80000305,245.50999451,245.50999451,250.58514526315267,245.87570167656716,222.80913261519783,231000
1089684000,246.11000061,246.11000061,244.63000488,244.63000488,250.37246167804008,245.84801952553232,223.02625572231028,1169000
1089770400,244.61000061,244.61000061,243.47999573,243.47999573,250.1263021798958,245.7953967745205,223.22977552338182,808000
1089856800,242.32000732,242.32000732,242.24000549,242.24000549,249.84464872668522,245.71638807930893,223.4189320404626,1287000
1089943200,242.72000122,245.57000732,242.72000122,245.57000732,249.69198296216075,245.7131351735465,223.63934074971175,180000
1090202400,244.16999817,244.16999817,243.08000183,243.08000183,249.4558407788693,245.65462109924547,223.83278016344596,210000
1090288800,242.25999451,244.24000549,242.25999451,244.24000549,249.26956094712395,245.6231851968178,224.03583713186939,645000
1090375200,243.72000122,244.02000427,243.72000122,244.02000427,249.0820767800838,245.5875589539996,224.23468456607964,132000
1090461600,244.17999268,244.17999268,244.13000488,244.13000488,248.90521706936653,245.5551688634663,224.4326479522878,99000
1090548000,244.03999329,244.03999329,243.55000305,243.55000305,248.71395942581773,245.51060962316703,224.622870391071,1122000
1090807200,242.86999512,242.86999512,241.83999634,241.83999634,248.46846074418139,245.42904043909664,224.79418507712998,1352000
1090893600,241.77999878,241.77999878,240.94000244,240.94000244,248.19958723331777,245.32928403911671,224.954839976263,203000
1090980000,240.16999817,240.30999756,240.16999817,240.30999756,247.91781617355642,245.21774433958078,225.10762761391211,666000
1091066400,238.32000732,238.32000732,235.30000305,235.30000305,247.46717999057225,244.9973500887012,225.20904428491795,255000
1091152800,235.36000061,238.44000244,235.36000061,238.44000244,247.1447807923375,244.8516312520634,225.34069560984415,291000
1091412000,238.41000366,238.41000366,237.16000366,237.16000366,246.78818160903975,244.680706194462,225.45830066506957,131000
1091498400,236.05000305,236.05000305,234.05000305,234.05000305,246.33324666050262,244.4444683468073,225.54379024103903,1202000
1091584800,232.38999939,232.38999939,231.50999451,231.50999451,245.80384479798468,244.15703559487824,225.6031554576456,417000
1091671200,228.83999634,228.83999634,228.63999939,228.63999939,245.1908503191281,243.81221256810318,225.63337281020637,224000
1091757600,226.55000305,226.55000305,224.13999939,224.13999939,244.43903421451637,243.37505227525645,225.6185133731894,373000
1092016800,215.58999634,215.58999634,213.74000549,213.74000549,243.34264033149793,242.71649568002852,225.50031926489893,496000
1092103200,209.41000366,222.46000671,209.41000366,222.46000671,242.596831987873,242.26635148069454,225.47006739868104,355000
1092189600,228.16999817,228.16999817,227.22000122,227.22000122,242.04765946044895,241.93198814156798,225.4874796755101,637000
1092276000,227.08000183,227.08000183,224.47999573,224.47999573,241.42024289864722,241.54416608797757,225.47745495963437,927000
1092362400,222.69999695,223.19999695,222.69999695,223.19999695,240.76951982905268,241.1365178849114,225.45479368590668,1988000
1092621600,221.13000488,221.13000488,221,221,240.06346554944366,240.68903970969114,225.41046738057426,405000
1092708000,220.22999573,222.19000244,220.22999573,222.19000244,239.42512758124926,240.27794999258688,225.37842295330486,125000
1092794400,222.61999512,223.61000061,222.61999512,223.61000061,238.86030161799036,239.90755111741828,225.36082671108292,1460000
1092880800,224.3500061,226.92999268,224.3500061,226.92999268,238.43421915591927,239.6191609299201,225.37644030281345,168000
1092967200,228.19999695,229.16000366,228.19999695,229.16000366,238.10299717392215,239.38673521281078,225.41408769940236,949000
1093226400,232.86000061,237.30000305,232.86000061,237.30000305,238.0743188123535,239.34036338697052,225.53235551383617,885000
1093312800,238.46000671,238.46000671,231.8500061,231.8500061,237.85202192976945,239.17391100281563,225.59521770872337,3288000
1093399200,232.02000427,232.02000427,231.74000549,231.74000549,237.63373562834911,239.00871310253083,225.65635987570124,371000
1093485600,231.16999817,232.71000671,231.16999817,232.71000671,237.4578881669795,238.8687418493635,225.72654541634103,2257000
1093572000,233.66999817,233.91000366,233.66999817,233.91000366,237.33117800601596,238.75854766737763,225.80797286155158,1742000
1093831200,233.46000671,233.46000671,232.47999573,232.47999573,237.15792149615825,238.61902429099146,225.8743611487998,2574000
1093917600,232.27999878,232.38000488,232.27999878,232.38000488,236.98728161700976,238.48037941519166,225.93909392224458,445000
1094004000,231.88999939,231.88999939,231.50999451,231.50999451,236.79166422033083,238.32548197285408,225.9945257688889,624000
1094436000,231.32000732,231.32000732,231.00999451,231.00999451,236.58517601639045,238.16291558479065,226.044430930492,3658000
1094522400,231.02999878,231.02999878,230.82000732,230.82000732,236.3792771343765,237.9997398455731,226.09194910352196,513000
1094608800,229.88999939,229.97999573,229.88999939,229.97999573,236.15073136993448,237.82152330967148,226.1306361346312,567000
1094695200,230.36000061,230.36000061,230.19999695,230.19999695,235.9382051406511,237.65215605723432,226.17112728702293,983000
1094781600,230.55000305,231.13000488,230.55000305,231.13000488,235.7664837027707,237.5072193644069,226.2204693526247,2038000
1095040800,231.67999268,231.67999268,231.41999817,231.41999817,235.61125207660032,237.37194778230895,226.2722059577727,1042000
1095127200,231.44999695,231.6000061,231.44999695,231.6000061,235.46799329172174,237.24368241159098,226.3252188945113,2194000
1095213600,232.02999878,232.02999878,231.97000122,231.97000122,235.34306500344596,237.1264894962223,226.38138588282462,1060000
1095300000,231.94999695,231.94999695,231.94000244,231.94000244,235.22152705475145,237.01123422830625,226.43669550030896,662000
1095386400,231,231.25,231,231.25,235.07968680279603,236.88320680101054,226.4845890774203,570000
1095645600,231.02000427,231.02000427,230.8500061,230.8500061,234.92862677769617,236.74913567432142,226.52802606271962,153000
1095732000,230.75999451,231.11999512,230.75999451,231.11999512,234.79260421849273,236.62404366200317,226.57371729712042,1033000
1095818400,230.36999512,230.36999512,230.33000183,230.33000183,234.63322556176084,236.48417606573645,226.61109326262172,580000
1095904800,230.44999695,230.44999695,230.17999268,230.17999268,234.4741815302694,236.34408310160896,226.64660469961055,1129000
1095991200,229.88999939,230.58000183,229.88999939,230.58000183,234.3351036838312,236.2159924066843,226.6857429795149,3269000
1096250400,231.05999756,231.05999756,230.86000061,230.86000061,234.21099285976578,236.096970366758,226.72727788131078,1009000
1096336800,231.61000061,231.91000366,231.61000061,231.91000366,234.12881467405987,236.00392666216337,226.77884729204402,213000
1096423200,232.3999939,232.66999817,232.3999939,232.66999817,234.07671408462915,235.9298393623375,226.8374657087401,205000
1096509600,233.32000732,233.32000732,233.19000244,233.19000244,234.04504581160668,235.86895409739668,226.90067502944916,735000
1096596000,233.22000122,233.22000122,232.57000732,232.57000732,233.99236586547786,235.79564416901007,226.9570862960218,111000
1096855200,232.52000427,232.6000061,232.52000427,232.6000061,233.94263873099652,235.72462998969874,227.0132347517828,1341000
1096941600,232.44999695,233.00999451,232.44999695,233.00999451,233.90933000881807,235.66430475681653,227.07290400310833,2737000
1097028000,233.07000732,233.27000427,233.07000732,233.27000427,233.88649694671741,235.61109807933173,227.13456669233113,558000
1097114400,233.13999939,233.3500061,233.13999939,233.3500061,233.86733655933466,235.56085159090213,227.19641186056666,345000
1097200800,232.44000244,232.53999329,232.44000244,232.53999329,233.8199314425727,235.49372140643763,227.24958182503863,403000
1097460000,231.11999512,231.11999512,230.75,230.75,233.71029103390939,235.38830537518345,227.2844118566303,1026000
1097546400,230.27999878,230.88999939,230.27999878,230.88999939,233.6095663323412,235.28834301995715,227.32028834949966,258000
1097632800,231,231.47999573,231,231.47999573,233.53351023940044,235.20371308018034,227.3616784726887,229000
1097719200,231.36999512,231.80999756,231.36999512,231.80999756,233.47195621513615,235.12829717973187,227.4059403541545,390000
1097805600,231.61000061,232.16000366,231.61000061,232.16000366,233.42510076673844,235.0623351015156,227.45324446665046,323000
1098064800,233.75999451,233.75999451,233.6000061,233.6000061,233.43134738578348,235.02983890148192,227.51440627394746,240000
1098151200,234.86999512,235.69000244,234.86999512,235.69000244,233.51201363771978,235.04450920233788,227.59575548953006,1843000
1098237600,236.05000305,236.05000305,235.97000122,235.97000122,233.5997989085155,235.06507569161926,227.67908131769394,581000
1098324000,234.75999451,234.75999451,234.30000305,234.30000305,233.6248061992828,235.04807407736104,227.74496113592585,857000
1098410400,233.75999451,233.75999451,232.8500061,232.8500061,233.59713476716556,234.99922812230858,227.79575760323007,111000
1098669600,233.19999695,233.55000305,233.19999695,233.55000305,233.5954514915525,234.96702312070173,227.85301377682978,2117000
1098756000,234.11999512,234.11999512,233.55999756,233.55999756,233.59418527971133,234.93575588601948,227.90979968512002,1488000
1098842400,233.78999329,234.27999878,233.78999329,234.27999878,233.61867861900734,234.92118350588572,227.97318475074073,212000
1098928800,234.57000732,234.57000732,232.97000122,232.97000122,233.5955115690428,234.8778238995327,228.02290431759903,992000
1099015200,231.80000305,232.58999634,231.80000305,232.58999634,233.5596003108627,234.82698328709864,228.06834801931447,1788000
1099274400,232.57000732,232.57000732,232.30000305,232.30000305,233.51461469440332,234.77082817071866,228.1104540395203,487000
1099360800,232.44999695,232.66999817,232.44999695,232.66999817,233.48444981853177,234.72414305959157,228.15582263783352,2192000
1099447200,232.3999939,232.3999939,231.67999268,231.67999268,233.42000492072705,234.65649527337843,228.1908890064123,327000
1099533600,231.30000305,231.30000305,231.05999756,231.05999756,233.33571894355822,234.57657310197,228.2194373502291,363000
1099620000,230.83999634,230.83999634,230.55000305,230.55000305,233.23622909021685,234.48709376748178,228.24262705868452,2535000
1099879200,229.91999817,230.11000061,229.91999817,230.11000061,233.12457807306626,234.38982503064886,228.26120789004088,500000
1099965600,229.47000122,229.47000122,228.96000671,228.96000671,232.9758433815282,234.26916240130112,228.26816111213003,2703000
1100052000,228.46000671,228.75,228.46000671,228.75,232.82492040361646,234.14651434793888,228.27295552892477,798000
1100138400,228.8500061,228.8500061,228.16000366,228.16000366,232.65831623420158,234.0134807770958,228.27183162973148,334000
1100224800,227.00999451,227.00999451,226.99000549,226.99000549,232.45587656476582,233.85740354849366,228.25907714077894,1043000
1100484000,226.88999939,226.88999939,226.6499939,226.6499939,232.24852361245274,233.69723888963824,228.24306636226373,2008000
1100570400,226.72000122,226.72000122,226.07000732,226.07000732,232.02786231629372,233.5277448547574,228.22144388423126,4475000
1100656800,226.17999268,226.17999268,225.75999451,225.75999451,231.8040098946404,233.35512818042946,228.19695185065683,599000
1100743200,225.47999573,225.6499939,225.47999573,225.6499939,231.58422360911752,233.1839029741977,228.17160898547615,383000
1100829600,224.13999939,224.72000122,224.13999939,224.72000122,231.33907280950618,232.99581626854888,228.13726462960076,367000
1101088800,224.82000732,224.82000732,223.8500061,223.8500061,231.07160614130953,232.79257604258112,228.094605340749,1087000
1101175200,223.63000488,223.63000488,222.61999512,222.61999512,230.76976289054846,232.566518688746,228.04013160720922,324000
1101261600,222.24000549,222.24000549,221.88999939,221.88999939,230.4526284798146,232.3292627043294,227.97893626176435,223000
1101348000,221.32000732,221.33000183,221.32000732,221.33000183,230.12682038517835,232.08483468489987,227.9127777102045,696000
1101434400,221.05999756,221.69000244,221.05999756,221.69000244,229.82550545856483,231.853838412791,227.85085954831192,979000
1101693600,222.11999512,224.47000122,222.11999512,224.47000122,229.63423745004465,231.68975314184007,227.81721916693567,1741000
1101780000,228.41000366,229.55999756,228.41000366,229.55999756,229.6315860254002,231.6424252400214,227.83456024547363,2273000
1101866400,233.50999451,233.50999451,232.08000183,232.08000183,229.71902944699303,231.65214916424316,227.87680344531967,495000
1101952800,230.66999817,230.66999817,227.69000244,227.69000244,229.64656419674327,231.56410145925997,227.87494472884882,162000
1102039200,228.1499939,229.03999329,228.1499939,229.03999329,229.62490095007388,231.50801016660975,227.88653725184534,471000
1102298400,229.58999634,229.58999634,228.92999268,228.92999268,229.60008279757125,231.45072088912954,227.89691989292152,1257000
1102384800,229.58999634,229.80999756,229.58999634,229.80999756,229.60757975337228,231.41426037070445,227.9159554915989,1649000
1102471200,229.55000305,229.66000366,229.55000305,229.66000366,229.60945203575184,231.37527688824434,227.93330920471732,512000
1102557600,230.11000061,230.11000061,229.58999634,229.58999634,229.608757189475,231.33560398717225,227.9497936538246,2002000
1102644000,229.63000488,230.11000061,229.63000488,230.1000061,229.62630179342233,231.3081462563462,227.97118880254277,811000
1102903200,231.02000427,231.02000427,230.71000671,230.71000671,229.66500554044296,231.2948542664274,227.99844072201995,3001000
1102989600,230.71000671,230.72000122,230.71000671,230.72000122,229.70268395757,231.28207975428455,228.02552092597995,911000
1103076000,231.52999878,232.05999756,231.52999878,232.05999756,229.78687372908536,231.29936681663378,228.0656649720896,498000
1103162400,232.17999268,232.57000732,232.17999268,232.57000732,229.8862713573323,231.32760327226413,228.11048429893447,741000
1103248800,233.55999756,233.92999268,233.55999756,233.92999268,230.030689975999,231.3854341479916,228.16838985496497,435000
1103508000,234.11999512,234.32000732,234.11999512,234.32000732,230.18387988114188,231.45064688514734,228.22959997899517,1791000
1103594400,234.00999451,234.00999451,233.58999634,233.58999634,230.30552689752966,231.49818798414407,228.2829372562191,1191000
1103680800,234.41000366,235.44999695,234.41000366,235.44999695,230.48925797083217,231.5860059611631,228.35425128302288,430000
1103767200,237.1499939,237.1499939,236.8999939,236.8999939,230.7182128254453,231.70409458202613,228.43928354786843,2101000
1103853600,239.27999878,240.24000549,239.27999878,240.24000549,231.0582768491794,231.89378149109223,228.5567036666956,2594000
1104112800,240.49000549,240.49000549,239.88999939,239.88999939,231.37369551135157,232.07147522217906,228.66947277837028,507000
1104199200,240.5,240.5,239.49000549,239.49000549,231.66356372487473,232.23633145035285,228.7771397705258,4132000
1104285600,237.6499939,237.6499939,237.55999756,237.55999756,231.87415064755777,232.35463514167833,228.86453139032156,328000
1104372000,237.02999878,237.50999451,237.02999878,237.50999451,232.07543078550214,232.4691986831966,228.95055589897507,930000
1104458400,237.58999634,239.28999329,237.58999634,239.28999329,232.33309373209136,232.6207718966811,229.0534358730151,375000
1104804000,238.38999939,238.38999939,237.22999573,237.22999573,232.50798308915952,232.72319909297707,229.1347946775622,1468000
1104890400,236.92999268,236.92999268,236.72000122,236.72000122,232.6584123081181,232.812016918022,229.21026936952677,2106000
1104976800,236.05999756,236.05999756,235.52999878,235.52999878,232.76096896782818,232.87241651495486,229.27315224923296,409000
1105063200,235.16999817,235.38000488,235.16999817,235.38000488,232.85450596469147,232.92814070084475,229.33391695202667,368000
1105322400,234.57000732,234.57000732,233.97000122,233.97000122,232.8943450809525,232.95129315682598,229.3800471437478,311000
1105408800,235.00999451,235.00999451,234.72000122,234.72000122,232.95954708591847,232.99059778045208,229.43318101515328,300000
1105495200,234.6499939,234.83000183,234.6499939,234.83000183,233.02634904106424,233.03147342599758,229.48688072475375,161000
1105581600,235.33999634,235.33999634,234.47000122,234.47000122,233.0779080474548,233.06344071030875,229.53646401326367,221000
1105668000,234.6000061,235.8500061,234.6000061,235.8500061,233.1769115493314,233.12536438563524,229.59928532755956,1122000
1105927200,236.05000305,236.07000732,236.05000305,236.07000732,233.28023639828385,233.1908008952878,229.66367062101668,2838000
1106013600,236.32000732,236.32000732,235.33000183,235.33000183,233.35344230655943,233.23833869383697,229.7200520260812,1401000
1106100000,234.1499939,234.61000061,234.1499939,234.61000061,233.39831938882517,233.2688200697517,229.7687082308963,221000
1106186400,234.75,234.75,234.58999634,234.58999634,233.44087927993857,233.2981795424239,229.81668124690728,206000
1106272800,235.75,236.07000732,235.75,236.07000732,233.53477670994076,233.35977571525893,229.8789033968883,524000
1106532000,235.97999573,235.97999573,234.69999695,234.69999695,233.57639171851432,233.3895584093643,229.92687447701874,1227000
1106618400,234.47000122,234.58000183,234.47000122,234.58000183,233.61223493678165,233.41601270760066,229.97317425167526,1605000
1106704800,234.72000122,234.91000366,234.72000122,234.91000366,233.65858381975374,233.44921250654286,230.02229693235512,154000
1106791200,234.27999878,234.27999878,233.75999451,233.75999451,233.66220563011967,233.45611877328636,230.0594879530282,1074000
1106877600,234.03999329,234.17999268,234.03999329,234.17999268,233.68069802475824,233.4722048601022,230.10048800006274,1043000
1107136800,233.21000671,233.32000732,233.21000671,233.32000732,233.66781621387403,233.4688226925444,230.13252301817155,172000
1107223200,232.92999268,232.92999268,232.41000366,232.41000366,233.62289433694997,233.44529338071007,230.15518451709522,149000
1107309600,232.91000366,232.91000366,232.8500061,232.8500061,233.59529118563032,233.43206477447208,230.18199866219877,688000
1107396000,233.30999756,233.36000061,233.30999756,233.36000061,233.58688795078638,233.4304633485949,230.21362057212713,1108000
1107482400,233.67999268,236.02000427,233.67999268,236.02000427,233.67378496218686,233.4880087024039,230.271395534295,123000
1108346400,235.77999878,235.77999878,235.27999878,235.27999878,233.73114974139446,233.52783070412826,230.32123238251097,94000
1108432800,235.33000183,235.36000061,235.33000183,235.36000061,233.7893229867018,233.56854559092542,230.37136937979943,102000
1108519200,234.27999878,234.49000549,234.27999878,234.49000549,233.81434736181959,233.58902247757152,230.41235083363227,1732000
1108605600,234.63999939,234.63999939,234.02000427,234.02000427,233.82169225139745,233.5985998507366,230.44824788275037,527000
1108692000,234.41000366,234.41000366,233.61999512,233.61999512,233.81448878241898,233.59907530116467,230.47980755675286,142000
1108951200,233.72000122,233.72000122,233.13000488,233.13000488,233.79004292876115,233.58865151402767,230.50617767937223,690000
1109037600,233.91999817,233.91999817,233.02999878,233.02999878,233.76289849487682,233.57623700882706,230.53129032713966,1695000
1109124000,233.17999268,234.1499939,233.17999268,234.1499939,233.77672333077408,233.58898716196424,230.56729732786462,1187000
1109210400,234.08999634,234.38000488,234.08999634,234.38000488,233.7982691003893,233.60656533347614,230.60523471644308,133000
1109296800,234.88000488,235.13999939,234.88000488,235.13999939,233.84618803930397,233.64064164584335,230.6503567529959,655000
1109556000,235.21000671,235.21000671,235.1000061,235.1000061,233.8909672557574,233.67307196704684,230.69463187087652,207000
1109642400,235.96000671,235.96000671,235.80999756,235.80999756,233.9595040523375,233.7205592024458,230.74553103196232,165000
1109728800,236.74000549,236.74000549,236.41000366,236.41000366,234.0470218954683,233.7803246348359,230.8018939436841,3180000
1109815200,236.77000427,237.61999512,236.77000427,237.61999512,234.17462808205872,233.8656506456173,230.8697357464335,2254000
1109901600,237.91999817,237.91999817,237.77999878,237.77999878,234.3033913212709,233.9526361597147,230.9384945825884,2413000
1110160800,237.91999817,238.11000061,237.91999817,238.11000061,234.43934165301124,234.0450220363877,231.00985285151785,623000
1110247200,238.13000488,238.13000488,237.55000305,237.55000305,234.5504367029037,234.12291050335688,231.07492897289578,1006000
1110333600,236.86000061,237.19000244,236.86000061,237.19000244,234.6447069078,234.19106810194896,231.13577547505602,980000
1110420000,236.88999939,236.88999939,236.80999756,236.80999756,234.72203871680716,234.24926653435008,231.19223539629925,1991000
1110506400,237.11999512,237.11999512,237.00999451,237.00999451,234.8037514237069,234.3106160449201,231.25012354668434,356000
1110765600,237.16000366,237.16000366,236.66999817,236.66999817,234.87040309321736,234.36304675881075,231.30405264741384,328000
1110852000,237.52000427,237.96000671,237.52000427,237.96000671,234.98074607953103,234.4429792021705,231.37028104604653,527000
1110938400,238.11999512,238.47000122,238.11999512,238.47000122,235.10536233454778,234.5324685803445,231.44092502787692,1569000
1111024800,238.17999268,238.17999268,237.86999512,237.86999512,235.2040992197425,234.6066358367813,231.5048958745647,1672000
1111111200,238,238.38999939,238,238.38999939,235.31788136868025,234.69071058240837,231.57340436725562,314000
1111370400,238.11000061,241.86000061,238.11000061,241.86000061,235.55152848444166,234.85002813857707,231.6757585587257,527000
1111456800,241.97000122,241.97000122,241.53999329,241.53999329,235.7654022274973,234.9986940308309,231.77391014809163,2418000
1111543200,242.83999634,244.24000549,242.83999634,244.24000549,236.06806662972954,235.20405650770132,231.89795089776237,717000
1111629600,247.22999573,250.63999939,247.22999573,250.63999939,236.5884927997392,235.5470774606413,232.08443894246125,1799000
1111716000,252.63999939,252.63999939,248.42999268,248.42999268,237.01140350974853,235.83336446551596,232.2470812682079,734000
1111975200,246.53999329,246.53999329,244.83999634,244.83999634,237.29099611082893,236.0335118405045,232.37238390573816,819000
1112061600,243.96000671,244.22000122,243.96000671,244.22000122,237.53846057901362,236.21543382671553,232.49027064518356,458000
1112148000,245.19999695,245.19999695,245.16999817,245.16999817,237.81101549297742,236.41442414545517,232.61643708821654,1436000
1112234400,245.08999634,246.50999451,245.08999634,246.50999451,238.12169331501394,236.63877015355618,232.7546814406721,592000
1112320800,247.05000305,247.05000305,245.55000305,245.55000305,238.38699009126344,236.83679755125493,232.88199807360073,773000
1112580000,247,247,245.67999268,245.67999268,238.6474544694326,237.03331299856038,233.00934130351516,1324000
1112666400,246.08000183,246.08000183,245.55999756,245.55999756,238.89433100838144,237.22279487770348,233.13422345532098,734000
1112752800,247.41999817,247.41999817,244.97999573,244.97999573,239.11167617701068,237.39517711886563,233.25209183616354,551000
1112839200,244.92999268,245.21000671,244.92999268,245.21000671,239.32947369604602,237.5688399986686,233.3710760637639,839000
1112925600,246.41999817,246.41999817,245.88000488,245.88000488,239.56342123833008,237.75353255158709,233.4955430171593,1632000
1113184800,245.80999756,246.13000488,245.80999756,246.13000488,239.79794208267543,237.93967638110738,233.62125905559552,851000
1113271200,248.78999329,248.78999329,248.08000183,248.08000183,240.09372993079415,238.16501694663833,233.76512714290303,1429000
1113357600,245.82000732,246.25,245.82000732,246.25,240.31359671898008,238.34468323671302,233.88935473352092,1128000
1113444000,246.02000427,246.02000427,245.94999695,245.94999695,240.5148967272308,238.5136902081194,234.00936112373464,1333000
1113530400,246.3999939,246.83000183,246.3999939,246.83000183,240.74043619518685,238.6984971330501,234.13692968797608,893000
1113789600,246.75,246.75,245.44000244,245.44000244,240.9082778467873,238.84830836209343,234.24939807356836,2650000
1113876000,245.36999512,245.36999512,244.86999512,244.86999512,241.04976774940206,238.98212362338023,234.3550756561199,523000
1113962400,247.44999695,247.44999695,246.77000427,246.77000427,241.254061910852,239.15518763774955,234.4786072841187,4727000
1114048800,245.82000732,245.82000732,245.58000183,245.58000183,241.40855976510727,239.29796128646623,234.58906892139115,752000
1114135200,246.05999756,246.05999756,245.63000488,245.63000488,241.55932566206772,239.43867336632255,234.6989289806808,300000
1114394400,246.36999512,246.36999512,245.69000244,245.69000244,241.70684983270817,239.57759179018205,234.80829289569888,2127000
1114480800,247.19999695,247.19999695,246.6499939,246.6499939,241.8833906922543,239.73475628151135,234.92612076638844,1337000
1114567200,247.17999268,247.17999268,246.42999268,246.42999268,242.0457693346738,239.88353931258888,235.04058715358855,746000
1114653600,244.94999695,245.66999817,244.94999695,245.66999817,242.1752060787926,240.012127287198,235.14635243733395,1152000
1114740000,246.02999878,246.25,246.02999878,246.25,242.32073443312143,240.15074668081584,235.25683649268385,207000
1115172000,245.55999756,245.55999756,244.02999878,244.02999878,242.3817795883671,240.23695228301995,235.3441316398213,1049000
1115258400,244.03999329,244.71000671,244.03999329,244.71000671,242.46493055699685,240.33635349250838,235.43732442658927,923000
1115344800,245.16999817,245.24000549,245.16999817,245.24000549,242.56404037603266,240.4453235368971,235.5348635416481,185000
1115604000,245.22999573,245.22999573,244.47999573,244.47999573,242.63246735296008,240.53498291896605,235.62386983207946,341000
1115690400,244.42999268,244.42999268,244.13999939,244.13999939,242.68630778285436,240.61509439610015,235.70860743962095,230000
1115776800,243.5,243.5,243.1000061,243.1000061,242.7010827227524,240.6703146561868,235.7821536949481,558000
1115863200,242.69000244,242.80999756,242.69000244,242.80999756,242.7049725383684,240.71786316516042,235.85208248962525,232000
1115949600,243.05000305,243.36000061,243.05000305,243.36000061,242.7283663980695,240.7765773306013,235.9267881425643,649000
1116208800,243.58000183,243.58000183,242.44999695,242.44999695,242.71842463206704,240.8137644332546,235.99169569288705,864000
1116295200,242.02000427,242.02000427,241.52999878,241.52999878,242.67598085163607,240.82968075207114,236.04680318629116,859000
1116381600,241.66999817,241.66999817,241.38999939,241.38999939,242.6300529422919,240.84213227735844,236.09996931767134,1156000
1116468000,241.78999329,242.47999573,241.78999329,242.47999573,242.62469375613864,240.8785292429727,236.16345216754524,251000
1116554400,242.69000244,243.69000244,242.69000244,243.69000244,242.66274049484798,240.94100642512885,236.23834321503236,446000
1116813600,243.55000305,243.55000305,243.38999939,243.38999939,242.6887140268177,240.99542849101488,236.30950397299225,1472000
1116900000,243.72000122,243.72000122,243.72000122,243.72000122,242.7255457122885,241.05597455165898,236.38324026400724,1494000
1116986400,242.8500061,243.19000244,242.8500061,243.19000244,242.7421334525639,241.10339739362212,236.45096924088278,2254000
1117072800,243.13999939,243.24000549,243.13999939,243.24000549,242.75991459675805,241.15087757354164,236.51852184037648,1571000
1117159200,243.19999695,244.13000488,243.19999695,244.13000488,242.80884639258812,241.21708040257406,236.5942579900245,537000
1117418400,243.27000427,244.55999756,243.27000427,244.55999756,242.87138750570998,241.29136745051684,236.673519080273,1979000
1117504800,243.74000549,244.24000549,243.74000549,244.24000549,242.9202667194346,241.35689274028314,236.74880750226032,670000
1117591200,244.1000061,244.72999573,244.1000061,244.72999573,242.98489989838336,241.43185058449907,236.82822231049653,1732000
1117677600,245.17999268,245.17999268,244.88000488,244.88000488,243.0525822191554,241.50847623551022,236.90833954999408,3362000
1117764000,245.25999451,245.38000488,245.25999451,245.38000488,243.1357044570427,241.59451020538776,236.99263472740708,175000
1118023200,245.66999817,245.75999451,245.66999817,245.75999451,243.22942910179117,241.68707652326805,237.07987213817916,1099000
1118109600,247.1000061,247.1000061,246.66999817,246.66999817,243.35230656851292,241.79780811541764,237.17529627779928,622000
1118196000,247.11999512,247.21000671,247.11999512,247.21000671,243.49008157356602,241.91807919529725,237.2751441427963,1253000
1118282400,247.19999695,247.19999695,247.05999756,247.05999756,243.61757857308152,242.0323440478462,237.37250586834062,917000
1118368800,246.46000671,246.58999634,246.46000671,246.58999634,243.72373635047146,242.13362520989406,237.4642221914417,817000
1118628000,246.57000732,246.57000732,245.83000183,245.83000183,243.79896011759746,242.21576691256308,237.54746377988508,1335000
1118714400,245.46000671,245.72999573,245.46000671,245.72999573,243.86792567518327,242.2938608862839,237.62888200824443,461000
1118800800,246.05000305,246.07000732,246.05000305,246.07000732,243.94657144821244,242.3777752514776,237.71287330487883,2348000
1118887200,246.17999268,246.28999329,246.17999268,246.28999329,244.03026508541913,242.46471343011143,237.79821778234273,832000
1118973600,246.44999695,246.55999756,246.44999695,246.55999756,244.120612673797,242.55571974410896,237.88539967067763,933000
1119232800,247.30999756,247.30999756,246.41999817,246.41999817,244.2027335843757,242.64159259801764,237.97032104878033,292000
1119319200,246.91999817,246.91999817,246.55999756,246.55999756,244.28692158350512,242.72866826383947,238.05579046680242,3142000
1119405600,247.41999817,247.41999817,246.75999451,246.75999451,244.3752456165942,242.81825329153193,238.14239946225712,472000
1119492000,247.30000305,247.30000305,247,247,244.46898684457298,242.91118099616455,238.23053479099087,645000
1119578400,247.71000671,247.71000671,246.77999878,246.77999878,244.55152298512394,242.9971547246942,238.31560408441385,269000
1119837600,245.94000244,245.99000549,245.94000244,245.99000549,244.60289736029807,243.06366251947878,238.3919662874545,1829000
1119924000,245.30999756,245.30999756,245.02000427,245.02000427,244.61779403564458,243.10713678060148,238.4579169141465,1017000
1120010400,244.83000183,246.44000244,244.83000183,246.44000244,244.6828729072287,243.18120046192143,238.53734065072214,1161000
1120096800,247.44999695,247.44999695,246.80999756,246.80999756,244.75884164482767,243.2618403974343,238.6196556448443,579000
1120183200,246.83000183,246.83000183,246.50999451,246.50999451,244.82138281858383,243.33402159993577,238.69816647932348,853000
1120442400,246.91999817,247.77000427,246.91999817,247.77000427,244.92669072756297,243.43259899260386,238.7884335220168,864000
1120528800,247.80999756,247.88999939,247.80999756,247.88999939,245.03252317979286,243.5316523347682,238.87899636647433,261000
1120615200,247.52000427,247.52000427,247.1000061,247.1000061,245.10636185551454,243.61094908510668,238.9607974583502,370000
1120701600,247.3999939,247.3999939,246.77999878,246.77999878,245.16613460281758,243.68137241165988,239.03860045657558,893000
1120788000,247.30999756,248.32000732,247.30999756,248.32000732,245.27877291414552,243.78445318740077,239.13095276367434,781000
1121047200,248.69999695,249.52999878,248.69999695,249.52999878,245.4306024093546,243.91213197834742,239.23442585836415,1848000
1121133600,249.50999451,249.50999451,249.49000549,249.49000549,245.57558109080622,244.0360847230508,239.33647142683813,780000
1121220000,249.42999268,249.80999756,249.42999268,249.80999756,245.7268102504203,244.16439389720523,239.44068561721784,2171000
1121306400,249.75999451,249.75999451,248.66999817,248.66999817,245.831924104691,244.26451843660067,239.53251957296692,2201000
1121392800,248.78999329,248.94000244,248.78999329,248.94000244,245.9429269023806,244.36841808112067,239.62612636766377,1437000
1121652000,249.1000061,249.1000061,248.78999329,248.78999329,246.0446078447956,244.46667530798464,239.7173091231099,1343000
1121738400,248.38000488,248.38000488,248.32000732,248.32000732,246.12587211176717,244.55230490825164,239.80290811014365,1576000
1121824800,248.1499939,248.1499939,248,248,246.19280525063263,244.62892035473493,239.8844712135253,2560000
1121911200,247.58999634,247.58999634,246.53999329,246.53999329,246.20520482346717,244.67138864218526,239.95069531378874,2141000
1121997600,245.77000427,245.77000427,245.77000427,245.77000427,246.18966194655764,244.69580232280336,240.00859888549235,550000
1122256800,246.30999756,246.30999756,246.30999756,246.30999756,246.19395964703773,244.7316733280744,240.07129936981582,1834000
1122343200,245.94999695,245.94999695,245.94999695,245.94999695,246.18524669357208,244.75874718633943,240.12979387310122,579000
1122429600,244.24000549,244.24000549,244.24000549,244.24000549,246.1157737934445,244.74721959308744,240.17069150113005,2105000
1122516000,243.66999817,243.66999817,243.66999817,243.66999817,246.02842466403578,244.72328133924105,240.20551047295962,708000
1122602400,245.52999878,245.52999878,245.52999878,245.52999878,246.01062373960593,244.74120839348015,240.25849045611426,801000
1122861600,245.47999573,245.47999573,245.47999573,245.47999573,245.99167273926287,244.75762588984725,240.31044573247132,2688000
1122948000,246.52999878,246.52999878,246.52999878,246.52999878,246.0108986692892,244.79701195407287,240.37233183244672,1030000
1123034400,247.96000671,247.96000671,247.96000671,247.96000671,246.08050967074314,244.8673007264268,240.4478310849597,417000
1123120800,253.50999451,253.50999451,253.50999451,253.50999451,246.3458484150023,245.059360588284,240.57780286033324,762000
1123207200,250.92999268,250.92999268,250.92999268,250.92999268,246.50956785303794,245.18981907921102,240.68080972421052,1118000
1123466400,250.27000427,250.27000427,248.86999512,248.86999512,246.593868826858,245.27160076900634,240.76229415600943,969000
1123552800,249.58000183,249.58000183,249.30999756,249.30999756,246.69087342447023,245.36134291991732,240.84734593117352,908000
1123639200,249,249.03999329,249,249.03999329,246.77477056252485,245.44309070591916,240.92886481036584,742000
1123725600,249.21000671,249.21000671,248.99000549,248.99000549,246.85388609564896,245.5219110344543,241.00907516538706,1548000
1123812000,248.88999939,249.22999573,248.88999939,249.22999573,246.93874715401864,245.60431291657753,241.09087537001008,304000
1124071200,249.08999634,249.08999634,248.24000549,248.24000549,246.98522066601797,245.6628838626536,241.16201099309455,957000
1124157600,247.8999939,247.8999939,247.52999878,247.52999878,247.00467702723162,245.7043753052613,241.22537405565083,1420000
1124244000,247.46000671,247.46000671,247.33000183,247.33000183,247.01629577018764,245.74050033914438,241.28611662056974,1717000
1124330400,247.30000305,247.3500061,247.30000305,247.3500061,247.02821399625236,245.77626713383006,241.3464538293203,1742000
1124416800,247.47000122,247.83999634,247.47000122,247.83999634,247.05720622281478,245.82212778285606,241.41106619261063,433000
1124676000,247.82000732,247.91000366,247.82000732,247.91000366,247.08766327414284,245.86852502457037,241.47573223706226,1874000
1124762400,247.88999939,248.19000244,247.88999939,248.19000244,247.12703253006632,245.92011341157993,241.54254089579797,1195000
1124848800,247.97999573,248.41000366,247.97999573,248.41000366,247.17285292756395,245.97544430598927,241.61087385862584,1583000
1124935200,248.63999939,249.07000732,248.63999939,249.07000732,247.24060844157952,246.04421237296728,241.68509409207235,794000
1125021600,249.38000488,249.74000549,249.38000488,249.74000549,247.32987262188027,246.12634110890133,241.76524246419103,2766000
1125280800,251.05000305,253.69999695,251.05000305,253.69999695,247.55737706217025,246.29464457203684,241.88399624016924,1059000
1125367200,255.91999817,255.94000244,255.91999817,255.94000244,247.85675653994988,246.50898585799158,242.02385699837652,885000
1125453600,256.23001099,256.23001099,254.5,254.5,248.09401523495168,246.6865639500362,242.14799772476084,1521000
1125540000,255.02000427,255.02000427,254.94999695,254.94999695,248.33887172477483,246.87019579447986,242.2753808016289,366000
1125885600,254.55999756,255.55000305,254.55999756,255.55000305,248.59641212924717,247.06308040015807,242.40746659514502,6658000
1125972000,255.67999268,257.57998657,255.67999268,257.57998657,248.91725407355977,247.29678942615456,242.55843694315354,504000
1126058400,258.73001099,259.57000732,258.73001099,259.57000732,249.29770954664693,247.56952760157336,242.72770630013707,4252000
1126144800,262.26998901,262.26998901,260.60998535,260.60998535,249.7017193967667,247.8593155515384,242.90563942501132,1366000
1126231200,260.45001221,260.45001221,259.95999146,259.95999146,250.06808625616787,248.12821946061533,243.07533447013557,1740000
1126490400,262.8999939,262.8999939,262.17999268,262.17999268,250.5006543427333,248.44048108771275,243.26543057172626,3012000
1126576800,263.41000366,264.08999634,263.41000366,264.08999634,250.9859879854928,248.78824809331914,243.47264018136082,1094000
1126663200,264.51000977,264.51000977,264.02999878,264.02999878,251.45184551386808,249.12695366413428,243.67719101318806,3063000
1126749600,265.02999878,265.48999023,265.02999878,265.48999023,251.9532078251585,249.4905766989313,243.8942337914648,1749000
1126836000,268.19000244,268.19000244,268.07998657,268.07998657,252.52916420890284,249.90367469606616,244.13488804796765,875000
1127095200,270.07000732,274.80999756,270.07000732,274.80999756,253.32490825715632,250.45714853748692,244.44011301823662,1880000
1127181600,284.54998779,285.98999023,284.54998779,285.98999023,254.49151832761504,251.24676724176499,244.853544632284,2411000
1127268000,288.45999146,288.45999146,276.60998535,276.60998535,255.2814635784145,251.81039431083687,245.1695291170374,1738000
1127354400,277.77999878,280.3999939,277.77999878,280.3999939,256.17855394704253,252.4457187461516,245.52008100542508,2775000
1127440800,281.27999878,281.27999878,278.3500061,278.3500061,256.97039152393387,253.02136957623713,245.84674692676413,962000
1127700000,278.83999634,278.83999634,277.54000854,277.54000854,257.7050207030791,253.5662282198763,246.16210276371174,4086000
1127786400,277.17999268,277.17999268,276.48999023,276.48999023,258.37591247189766,254.0756451534346,246.46387278825193,2207000
1127872800,275.61999512,275.63000488,275.61999512,275.63000488,258.9921300579013,254.55463092513605,246.75408305782156,2183000
1127959200,275.97000122,275.97000122,275.95001221,275.95001221,259.59776870619055,255.03008384257748,247.04458981555467,763000
1128045600,289.17999268,289.32998657,289.17999268,289.32998657,260.65963362989805,255.79230390318688,247.46534003201683,1506000
1128304800,289.95001221,289.95001221,286,286,261.56464671454455,256.4635860386716,247.84876948443457,1642000
1128391200,285.54998779,285.54998779,283.85998535,283.85998535,262.36090880866794,257.0723949122567,248.20709004031085,1605000
1128477600,285.01000977,286.33999634,285.01000977,286.33999634,263.2173047919298,257.7227860550954,248.58652194379033,1374000
1128564000,286.95999146,288.14001465,286.95999146,288.14001465,264.10740157257516,258.3987244683155,248.9800890353944,1578000
1128650400,289.67999268,291.29998779,289.67999268,291.29998779,265.0785653660546,259.12986365324184,249.4011825553407,3130000
1128909600,292.45001221,292.45001221,292.10998535,292.10998535,266.04397322262406,259.8627552465031,249.82614576722787,1959000
1128996000,291.98001099,291.98001099,291.33999634,291.33999634,266.9474026196732,260.56224949302526,250.23921890725546,2436000
1129082400,291.88000488,292.3500061,291.88000488,292.3500061,267.8546384582563,261.2686440842914,250.65823171514347,3014000
1129168800,296.58999634,298.73999023,296.58999634,298.73999023,268.9576867358186,262.10134066530713,251.13665717300273,2781000
1129255200,302.70001221,304.1000061,302.70001221,304.1000061,270.2127695702536,263.0346443416336,251.66365566978877,1896000
1129514400,310.01000977,310.20001221,310.01000977,310.20001221,271.640885378816,264.08276362759733,252.2461069786466,3345000
1129600800,311.39001465,311.39001465,307.08999634,307.08999634,272.9069250560011,265.0384799100952,252.79181732055062,2543000
1129687200,305.19000244,306.45999146,305.19000244,306.45999146,274.10524885614393,265.95895794453753,253.32582900353023,4041000
1129773600,307.70999146,307.70999146,307.04998779,307.04998779,275.2818466752102,266.87209194110335,253.8603977476742,3235000
1129860000,307.26998901,307.26998901,306.72000122,306.72000122,276.4046379089527,267.75760103618995,254.38636395137894,2306000
1130119200,306.57000732,306.8999939,306.57000732,306.8999939,277.4937577657758,268.6274319887191,254.90888763245974,7043000
1130205600,306.27999878,306.27999878,305.10998535,305.10998535,278.4800516080695,269.43815539674756,255.40840104258453,2705000
1130292000,302.14001465,302.14001465,300.52999878,300.52999878,279.26754972135274,270.12908524970874,255.85737216434987,2366000
1130378400,297.95001221,300.98001099,297.95001221,300.98001099,280.0429947666616,270.81466137727074,256.30635364520214,1485000
1130464800,305.3999939,305.3999939,305.38000488,305.38000488,280.94788798499513,271.58278012177584,256.7946486823643,2284000
1130724000,307.30999756,307.3999939,307.30999756,307.3999939,281.8926060533882,272.3787182057364,257.2981844556741,2721000
1130810400,310.33999634,310.51000977,310.33999634,310.51000977,282.9146561861243,273.2260802404978,257.8276553543241,1585000
1130896800,314.6000061,315.55999756,314.6000061,315.55999756,284.0805612351913,274.166833958709,258.40210652054975,2553000
1130983200,321.98999023,322.51998901,321.98999023,322.51998901,285.45339794143445,275.24134851540435,259.0400954010418,1807000
1131069600,325.25,325.25,321.1499939,321.1499939,286.72827636852605,276.26154063506203,259.65810434132993,1149000
1131328800,321.51998901,322.58999634,321.51998901,322.58999634,288.00905208179296,277.29106187294957,260.2842923214162,1763000
1131415200,322.80999756,322.80999756,321.3500061,321.3500061,289.19980043958606,278.27014952243957,260.8919113639892,3918000
1131501600,321.32000732,321.32000732,320.55999756,320.55999756,290.31980747960085,279.20992392327423,261.485623664447,1654000
1131588000,320.80999756,320.80999756,319.13000488,319.13000488,291.3487431010437,280.0970368334237,262.05919959694006,5402000
1131674400,318.51998901,318.51998901,317.73001099,317.73001099,292.290931239935,280.9333251480143,262.61313801876156,852000
1131933600,317.76998901,317.82998657,317.76998901,317.82998657,293.2030403588659,281.7532509573918,263.16255939738085,2844000
1132020000,318.47000122,318.47000122,317.05999756,317.05999756,294.0550745446207,282.53784532633864,263.69885231442186,1177000
1132106400,316.16000366,316.16000366,315.8999939,315.8999939,294.83525023588425,283.2792264057533,264.21826665855696,562000
1132192800,314.8500061,314.8500061,313.91000366,313.91000366,295.51649142960264,283.95991034473656,264.7127118028499,1104000
1132279200,312.57998657,312.57998657,312.5,312.5,296.12304530711685,284.59413455929797,265.18820720779667,739000
1132538400,312.72000122,312.72000122,311.79998779,311.79998779,296.682936110077,285.1987090755358,265.6520060195599,2482000
1132624800,310.83999634,310.83999634,308.52999878,308.52999878,297.10604549114566,285.7171821800795,266.07865271369366,1113000
1132711200,307.77999878,307.77999878,305.5,305.5,297.4058295807476,286.1568003538555,266.4709049254977,2872000
1132797600,301.82000732,301.82000732,301.77999878,301.77999878,297.56204990929234,286.50398254110314,266.82223919270666,1590000
1132884000,306.52999878,309.47000122,306.52999878,309.47000122,297.98733388467474,287.0143385117453,267.24659503377427,1063000
1133143200,310.42001343,310.42001343,308.17999268,308.17999268,298.3513574130792,287.4846863821509,267.65389252279147,1764000
1133229600,306.19000244,307.76998901,306.19000244,307.76998901,298.6877371129692,287.935470884992,268.05305766196767,870000
1133316000,309.16000366,311.32998657,309.16000366,311.32998657,299.1392460221489,288.45534901132555,268.4836738700078,1143000
1133402400,311.22000122,312.08999634,311.22000122,312.08999634,299.601772819215,288.9805633964072,268.91756762592814,886000
1133488800,313.01000977,313.01000977,312.42999268,312.42999268,300.05992352852877,289.5016618249315,269.3505270792025,616000
1133748000,312.52999878,312.85998535,312.52999878,312.85998535,300.5170685935813,290.02073568104413,269.78345701224526,795000
1133834400,312.42999268,312.42999268,312.29000854,312.29000854,300.93753073452484,290.51560841124314,270.20640777371545,434000
1133920800,312.3999939,312.3999939,312.30999756,312.30999756,301.3436902640061,290.9999281701044,270.6253489656188,2646000
1134007200,312.82998657,313.08999634,312.82998657,313.08999634,301.76320119529163,291.49081857387984,271.047882770339,3371000
1134093600,314.23999023,315.79000854,314.23999023,315.79000854,302.2641586004598,292.03080057312695,271.4930780516292,1504000
1134352800,317.75,317.75,316.88000488,316.88000488,302.78615311044337,292.5830051132797,271.9446892638518,805000
1134439200,316.79998779,316.79998779,316.73001099,316.73001099,303.28414803471327,293.1196052438735,272.39031435565425,778000
1134525600,316.54998779,316.54998779,314.94000244,314.94000244,303.7004285491878,293.60450295934294,272.813694336593,4322000
1134612000,315.47000122,315.47000122,314.07998657,314.07998657,304.0711270499311,294.05951370624643,273.22430420956226,867000
1134698400,314.57000732,314.57000732,314.48999023,314.48999023,304.4432293063621,294.51352429566316,273.63490805056165,557000
1134957600,314.22000122,314.22000122,311.6000061,311.6000061,304.6988284775635,294.8932238913151,274.0126702202078,924000
1135044000,313.66000366,314.22000122,311.82998657,311.82998657,304.9535126951505,295.2695963952859,274.38896192518087,1086000
1135130400,310.67999268,310.67999268,310.64001465,310.64001465,305.1566020506808,295.61116124539063,274.7496689174676,3809000
1135216800,308.42999268,309.95999146,308.42999268,309.95999146,305.32815167244223,295.9300241390486,275.1000203855525,2275000
1135303200,309.67001343,309.67001343,309.14001465,309.14001465,305.46428963592643,296.22357948373644,275.438726796144,2098000
1135562400,309.55999756,309.55999756,309.26000977,309.26000977,305.5998510692862,296.5132779345423,275.77525697498834,837000
1135648800,309.70001221,309.70001221,308.42001343,308.42001343,305.7005711535974,296.7778720566636,276.1000804223019,1465000
1135735200,307.58999634,307.58999634,307.32000732,307.32000732,305.75840815954035,297.0121417291822,276.410726461085,1273000
1135821600,306.6000061,308.79998779,306.6000061,308.79998779,305.86703600348534,297.27409386386705,276.7330076683379,3172000
1135908000,310.45999146,310.45999146,307.5,307.5,305.925356146218,297.5013362224478,277.0391468955186,730000
1136253600,306.85998535,306.85998535,305.27999878,305.27999878,305.9023076688531,297.6741953903934,277.3201503968568,322000
1136340000,305.29998779,305.29998779,305.08999634,305.08999634,305.8732965499655,297.8389909670513,277.5964672719129,2085000
1136426400,305.58999634,306.70999146,305.58999634,306.70999146,305.90317851103816,298.03612431133905,277.8861540797546,1091000
1136512800,307.47000122,307.5,307.47000122,307.5,305.96020784992965,298.24643265997594,278.1808192132894,4001000
1136772000,307.76000977,307.76000977,306.30999756,306.30999756,305.972700339575,298.4256229910876,278.4607115351472,2753000
1136858400,306.75,306.75,306.3500061,306.3500061,305.9861755453045,298.6017203935079,278.73821695370293,1588000
1136944800,305.82000732,305.82000732,304.95999146,304.95999146,305.9495261136865,298.7430153060966,278.99913013287005,1162000
1137031200,304.29998779,304.29998779,304.23001099,304.23001099,305.88811485926914,298.8649485435167,279.250183673737,1238000
1137117600,305.82000732,306.82998657,305.82000732,306.82998657,305.92175313465236,299.04194938854965,279.5246095732023,2630000
1137463200,307.79000854,308.94000244,307.79000854,308.94000244,306.02954775270047,299.26190612302634,279.8173000494889,2625000
1137549600,309.8999939,310.38000488,309.8999939,310.38000488,306.1849212215326,299.5089749842924,280.12140656521535,2633000
1137636000,310.64001465,310.64001465,310.51998901,310.51998901,306.3397450711207,299.7536641848637,280.4238800223774,4952000
1137722400,316.64001465,316.64001465,313.38000488,313.38000488,306.59118292143785,300.0564717558667,280.75180166275175,713000
1137981600,313.48999023,313.48999023,308.30999756,308.30999756,306.65256915852933,300.239883440403,281.026012567202,2678000
1138068000,308.20999146,308.20999146,306.83999634,306.83999634,306.659262986439,300.3865526159496,281.2828681271303,1518000
1138154400,307.05999756,310.85998535,307.05999756,310.85998535,306.8092887851376,300.61929556559517,281.57716780098974,1555000
1138240800,312.92001343,313.29998779,312.92001343,313.29998779,307.0410994638827,300.9010887261375,281.89281775112914,690000
1138327200,312.29000854,312.32000732,312.29000854,312.32000732,307.22963188731546,301.1548424726678,282.195575856292,375000
1139191200,314.02999878,314.02999878,313.14001465,313.14001465,307.44071698598276,301.42117963216407,282.503480719911,1393000
1139277600,317.42999268,318.95001221,317.42999268,318.95001221,307.8517632439834,301.8107092450049,282.86613277453876,1332000
1139364000,324.27999878,325,324.27999878,325,308.46420027098395,302.3260268173381,283.2853752344936,4258000
1139450400,325.29998779,325.54000854,325.29998779,325.54000854,309.07405056630597,302.8418930778417,283.7058193469862,4808000
1139536800,322.57000732,325.17001343,322.57000732,325.17001343,309.64890638286647,303.3380735301119,284.1183983925883,2450000
1139796000,324.69000244,324.69000244,324.45999146,324.45999146,310.1778737070498,303.80744948410944,284.5198072788312,3716000
1139882400,324.60998535,325.58999634,324.60998535,325.58999634,310.7283066582266,304.291506080907,284.92846587645477,2530000
1139968800,327.1000061,327.67001343,327.1000061,327.67001343,311.33336761436135,304.81102846644245,285.3537549068383,1409000
1140055200,330.79998779,331.05999756,330.79998779,331.05999756,312.03789011241986,305.3943388907437,285.80854339094935,2247000
1140141600,335.26998901,339.82998657,335.26998901,339.82998657,313.03046498590487,306.1595755058383,286.34607018875084,1546000
1140400800,351.45001221,353.95999146,351.45001221,353.95999146,314.4922337885511,307.22180697148633,287.01884552478316,1754000
1140487200,366.72000122,366.72000122,366.45999146,366.45999146,316.34822513396,308.5382110712311,287.80930468831764,2110000
1140573600,373.27999878,373.27999878,364.44000244,364.44000244,318.06578860917574,309.78047310164817,288.5717991933095,2246000
1140660000,367.91000366,368.92999268,367.91000366,368.92999268,319.8823673259909,311.094906870056,289.37138320810243,1638000
1140746400,373.30999756,373.5,373.30999756,373.5,321.7972827786341,312.4816867173881,290.2084838726984,1801000
1141005600,377.3999939,379.57000732,377.3999939,379.57000732,323.8605943693972,313.972538286335,291.09765326023376,2128000
1141092000,383.19000244,390.6499939,383.19000244,390.6499939,326.24593006691873,315.67648174441644,292.0882238138633,2629000
1141178400,402.1499939,402.1499939,401.8999939,401.8999939,328.9478609181002,317.5925597923183,293.18087824258106,1981000
1141264800,409.76998901,412.82000732,409.76998901,412.82000732,331.9432947181681,319.7087252929334,294.37131733787874,3814000
1141351200,415.55999756,415.55999756,397.95001221,397.95001221,334.3006774857335,321.44742055775714,295.40195111770083,4124000
1141610400,401.35998535,409.76000977,401.35998535,409.76000977,336.995653638743,323.40992254025144,296.53984224856947,2421000
1141696800,413.04998779,413.32998657,413.04998779,413.32998657,339.72187981485934,325.40814618535694,297.7019332368424,2760000
1141783200,412.98001099,412.98001099,409.27999878,409.27999878,342.20609834932867,327.27196513190455,298.81216274473456,2020000
1141869600,413.20001221,413.20001221,412.11999512,412.11999512,344.7030232339955,329.15747690941777,299.93960386289643,10370000
1141956000,415.45001221,415.45001221,414.35998535,414.35998535,347.19077188099567,331.05086598587513,301.0781151214746,1768000
1142215200,422.97000122,424.45999146,422.97000122,424.45999146,349.9503868659601,333.1266243297446,302.30579548305195,9423000
1142301600,431.1000061,432.20999146,431.1000061,432.20999146,352.88822988717584,335.32847693263915,303.5983745474992,3634000
1142388000,435.41000366,435.41000366,427.58999634,427.58999634,355.5561501176338,337.37873291946937,304.8321220280216,6650000
1142474400,434.55999756,434.55999756,432.85998535,432.85998535,358.3170013759326,339.5005385290367,306.1060311158025,4457000
1142560800,436.58999634,443.19000244,436.58999634,443.19000244,361.3481799853636,341.80474883816925,307.4700507309687,3665000
1142820000,450.1499939,453.48001099,450.1499939,453.48001099,364.63860252124346,344.2864213304322,308.9228861564317,7114000
1142906400,461.55999756,462.69000244,461.55999756,462.69000244,368.1404382326276,346.91761202175593,310.45290721397964,2471000
1142992800,468.73001099,468.73001099,459.35998535,459.35998535,371.3982792011052,349.4163314290502,311.9345696829948,4268000
1143079200,460.20999146,460.20999146,459.42001343,459.42001343,374.54191256642287,351.860857695738,313.4020865361988,3666000
1143165600,457.94000244,457.94000244,456.05999756,456.05999756,377.4532727447649,354.176394137166,314.82156823792815,2248000
1143424800,460.45999146,463,460.45999146,463,380.5085130038804,356.5946964896734,316.29598049426716,4494000
1143511200,467.6000061,467.6000061,466.47000122,466.47000122,383.5785661544561,359.0363699281251,317.79024935720975,2784000
1143597600,471.41000366,474.79000854,471.41000366,474.79000854,386.83611766822554,361.608673008389,319.35243601574496,2475000
1143684000,492.07998657,493.41000366,492.07998657,493.41000366,390.6423278822175,364.5375914673137,321.0843521117077,4158000
1143770400,507.1000061,507.1000061,503.55999756,503.55999756,394.67510179928115,367.6269782693734,322.9000301758698,2240000
1144029600,520.5300293,523.32000732,520.5300293,523.32000732,399.2695627107354,371.0868233593873,324.8942588041696,5222000
1144116000,536.29998779,536.29998779,505.42001343,505.42001343,403.0606502364234,374.0720053609565,326.6905349696008,5592000
1144202400,517.5,521.11999512,517.5,521.11999512,407.27705541083685,377.339738466713,328.6251564636346,5024000
1144288800,533.86999512,533.86999512,532.69000244,532.69000244,411.75608923330697,380.7919665550083,330.6556524434989,6482000
1144375200,540.94000244,544.71002197,540.94000244,544.71002197,416.50444397390316,384.4345900086748,332.7855466676432,4483000
1144634400,551.26000977,551.26000977,540.35998535,540.35998535,420.92785616590663,387.89959879403756,334.85096396796513,6223000
1144720800,536.48999023,536.48999023,528.63000488,528.63000488,424.7743614771243,391.02694115150337,336.7791136287814,5606000
1144807200,534.29998779,539.22998047,534.29998779,539.22998047,428.86206215544127,394.3203420252477,338.79355011476366,4080000
1144893600,546.80999756,551.59997559,546.80999756,551.59997559,433.24555906381835,397.8154449933533,340.911026985164,8831000
1144980000,558.38000488,558.38000488,555.15002441,555.15002441,437.59928996903915,401.3117689803899,343.0427583028241,4149000
1145239200,561.32000732,561.32000732,561.09002686,561.09002686,442.0096734294306,404.86239693327013,345.2123828655821,6161000
1145325600,569.16998291,570.94000244,569.16998291,570.94000244,446.61432803695095,408.5530103889752,347.4584288314967,2528000
1145412000,576.10998535,576.10998535,571.15997314,571.15997314,451.06238679063125,412.1664984501091,349.6843148445166,4304000
1145498400,571.63000488,571.63000488,569.78997803,569.78997803,455.302657906323,415.66924244077336,351.8744209458647,6163000
1145584800,587.46002197,591.39001465,587.46002197,591.39001465,460.1629206471686,419.5741484898673,354.25766068421433,4004000
1145844000,612.79998779,615.14001465,612.79998779,615.14001465,465.69781686155545,423.92005662675916,356.85350500228185,4221000
1145930400,638.85998535,638.85998535,632.69000244,632.69000244,471.66182348935706,428.5593887559423,359.5981467678313,5464000
1146016800,625.2800293,625.2800293,621.5300293,621.5300293,477.01425941116577,432.8476252124769,362.20443415621105,4274000
1146103200,617.4699707,617.4699707,594.02001953,594.02001953,481.193036558267,436.4292339750885,364.51105689624876,8291000
1146189600,584.08001709,595.47998047,584.08001709,595.47998047,485.2747131265432,439.9636950083088,366.8092551407637,4499000
1146621600,611.7199707,612.10998535,611.7199707,612.10998535,489.80454427738096,443.789168127013,369.25005842642776,4733000
1146708000,609.52001953,609.52001953,601.34002686,601.34002686,493.78795436961735,447.2902983210794,371.5594113461648,4263000
1146794400,602.59002686,602.59002686,593.89001465,593.89001465,497.36302795105956,450.54806979505537,373.77165615515815,5489000
1147053600,586.46002197,586.46002197,574.25,574.25,500.1089912385217,453.29700157738745,375.7664655466491,3245000
1147140000,547.33001709,547.33001709,546.40002441,546.40002441,501.76224242321734,455.3659576403344,377.46431190349836,3678000
1147226400,521.11999512,521.11999512,520.82000732,520.82000732,502.4428768838167,456.8204920776603,378.8907367335133,5273000
1147312800,535.4699707,542.95001221,535.4699707,542.95001221,503.88956028832325,458.7344814139345,380.52316733526936,6005000
1147399200,567.69000244,567.69000244,566.76000977,566.76000977,506.1349334840974,461.13504871073593,382.3762702450677,3506000
1147658400,590.03997803,590.25,590.03997803,590.25,509.1390430025225,464.00426985049734,384.4446655660123,6709000
1147744800,577.19000244,577.19000244,564.52001953,564.52001953,511.116935021361,466.2379531767085,386.23646013281814,3951000
1147831200,576.25,576.25,575.53997803,575.53997803,513.4177579859552,468.6668870623372,388.12007722632245,8072000
1147917600,568.80999756,568.80999756,566.10998535,566.10998535,515.2996232489568,470.83228924650746,389.8911210882496,5891000
1148004000,557.2800293,562.33001709,557.2800293,562.33001709,516.9792801718512,472.86557208747394,391.60693099871474,3289000
1148263200,558.15002441,558.15002441,553.36999512,553.36999512,518.2789485628565,474.6545592659745,393.21651372628975,4907000
1148349600,540.55999756,540.55999756,538.59997559,538.59997559,519.0046995281116,476.0755685176195,394.66311533687394,2842000
1148436000,546.21002197,559.54998779,546.21002197,559.54998779,520.4527455374647,477.9305556125613,396.3037807344175,4075000
1148522400,551.57000732,551.57000732,543.40997314,543.40997314,521.2726465232695,479.3856537798377,397.76752394243323,5343000
1148608800,543.66998291,545.39001465,543.66998291,545.39001465,522.1339810992241,480.85241735473016,399.2364044469861,1576000
1148868000,540.55999756,540.55999756,537.29998779,537.29998779,522.6756241953233,482.1068078088473,400.61017144542404,2756000
1148954400,526.15002441,526.15002441,526.01000977,526.01000977,522.7947093944189,483.08243451909516,401.8579310307432,2226000
1149040800,531.2199707,538.90997314,531.2199707,538.90997314,523.3702545281897,484.3230464884486,403.2216329422781,4004000
1149127200,538.54998779,538.54998779,535.17999268,535.17999268,523.7920308907543,485.45320084826085,404.53465144713107,3590000
1149213600,538.36999512,540.22998047,538.36999512,540.22998047,524.3791005185844,486.67046261763284,405.88485372596557,1593000
1149472800,548.90997314,551.26000977,548.90997314,551.26000977,525.3391329918493,488.10578588768544,407.3313726915778,2223000
1149559200,557.34997559,557.34997559,551.78997803,551.78997803,526.283806028926,489.52099015751463,408.7687717496716,2254000
1149645600,546.20001221,546.20001221,544.54998779,544.54998779,526.9361696632501,490.7438567715699,410.11982862569477,2161000
1149732000,544.40997314,548.19000244,544.40997314,548.19000244,527.6952351195625,492.0204377864239,411.49366120096147,2807000
1149818400,549.60998535,549.60998535,548.78997803,548.78997803,528.4486187949353,493.28198312517003,412.85979370672305,1915000
1150077600,546.95001221,546.95001221,545.97998047,545.97998047,529.0747388547591,494.45304973283294,414.18437267949196,3361000
1150164000,546.20001221,546.20001221,543.90002441,543.90002441,529.6042133388748,495.55187139232555,415.4750756817856,1637000
1150250400,543.5300293,543.5300293,540.96002197,540.96002197,530.0097779328436,496.56094140516274,416.7236821125141,3513000
1150336800,539.08001709,539.08001709,537.47998047,537.47998047,530.2765708805991,497.47025338438135,417.9252373200513,4017000
1150423200,529.30999756,529.30999756,523.63000488,523.70001221,530.0416937852206,498.0531369138395,418.9777226423393,1915000
1150682400,522.33001709,522.54998779,519.4699707,519.4699707,529.6641322464627,498.529066553532,419.97764550858466,1870000
1150768800,517.09997559,517.09997559,505.94000244,505.94000244,528.816841896232,498.69375401767576,420.8329923437231,1203000
1150855200,495.08999634,495.08999634,487.85998535,487.85998535,527.3540970195808,498.4530036028385,421.4999275975169,4816000
1150941600,502.82000732,510.1499939,502.82000732,510.1499939,526.7396647653101,498.7129367205532,422.3820178094819,5409000
1151028000,516.59002686,516.59002686,505.79998779,510.61999512,526.1639622779776,498.9775380183187,423.2600076334672,2005000
1151287200,504.10998535,506.58999634,502.94000244,502.94000244,525.334535140907,499.06559278324494,424.0528434026864,3225000
1151373600,498.54000854,501.55999756,497.79000854,501.55999756,524.4854445130175,499.12102400050617,424.8240588669383,7058000
1151460000,502.51000977,506.45999146,502.51000977,506.45999146,523.8416783325525,499.2841121662727,425.6363567036852,3389000
1151546400,506.30999756,512.28997803,506.26998901,512.28997803,523.4291176074614,499.57313140768883,426.4985817915092,1578000
1151632800,513.16998291,515.59002686,509.23001099,515.59002686,523.1491500807664,499.92906241774017,427.3850638319917,2536000
1151892000,509.77999878,510.26000977,507.30999756,507.30999756,522.5834660621676,500.09308319867927,428.1803368044097,2056000
1151978400,503.57000732,503.57000732,500.48999023,500.48999023,521.7944133538759,500.1019033549308,428.8998358434703,1648000
1152064800,497.95001221,500.04998779,497.95001221,499.79998779,521.0088981551661,500.0951941201546,429.605309992192,1859000
1152151200,498.07000732,505.26000977,498.07000732,505.26000977,520.4464378556959,500.2099678012623,430.35809307455827,897000
1152237600,506.17999268,508.30999756,506.17999268,508.30999756,520.012993559421,500.38996846256754,431.1337339152094,1276000
1152496800,509.1000061,509.1000061,504.98001099,504.98001099,519.4761013247988,500.4919694076216,431.8685227418242,1131000
1152583200,505.76998901,506.54000854,504,504,518.9233834203417,500.56992564300776,432.5862488836966,1826000
1152669600,504.79998779,504.79998779,502.07998657,502.07998657,518.3218335328295,500.6034825524965,433.27772886067476,2038000
1152756000,506.45001221,509.1499939,506.45001221,509.1499939,517.994267831657,500.79340502688547,434.0326767715138,10427000
1152842400,511.98999023,511.98999023,506.1000061,506.1000061,517.5694727698121,500.9113294951769,434.7497646255286,2072000
1153101600,498.22000122,498.22000122,494.30999756,494.30999756,516.7387772266046,500.7646332299508,435.34240375920496,3010000
1153188000,489.23001099,489.23001099,484.13000488,484.13000488,515.5741782142259,500.3949748221741,435.82785252657607,2520000
1153274400,477.13000488,477.13000488,466.19000244,466.19000244,513.8104576508607,499.63486432479243,436.12996347098823,3232000
1153360800,458.54000854,485.57000732,458.54000854,485.57000732,512.8018701390442,499.32231194690814,436.62190420580424,7329000
1153447200,482.45001221,482.45001221,472.85998535,472.85998535,511.37537425372125,498.73426024475464,436.982482127637,2101000
1153706400,466.6000061,466.6000061,460.67999268,460.67999268,509.56482491180265,497.88860985442676,437.21827825253615,3214000
1153792800,449.94000244,449.94000244,439.66000366,439.66000366,507.0682241528097,496.59464082788395,437.2425740277348,3221000
1153879200,431.05999756,438.07000732,431.05999756,434.23999023,504.46721579842364,495.20898192570877,437.21269757203595,2872000
1153965600,435.13000488,441.26998901,435.13000488,441.26998901,502.2101719845514,494.01033763869304,437.2530686311202,5882000
1154052000,445.1000061,445.1000061,439.57000732,439.57000732,499.9730232465317,492.8005525204999,437.27612274742745,3232000
1154311200,431.47000122,431.47000122,422.41000366,422.41000366,497.20291540415553,491.23631810137766,437.12820116446795,6102000
1154397600,409.67001343,409.67001343,404.86999512,404.86999512,493.90531110829284,489.3170664795693,436.80722398989616,3191000
1154484000,388.82000732,399.79998779,388.82000732,399.79998779,490.5444067040681,487.32779806424554,436.43899278392706,4267000
1154570400,411.85998535,417.73001099,411.85998535,417.73001099,487.9438925714228,485.78118057370676,436.2528337611019,3215000
1154656800,436.11999512,436.11999512,435.5,435.5,486.0708964081577,484.66382100540216,436.24534287790686,2004000
1154916000,439.95001221,439.95001221,423.48999023,423.48999023,483.83586404465206,483.30440254372655,436.1184239460869,4042000
1155002400,426.01998901,434.30999756,426.01998901,433.3999939,482.03458296805735,482.1954156849771,436.091374890902,2187000
1155088800,430.97000122,433.85998535,430.25,430.25,480.185133576341,481.04107311419983,436.0332517576592,3982000
1155175200,429.17999268,432.3999939,429.17999268,432.3999939,478.4785214450431,479.96016024277316,435.99709993818,2653000
1155261600,436.67999268,443.45001221,436.67999268,443.45001221,477.22750325807726,479.1488236198226,436.0712582692429,3711000
1155520800,458.97000122,464.54998779,458.97000122,464.54998779,476.7747348485031,478.82440504582655,436.3546287122355,7798000
1155607200,468.26000977,468.26000977,460.07000732,460.33999634,476.18777990177085,478.4136404079193,436.59328908664116,4301000
1155693600,467.94000244,476.23999023,467.94000244,476.23999023,476.18964455635046,478.36533707063217,436.98778362538104,6510000
1155780000,488.77999878,488.77999878,483.32000732,483.32000732,476.44430036933795,478.47544085395145,437.44880077657126,6261000
1155866400,486,486,482.30999756,482.30999756,476.65378955471874,478.560653225197,437.8951808440681,4117000
1156125600,485.17999268,485.17999268,482.19000244,482.19000244,476.8515114434788,478.6413054299704,438.33592533755996,9758000
1156212000,474.54998779,474.54998779,470.11999512,470.11999512,476.6111001462117,478.4519429786377,438.65218473838024,3866000
1156298400,466.97000122,478.39001465,466.97000122,478.39001465,476.6746328070613,478.45056679355685,439.0475860310332,4680000
1156384800,480.75,481.20001221,479.02999878,479.02999878,476.75875302038054,478.46344305992227,439.4454209837592,4494000
1156471200,478.1000061,478.1000061,476.89001465,477.42999268,476.78272586536696,478.440477495924,439.8233769210353,1705000
1156730400,477.45001221,483.05999756,477.45001221,483.05999756,477.0069141401753,478.54313349734787,440.25359205177125,8550000
1156816800,485.61999512,488.63000488,485.61999512,488.63000488,477.42202452374045,478.7672861947401,440.7349493933457,4592000
1156903200,492.95001221,493.25,492.76998901,492.76998901,477.9701661125354,479.07845736841256,441.2527109815711,3584000
1156989600,492.52999878,492.52999878,490.23001099,491.17999268,478.441945632802,479.34738037533674,441.7494998541923,5198000
1157076000,494.75,498.20999146,494.75,498.20999146,479.14794726948764,479.7665495105515,442.3112957905685,4948000
1157421600,509.86999512,515.65997314,509.86999512,515.65997314,480.45194819343453,480.5641811467615,443.041133376135,8026000
1157508000,526.86999512,526.86999512,517.60998535,517.60998535,481.7790209490262,481.38742124016676,443.7831120027406,4555000
1157594400,514.77001953,514.77001953,511.20999146,511.20999146,482.83012703870384,482.0501450228297,444.45402622619594,5161000
1157680800,511.45001221,513.03997803,511.20999146,513.03997803,483.90905028839296,482.7388079785446,445.1364735078258,3250000
1157940000,514.86999512,514.86999512,511.54998779,511.54998779,484.89622662773604,483.37905641879917,445.79730449570815,2757000
1158026400,506.10998535,506.10998535,500.82000732,500.82000732,485.4649330810312,483.76663310549253,446.34479407604937,4105000
1158112800,500.42001343,511.14001465,500.42001343,510.66000366,486.3647570302801,484.36426356225934,446.984746410218,4371000
1158199200,508.97000122,508.97000122,505.17001343,505.17001343,487.03637333027007,484.82661355932026,447.56370429101185,4002000
1158285600,508.29000854,509.32000732,508.26998901,509.32000732,487.83221740133183,485.3709111984465,448.1781948684147,2730000
1158544800,511.1000061,511.1000061,509,510.07998657,488.6267805859271,485.9200017622588,448.7941330943011,4976000
1158631200,514.0300293,515.08001709,514.0300293,515.08001709,489.57153903250116,486.56800210287525,449.45369412908417,7632000
1158717600,519.53997803,519.53997803,514.47998047,514.47998047,490.46112622669756,487.18826828881134,450.1007218538694,4874000
1158804000,515.80999756,515.80999756,513.32000732,513.36999512,491.2793001157441,487.77008444061556,450.73026686149257,2678000
1158890400,511.60998535,513.75,511.60998535,513.75,492.0818251116104,488.34741589749075,451.35732888277124,3738000
1159149600,514.51000977,515.09002686,514.25,515.09002686,492.9035466026243,488.94169614110206,451.9914850815496,2252000
1159236000,516.80999756,520.04998779,516.80999756,520.04998779,493.8730623593163,489.6329915110776,452.6686841134745,5012000
1159322400,522.21002197,522.21002197,520.41998291,520.41998291,494.82116666469784,490.3171468754981,453.34282639005687,4174000
1159408800,522.17999268,527.73999023,522.17999268,527.73999023,495.9968389348872,491.1487656167093,454.0830966770215,10770000
1159495200,531.88000488,531.88000488,526.72998047,526.72998047,497.0944511325698,491.9394592801157,454.8059512421258,5198000
1159754400,529.57000732,531.67999268,529.57000732,531.67999268,498.32964904497805,492.8225822445576,455.5708670773285,8315000
1159840800,538.09002686,538.09002686,536.4699707,537.86999512,499.7418042619431,493.8236358640119,456.389763873773,3276000
1159927200,545.54998779,545.54998779,541.90997314,541.90997314,501.2478102933023,494.89222113681166,457.24071122965586,4290000
1160013600,542.82000732,542.82000732,534.72998047,534.72998047,502.4436020853272,495.7775046775492,458.0117487345349,5023000
1160100000,532.92999268,536.47998047,532.92999268,536.47998047,503.65918702763696,496.68200413960363,458.7925271597634,4285000
1160359200,537.52001953,537.52001953,535.13000488,535.13000488,504.7831448080785,497.5364041560569,459.55210405250205,4831000
1160445600,531.9699707,531.9699707,527.17999268,527.17999268,505.58303223207565,498.19515056770007,460.2250183672035,3441000
1160532000,524.72998047,525,524.66998291,524.66998291,506.2647090420015,498.78348017530675,460.86626179549006,3371000
1160618400,527.15997314,527.15997314,525.2199707,525.2199707,506.94168267264433,499.37095774252214,461.50659720747524,6784000
1160704800,524.97998047,526.11999512,524.97998047,525.92999268,507.6198366014785,499.9611585189105,462.14762601814715,2243000
1160964000,527.01000977,527.01000977,526.34002686,526.34002686,508.2884148249971,500.54735559315696,462.7863563747825,7749000
1161050400,523.2800293,523.2800293,518.71002197,518.71002197,508.6606150801758,500.95097040153126,463.3428107588145,3264000
1161136800,517.92999268,518.58001709,517.88000488,518.58001709,509.0148794376695,501.34272699460837,463.89243470240837,5657000
1161223200,522.69000244,524.59002686,522.48999023,524.59002686,509.5711347027527,501.85933365828373,464.4963908432799,7273000
1161309600,527.90997314,528.41998291,527.90997314,528.41998291,510.24430785301155,502.4495703083219,465.1324464857349,5783000
1161568800,526.04998779,526.04998779,525.91998291,525.91998291,510.80415339076114,502.9711350328036,465.73729759443404,5814000
1161655200,526.08001709,526.08001709,525.75,525.75,511.3379336268054,503.4773320320746,466.33443891190234,4213000
1161741600,525.02001953,525.39001465,524.25,524.25,511.7990788544195,503.9389468758063,466.9107131515849,2995000
1161828000,524.59002686,524.98999023,524.34997559,524.98999023,512.2701828321188,504.4067478392328,467.48861640609647,4661000
1161914400,520.71002197,521.22998047,520.71002197,521.03997803,512.5833898034717,504.7763751768054,468.02146577548854,3349000
1162173600,518.01000977,518.01000977,512.40002441,512.40002441,512.5768410394192,504.9457896042097,468.4630434733444,1887000
1162260000,505.23001099,511.54000854,505.23001099,511.54000854,512.539811307297,505.09232780278285,468.89166999142054,4293000
1162346400,516.79998779,521.38000488,516.79998779,521.38000488,512.8555325063221,505.45427618227654,469.41394198036164,3042000
1162432800,523.09997559,523.09997559,516.95001221,516.95001221,513.0017639243106,505.7097369828926,469.8869377040396,2682000
1162519200,514.10998535,514.10998535,513.73999023,513.73999023,513.0281291495138,505.88818705505054,470.32328648539243,1195000
1162778400,513.89001465,517.10998535,513.89001465,517.10998535,513.1739097281026,506.13756035049386,470.7888257775776,6305000
1162864800,519.73999023,520.47998047,519.73999023,520.0300293,513.4187711413846,506.4462818827051,471.2787880016813,2461000
1162951200,524.2800293,525.98999023,524.2800293,525.98999023,513.8677432516922,506.880586512645,471.8231780736048,4484000
1163037600,530.14001465,531.69000244,530.14001465,531.69000244,514.5042525084175,507.4319068665862,472.4188678682953,2681000
1163124000,537.42999268,537.42999268,530.80999756,530.80999756,515.086600545974,507.95141999310647,472.9998741338844,6617000
1163383200,534.03997803,537.2800293,534.03997803,537.2800293,515.8792230014749,508.60316686659297,473.6394776678756,7177000
1163469600,549.44000244,555.77001953,549.44000244,555.77001953,517.3038943060651,509.651319148002,474.4566969898868,6459000
1163556000,570.63000488,570.63000488,563.09002686,563.09002686,518.9391133258484,510.8388459860464,475.3386206701864,7485000
1163642400,556.41998291,559.83001709,556.41998291,559.83001709,520.3995027459968,511.92753867724537,476.17933108232387,10515000
1163728800,563.11999512,573.78997803,563.11999512,573.78997803,522.3063054347111,513.302259551751,477.1505813007087,7179000
1163988000,590.07000732,590.07000732,584.26000977,584.26000977,524.5189377324,514.87909844549,478.2163467581146,7574000
1164074400,596.22998047,599.01000977,596.22998047,598.2199707,527.1511174812429,516.7311178289235,479.4104126679841,7160000
1164160800,609.46002197,610.15997314,607.92999268,610.15997314,530.1157194690556,518.8073146136142,480.7114033194469,5326000
1164247200,632.5300293,637.20001221,632.5300293,636.95001221,533.9312299240894,521.4327078935338,482.2660163432335,9421000
1164333600,666.03997803,666.26000977,665.5300293,665.5300293,538.6311870446576,524.6348705914553,484.08953886021624,9539000
1164592800,687.7199707,687.7199707,640.15002441,640.15002441,542.2568598077056,527.2018740096452,485.6423795124529,8581000
1164679200,635.63000488,647.08001709,635.63000488,638,545.6762576717161,529.6640545872086,487.1583757362096,5419000
1164765600,612.15997314,616.58001709,612.15997314,616.58001709,548.2085347937978,531.595520420604,488.446153262118,5600000
1164852000,616.77001953,633.04998779,616.77001953,633.04998779,551.2385866865193,533.8500641399239,489.88499738677353,8413000
1164938400,637.07000732,637.07000732,631.28997803,631.28997803,554.0975649487865,536.0153955597034,491.29201211954194,3426000
1165197600,638.89001465,640.73999023,638.89001465,640.65002441,557.1887242152584,538.3406095341544,492.7781614955664,4646000
1165284000,644.26000977,644.59997559,642.94000244,644.59997559,560.3105546214991,540.7019287798398,494.2888263124264,4395000
1165370400,651.17999268,655.13000488,651.17999268,655.13000488,563.6969635593027,543.2447749153989,495.8892360494172,6045000
1165456800,670.13000488,677.14001465,670.13000488,677.14001465,567.7485010982562,546.2202246872789,497.6927263837514,14046000
1165543200,696.11999512,696.11999512,696.11999512,696.11999512,572.3331973133185,549.551330696895,499.66712706769414,1951000
1165802400,721.59997559,724.28997803,721.59997559,723.84002686,577.7441555114142,553.4244128338529,501.89770318503054,12579000
1165888800,748.58001709,748.58001709,716.64001465,716.64001465,582.7047219092208,557.0514262075451,504.03444260259243,14486000
1165975200,740.28997803,740.57000732,738.80999756,740.57000732,588.3427678167486,561.129616898933,506.38803031122336,8938000
1166061600,766.59002686,766.59002686,757.16998291,757.16998291,594.3723112129362,565.4860694769567,508.8833731231515,9687000
1166148000,773.4699707,775.55999756,773.4699707,775.55999756,600.8433000110456,570.1543789899132,511.5368718737669,8398000
1166407200,790.17999268,790.17999268,779.29998779,779.57000732,607.2263967006511,574.8080596194707,514.2038682463663,14812000
1166493600,795.67999268,799.30999756,795.67999268,799.30999756,614.0865253027707,579.7969915737046,517.0407451549596,9286000
1166580000,815.97998047,815.97998047,809.85998535,809.85998535,621.0784345901718,584.9095025465112,519.9543694355073,9096000
1166666400,809.34002686,809.34002686,778.88000488,778.88000488,626.7142049576656,589.2199581539221,522.530743917542,11032000
1166752800,744.66998291,744.66998291,744.15002441,744.15002441,630.9083413666775,592.6628485151683,524.7359108876162,8424000
1167012000,717.67999268,734.65997314,717.67999268,734.65997314,634.6137567871533,595.8183401734979,526.8247075269435,9760000
1167098400,723.97998047,747.82000732,723.97998047,747.82000732,638.6568371633264,599.1961549989757,529.0236657338396,9592000
1167184800,762.33001709,762.33001709,754.35998535,754.63000488,642.7987360103505,602.6502405518874,531.2685049293237,9369000
1167271200,757.05999756,758.86999512,753.80999756,753.80999756,646.763423922838,606.0093462631787,533.4828481395792,10480000
1167357600,748.35998535,751.77001953,748.35998535,751.77001953,650.5136594802367,609.2484723357747,535.6548597952053,5286000
1167703200,751.03997803,751.03997803,741.27001953,741.27001953,653.7549580534426,612.1822844956464,537.7007817826162,6348000
1167789600,745.13000488,757.71002197,745.13000488,757.71002197,657.4676389076053,615.4162342172987,539.8899284511474,5928000
1167876000,784.45001221,788.82000732,784.45001221,788.82000732,662.1587949223336,619.2696513973586,542.3668446587976,10797000
1167962400,818.03997803,818.03997803,816.51000977,816.51000977,667.6713383097504,623.6527704723062,545.0946373464712,11077000
1168221600,840.2199707,840.2199707,825.10998535,825.10998535,673.2941471326164,628.1295974695882,547.8808597146656,11614000
1168308000,845.26000977,845.26000977,840.89001465,844.90997314,679.4232837757373,632.946939151153,550.8363732810868,11760000
1168394400,864.75,866.7199707,864.75,865.71002197,686.0763815683896,638.1194521026829,553.9694444123198,9064000
1168480800,886.83001709,886.83001709,885.42999268,885.42999268,693.1961533938043,643.61524189329,557.2675593204559,12046000
1168567200,914.40997314,914.78997803,913.67999268,914.78997803,701.1102185593827,649.6413471407724,560.824996322541,12068000
1168826400,941.72998047,947.15002441,941.72998047,947.15002441,709.897354482619,656.2526510800885,564.6690264527645,12413000
1168912800,985.5300293,985.5300293,983.5,983.59997559,719.6724480935969,663.5270360691977,568.8374936083588,9362000
1168999200,1012.70001221,1012.70001221,964.96002197,964.96002197,728.4327185891827,670.2255468669933,572.7790113034996,13285000
1169085600,946.84002686,983.09002686,946.84002686,983.09002686,737.5276224559976,677.1780908668379,576.8617079757036,15228000
1169172000,1024,1024,1022.9699707,1023.04998779,747.7248497893548,684.8641330206859,581.3013923519652,9721000
1169431200,1044.26000977,1044.26000977,1027.69995117,1027.69995117,757.7239605529493,692.4827067573374,585.7431690566223,14460000
1169517600,1040.06005859,1040.69995117,1039.60998535,1040.69995117,767.8302459321296,700.2208677442854,590.2701022119793,9305000
1169604000,1049.81994629,1049.81994629,1016.39001465,1016.39001465,776.7073805291964,707.2468487866347,594.5101013407158,11757000
1169690400,991.65002441,991.65002441,988.85998535,988.85998535,784.2842592727965,713.5049184880428,598.4339807835943,14374000
1169776800,966.59997559,974.76000977,966.59997559,974.76000977,791.0869646476966,719.3105871831974,602.178518385449,14237000
1170036000,976.51000977,995.54998779,976.51000977,995.54998779,798.3892154742075,725.4492405300152,606.0926623596237,10633000
1170122400,1021.28997803,1023.9699707,1021.28997803,1022.40002441,806.3896015076286,732.0481468384594,610.2350241710702,9914000
1170208800,1044.06994629,1044.06994629,1041.32995605,1041.32995605,814.7803284555705,738.9210759320492,614.5245259808108,10423000
1170295200,1066.32995605,1066.32995605,1049.31994629,1049.31994629,823.1567433782287,745.8188286066703,618.850848570952,14954000
1170381600,1074.55004883,1074.55004883,1074.55004883,1074.55004883,832.135075715792,753.1239668338554,623.3851689715395,8615000
1170640800,1091.02001953,1091.02001953,1058.70996094,1058.70996094,840.2270359023709,759.9147667028809,627.716758941375,15673000
1170727200,1058.56994629,1091.38000488,1058.56994629,1091.38000488,849.196784794429,767.2806608845947,632.3303235775802,10479000
1170813600,1084.32995605,1095.75,1083.98999023,1095.75,858.0022567660566,774.5799795316037,636.9414646365097,9568000
1170900000,1058.73999023,1058.73999023,1052.85998535,1052.85998535,864.9614613583402,780.7639796609014,641.0799573799276,10290000
1170986400,1010.9699707,1030.90002441,1010.38000488,1030.90002441,870.8878386101852,786.3225584331036,644.9587640170428,9986000
1171245600,1041.43005371,1054.26000977,1041.43005371,1054.26000977,877.4368447230357,792.276724018368,649.031413228515,12229000
1171332000,1081.79003906,1081.79003906,1074.06005859,1074.45996094,884.4733845879273,798.5474626166265,653.2645331062413,8319000
1171418400,1077.97998047,1077.97998047,1073.18994141,1073.18994141,891.213261617287,804.6506288120348,657.4428953779205,12005000
1171504800,1071.5,1083.25,1071.5,1083.25,898.0717165595267,810.8417259495452,661.6797819910755,6848000
1172455200,1121.18005371,1129.02001953,1121.18005371,1129.02001953,906.3198702370437,817.9123546957775,666.3299336083783,10222000
1172541600,1174.09997559,1174.09997559,1167.35998535,1167.35998535,915.6427314910778,825.6778575992047,671.3153072575486,10246000
1172628000,1159.67004395,1159.67004395,1135.84997559,1137.68994141,923.5729889881821,832.6114594616668,675.9558508809561,15495000
1172714400,1147.51000977,1147.51000977,1123.06994629,1123.06994629,930.6978803203899,839.0660925022963,680.4047473526879,10623000
1172800800,1130.61999512,1147.66003418,1130.61999512,1147.66003418,938.4465286725189,845.9237356506898,685.054053689278,19247000
1173060000,1165.05004883,1165.05004883,1158.90002441,1158.90002441,946.3198678060004,852.8787642897855,689.7689389700812,10527000
1173146400,1139.76000977,1139.76000977,1132.94995117,1133.31005859,952.998088905429,859.1105708297903,694.1822834439113,10264000
1173232800,1139.30004883,1139.30004883,1132.22998047,1132.22998047,959.3992278898779,865.1798910440172,698.5409669964097,10980000
1173319200,1140.47998047,1141.58996582,1138.67004395,1141.58996582,965.9060399588109,871.3223371501501,702.9494147458981,10730000
1173405600,1168.67004395,1168.67004395,1155.68005371,1155.68005371,972.6836833070677,877.6413975181468,707.4541972231528,13219000
1173664800,1179.31994629,1179.31994629,1170.67004395,1170.67004395,979.7546247586009,884.1531452166324,712.0633101259075,17533000
1173751200,1178.67004395,1178.67004395,1154.11999512,1158.27001953,986.1301745718652,890.244631312485,716.5031778811721,16748000
1173837600,1135.20996094,1135.20996094,1114.20996094,1114.20996094,990.7044526564414,895.2216386375409,720.460459304643,15941000
1173924000,1072.79003906,1072.79003906,1065.52001953,1065.52001953,993.3764371876399,899.0060471018178,723.8938877645968,11641000
1174010400,1089.23999023,1109.76000977,1089.23999023,1109.76000977,997.5329933512957,903.6894684944441,727.7333516651481,12851000
1174269600,1152.06005859,1152.06005859,1133.33996582,1133.33996582,1002.3832423680351,908.7928128794565,731.7692383731566,16380000
1174356000,1133.77001953,1133.77001953,1117.25,1117.25,1006.4856265691767,913.4251948154686,735.6048678420804,12201000
1174442400,1116.79003906,1116.79003906,1111.63000488,1111.63000488,1010.2407829374204,917.8297461502359,739.346411494199,12967000
1174528800,1107.85998535,1107.85998535,1099.81994629,1099.81994629,1013.4400387714411,921.8739728200085,742.9332128354507,12170000
1174615200,1096.94995117,1096.94995117,1090.56005859,1090.56005859,1016.1943251935324,925.6225525037861,746.3921864250482,8265000
1174874400,1085.45996094,1085.45996094,1070.72998047,1072.16003418,1018.1931005144777,928.8789409854797,749.633657546988,9967000
1174960800,1050.27001953,1050.27001953,1034.23999023,1034.23999023,1018.7662037186035,931.220297635358,752.4655613547792,7304000
1175047200,999.34997559,1031.79003906,999.34997559,1031.79003906,1019.2313406950819,933.4551807781278,755.2449093916471,9310000
1175133600,1050.17004395,1068.70996094,1050.17004395,1068.70996094,1020.9984342752576,936.4608425595027,758.3639646309342,10182000
1175220000,1091.22998047,1091.22998047,1071.32995605,1071.32995605,1022.7959886243556,939.4579339704026,761.4780540977906,12097000
1175479200,1059.18005371,1061.75,1055.09997559,1055.09997559,1023.9497024445571,942.0277571175047,764.399665256917,7756000
1175565600,1030.92004395,1030.92004395,1027.43005371,1027.5300293,1024.0775712608229,943.9278076104491,767.0178778344601,6941000
1175652000,1030.68994141,1050.90002441,1030.68994141,1050.90002441,1025.0355160161507,946.3049679837725,769.8425758103361,9133000
1175738400,1058.5300293,1058.5300293,1048.97998047,1048.97998047,1025.890675460931,948.5866349279108,772.6200624238652,8464000
1175824800,1033.77001953,1033.92004395,1032.64001465,1033.92004395,1026.177438621255,950.4829329061795,775.2200622400456,7972000
1176084000,1041.29003906,1041.35998535,1039.97998047,1041.35998535,1026.719672432996,952.5024229604866,777.8682206789507,6016000
1176170400,1044.90002441,1044.90002441,1039.67004395,1039.67004395,1027.1821857014604,954.4394812046979,780.4732139453293,6141000
1176256800,1037.16003418,1037.25,1034.68005371,1034.68005371,1027.4499667017653,956.2226050381491,783.0026352365201,4261000
1176343200,1031.20996094,1031.20996094,1027.57995605,1027.57995605,1027.454609178488,957.8083239495236,785.4362404187438,4626000
1176429600,1026.40002441,1026.40002441,1012.97998047,1012.97998047,1026.9376581531849,959.0343607610897,787.7003572351741,6686000
1176688800,998.14001465,998.14001465,983,983,1025.3684560762854,959.5669305219544,789.6436372626848,5509000
1176775200,968.96002197,968.96002197,965.7199707,965.7199707,1023.2381530271323,959.7036647481332,791.395640580469,6683000
1176861600,979.85998535,1001.11999512,979.85998535,1001.11999512,1022.4482188161633,960.6240276452858,793.4824500783748,4306000
1176948000,1015.09997559,1015.09997559,998.09002686,998.09002686,1021.5782833891574,961.4566054056128,795.518346364759,8987000
1177034400,981.95001221,981.95001221,968.88000488,968.88000488,1019.6962020138303,961.6215698383769,797.2433379917763,5094000
1177293600,940.58001709,940.58001709,931.17999268,931.17999268,1016.5349088233364,960.9450903459685,798.5760410235,5747000
1177380000,907.4699707,907.65002441,905.5300293,905.5300293,1012.5704488403601,959.713644544947,799.6402598123209,6026000
1177466400,903.94000244,923.89001465,903.94000244,923.89001465,1009.4032904764186,958.9175638806148,800.876575780855,8357000
1178071200,933.29998779,935.47998047,933.29998779,935.47998047,1006.7631722619037,958.3967286937122,802.215913140946,7688000
1178157600,939.02001953,941.0300293,937.46002197,937.46002197,1004.2880597514786,957.9314685442964,803.5616256666082,5412000
1178244000,941.14001465,947.19000244,941.14001465,947.19000244,1002.2488434189258,957.6927692975343,804.9907637439553,4474000
1178503200,969.47998047,983.61999512,969.47998047,983.61999512,1001.5835274082499,958.2689298713668,806.7681690312792,5754000
1178589600,1017.23999023,1017.23999023,1015.42999268,1015.42999268,1002.0780440250982,959.5391757115586,808.8444060825102,9927000
1178676000,1029.66003418,1029.66003418,1019.96002197,1019.96002197,1002.7166860945589,960.8818611839685,810.9450589769131,8323000
1178762400,1026.45996094,1026.45996094,1020.03997803,1020.03997803,1003.3353750922532,962.1964860027691,813.0256054351528,7989000
1178848800,1022.34997559,1039.63000488,1022.34997559,1039.63000488,1004.631611870387,963.9172308667075,815.2803755788826,9645000
1179108000,1061.89001465,1066.04003906,1060.51000977,1066.04003906,1006.8247699843017,966.1866266043363,817.7754966085455,6610000
1179194400,1069.15002441,1069.15002441,1054.68994141,1054.68994141,1008.5342403923623,968.1533669333511,820.1328542682614,8498000
1179280800,1051.61999512,1051.61999512,1040.98999023,1040.98999023,1009.6933743151351,969.7719585621655,822.3304377106668,8756000
1179367200,1039.27001953,1059.79003906,1039.27001953,1059.79003906,1011.482540913166,971.7723603510063,824.6932198136453,11249000
1179453600,1063.32995605,1066.56005859,1063.32995605,1066.56005859,1013.44959511591,973.8787536452062,827.0998550253504,6510000
1179712800,1077.61999512,1085.41003418,1077.61999512,1085.41003418,1016.0196107967704,976.3572265459794,829.6701055642026,7905000
1179799200,1102.69995117,1107.52001953,1102.69995117,1107.52001953,1019.2874825372429,979.2719552789576,832.4347813250563,11783000
1179885600,1127.75,1127.75,1113.18994141,1113.18994141,1022.6411417826985,982.2479105263142,835.2283650074935,10851000
1179972000,1101.79003906,1101.79003906,1085.30004883,1085.30004883,1024.8789598915307,984.5379580441738,837.716640468414,8451000
1180058400,1073.52001953,1089.59997559,1073.52001953,1089.59997559,1027.1904247379046,986.8726695451921,840.2229423104199,9135000
1180317600,1113.23999023,1113.23999023,1098.64001465,1098.64001465,1029.7421958061936,989.356388325299,842.7942564630525,7183000
1180404000,1102.81994629,1102.81994629,1093.77001953,1093.77001953,1032.0289037963296,991.676691240959,845.2915277373505,7103000
1180490400,1080.95996094,1080.95996094,1075.55004883,1077.88000488,1033.6664431207464,993.5923204329378,847.60584094275,5326000
1180576800,1087.55004883,1087.55004883,1081.47998047,1081.47998047,1035.3740694546484,995.5453795448725,849.9329468086928,6024000
1180663200,1085.93005371,1085.93005371,1077.35998535,1077.35998535,1036.8735664509109,997.3634818960976,852.195902416069,5593000
1180922400,1074.18005371,1074.18005371,1062.09997559,1062.09997559,1037.7745096344497,998.802070644851,854.2845001590931,7579000
1181008800,1051.68005371,1051.68005371,1039.66003418,1039.66003418,1037.8418497967907,999.7100253900766,856.1290328359181,8164000
1181095200,1040.44995117,1045.29003906,1038.90002441,1045.29003906,1038.107856556191,1000.7229145827415,858.0112319028244,7048000
1181181600,1057.54003906,1060.56005859,1057.54003906,1060.02001953,1038.8904338052557,1002.0406280260139,860.021269590657,12735000
1181268000,1067.13000488,1067.13000488,1054.7800293,1057.35998535,1039.5500606461394,1003.269947077658,861.9848389016952,8583000
1181527200,1042.08996582,1042.08996582,1037.29003906,1040.75,1039.592915623063,1004.1028371425989,863.7635967235689,7114000
1181613600,1034.88000488,1036.54003906,1034.88000488,1036.54003906,1039.4838843172392,1004.8236638518745,865.4827653040309,10783000
1181700000,1035.9699707,1038.80004883,1033.70996094,1038.80004883,1039.4594616212664,1005.5786946291662,867.2073153888664,9075000
1181786400,1044.02001953,1044.02001953,1041.68005371,1042.79003906,1039.578410815507,1006.4056133942959,868.9544071666886,7805000
1181872800,1050.63000488,1050.63000488,1048.18994141,1048.18994141,1039.885965479596,1007.334154016867,870.7378453183634,5690000
1182132000,1046.42004395,1046.61999512,1043.98999023,1043.98999023,1040.0325377921106,1008.1487281549366,872.4617472577827,10580000
1182218400,1047.94995117,1049.86999512,1047.94995117,1049.57995605,1040.3735170156067,1009.0694221081602,874.2241174945211,8662000
1182304800,1050.88000488,1050.88000488,1045.2800293,1045.2800293,1040.5487495971922,1009.8741022679789,875.9261663682075,7215000
1182391200,1043.95996094,1043.95996094,1034.43005371,1034.43005371,1040.3302247440781,1010.4197900778015,877.5033194760861,5685000
1182477600,1031.26000977,1037.44995117,1031.26000977,1033.68994141,1040.0930717678611,1010.9369045518504,879.057415216722,6791000
1182736800,1047.9699707,1047.9699707,1044.39001465,1044.39001465,1040.2465340136519,1011.6803069984759,880.7025157085955,7441000
1182823200,1064.15002441,1064.15002441,1054.38000488,1055.69995117,1040.7984417692358,1012.6585213133986,882.4437837231368,7486000
1182909600,1057.07995605,1057.07995605,1032.95996094,1032.95996094,1040.5184960253346,1013.109664416212,883.9414571282797,9286000
1182996000,1024.30004883,1024.61999512,1024.04003906,1024.04003906,1039.929979705144,1013.3525616305184,885.3354728688938,8673000
1183082400,1020.64001465,1024.68005371,1020.64001465,1024.68005371,1039.3853394910318,1013.6042836767291,886.7219861110939,7829000
1183341600,1015.71002197,1015.71002197,994.16998291,994.16998291,1037.7705053274235,1013.1724103263573,887.7911204076004,7621000
1183428000,976.10998535,977.29998779,975.40002441,977.29998779,1035.6108439868012,1012.375245381105,888.6817559039426,7179000
1183514400,996.14001465,1013.55999756,996.14001465,1013.55999756,1034.8233137572727,1012.4015732073026,889.9243254726597,6861000
1183600800,1013.95001221,1013.95001221,1012.58001709,1012.82000732,1034.0374813845128,1012.4108717431403,891.1471680781059,8646000
1183687200,1008.35998535,1010.5300293,1005.95001221,1010.5300293,1033.1979295243516,1012.3690752444039,892.3350572444929,5982000
1183946400,1004.39001465,1010.27001953,1004.39001465,1010.27001953,1032.379075595982,1012.3224295618616,893.508539456289,7115000
1184032800,1015.15002441,1023.03997803,1015.15002441,1023.03997803,1032.0455363971969,1012.560597305598,894.7974094918483,5505000
1184119200,1032.43005371,1032.70996094,1029.84997559,1029.84997559,1031.9671235112255,1012.944805711918,896.1412161196906,5728000
1184205600,1025.7199707,1025.7199707,1017.67999268,1017.67999268,1031.4568688386817,1013.0500320889864,897.3505571799922,6317000
1184292000,1010.71002197,1015.72998047,1010.71002197,1015.72998047,1030.895194254086,1013.1095864974534,898.5284618893455,6277000
1184551200,1005.15997314,1005.15997314,995.83001709,995.83001709,1029.6428664982257,1012.7255960661766,899.496636567959,6168000
1184637600,995.85998535,1001.04998779,995.85998535,1000.33001709,1028.5959790193604,1012.4501387555949,900.4999537870838,6379000
1184724000,998.75,998.75,994.72998047,994.72998047,1027.3864790711689,1012.0563574603594,901.437565992884,4922000
1184810400,990.84002686,990.84002686,984.42999268,984.42999268,1025.8523188429128,1011.4424382430182,902.263361283303,6026000
1184896800,980.34997559,982.16998291,980.34997559,981.30999756,1024.2615216542374,1010.7728284500622,903.0498949775985,4973000
1185156000,981.10998535,981.64001465,979.22998047,979.22998047,1022.6532523262289,1010.0718762727275,903.8079057785179,5599000
1185242400,982.16998291,983.5300293,982.16998291,982.42999268,1021.2167073388636,1009.4576121928892,904.5902151009208,7414000
1185328800,975.08001709,975.08001709,970.54998779,972.55999756,1019.4789677039041,1008.6376652010472,905.2665313442947,5478000
1185415200,965.91998291,965.91998291,956.13000488,956.13000488,1017.2165047459075,1007.4708283050239,905.7726355585803,7609000
1185501600,946.0300293,946.0300293,939.94000244,940.35998535,1014.4716290531966,1005.9794762393567,906.1167882928232,5219000
1185760800,928.69000244,928.69000244,925.44000244,925.44000244,1011.2919281027253,1004.1897101549265,906.3090590803573,3296000
1185847200,905.08001709,907.95001221,903.40997314,907.95001221,1007.6011453922707,1002.0510502005948,906.3253869721946,6578000
1185933600,905.34002686,924.17999268,905.34002686,923.14001465,1004.5846764371896,1000.2974716328038,906.492696700332,6791000
1186020000,926.66998291,926.66998291,911.17999268,911.17999268,1001.2487948744329,998.3170832116303,906.5393364613237,6597000
1186106400,895.2199707,895.2199707,892.88000488,892.88000488,997.3784809460602,995.974037026483,906.4034227142458,5900000
1186365600,892.40997314,892.40997314,883.90002441,883.90002441,993.3256789269152,993.4835034127833,906.1795083032583,4233000
1186452000,890.75,898.26000977,890.75,896.90997314,989.8822608630968,991.337424962277,906.0872741225294,4162000
1186538400,901.5300293,910.04998779,901.5300293,910.04998779,987.0311082533433,989.5310374695598,906.1267041092703,4836000
1186624800,923.15002441,938.21002197,923.15002441,938.21002197,985.2874980289382,988.3905704584585,906.4459411029095,8625000
1186711200,942.33001709,942.33001709,929.36999512,935.67999268,983.5158014093333,987.2192242856038,906.7368271882536,7598000
1186970400,916,916,909.15002441,909.15002441,980.8598808022143,985.484353177257,906.7608391009078,5330000
1187056800,912.82000732,923.15002441,912.82000732,923.15002441,978.7988145024924,984.099145871318,906.923915571645,5183000
1187143200,918.16998291,918.16998291,914.44000244,915.34002686,976.5324292295462,982.5711654488442,907.0076579725242,3694000
1187229600,904.66998291,904.66998291,900.26000977,900.26000977,973.8084142488482,980.742028655981,906.9405171943896,6136000
1187316000,886.91998291,889.51000977,886.91998291,887.92999268,970.7413277642464,978.6795389676258,906.7513577464853,4378000
1187575200,875.86999512,890.02001953,875.86999512,890.02001953,967.8584238987377,976.7093274245675,906.5848767692069,7939000
1187661600,897.0300293,897.35998535,895.7199707,895.7199707,965.2820505702114,974.9095639417993,906.4767682511053,7379000
1187748000,898.61999512,898.61999512,892.07000732,892.07000732,962.6673347398466,973.0686849057594,906.3334173960694,6263000
1187834400,891.5,891.5,887.61999512,887.61999512,959.9870726105664,971.1698251327425,906.1472141893423,9025000
1187920800,897.05999756,905.47998047,897.05999756,905.47998047,958.0403907484033,969.7100508069038,906.1405750478564,8008000
1188180000,911.01000977,911.01000977,908.27001953,909.07000732,956.2914484831032,968.3624942849726,906.1697236276786,8893000
1188266400,904.75,904.75,901.5,902.58001709,954.3731830762066,966.9006614584176,906.134005154667,5244000
1188352800,895.53997803,901.16998291,894.66998291,901.16998291,952.4730687845564,965.4399797128972,906.0846118985012,6642000
1188439200,901.26000977,904.97998047,901.26000977,903.94000244,950.7397449865365,964.0733135512772,906.0632725009042,5352000
1188525600,904.57000732,910.07000732,904.57000732,908.36999512,949.2265396341602,962.8354620305822,906.0862249647757,7846000
1188871200,919.86999512,929.84997559,919.86999512,929.84997559,948.5345194897259,962.1024512207915,906.3226801948774,8270000
1188957600,938.76000977,938.76000977,925.57000732,925.57000732,947.714358340807,961.2906191341073,906.5141958876648,8953000
1189044000,926.10998535,928.35998535,925.98999023,928.35998535,947.0231307339925,960.5588272722382,906.731566927091,7336000
1189130400,929.5300293,934.13000488,929.5300293,934.13000488,946.5626619534928,959.9715201079663,907.0041882002542,6763000
1189389600,933.02001953,933.02001953,927.14001465,927.14001465,945.868995978368,959.2419310977892,907.2045446823413,7749000
1189476000,925.2800293,925.2800293,920.47998047,920.47998047,944.9622454244977,958.3805544171717,907.3366385707757,13476000
1189562400,922.65997314,923.83001709,921.19000244,921.19000244,944.11323674648,957.5540977065679,907.4744829873848,7110000
1189648800,920.54998779,921.30999756,920.54998779,921.30999756,943.2988353469628,956.7486732588663,907.6121497990526,9380000
1189735200,924.14001465,930.46002197,924.14001465,930.46002197,942.8403062977856,956.1644810080027,907.8394918107039,5455000
1189994400,932.38000488,934.73999023,932.38000488,934.73999023,942.5510092953647,955.688381212936,908.1071584616421,11292000
1190080800,933.7800293,935.16998291,933.7800293,935.16998291,942.2874012101731,955.232416806204,908.3764402969492,7646000
1190167200,942.52001953,946.2199707,942.52001953,946.2199707,942.4278501205241,955.0321402260662,908.7529928382731,9225000
1190253600,960.55999756,963.60998535,960.55999756,963.60998535,943.1843549501483,955.222759006598,909.2988335597829,11029000
1190340000,965.20001221,965.20001221,958.66998291,958.66998291,943.7374130915716,955.2993639822292,909.790088777198,11378000
1190599200,967.89001465,975.82000732,967.89001465,975.82000732,944.8832200283013,955.7553782786241,910.4471028920517,12055000
1190685600,1005.78997803,1009.88000488,1005.5,1009.88000488,947.2045337730048,956.9581477586547,911.4364850013845,15508000
1190772000,1029.72998047,1029.72998047,1015.39001465,1015.90997314,949.6582994646832,958.2681883226846,912.4760221967937,16588000
1190858400,1012.26000977,1014.09002686,1009.83001709,1014.09002686,951.9594325859445,959.5086736235139,913.4871068203082,13025000
1190944800,1030.77001953,1046.85998535,1030.77001953,1046.85998535,955.3487380418036,961.4498138841025,914.8142001390116,15064000
1191204000,1072.7199707,1084.39001465,1072.7199707,1084.39001465,959.9573550635249,964.1818183455669,916.5015216764344,21248000
1191290400,1096.9699707,1099.47998047,1092.30004883,1099.47998047,964.940305970899,967.1884441705542,918.32220285846,17807000
1191376800,1099.33996582,1106.59997559,1099.22998047,1106.59997559,969.9995798858669,970.2864782020974,920.1956135324057,14939000
1191463200,1107.80004883,1107.80004883,1087.76000977,1087.76000977,974.2053095245859,972.8970011258286,921.8629209576553,16978000
1191549600,1086.92004395,1086.92004395,1081.63000488,1081.63000488,978.0419057872792,975.3132900981435,923.4526431857383,16629000
1191808800,1084.57995605,1088.10998535,1084.57995605,1084.86999512,981.8571946920192,977.7478835430736,925.0587859910544,14130000
1191895200,1093.06994629,1097.35998535,1093.06994629,1097.35998535,985.9822943583757,980.4059302498943,926.7732257856708,14878000
1191981600,1110.7800293,1110.7800293,1104.67004395,1104.67004395,990.2211425580766,983.1673549987855,928.5433433793457,14297000
1192068000,1107.05004883,1107.05004883,1099.31005859,1099.31005859,994.1171752735024,985.7483039674792,930.2425146749741,12785000
1192154400,1097.57995605,1104.60998535,1097.57995605,1104.60998535,998.0633470619488,988.3896746648685,931.9775143831833,16228000
1192413600,1104.42004395,1105.20996094,1103.93994141,1105.20996094,1001.8900118433078,990.985681026538,933.701220319072,13095000
1192500000,1106.67004395,1106.67004395,1103.79003906,1103.88000488,1005.5325115946182,993.4944437788372,935.3945415584842,15472000
1192586400,1106.20996094,1106.7199707,1101.29003906,1101.29003906,1008.9524232898104,995.8899014517519,937.045243026161,13672000
1192672800,1094.93005371,1094.93005371,1088.68005371,1088.68005371,1011.79983866196,997.9519048352686,938.5540471125673,15477000
1192759200,1078.20996094,1097.06994629,1078.20996094,1097.06994629,1014.8451996486758,1000.154527978707,940.1313197411985,12487000
1193018400,1091.76000977,1091.76000977,1085.73999023,1085.73999023,1017.3771564551516,1002.0564271398468,941.5801622336244,10914000
1193104800,1079.06005859,1079.06005859,1075.29003906,1075.29003906,1019.4454736910391,1003.6838407380725,942.9106087692102,13136000
1193191200,1079.59997559,1096.19995117,1079.59997559,1096.19995117,1022.1867050295734,1005.7397543032264,944.4358758577753,12779000
1193277600,1103.08996582,1103.08996582,1095.5300293,1095.5300293,1024.806109467803,1007.7350937475992,945.9393002701357,16931000
1193364000,1095.2800293,1095.2800293,1092.47998047,1092.47998047,1027.2230334321673,1009.6183134525414,947.39741649103,12474000
1193623200,1074.86999512,1074.86999512,1064.19995117,1064.19995117,1028.54363763709,1010.8312387351516,948.5596307664426,17289000
1193709600,1068.31005859,1071.15002441,1068.31005859,1069.7800293,1030.0163659107652,1012.1412118588149,949.7658038861796,12163000
1193796000,1065.68005371,1068.80004883,1065.08996582,1065.08996582,1031.2689944789522,1013.3178508357302,950.9133079850236,12789000
1193882400,1074.45996094,1075.92004395,1074.45996094,1075.92004395,1032.863674817204,1014.7090106827139,952.1571561040781,14462000
1193968800,1074.68005371,1074.68005371,1066.63000488,1066.63000488,1034.0696151765894,1015.8628105537647,953.2961894252315,11291000
1194228000,1045.31005859,1047.65002441,1045.31005859,1047.15002441,1034.5367726492113,1016.5580819727921,954.2300584300551,14741000
1194314400,1036.56994629,1036.56994629,1031.70996094,1031.70996094,1034.435815088168,1016.8947903942857,955.0010027336367,13186000
1194400800,1026.05004883,1031.19995117,1026.05004883,1031.19995117,1034.320248519662,1017.2126828559682,955.7592012255408,14924000
1194487200,1031.94995117,1031.94995117,1026.4699707,1026.4699707,1034.039881454674,1017.4184003636134,956.4627909715553,13624000
1194573600,1012.42999268,1018.28997803,1011.09002686,1018.28997803,1033.4773849037929,1017.4377687561997,957.077986862684,12986000
1194832800,1012.5,1012.5,1006.11999512,1006.11999512,1032.5003352686574,1017.1862626753953,957.5659670443489,13952000
1194919200,999.38000488,999.38000488,973.59002686,973.59002686,1030.396395682634,1016.2174574350531,957.7254104255992,13573000
1195005600,986.90997314,1007.94000244,986.90997314,993.75,1029.0875958368256,1015.7181806031631,958.0838640532052,20067000
1195092000,1007.05999756,1007.05999756,1001.2800293,1002.71002197,1028.145539627296,1015.429110411315,958.5279054255116,14426000
1195178400,996.07000732,998.2199707,996.07000732,998.2199707,1027.076769308464,1015.0466850843969,958.9228513486408,11748000
1195437600,996.47998047,998.75,996.40997314,998.75,1026.0650989760188,1014.6845365269659,959.3191413849728,8502000
1195524000,984.29998779,984.90997314,983.52001953,983.52001953,1024.5456318529468,1013.9919917048111,959.5599461426348,8474000
1195610400,963.55999756,971.78997803,963.55999756,971.48999023,1022.6507875092701,1013.0475027831486,959.6786530489767,10557000
1195696800,977.57000732,980.02001953,977.16998291,977.16998291,1021.0264730592962,1012.2502245637453,959.852696132171,8848000
1195783200,979.10998535,979.10998535,974.44000244,975.91998291,1019.4155269825357,1011.4428858603287,960.0125696324479,8977000
1196042400,982.17999268,991.38000488,982.17999268,991.38000488,1018.4142583360165,1010.9970440607658,960.3246834160057,12750000
1196128800,998.7199707,998.7199707,988.08001709,988.08001709,1017.3308925772302,1010.4877767947488,960.6008558903737,10243000
1196215200,988.59002686,988.59002686,984.57000732,984.57000732,1016.1608609609005,1009.9118263619766,960.839354909574,9218000
1196301600,984.85998535,984.85998535,980.09002686,980.09002686,1014.8726168858684,1009.2491197063772,961.0309038842051,8959000
1196388000,973.19000244,974.39001465,972.34997559,972.34997559,1013.3539511253017,1008.4291387260132,961.1435314633673,10182000
1196647200,977.85998535,987.96002197,977.85998535,987.96002197,1012.4470250840409,1007.9742694647684,961.410362214677,9964000
1196733600,990.51000977,990.51000977,988.90997314,988.90997314,1011.6064160860394,1007.5506184353292,961.6839901840832,10725000
1196820000,981.95001221,981.95001221,976.21002197,976.21002197,1010.3422591533238,1006.8541607360996,961.8285278137938,8372000
1196906400,973.65002441,974.46002197,971.66998291,974.46002197,1009.0607506824907,1006.1342909857418,961.9542143228108,7395000
1196992800,970.15002441,976.19000244,970.15002441,974.63000488,1007.8310811895446,1005.4341957389476,962.0803415920366,8968000
1197252000,966.7199707,966.7199707,958.47998047,958.47998047,1006.0685418781324,1004.390768732971,962.0445171032601,10421000
1197338400,948.90997314,948.90997314,941.03997803,941.03997803,1003.7460931692705,1002.9829733840161,961.8355167144714,8633000
1197424800,936.20001221,952.23999023,936.20001221,946.32000732,1001.6951615317965,1001.7237963603712,961.681133536417,9433000
1197511200,941.76000977,941.76000977,930.35998535,930.35998535,999.147476668161,1000.1379338934742,961.3694803206317,6851000
1197597600,924.10998535,926.09997559,922.09002686,922.09002686,996.395424889298,998.403535959397,960.9786399876901,8358000
1197856800,918.60998535,918.60998535,911.15002441,911.15002441,993.3509463007517,996.464569036077,960.4828328675142,7969000
1197943200,911.41998291,919.59997559,911.41998291,919.59997559,990.716983061082,994.7564669594975,960.0760382677379,7871000
1198029600,932.59002686,946.7800293,932.59002686,946.7800293,989.1478061410434,993.6903239003975,959.943739671044,10304000
1198116000,949.15002441,949.15002441,930.45001221,930.45001221,987.0514563577918,992.2849836406109,959.6502697460585,9024000
1198202400,930.36999512,935.07000732,930.36999512,935.07000732,985.1949760350135,991.0135397223751,959.405690020426,8377000
1198461600,933.65997314,933.65997314,930.85998535,930.85998535,983.2544406534058,989.6767940696557,959.1216531580337,7315000
1198548000,925.10998535,925.10998535,918.42999268,918.42999268,980.9392817972127,988.0935318165522,958.7167610139737,7539000
1198634400,917.30999756,924.36999512,917.30999756,924.36999512,978.9189501301694,986.6774532232954,958.3750021493571,8585000
1198720800,923.08001709,923.08001709,921.75,921.75,976.8772019112348,985.2346209294444,958.0105742672739,7980000
1198807200,920.7199707,927.02001953,920.7199707,927.02001953,975.0965882547621,983.9409631205679,957.7022105385448,5903000
1199239200,925.65997314,926.01000977,921.07000732,921.07000732,973.167067507092,982.5438307694441,957.3377110040319,6469000
1199325600,913.55999756,915.46002197,908.25,908.25,970.8486008104102,980.8928567523453,956.8492760686684,8890000
1199412000,904.83001709,905.38000488,903.09002686,903.09002686,968.4286517407527,979.1639049769599,956.3143581660945,8130000
1199671200,899.5300293,899.5300293,884.0300293,887.08001709,965.5233433603687,977.1175963572497,955.6254592499145,9241000
1199757600,892.67999268,899.2199707,892.67999268,893.73999023,962.9596521771413,975.264760665533,955.009683438771,9685000
1199844000,888.69000244,889.11999512,878.40997314,878.40997314,959.9400207829576,973.1124320538545,954.247497266644,8308000
1199930400,858.07000732,858.55999756,849.69000244,850.07000732,956.0160917307091,970.3781559486578,953.2109053268764,12591000
1200016800,860.52001953,867.5,860.13000488,860.77001953,952.6144462949695,967.9424195837987,952.2910955179523,7574000
1200276000,859.28997803,859.28997803,841,841,948.6282160701492,965.121476926381,951.1837214331965,10676000
1200362400,819.03997803,820.20001221,807.7199707,808.83001709,943.6354232494296,961.6483333744613,949.7672666636125,10684000
1200448800,836.42999268,846.07000732,835.20001221,846.07000732,940.1509441090927,959.0799261288066,948.7354531378054,14173000
1200535200,861.7800293,861.7800293,830.73999023,833.80999756,936.3530531609108,956.2961499383887,947.5919162663845,11571000
1200621600,831.08001709,847.04998779,828.2199707,847.04998779,933.1636579690926,953.8684574462022,946.5914990676144,7372000
1200880800,839.30999756,839.36999512,833.88000488,833.88000488,929.6178132159107,951.2020473891755,945.4699916627626,9727000
1200967200,808.46002197,813.01000977,807.73999023,807.73999023,925.2650338235568,948.0140016745272,944.0995438873122,12750000
1201053600,785.77001953,787.11999512,775.29998779,776.67999268,919.9584252112869,944.2065792524266,942.4336777061449,11314000
1201140000,785.91998291,790.52001953,764.13000488,764.13000488,914.3931244851696,940.204877599706,940.6595118073773,12854000
1201226400,763.65997314,778.82000732,762.98999023,776.03997803,909.4519406831992,936.5567687203792,939.0215064961595,7888000
1201485600,781.91998291,785.07000732,775.90002441,785.07000732,905.0097287773706,933.1903962448152,937.489650782964,7589000
1201572000,787.29998779,811.60998535,786.41998291,811.60998535,901.6740236549645,930.4886093360416,936.2371167985564,9962000
1201658400,844.95001221,848.88000488,843.09997559,843.09997559,899.58209336693,928.5466396972406,935.3103790750881,13928000
1201744800,831.73999023,844.10998535,826.0300293,844.10998535,897.6009466520397,926.6702696006353,934.4029124708584,17333000
1201831200,854.15002441,859.61999512,852.32000732,859.61999512,896.2444840973241,925.1802635010656,933.6588038405016,15355000
1202781600,857.02001953,857.02001953,840.5,841.22998047,894.2796803963482,923.3147016559308,932.7391140557205,6564000
1202868000,830.53997803,830.77001953,817.85998535,817.85998535,891.5504055732644,920.971263515799,931.5960381482009,8112000
1202954400,824.34002686,832.65997314,823.46002197,823.46002197,889.118606158862,918.8043470370035,930.5200578877214,9040000
1203040800,821,821.0300293,813.89001465,816.0300293,886.5082998424741,916.5204733095145,929.3808536231669,5835000
1203300000,784.79998779,786.45001221,780.7800293,782.57000732,882.7962179666715,913.5437962875253,927.9200491823393,14527000
1203386400,764.41998291,780.90997314,764.16998291,776.78997803,879.0102808260762,910.5048225484692,926.4162673798285,14491000
1203472800,775.29998779,775.92999268,744.91998291,744.91998291,874.2213416147878,906.825159445392,924.6103342010242,12808000
1203559200,711.7800293,712.27001953,710.16998291,710.45001221,868.3723655646168,902.4612672846056,922.4793857235015,20132000
1203645600,678.32000732,687.09997559,677.78997803,687.09997559,861.8983516369519,897.6754608025033,920.1373020405812,16378000
1203904800,706,715.25,706,715.03997803,856.6534097224179,893.6168945186698,918.0965326474411,23913000
1203991200,714.85998535,714.85998535,692.83001709,692.90997314,850.8054298444744,889.1567407102549,915.855870363785,13421000
1204077600,681.45001221,704.66998291,681.34997559,686.48999023,844.9370212868146,884.6530351440271,913.5736228002647,11095000
1204164000,687.75,688.70001221,677.79998779,678.11999512,838.9792703522854,880.063412032382,911.230800634292,10955000
1204250400,670.48999023,672.15002441,661.75,663.29998779,832.7050102607752,875.2464470492179,908.7638273721598,12885000
1204509600,646.08001709,646.30999756,634.2199707,635.23999023,825.6526881168189,869.912970231013,906.0421971518398,12253000
1204596000,608.04998779,608.88000488,606.09997559,608.88000488,817.9108065726468,864.1122376676572,903.0853594177917,21832000
1204682400,581.19000244,583.45001221,580.40002441,583.45001221,809.5372067739809,857.8752993241536,899.9049082017938,12207000
1204768800,609.77001953,611.26000977,609.77001953,611.16998291,802.452663064553,852.3929589593946,897.0319238705322,28050000
1204855200,638.22998047,640.14001465,638.0300293,640.14001465,796.6557827640332,847.6762268636303,894.4757854703279,10081000
1205114400,667.63000488,669.23999023,657.5300293,658.28997803,791.7141468806749,843.4676435562163,892.1256779336082,27313000
1205200800,642.86999512,643.67999268,638.71002197,638.71002197,786.2497138481508,838.9174741876337,889.60412911805,19400000
1205287200,632.08001709,654.4699707,632.08001709,643.90002441,781.1657963682169,834.5837530814641,887.1593121557809,16312000
1205373600,655.17999268,655.17999268,644.65997314,647.59997559,776.3955884832806,830.4285580260982,884.7756371650765,15006000
1205460000,640.03997803,643.91998291,640.03997803,643.79998779,771.6600313156634,826.2812564652961,882.3778695096031,12415000
1205719200,623.22998047,624.30999756,615.71002197,615.71002197,766.0903881247469,821.601895698734,879.7244580912986,17875000
1205805600,588.63000488,589.57000732,588.16998291,588.26000977,759.739303183506,816.4165204558732,876.8243143269076,9694000
1205892000,584.5300293,592.17999268,573.45001221,573.45001221,753.0861142201665,811.017264717076,873.8056645546001,27940000
1205978400,568.32000732,576.40997314,564.82000732,564.82000732,746.3623246880177,805.5462145526966,870.731180403012,15175000
1206064800,553.04998779,553.69000244,545.67999268,545.67999268,739.1950985448742,799.7714096221922,867.4968402266636,14588000
1206324000,524.7199707,525.23999023,521.07000732,521.07000732,731.4049167154144,793.5780451265879,864.0498070634133,10076000
1206410400,497.25,497.39001465,496.64001465,496.64001465,723.0204559273639,786.9794222271081,860.393988233429,9444000
1206496800,495.01998901,504.77999878,494.3999939,504.67001343,715.2222258381723,780.7058798093946,856.8544461955839,20174000
1206583200,507.79000854,508.79000854,507.79000854,508.75,707.8482177725233,774.6624158136302,853.3907203627921,7421000
1206669600,512.19000244,512.73999023,512.19000244,512.70001221,700.8786390024331,768.8410290668829,850.0007630677394,3700000
1206928800,516.59002686,516.84997559,516.58001709,516.84997559,694.3061867377033,763.2412278785077,846.6858298590057,4838000
1207015200,520.5300293,520.98999023,520.5300293,520.98999023,688.116322576714,757.8578670418742,843.4450752358315,2898000
1207101600,524.38000488,525.10998535,524.38000488,525.10998535,682.2946676757599,752.6856918931659,840.2775619036341,3142000
1207188000,528.46002197,529.22998047,528.46002197,529.22998047,676.8280717041256,747.7200094170955,837.1825610933492,9643000
1207274400,531.55999756,533,531.55999756,533,671.6913548575496,742.9484536522712,834.1558689431666,1577000
1207533600,541.41998291,542.33001709,541.36999512,542.33001709,667.0713070801371,738.4902661731096,831.2521291237322,7548000
1207620000,550.67999268,550.67999268,544.28997803,548.55999756,662.8387603115608,734.2695935372627,828.4392720932473,26850000
1207706400,552.41998291,552.41998291,550.0300293,552.04998779,658.8820184357908,730.2202689651014,825.6891299608767,11032000
1207792800,549.16998291,549.16998291,543.88000488,545.72998047,654.8408742227268,726.1204847763213,822.903466781863,10099000
1207879200,537.71002197,539.01000977,536.9699707,539.01000977,650.7040576351294,721.9624742206253,820.078656264332,9264000
1208311200,530.90002441,531.72998047,530.03997803,531.38000488,646.4424843224463,717.7273082352781,817.206032867473,6432000
1208397600,523.52001953,537.58001709,523.45001221,537.58001709,642.5545390641446,713.7240350987164,814.4236844517768,14090000
1208484000,540.08001709,540.08001709,534.51000977,537.30999756,638.7958054389966,709.8037231534116,811.6663343334507,10844000
1208743200,534.61999512,534.91998291,532.52001953,534.91998291,635.0859546343895,705.9174178146692,808.9126392944114,7716000
1208829600,530.26000977,530.61999512,528.59997559,530.61999512,631.3550275088757,702.0219195325654,806.1435582578501,5337000
1208916000,523.59997559,523.59997559,521.82000732,521.95001221,627.4477055339158,698.020321592064,803.315761779762,7455000
1209002400,515.14001465,518.41998291,515.02001953,518.41998291,623.5538582973475,694.0292029546848,800.4809779104112,7521000
1209088800,514.36999512,515.88000488,513.92999268,515.88000488,619.7083635324421,690.0703318863585,797.6491274324967,7326000
1209348000,514.78997803,519.61999512,514.44000244,519.41998291,616.1266356530692,686.2781019091061,794.8806782332679,9767000
1209434400,523.85998535,524.07000732,520.40997314,522.35998535,612.7778267136739,682.6354770966815,792.1690295478622,10160000
1209952800,523.28997803,523.75,521.2800293,521.2800293,609.5100482346141,679.0498004789774,789.4736166100726,6243000
1210039200,518.21002197,518.34997559,516.21002197,518.34997559,606.2543313544494,675.4786932592224,786.775868938231,7403000
1210125600,514.65997314,515.26000977,510.94000244,515.26000977,603.0045341550048,671.918278070573,784.0742185982486,6748000
1210212000,507.30999756,507.94000244,506.42999268,507.94000244,599.6093723080403,668.2743163898937,781.3266144573705,5432000
1210298400,499.58999634,500.32998657,499.42001343,500.32998657,596.0636799602531,664.5422201716738,778.5306281102324,3507000
1210557600,492.95001221,493.26998901,492.04000854,492.04000854,592.3485488381012,660.7088376909699,775.6799751791854,2761000
1210644000,484.76998901,484.76998901,483.92001343,483.92001343,588.4761011449548,656.7801971518372,772.776890982676,1340000
1210730400,477.29000854,477.29000854,475.5,475.5,584.4412403897778,652.7517483262409,769.818911967923,1934000
1210816800,468.55999756,468.55999756,466.67001343,466.67001343,580.2351251412143,648.61659866188,766.8025050172969,2664000
1210903200,459.61999512,461.95999146,459.36999512,460.04000854,575.9424424054566,644.4260077702826,763.750141868269,9140000
1211162400,453.92999268,455.67001343,453.45001221,455.67001343,571.6469985134761,640.2314301182763,760.6846679534603,6613000
1211248800,450.02999878,450.38000488,448.94000244,449.23999023,567.2753196462091,635.9871758985369,757.5857159363115,6326000
1211335200,442.47000122,442.47000122,441.52999878,441.75,562.7922725159874,631.6707942119027,754.4430719966467,5222000
1211421600,435.64001465,435.73001099,434.75,434.75,558.219334211845,627.2947765627493,751.2620464046403,8126000
1211508000,427.83999634,428.20001221,427.52999878,428.04998779,553.5704289824934,622.8671145900216,748.046006020415,4953000
1211767200,422.48001099,422.48001099,420.51000977,420.51000977,548.8182711534757,618.3702900384656,744.7869413811073,5156000
1212112800,413.98999023,414.14001465,413.76998901,414.1000061,544.006904544423,613.8309503953885,741.4965241146286,4724000
1212372000,408.20001221,408.20001221,407.32000732,407.94000244,539.1473723264079,609.2555959963798,738.1775537497069,10180000
1212458400,402.39001465,402.39001465,401.14001465,401.20001221,534.2206808936791,604.6321385789047,734.8245433861277,4992000
1212544800,395.54000854,395.66000366,394.63000488,395.66000366,529.2720852781905,599.9883133584846,731.4497718465643,8992000
1212631200,390.85998535,390.98001099,390.05999756,390.07998657,524.3009388957552,595.323683874296,728.0530575652054,5493000
1212717600,385.17999268,385.20001221,384.04998779,384.23999023,519.2987621576925,590.632935126645,724.6320320195815,3182000
1212976800,380.23001099,380.23001099,379.11999512,379.11999512,514.2923776206321,585.9326475709418,721.1941013041628,3009000
1213063200,374.32998657,374.52999878,373,373,509.2462212770381,581.2008109582541,717.7294833807383,3513000
1213149600,368.05999756,371.73001099,367.45999146,370.45001221,504.28921381035815,576.5174598749596,714.2739662546613,12808000
1213236000,368.17001343,370.54998779,368.1000061,370.54998779,499.51281288105963,571.9404049397383,710.8538271654608,7675000
1213322400,370.82998657,373.97000122,370.82998657,372.67999268,494.98306930245036,567.5123957784108,707.488913389486,12319000
1213581600,376.23001099,378.67999268,376.23001099,378.20001221,490.81224583486284,563.305453921335,704.2124069100881,17343000
1213668000,384.17001343,384.72000122,384.07998657,384.70999146,487.02287960718917,559.3366658666387,701.033278398147,9680000
1213754400,389.01000977,389.01000977,380.08999634,382.07000732,483.27456273978953,555.3974067878245,697.8595145068222,24173000
1213840800,372.79998779,373.26998901,371.94000244,373.26998901,479.34582796372564,551.3501308372062,694.6297679844657,7459000
1213927200,364.70999146,366.04000854,364.32000732,366.01998901,475.29847657252117,547.2316832410461,691.3600189399436,7874000
1214186400,367.07998657,369.69000244,367,368.95001221,471.50031713100253,543.269868329245,688.1519591714865,10364000
1214272800,373,375.97000122,372.89001465,375.97000122,468.088520134181,539.5520935045952,685.0456710326657,7355000
1214359200,382.35998535,383.77999878,382.13000488,383.77999878,465.0775015143888,536.0904913996042,682.0480026520422,9308000
1214445600,392.69000244,392.69000244,382.32000732,386.48001099,462.2704482813749,532.7658140571685,679.1070276106288,15348000
1214532000,385.20999146,392.77999878,383.47000122,392.60998535,459.78257460525435,529.6512400858982,676.2563107722146,10808000
1214791200,395.26998901,399.3999939,394.97000122,399.3999939,457.626053865781,526.7567679484338,673.5015215496055,7969000
1214877600,406.45999146,409.82998657,406.44000244,409.60998535,455.9111942759317,524.1535061129131,670.8757351197587,9276000
1214964000,417.77999878,420.04000854,417.20999146,419.29000854,454.60329478536266,521.8232061668483,668.372394556776,16878000
1215050400,428.79998779,430.13000488,428.51000977,430.04998779,453.7263909640997,519.7838013140295,666.0010273252658,10777000
1215136800,441.42999268,441.5,439.67999268,439.67999268,453.22473388252473,518.0037166777176,663.7490767317805,11910000
1215396000,448.48999023,448.48999023,431.72000122,435.89001465,452.60563676707744,516.1789677437683,661.4818223827081,26279000
1215482400,427.3500061,436.70999146,426.48999023,436.70999146,452.03793514896756,514.4129904930179,659.2452867516363,17109000
1215568800,439.20999146,440.76000977,438.72000122,439.54998779,451.59193702900444,512.7493682107286,657.0592638763961,17010000
1215655200,444.26000977,446.6000061,443.95001221,446.6000061,451.41365378154,511.2793823860457,654.9651419084718,14312000
1215741600,453.70001221,456.64001465,453.70001221,456.64001465,451.6003095268421,510.0651742141336,652.9917575576412,13583000
1216000800,466.30999756,467.94000244,465.39001465,467.94000244,452.18386998802634,509.12905928581955,651.1504465614457,10067000
1216087200,479.61999512,479.79998779,478.70999146,479.79998779,453.1701599095254,508.477302141468,649.4454668721776,11981000
1216173600,486.73999023,486.73999023,476.51998901,486.52999878,454.3615827263281,507.9895842889909,647.8244174384246,38665000
1216260000,492.60998535,493.17001343,489.82998657,489.82998657,455.62831143503064,507.5860376730133,646.2523335491866,16080000
1216346400,480.08999634,487.3999939,480.08999634,483.04998779,456.6076570191367,507.04079212005746,644.6284296112842,27678000
1216605600,472.95001221,473.45001221,470.10998535,470.82000732,457.1152409584532,506.2358857911673,642.89899257356,16146000
1216692000,461.30999756,461.30999756,457.88000488,457.88000488,457.14255395565135,505.161310659808,641.0580076213853,2558000
1216778400,451.17001343,451.17001343,445.58999634,445.58999634,456.7299626122352,503.83750367492337,639.1130522852521,2023000
1216864800,435.73001099,440.98999023,434.01000977,435.79000854,455.9821071096554,502.3253371163695,637.0899374221153,23975000
1216951200,428.04000854,429.45999146,427.3999939,429.45999146,455.03488869359626,500.7061072128946,635.023967810552,9229000
1217210400,426.23001099,434.64001465,425.94000244,434.64001465,454.3065003348964,499.2379718226081,633.0300976298499,16584000
1217296800,443.45001221,445.11999512,443.45001221,444.3999939,453.9526965336501,498.0193500909946,631.1531811748265,15815000
1217383200,448.39001465,448.80999756,442.82998657,448.26998901,453.74974269351975,496.91380873363914,629.3334479194551,21127000
1217469600,447.42001343,451.35998535,444.94000244,451.35998535,453.6643942169655,495.90150154733607,627.5625676948835,14075000
1217556000,447.36999512,449.85998535,446.48001099,447.10998535,453.43030818600243,494.8172456318397,625.7670196118498,12388000
1217815200,439.48999023,440.51998901,438.17001343,439.41000366,452.9295830243595,493.58597358802103,623.9127209456623,12543000
1217901600,429.77999878,430.26000977,428.63000488,430.26000977,452.11995540813234,492.1787299476206,621.9858282971483,10521000
1217988000,431.42999268,437.45001221,431.42999268,437.45001221,451.5960288653419,490.9625362201179,620.1496510226493,16667000
1218074400,446.8500061,446.86999512,438.82998657,438.82998657,451.14009878336543,489.80403511678196,618.3454752569513,17697000
1218160800,441.79000854,444.29000854,438.82000732,444.27999878,450.8950952118167,488.7923898648535,616.6134804661359,14906000
1218420000,454.86999512,455.07998657,454.04000854,454.79998779,451.03455566103753,488.03700315207897,615.0033959618958,15722000
1218506400,464.08999634,464.61999512,456.26998901,459.89001465,451.35082205350045,487.41151451869945,613.4599792324242,23086000
1218592800,460.27999878,465.17001343,457.30999756,464.01000977,451.80293590051826,486.8914810798395,611.9729148596638,21829000
1218679200,470.14001465,476.55999756,469.64001465,476.5,452.68497390407117,486.66055927806525,610.6249256570801,20704000
1218765600,488.80999756,489.17999268,488.69000244,488.94000244,453.9797963517829,486.7112135705527,609.4141304011888,10620000
1219024800,504.14001465,508.48001099,503.6499939,508.04998779,455.91087461743354,487.1854085532071,608.4055319672466,18830000
1219111200,504.14001465,511.52999878,503.6499939,511.52999878,457.89727190895377,487.7263994471358,607.4415963136421,34277000
1219197600,497.75,514.95001221,497.75,508.47000122,459.7034408129197,488.18736837542167,606.4568043226606,32386000
1219284000,512.53997803,525.97998047,510.69000244,525.97998047,462.0704600863869,489.02720419974565,605.6560399062162,25484000
1219370400,535.98999023,536.60998535,526.97998047,526.97998047,464.38865724294453,489.8705992279735,604.8731935436667,23324000
1219629600,544.75,548.7199707,542.89001465,548.25,467.3837051985537,491.16791924512967,604.3097786825357,22654000
1219716000,568.35998535,569.53997803,561.66998291,561.66998291,470.7510722596768,492.7346317710157,603.8855021076846,20199000
1219802400,568.90997314,575.71002197,561.84997559,561.84997559,474.00460452147405,494.2705283003265,603.467238162235,33645000
1219888800,549.84002686,551.29998779,547.45001221,547.69000244,476.6362258757071,495.45762772565257,602.9122407918645,37141000
1219975200,533.09997559,539.09997559,531.36999512,539.09997559,478.867074079789,496.4274576781936,602.2772928794082,33188000
1220407200,552.59997559,559.34002686,552.59997559,555.14001465,481.5911076715823,497.732181166456,601.8082652353345,17639000
1220493600,556.60998535,558.61999512,549.71002197,558.55999756,484.33999659616865,499.08391041964586,601.3779342136894,31508000
1220580000,551.34997559,553.36999512,546.65997314,546.65997314,486.56571004416264,500.14115625787593,600.833476889573,22719000
1220839200,527.84002686,536.09997559,526.0300293,532.71002197,488.21372118437114,500.8649088292565,600.1556315669902,36500000
1220925600,532.89001465,542.96002197,525.48999023,525.48999023,489.5450165074293,501.41213286038413,599.4126898621446,30075000
1221012000,530.01000977,530.25,508.69000244,514.45001221,490.43448063966395,501.7018635125978,598.5672900845113,28599000
1221098400,499.02999878,500.14001465,496.83999634,497.01000977,490.6693209657474,501.5976000960956,597.5567698823769,17122000
1221184800,477.35998535,479.45001221,475.14001465,476,490.1454166455421,501.02876453840463,596.3472497840448,15284000
1221444000,470.38000488,493.16000366,470.38000488,476.76000977,489.66736639998703,500.48945887688456,595.1573269978354,32648000
1221530400,466.16000366,466.16000366,455.95001221,455.95001221,488.46317517891606,499.49969339539825,593.7721795870111,17086000
1221616800,436.23999023,438.79000854,436.23999023,437.23999023,486.63377571645475,498.1161444361672,592.2146453645533,14452000
1221703200,417.23999023,419.27999878,416.88000488,419.27999878,484.2282836830099,496.3642300882524,590.4939026124682,12916000
1221789600,434.14001465,439.1499939,434.14001465,439.05999756,482.6151306071881,495.0908026987357,588.9870975870705,25528000
1222048800,459.64001465,459.86999512,459.57000732,459.85998535,481.80244684800283,494.30789564654157,587.7022506991394,14329000
1222135200,455.61999512,474.63000488,452.76000977,465.86999512,481.2334307148599,493.6759423015073,586.4899894495958,39624000
1222221600,461.19000244,465.61999512,454.54998779,455.04998779,480.29830775325775,492.81758775680714,585.182128736565,14389000
1222308000,459.05999756,470.42999268,459.05999756,470.42999268,479.94586792921285,492.3200856439892,584.0403164374947,18078000
1222394400,490.26000977,490.26000977,475.6000061,483.80999756,480.0838725588838,492.1309725754561,583.0429998317485,22351000
1222653600,476.72000122,487.23999023,472.42001343,479,480.04516282463794,491.8391731848904,582.0077461020793,18940000
1222740000,457.26000977,457.26000977,456.57998657,456.70001221,479.2114074455437,491.05830294100394,580.760902978775,4734000
1222826400,463.26000977,464.35998535,448.02999878,454.41000366,478.32564302463146,490.243896290315,579.5036800999812,19831000
1222912800,466.10998535,466.92999268,454.17001343,460.25,477.6800843451803,489.5773652616413,578.3170763178919,15661000
1222999200,449.44000244,456.55999756,449.44000244,452.14001465,476.76793899892385,488.7454241369382,577.0615831669676,12305000
1223258400,436.70001221,437.36999512,432.11999512,433.70999146,475.230155158248,487.52241452189514,575.6351991698833,14835000
1223344800,413.63000488,415.11999512,413.63000488,414.23999023,473.0519349822392,485.89391620429745,574.0292766928695,10699000
1223431200,397.20001221,402.36999512,396.88000488,401.32998657,470.4904368246592,484.01471776797973,572.3108757961246,17175000
1223517600,389.98001099,410.01000977,389.98001099,397.67999268,467.8900638194928,482.0961683215802,570.5732550686009,21421000
1223604000,379.1000061,381.8999939,378.66000366,379.05999756,464.71756145308234,479.80647563798954,568.6676505162766,16481000
1223863200,377.76998901,381.07000732,371.3999939,371.67001343,461.39443473797223,477.4034431444787,566.7074750228808,13693000
1223949600,381.94000244,389.32998657,381.94000244,389.32998657,458.82070444625896,475.44625522060136,564.9425248890212,9132000
1224036000,399.85998535,399.85998535,388.29000854,397.1499939,456.61817906960687,473.7063383023658,563.2729474662449,26619000
1224122400,380.44000244,388.42001343,380.44000244,384.60998535,454.0464578653352,471.7264193478688,561.4952065496653,18398000
1224208800,385.76998901,386.05999756,382.02999878,382.51000977,451.4915847190732,469.7438324683606,559.7142593180268,11687000
1224468000,377.20001221,377.98999023,370.75,370.79998779,448.6097419716063,467.54508036439705,557.8345153227231,12888000
1224554400,379.52999878,379.94000244,373.55999756,379.94000244,446.1572512740489,465.598300854966,556.0644206671736,16994000
1224640800,369.88000488,374.91000366,369.88000488,374.91000366,443.6127067164043,463.58300536174454,554.2618891546645,13235000
1224727200,361.20999146,363.17001343,359.47000122,360.42999268,440.64189550081846,461.2907161910391,552.3332135678519,13528000
1224813600,346.51000977,348.25,345.10998535,345.10998535,437.2300415668607,458.70892217234933,550.2712908990176,13177000
1225072800,329.42999268,330.36999512,329.04000854,329.27999878,433.37468289590134,455.8327238747416,548.0723725694751,14722000
1225159200,313.63000488,322.79998779,313.63000488,322.79998779,429.42558664211913,452.87644085063624,545.8308563030126,18204000
1225245600,336.75,336.95001221,328.70001221,331.61999512,425.93252980204346,450.1818531677332,543.6994049479578,23317000
1225332000,330.29000854,337.14001465,328.20001221,336.57000732,422.7410111419705,447.65714548222803,541.6384159168338,17556000
1225418400,343.22000122,347.04998779,342.66000366,347.04998779,420.03776030797155,445.4214308668452,539.7022126518901,14577000
1225677600,347.73001099,351.1000061,343.73999023,348.64001465,417.4878408201869,443.2707327286931,537.8010962538614,17832000
1225764000,349.04000854,363.1499939,348.57000732,361.44000244,415.4861323066088,441.452272055611,536.0462594994946,19519000
1225850400,377.79000854,377.82998657,376.98999023,377.82998657,414.1412699588728,440.03844348926407,534.4719682265643,16298000
1225936800,371.57998657,388.26998901,369.54998779,379.51000977,412.9044392378416,438.69336718439155,532.9300581921706,30349000
1226023200,366.25,371.6499939,364.98999023,365.97000122,411.228209308633,437.07729238518283,531.268764092945,17341000
1226282400,368.38000488,372.26998901,365.73001099,366,409.61291611903897,435.49779699884544,529.6242987785873,17056000
1226368800,355.5,356.54000854,351.35998535,351.70999146,407.5449545240733,433.6358457646489,527.854007163477,15957000
1226455200,339.01000977,342.32998657,338.72000122,342.32998657,405.21584852571357,431.6068266714345,526.0079970083181,14907000
1226541600,334.51000977,347.57000732,334.51000977,346.23999023,403.1095678722952,429.7097858616248,524.2192606224642,16181000
1226628000,357.75,357.75,351.72000122,352.07000732,401.28672642399897,427.9844574495887,522.5063327289073,14139000
1226887200,346.89001465,348.92999268,345.04998779,345.04998779,399.2782714727847,426.1414692349312,520.7405979533958,10763000
1226973600,338.60998535,342,338.45999146,340.69000244,397.1858332930424,424.2425477505994,518.9490497393322,12104000
1227060000,342.92999268,342.92999268,336.89001465,336.89001465,395.032411198648,422.30138034836386,517.1375170518761,10008000
1227146400,326.55999756,328.64001465,324.8999939,325.73999023,392.5576818783391,420.1555716790669,515.2330640486733,15719000
1227232800,315.5,322.3500061,315.23001099,318.95999146,389.92919293482703,417.90678100753206,513.2800981522686,17623000
1227492000,322.79000854,322.79000854,317.92999268,317.92999268,387.3577929257261,415.6850746002536,511.3363160082659,13276000
1227578400,320.14001465,320.32998657,317.64001465,320.32998657,384.9639426987359,413.5660726440257,509.43575551634285,11341000
1227664800,318.19000244,318.20001221,311.73999023,311.73999023,382.34880153913815,411.30327081260293,507.46863347369265,11984000
1227751200,308.57000732,309.58999634,303.54000854,303.54000854,379.53420178916895,408.9085316509895,505.43949292708874,13269000
1227837600,311.35998535,314.73999023,311.35998535,314.73999023,377.22012280491293,406.81589739718976,503.5419854375655,12986000
1228096800,313.32998657,317.36999512,310.02999878,314.70999146,374.9876181140232,404.7690994874744,501.66306012435587,11219000
1228183200,305.95001221,307.92999268,305.86999512,307.45001221,372.57556076030806,402.60645310353055,499.73059198590454,8809000
1228269600,307.8999939,308.11999512,304.27999878,306.22000122,370.2057193481542,400.4645319505632,497.8051134708209,8915000
1228356000,306.44000244,310.8500061,306.44000244,308.6000061,368.0055153035773,398.4230980427729,495.9224755865341,10802000
1228442400,303.82998657,303.91000366,298.79998779,299.67999268,365.56531806702094,396.22880681248904,493.9698140650761,10280000
1228701600,291.82998657,292.35998535,287.8999939,288.69000244,362.81977108034164,393.8390556042115,491.9272288747768,14456000
1228788000,285.55999756,293.29998779,285.52999878,293.29998779,360.33692167711513,391.60485409722907,489.9508384162218,9374000
1228874400,290.04998779,290.22000122,286.8500061,286.8500061,357.71238897793245,389.2769685861795,487.92993461208033,9963000
1228960800,285.55999756,289.48001099,284.05999756,288.92999268,355.25587482443484,387.0470357882644,485.94983568738303,7697000
1229047200,295.51000977,299.54000854,295.25,299.54000854,353.2660224571336,385.1024351827474,484.0950115366628,12386000
1229306400,308.01998901,308.27999878,303.67999268,308.27999878,351.65937875437885,383.395269929353,482.34560842465623,10441000
1229392800,305.6499939,305.6499939,296.20999146,296.42001343,349.68654427850817,381.4624864515896,480.4956025043114,12462000
1229479200,295.04000854,301.76998901,293.08999634,301.01998901,347.9484530189186,379.6748753973321,478.709775504368,15397000
1229565600,301.33999634,305.55999756,300.27999878,305.55999756,346.4345796096715,378.02787811205803,476.9868921417375,12234000
1229652000,305.42999268,309.92999268,305.42999268,307.26000977,345.03548782968323,376.45525881556784,475.2980674415212,15594000
1229911200,314.35998535,314.76000977,310.04998779,310.04998779,343.78600568540884,374.9795861261108,473.6538079425011,16034000
1229997600,303.79000854,304.67001343,301.73999023,303.92999268,342.36257664950136,373.40070627175277,471.96501376078464,20277000
1230084000,298.77999878,304.04998779,298.66000366,304.04998779,340.9942699045192,371.8595791943805,470.29421748246835,12202000
1230170400,304.29000854,304.36999512,301.92999268,302.19000244,339.6084032093578,370.3113663776165,468.6215387258269,9323000
1230256800,300.91000366,304.45999146,300.45999146,304.45999146,338.3531027897379,368.8480024905583,466.9880904943261,10199000
1230516000,306.45001221,308.55999756,306.45001221,308.55999756,337.2890633172472,367.508269047657,465.4116915596562,8527000
1230602400,310.60998535,316.32000732,310.29000854,316.32000732,336.54016846020266,366.37075212037576,463.928192213988,15493000
1230688800,318.82000732,318.82000732,314.36999512,315.61999512,335.7930194123383,365.2429575203674,462.45248876031644,15718000
1230861600,312.48999023,313.33999634,312.17999268,313.33999634,334.9911257311834,364.08955838302586,460.96878236807447,5631000
1231120800,308.76998901,311.91000366,308.25,311.91000366,334.16679994292684,362.93001272251416,459.4856104406309,7922000
1231207200,312.91000366,315.01998901,312.88000488,314.04000854,333.4479859642509,361.843568185125,458.0383905212217,12969000
1231293600,320.3999939,322.58999634,319.29000854,319.57998657,332.9527002715991,360.90437748256664,456.66069495951797,14749000
1231380000,315.92001343,318.79000854,313.04000854,314.1499939,332.281175044042,359.8653911807318,455.24267803355264,14936000
1231466400,313.75,313.82000732,312.11999512,313.3999939,331.60684714604054,358.83282679671555,453.831308042174,8480000
1231725600,311.23999023,312.6499939,310.32998657,312.17999268,330.91303091511054,357.79609714967745,452.42184221767474,6519000
1231812000,308.57000732,309.16000366,306.92001343,307.13000488,330.0636371281423,356.67018398812905,450.97615229391675,8641000
1231898400,306.14001465,310.32998657,306.14001465,307.98001099,329.27493619463723,355.58818014372616,449.55330511676334,8683000
1231984800,304.30999756,305.54000854,304.01000977,304.01000977,328.3726173937573,354.4419985798656,448.1051131232632,6367000
1232071200,305.72000122,307.1000061,305.04000854,306.11999512,327.57788088398024,353.36817628075744,446.69232587944964,7610000
1232330400,305.89001465,306.38000488,304.52999878,304.98001099,326.7708141020524,352.2928837187406,445.28225309448,4746000
1232416800,303.10998535,303.52999878,302.73999023,302.85998535,325.9168559323362,351.1943748661019,443.8651161019976,5285000
1232503200,300.92001343,301.97000122,300.01998901,300.04000854,324.99268281118134,350.0576111699663,442.4340205043658,5234000
1232589600,300.67999268,302.29000854,300.67999268,301.11999512,324.1400868222106,348.9701085910782,441.0279107990487,4669000
1232676000,300.38000488,303.20999146,300.38000488,303.20999146,323.3925834164174,347.95321709927646,439.65658821856067,4619000
1233540000,301.11999512,301.29998779,297.51998901,297.51998901,322.4685621876168,346.8324786972925,438.2422936990725,5355000
1233626400,291.6000061,292.17999268,288.69000244,288.69000244,321.26218505377335,345.54042366935266,436.7542111989822,8201000
1233712800,286.82998657,290.98999023,286.10998535,286.10998535,320.00674935006714,344.21974726225596,435.2552636780968,5681000
1233799200,284.33999634,284.33999634,277.80999756,277.80999756,318.4997225004219,342.7439750466503,433.68864411473265,7580000
1233885600,279.73999023,281.63000488,277.05999756,281.63000488,317.18294687112115,341.38588682072475,432.17562282881494,7480000
1234144800,285.54998779,287.82998657,284.29000854,287.57000732,316.12534188715256,340.18997838737533,430.73676098295607,5771000
1234231200,282.82000732,283.1499939,281.6000061,282.01998901,314.9072935701114,338.897311956767,429.25699210760325,6781000
1234317600,275.05999756,276.70999146,274.82998657,276.22000122,313.52560455760744,337.5044828292833,427.7342359793684,7744000
1234404000,275.36999512,277.82998657,275.36999512,276.08999634,312.1886185498357,336.1397164628548,426.22533807250903,8389000
1234490400,274.20999146,275.29000854,274.20999146,274.51000977,310.84295395055585,334.7701674252358,424.71573281576764,5616000
1234749600,274.85998535,274.91000366,272.07000732,272.30999756,309.4667769366074,333.38216365045275,423.19925783809833,5570000
1234836000,268.76000977,269.29998779,263.07000732,263.07000732,307.8097494503,331.81967128755383,421.6059319622964,11432000
1234922400,255.17999268,256.73999023,254.19999695,255.08999634,305.92690112493216,330.11456739983043,419.94905698098,11313000
1235008800,257.30999756,258.20999146,253.36999512,254.8500061,304.1027263026132,328.4420215931675,418.3062803552986,9553000
1235095200,252.41999817,252.57000732,250.53999329,252.57000732,302.26227205323414,326.75597683154155,416.6571632106688,8078000
1235354400,247.03999329,247.63999939,243.80999756,244.02000427,300.18219106097575,324.9173996635073,414.9393805346422,11349000
1235440800,236.57000732,236.69999695,234.66000366,235.5,297.872112808798,322.9303463376516,413.1539140616607,11575000
1235527200,241.8999939,244.46000671,241.44999695,244.33000183,295.9598945595552,321.18367201525933,411.47407413895763,10043000
1235613600,241.77999878,242.75999451,237.88000488,242.52999878,294.05168399599967,319.43581261003135,409.7930385632466,13563000
1235700000,239.75,246.05999756,239.69000244,245.74000549,292.32626690649965,317.79812800736397,408.1606700749556,11333000
1235959200,244.22999573,247.74000549,244.22999573,247.66000366,290.7310432191247,316.239503021867,406.56364851858785,8967000
1236045600,241.78999329,242.50999451,240.96000671,241.46000671,288.97136334379877,314.5777364371588,404.92082621203474,10103000
1236132000,243.07000732,245.36999512,242.91999817,244.36000061,287.37810038902023,313.0173423076664,403.32320605679064,7871000
1236218400,249.69000244,249.69000244,246.67999268,246.67999268,285.9245965422695,311.5431789826072,401.7645671177181,8668000
1236304800,244.6000061,245.69999695,243.75999451,245.69999695,284.4880036996885,310.07999715966037,400.2116858225169,7897000
1236564000,246.99000549,247.8500061,246.52000427,247.8500061,283.1795037854139,308.6971084694457,398.6956492083625,10551000
1236650400,249.71000671,251.88000488,248,251.88000488,282.06166453879194,307.43450616745804,397.23479702599076,12787000
1236736800,258.42001343,258.42001343,255.8500061,255.8500061,281.1255338802637,306.2881839437367,395.82798318593115,17790000
1236823200,251.86999512,254.41999817,249.75999451,251.00999451,280.0499789027543,305.05977973409813,394.38700817423035,19718000
1236909600,252.55000305,253.22999573,251.44000244,251.44000244,279.0281940290845,303.86822912756264,392.9646499082181,12865000
1237168800,252.67999268,254.55999756,252.44999695,254.55999756,278.15432986947434,302.77249064828345,391.5874891883353,12268000
1237255200,257.6000061,263.20001221,257.6000061,263.20001221,277.6202470959217,301.8931022385438,390.31000185521754,21997000
1237341600,273.29000854,273.39001465,272.42001343,273.39001465,277.4691673657102,301.2597002921317,389.14661889795167,28922000
1237428000,272.92001343,276.80999756,267.04000854,267.04000854,277.0966974076491,300.4992626976399,387.9316277501114,32727000
1237514400,264.76000977,269.8999939,264.76000977,266.61999512,276.7225294688045,299.74639008480347,386.72454682841874,16704000
1237773600,264.85998535,265.10998535,260.16000366,260.16000366,276.13101068991864,298.8666926086967,385.46519814017574,17349000
1237860000,271.17001343,271.35998535,269.51998901,270.61999512,275.9341887052787,298.238988220059,384.3224598016665,24721000
1237946400,270.02999878,278.29000854,269.64001465,277.63000488,275.9947535686616,297.78101081250213,383.2608433347843,28353000
1238032800,285.25,286.25,283.26998901,286.25,276.36101236978084,297.52476612777986,382.2955613115526,26991000
1238119200,292.64001465,292.8500061,287.41000366,287.41000366,276.7556192015744,297.2999936284959,381.3514264095471,35641000
1238378400,281.6000061,287.08999634,281.05999756,282.38000488,276.956490118661,296.9684383229737,380.36663614557153,26275000
1238464800,278.52999878,280.67001343,276.58999634,280.67001343,277.08911595120884,296.60625110312986,379.3746299493967,22958000
1238551200,282.07000732,289.51998901,282.07000732,289.51998901,277.5330757033085,296.4487786121714,378.48055392014896,22184000
1238637600,293.95001221,297.29998779,292.38000488,297.29998779,278.23903684926177,296.4676943716787,377.6727870929833,29419000
1238724000,306.60998535,310.27999878,306.60998535,310.27999878,279.3833569182167,296.7746344696414,377.0022120848939,42344000
1239069600,313.72000122,322.35998535,309.82000732,322.35998535,280.9182365050661,297.34319782253823,376.458508336288,49335000
1239156000,316.6499939,328.45001221,313.39001465,313.76000977,282.09115697881373,297.7080158658152,375.834642678912,55233000
1239242400,316.73001099,316.73001099,309.97000122,311.72000122,283.1493299874275,298.0193933181304,375.19668604748006,35579000
1239328800,323.73001099,325.89001465,323.73001099,325.04998779,284.6457820518051,298.62007319528306,374.6977139255151,30441000
1239588000,334.42999268,340.01000977,334.42999268,340.01000977,286.6230758988835,299.5398495636101,374.3525626403856,27902000
1239674400,344.19000244,347.76998901,339.17999268,347.07000732,288.7818948782091,300.59607529152987,374.08109442824247,53580000
1239760800,344.08999634,347.80999756,338.57000732,339.29000854,290.5857560804159,301.4559404748292,373.73491446915546,62249000
1239847200,346.19000244,346.19000244,339.70999146,343.88000488,292.4891221089724,302.39869746161077,373.4378506921489,45420000
1239933600,341.19000244,341.19000244,329.29000854,334.14001465,293.9766539854377,303.10406006579717,373.04682744794843,68401000
1240192800,319.20999146,319.61999512,318.8500061,318.89001465,294.8664168663149,303.4548590565572,372.50795368876487,18210000
1240279200,309.83999634,312.76998901,305,312.76998901,295.5058301571608,303.6618619444115,371.9135460800209,27131000
1240365600,313.86999512,323.88000488,313.86999512,321.85998535,296.4470499854765,304.0662646867579,371.4155006996227,54037000
1240452000,320.48999023,324.89001465,315.20001221,315.20001221,297.1167986363523,304.3136812983855,370.8561426051986,29046000
1240538400,308.61999512,309.8999939,304.48999023,309.8999939,297.5733413243397,304.4378215784214,370.2496137623608,28909000
1240797600,315.60998535,316.76000977,311.11999512,313.69000244,298.1489363641847,304.64342559756756,369.6868315601483,21540000
1240884000,311.1000061,315.70999146,310.44000244,315.70999146,298.77611690332094,304.8893492833994,369.14974857407714,22096000
1240970400,315.67001343,321.63000488,315.44000244,321.63000488,299.5923271882023,305.26136385221275,368.6769153034893,25852000
1241402400,336.30999756,336.64001465,336.30999756,336.64001465,300.9154588832665,305.9586672032747,368.3581401726088,14327000
1241488800,352.48999023,352.55999756,351.14001465,351.32000732,302.7156213274356,306.96669698364633,368.18860651238384,27646000
1241575200,356.07998657,357.51000977,348.82998657,350.14001465,304.40934966038435,307.92610404289866,368.00901853365366,78911000
1241661600,357.98999023,364.45001221,357.98999023,363.8500061,306.5322302475135,309.16885742194535,367.9676353253586,42057000
1241748000,363.92001343,370.67999268,363.92001343,366.22000122,308.6639363536737,310.4366606174577,367.9502459312754,49227000
1242007200,371.32998657,376.92001343,370.35998535,372.95001221,310.9598676342568,311.82584620840305,367.99999484947165,43655000
1242093600,374.10998535,382.04998779,371.11999512,381.97000122,313.4959438337476,313.3846052086608,368.13899988798437,45742000
1242180000,382.66000366,386.29998779,378.25,378.25,315.80858869682805,314.8260584262461,368.23960685427306,52426000
1242266400,372.48999023,376.75,368.05999756,376.75,317.98506767194135,316.20214601677395,368.32428738308624,52842000
1242352800,379.36999512,390.16000366,379.36999512,390.16000366,320.56274395722915,317.8456539644012,368.54155819181176,52785000
1242612000,390.35998535,395.44000244,390.35998535,390.8500061,323.07300331947096,319.46797290074784,368.7635327978634,50624000
1242698400,399.64001465,404.3500061,399.32000732,400.8999939,325.852538697347,321.2775733673979,369.0832985799742,53880000
1242784800,402.36999512,412.20999146,402.36999512,410.38000488,328.87137677529887,323.2576274010113,369.494211080472,60804000
1242871200,410.8999939,416.8999939,410.8999939,412.51000977,331.8584708108239,325.2410136758777,369.92222897788025,63699000
1242957600,408.26000977,410.33999634,400.92999268,404.57998657,334.45566780222305,327.00410196241376,370.2670822872546,71466000
1243216800,409.45001221,422.05999756,409.45001221,421.75,337.57332252357224,329.10956636324903,370.77935012519237,45667000
1243303200,425.07998657,429.92001343,423.95999146,425.02999878,340.6967752470161,331.2411315280657,371.31915757449394,54676000
1243389600,426.51000977,431.39001465,423.20001221,425.17001343,343.7136766106941,333.32844001477537,371.8549869859915,59289000
1243476000,421.88000488,421.8999939,414.67999268,415.45001221,346.2756885963836,335.15336384133593,372.288768331504,57828000
1243562400,419.42999268,420.29998779,409,411.64001465,348.61012881258415,336.85306719263957,372.68032302124027,48050000
1243821600,418.75,427.63000488,418.44000244,426.42999268,351.38940966499183,338.84366553680314,373.21514560490954,42481000
1243908000,436.04000854,446.07998657,436.04000854,440.55999756,354.574073518385,341.10402847065194,373.88524363431344,52800000
1243994400,443.22000122,447.32998657,442.54998779,444.79000854,357.7960711977284,343.4081613610819,374.5907636831262,57554000
1244080800,446.17999268,458.42999268,446.17999268,458.19000244,361.3815687420952,345.9588689406134,375.42259690458764,60645000
1244167200,464.66000366,479.16000366,464.66000366,478.72000122,365.57222704487754,348.9091163245998,376.4504317733977,47091000
1244426400,488.98001099,501.48999023,488.98001099,501.48999023,370.42643287291764,352.29980241138645,377.69460648440867,32668000
1244512800,503.6499939,514.72998047,503.6499939,512.46002197,375.4990610549563,355.85891840157785,379.0355558922255,78247000
1244599200,509.10998535,510.26000977,494.6000061,497.51000977,379.85659493763643,359.0067204319872,380.21440617956654,101775000
1244685600,499.67999268,514.38000488,499.67999268,511.26998901,384.54993044022086,362.39034862260974,381.5184418296206,64245000
1244772000,520.2800293,525.2199707,509.05999756,509.58999634,389.0156470794987,365.6614519052184,382.7927856555945,66355000
1245031200,506,506,487.26998901,493.51998901,392.74794500558806,368.50275272976916,383.8945488730513,75629000
1245117600,477.51998901,477.51998901,471.07000732,471.97000122,395.5773041561028,370.80202491844096,384.77092153321996,46310000
1245204000,465.32000732,472.47000122,455.77999878,472.47000122,398.3234719083848,373.06131328069785,385.6435491917949,68649000
1245290400,476.55999756,487.60998535,474.69000244,479.26998901,401.21441894772823,375.4215060746823,386.5751555581452,57232000
1245376800,485.82000732,486.86999512,472.10998535,475.22000122,403.8574754574522,377.6392504112449,387.45719382343725,50362000
1245636000,458.35998535,458.47000122,458.10998535,458.10998535,405.7950650964718,379.42748896543947,388.1602066744478,41624000
1245722400,442.45999146,442.45999146,437.44000244,438.54998779,406.9648837640978,380.7413222726519,388.661597531319,31954000
1245808800,440.70001221,457.48999023,440.70001221,456.22000122,408.7239951018086,382.41862624925966,389.3338204535944,52651000
1245895200,471.36999512,471.36999512,453.27999878,453.76000977,410.33242419710115,384.00399032749834,389.9748770637079,52744000
1245981600,453.42001343,461.36999512,453.30999756,461.36999512,412.1551945872047,385.72323487844284,390.6852762483476,39118000
1246240800,461.98999023,465.98999023,459.69000244,460.42001343,413.87893811730453,387.38316329069966,391.3791542302546,28874000
1246327200,462.51000977,462.51000977,447.6499939,448.29000854,415.1079049181151,388.73664874068413,391.94543138756546,40279000
1246413600,439.57998657,439.57998657,429.45999146,430,415.6397654567538,389.6536121020023,392.3240838115698,45214000
1246500000,427.89001465,436.91000366,422.3500061,433.79000854,416.2879884240126,390.63442091173556,392.7366800775243,43037000
1246586400,425.10998535,435.44000244,425.10998535,435.44000244,416.97198892458357,391.63010050125257,393.16158875774795,28625000
1246845600,442.3999939,454.26998901,442.29000854,454.26998901,418.3040603562056,393.0220980236692,393.76963254135245,33623000
1246932000,450.48001099,455.3999939,446.92999268,447.63000488,419.3514155177697,394.23560706492094,394.30555664422457,47811000
1247018400,442.98999023,448.95999146,440.23001099,446.79000854,420.3313652685636,395.40348265325605,394.82778999642136,32750000
1247104800,450.11999512,452.07998657,445.42999268,446.3999939,421.26238771968633,396.53673845873925,395.3409462541684,27364000
1247191200,445.82000732,445.98001099,437.32998657,438.82998657,421.8898019643404,397.47658841676724,395.77367302348017,34190000
1247450400,435.82998657,435.82998657,426.67001343,426.67001343,422.06052380239964,398.1253311948391,396.08109929618183,29897000
1247536800,425.08999634,425.47000122,415.80999756,418.54998779,421.9351475162425,398.5792124525093,396.3046703259711,33263000
1247623200,424.1000061,430.77999878,424.1000061,427.04998779,422.11782038316244,399.211896348898,396.61059388282706,23305000
1247709600,438.07000732,440.42999268,432.22000122,433.47000122,422.52325541304947,399.9731875682558,396.97735415483874,30059000
1247796000,431.94000244,431.94000244,427.75,428.67001343,422.7427824850834,400.6108948096279,397.2927039983727,25583000
1248055200,415.29000854,415.30999756,411.39001465,412.88000488,422.390540427759,400.8835417000806,397.4478015195829,28743000
1248141600,412.97000122,418.22000122,412.23001099,416.42999268,422.1776637224819,401.2290183885233,397.6366790435672,26244000
1248228000,423.3999939,423.3999939,419.07998657,419.48001099,422.0813189820361,401.63459600188946,397.8540256300989,20855000
1248314400,417.6499939,434.20001221,417.20999146,434.20001221,422.5141294544634,402.35827191762525,398.2156772378591,25761000
1248400800,444.95999146,454.70999146,444.95999146,454.70999146,423.66398166894686,403.52164346301134,398.7778097176814,28538000
1248660000,462.25,470.19000244,460.22000122,469.70999146,425.30848201862733,404.9924956407222,399.4836025708388,62328000
1248746400,467.33999634,472.57998657,462.67999268,462.98001099,426.6538937676049,406.2811070929284,400.1154076297359,61307000
1248832800,464.39001465,470.23001099,458.04000854,458.04000854,427.7748264380476,407.4313049028633,400.69177181789775,36279000
1248919200,451.79998779,455.23001099,444.95001221,451.91000366,428.63679705311733,408.41972043079966,401.20140596558036,31547000
1249005600,457.54998779,466.76000977,457.54998779,466.76000977,429.99834036443457,409.7161713050041,401.8537303815447,38509000
1249264800,466.82000732,473.25,465.35998535,467.92999268,431.3530422328476,411.009811780004,402.5112056282955,35106000
1249351200,475.08999634,477.60998535,472.64001465,476.58999634,432.9686477366745,412.46714921467054,403.24830802343683,46177000
1249437600,474.38000488,481.29000854,472.32998657,481.29000854,434.6944106225075,413.99654608856673,404.024842356935,42205000
1249524000,481.60998535,490.98999023,481.26998901,481.44000244,436.3638960445608,415.495289563043,404.795142457264,60747000
1249610400,480.42001343,483.45999146,478.64001465,480.6499939,437.9455423965408,416.94317188164206,405.54991709848525,42234000
1249869600,485.92001343,492.32998657,483.67999268,491.20001221,439.8474877470215,418.5933238889389,406.40215685083865,48041000
1249956000,490.95999146,494.67999268,490.45999146,494.17001343,441.787577949985,420.27280587874026,407.27546885660144,50876000
1250042400,498.76000977,501.57000732,496.79998779,497.16000366,443.76516458248557,421.98141027387936,408.16984233723224,64868000
1250128800,501.98999023,506.6000061,501.98999023,503.57998657,445.9014082248968,423.7947119693487,409.119197006215,70353000
1250215200,503.70001221,509.26998901,502.6499939,506.98999023,448.0831432965076,425.64349593069653,410.09303574476013,57908000
1250474400,505.48999023,508.51000977,500.07998657,500.07998657,449.94017341341805,427.2976401671255,410.9884282902849,45756000
1250560800,496.79000854,501.63000488,495.45999146,499.69000244,451.7169530215103,428.90635932874494,411.8710310181428,48152000
1250647200,505,508.45999146,503.35998535,508.45999146,453.7434901085992,430.6742178205506,412.83211520164383,46799000
1250733600,513.84002686,515.23999023,510.3999939,513.90002441,455.89193776222066,432.52368018920504,413.83776603953794,62035000
1250820000,522.10998535,530.45001221,519.16998291,519.16998291,458.15186794606996,434.4491535830005,414.885847799443,84118000
1251079200,522.15002441,528.84002686,522.15002441,528.20001221,460.65358738406746,436.5325059969338,416.0133519229311,58259000
1251165600,532.01000977,532.90997314,527.03997803,528.84997559,463.0891726771365,438.5840053212242,417.1361043972303,69580000
1251252000,529.9699707,532.73999023,525.95001221,525.95001221,465.33420266045306,440.5254721409748,418.21882984810367,55524000
1251338400,527.13000488,529.66998291,523.17999268,527.03997803,467.5379803522226,442.4480167162865,419.3016273424509,49976000
1251424800,533.60998535,536.5300293,530.65997314,536.5300293,470.0019821003575,444.53872810703564,420.4680791032225,58222000
1251684000,541.89001465,547.38000488,541.89001465,546.7800293,472.74405521463046,446.81075702243487,421.7249144285636,75092000
1251770400,545.04998779,549.59002686,542.40997314,547.69000244,475.4206961869651,449.0525180317141,422.9782983888764,73199000
1251943200,541,548.38000488,539.4699707,540.80999756,477.7560283788592,451.09157313234266,424.15075310699706,68054000
1252029600,543.01000977,544.30999756,528.48999023,528.48999023,479.5679555878285,452.81153795673504,425.18895447140505,78740000
1252288800,528.15997314,528.15997314,513.48999023,524.51000977,481.1730289514775,454.40483733036314,426.17722367835626,60731000
1252375200,529.96002197,538.59002686,529.76000977,537.80999756,483.1957778303533,456.25828533546616,427.28799754782534,49013000
1252461600,539.90002441,542,536.10998535,536.10998535,485.08557095605494,458.03276755801136,428.3708033966032,57251000
1252548000,535.52001953,541.90002441,535.39001465,540.19000244,487.0535863661958,459.8584838887222,429.48343224280615,52978000
1252634400,548.98999023,549.61999512,547.84002686,547.98999023,489.2298865041888,461.8169618074173,430.662601974022,62999000
1252893600,551.70001221,559.71002197,551.70001221,556.59002686,491.63560580261066,463.9230299196969,431.9156111768675,65460000
1252980000,558.42999268,562.22998047,553.29998779,556.75,493.96111988108885,465.98585147703693,433.15774439898826,72347000
1253066400,560.46002197,562.48999023,556.97998047,556.97998047,496.21179347354996,468.0079432324361,434.3898064494461,68354000
1253152800,559.34997559,564.22998047,553.20001221,561.19000244,498.5324437937803,470.07865565927085,435.6514999418894,76595000
1253239200,561.65997314,571.01000977,561.65997314,571.01000977,501.120928292931,472.32157463950927,436.9983507859502,65821000
1253498400,578.32000732,581.01000977,577.96002197,577.9699707,503.8655369503263,474.6693167741868,438.4010534716621,69185000
1253584800,578.64001465,585.51000977,577.86999512,582.84997559,506.6864097588861,477.07333141453825,439.83835617930725,75326000
1253671200,587.40002441,594.32000732,582.10998535,582.10998535,509.3801088871402,479.4074792797707,441.25399428050815,91823000
1253757600,576.83001709,583.64001465,572.15997314,574.7800293,511.7158203304566,481.52686928022024,442.58261154438367,72765000
1253844000,574.09997559,582.84002686,574.09997559,582.84002686,514.2559705636546,483.7782727819931,443.97820771667836,77639000
1254103200,585.83001709,590.90997314,582.02001953,582.02001953,516.6761151695955,485.9614227097266,445.35175808298004,75626000
1254189600,582.08001709,587.86999512,581.22998047,582.59002686,519.0301834442528,488.10872502417715,446.7173129961842,85020000
1254276000,583.15997314,586.26000977,578.32000732,580.90002441,521.2398206216009,490.17075389941766,448.0524643535356,75116000
1254362400,581.79998779,581.79998779,568.98999023,568.98999023,522.9451838219009,491.9222924845417,449.25582281996805,65332000
1254448800,552.9699707,556.15997314,544.32000732,549.72998047,523.9017837021901,493.20690777310745,450.2555656821574,77262000
1254708000,553.21002197,556.54998779,543.20001221,549,524.798148569969,494.4467542670384,451.23809736691203,49972000
1254794400,554.08001709,557.08001709,550.48999023,552.0300293,525.7707157388987,495.7263826011042,452.2410021622661,44408000
1254880800,560.78997803,569.58001709,560.2199707,566.41998291,527.2224752807238,497.29735149685746,453.3771114234376,47369000
1254967200,570.46002197,571.84002686,566.03997803,571.84002686,528.8159592656979,498.9538553938162,454.5558469004183,52421000
1255053600,575.39001465,582.52001953,575.39001465,581.98999023,530.7150318001372,500.79910283462027,455.8238483265833,70093000
1255312800,588.67999268,595.69000244,587.10998535,594.29998779,532.9859230854895,502.87690027807315,457.20172036104515,76230000
1255399200,594.20001221,597.40002441,589.48999023,589.89001465,535.0182120699363,504.81052504189375,458.52200189625864,85582000
1255485600,590.84002686,605.65002441,590.84002686,605.65002441,537.5407767963671,507.05140280562944,459.98596231928093,85907000
1255572000,612.02001953,626.10998535,612.02001953,617.38000488,540.392177799354,509.50314951839323,461.552072195507,107209000
1255658400,616.44000244,619.52001953,609.53997803,609.53997803,542.8617420933057,511.7261901519845,463.0245886714721,123420000
1255917600,609.0300293,612.01000977,605.79998779,607.10998535,545.1563222096162,513.8458300452737,464.4582742105619,90072000
1256004000,615.27001953,617.08001709,613.61999512,616.58001709,547.7071684553441,516.128811979601,465.9719233934419,91277000
1256090400,617.14001465,622.26000977,614.72998047,618.47998047,550.234768884439,518.4032823904987,467.4894164986813,93970000
1256176800,619.5300293,625.02001953,619.04998779,624.09997559,552.8728119810661,520.7520977949321,469.0477305194904,98256000
1256263200,626.14001465,633.21002197,615.67999268,615.67999268,555.1159255774566,522.8616065701558,470.5067580036746,137061000
1256522400,615.58001709,623.71002197,608.26000977,609.34002686,557.0525006232617,524.7833492432635,471.88818356443403,86895000
1256608800,602.60998535,602.60998535,590.71002197,596.7800293,558.4713409331453,526.3832754667466,473.13088849712625,95583000
1256695200,602.9699707,604.82000732,596.34002686,599.85998535,559.9495068051758,528.01609124193,474.39187453546333,70537000
1256781600,588.22998047,588.22998047,575.72998047,581.48999023,560.7188097846338,529.2044001083316,475.4575274279463,86783000
1256868000,590.84997559,594.72998047,583.75,587.11999512,561.6617092608968,530.4914133308131,476.56859675821545,67727000
1257127200,565.84997559,565.84997559,559.97998047,561.71002197,561.6634347147933,531.1851601894617,477.4157751185317,64747000
1257213600,557.04998779,557.04998779,539.46002197,539.65002441,560.8772414896221,531.3732682832515,478.03502138013835,64647000
1257300000,537.82000732,550.28997803,533.22998047,537.5300293,560.0434124828498,531.5100851947348,478.6270115086942,60281000
1257386400,545.59002686,556.57000732,542.30999756,555.53997803,559.8825755381051,532.0440828132962,479.39231465815993,57330000
1257472800,565.70001221,569.71002197,554.88000488,554.88000488,559.7039123003157,532.5515477481118,480.14343595389965,61061000
1257732000,544.90997314,547.2800293,534.09002686,534.09002686,558.7891306774472,532.5857361728205,480.68021795296534,47712000
1257818400,534.7800293,535.71002197,520,524.40002441,557.5609483107527,532.40383146698,481.1152409027866,52487000
1257904800,526.28997803,537.59002686,523.04998779,537.59002686,556.8477011160829,532.5190802534916,481.67717907151507,43956000
1257991200,541.35998535,550.7800293,540.58001709,545.97998047,556.4595682358657,532.8182113694139,482.31700794115176,49998000
1258077600,540.64001465,549.2199707,536.90002441,548.21002197,556.1649415835134,533.1602516049825,482.97265982203584,48500000
1258336800,550.9699707,554.53997803,545.70001221,545.70001221,555.7911941058879,533.4389129517607,483.5968125821151,47989000
1258423200,549.17999268,550.13000488,543.60998535,547.08001709,555.4800806410348,533.7420485992772,484.22848625881045,50979000
1258509600,547.16998291,553.83001709,543.96002197,553.83001709,555.4211497999264,534.188447899071,484.9210388043944,51773000
1258596000,556.7199707,562.64001465,553.09997559,560.04998779,555.586465442429,534.763148785536,485.6685905355945,62588000
1258682400,558.48999023,562.2800293,554.21002197,555.84002686,555.5955212073422,535.2315238538574,486.3668137826035,53204000
1258941600,551.91998291,553.40002441,537.28997803,537.28997803,554.9417518081515,535.2772672799939,486.8735119343189,50338000
1259028000,535.59002686,538.78997803,526.92999268,527.13000488,553.9484751321461,535.0962170044385,487.27407405318144,45876000
1259114400,519.73999023,519.73999023,503.23999023,503.41000366,552.1435297224266,534.3920789301176,487.43463056668213,66960000
1259200800,495.6000061,495.6000061,479.38000488,482.6000061,549.6598324501971,533.2411439783372,487.3865248505957,40270000
1259287200,464.72000122,503.13000488,461.48001099,490.61999512,547.5512668312615,532.2940073370407,487.41869868412215,68756000
1259546400,494.11999512,506.66000366,494.11999512,504.11999512,546.0001499844308,531.667918176662,487.5848807382105,38531000
1259632800,513.41998291,518.32000732,512.15002441,514.91998291,544.8901440174868,531.2957418374029,487.85687180459644,43289000
1259719200,507.47000122,514.83001709,499.14001465,499.14001465,543.2562108257908,530.5811701221273,487.96914188266015,53487000
1259805600,494.60998535,502.14001465,485.58999634,494.79998779,541.5256314316555,529.786032736969,488.0371104986536,42459000
1259892000,499.86999512,499.98001099,493.41000366,494.95999146,539.8625728612392,529.0121207085919,488.1059948863287,34841000
1260151200,495.42999268,498.60998535,491.55999756,498.60998535,538.3892661644093,528.3365177006232,488.21051220437516,27771000
1260237600,494.64001465,495.95001221,485.55999756,488.47000122,536.6064352735375,527.4505951121649,488.2130941846301,33726000
1260324000,473.30999756,474.57998657,468.3999939,470.63000488,534.2501341880541,526.187915329228,488.03813807214624,46175000
1260410400,474.54998779,474.54998779,458.6499939,458.72000122,531.552629439195,524.6886283490229,487.7464153173985,38058000
1260496800,450.6000061,452.51998901,442.60998535,444.16000366,528.4314642327952,522.8991033559336,487.3127196790164,39319000
1260756000,449.25,460.79998779,447.89001465,458.39001465,525.9299838905525,521.4655680513573,487.02493156927494,45702000
1260842400,458.44000244,463.42001343,454.83999634,459.44000244,523.55534169589,520.0872221488827,486.750454662516,29644000
1260928800,452.17001343,452.17001343,440.20001221,442.1000061,520.6462225674653,518.3541729033519,486.3061715922422,37042000
1261015200,432.42001343,436.41000366,427.05999756,434.86999512,517.582785872913,516.4989689526108,485.7943688412746,39943000
1261101600,440.88000488,449.54998779,440.88000488,443.33999634,514.9312576753089,514.8732140056638,485.3719372740977,53777000
1261360800,457.07998657,460.98999023,452.54998779,460.98999023,513.0047838379764,513.6758090328713,485.129330835848,35199000
1261447200,468.02999878,470.92999268,462.86999512,465.23999023,511.2988983519773,512.5994575039185,484.93142694922267,48113000
1261533600,464.13000488,471.3500061,463.32998657,470.75,509.85072341083526,511.669469559387,484.79031822335975,41079000
1261620000,469.20999146,479.13000488,464.39001465,479.13000488,508.75355489187683,510.9463703442895,484.7339966975552,51977000
1261706400,487.92001343,495.76000977,487.19000244,495.07998657,508.2652131660955,510.5937840381942,484.83694187041533,53658000
1261965600,490.67999268,499.01998901,485.76000977,492.57000732,507.7046701001635,510.1932556666788,484.9138877952868,50081000
1262052000,487.55999756,493.67001343,483.76000977,484.45001221,506.87414660408626,509.62118358986373,484.9092721178213,71784000
1262138400,484.25,495.35998535,483.07000732,495.35998535,506.46292655929744,509.3042680734223,485.01325931416136,56437000
1262224800,502.83999634,504.83999634,494.76998901,494.76998901,506.0453216468225,508.98128409423515,485.11034120168216,70456000
1262570400,501.73999023,517.04998779,501.73999023,517.04998779,506.4383454376503,509.1605886208077,485.4281486304216,44915000
1262656800,529.22998047,539.39001465,529.22998047,532.5300293,507.3701912898771,509.67990952478976,485.8968240599697,70051000
1262743200,529.4699707,538.84002686,526.36999512,534.46002197,508.33768524273864,510.2305786902389,486.38003995957195,67364000
1262829600,536.7800293,540.77001953,530.67999268,533.34002686,509.2306260147837,510.74412198290025,486.84730351082,75684000
1262916000,540.95001221,544.48999023,520.90002441,520.90002441,509.6473902431843,510.96980870350245,487.1861365545929,84715000
1263175200,522.7800293,524.05999756,512.15002441,515.05999756,509.8406976473563,511.0607017892024,487.463488405393,44776000
1263261600,511.23999023,516.75,498.30999756,498.30999756,509.42888692995075,510.77735280633124,487.5714138696179,52738000
1263348000,495.72000122,508.60998535,485.75,508.60998535,509.3996404449525,510.72918908507944,487.7807528893232,55048000
1263434400,516.44000244,517.7199707,509.25,512.33001709,509.50429675370424,510.76476304074436,488.02502417490206,36055000
1263520800,509.19000244,512.63000488,503.29000854,505.42001343,509.3584294921434,510.6459908271723,488.198108645102,37130000
1263780000,499.07998657,499.23999023,487.13000488,487.13000488,508.56455718456687,510.1234133616796,488.1874807469418,41419000
1263866400,489.83999634,498.1000061,489.76998901,495.51000977,508.0983233483323,509.79867105964223,488.2603417322459,33635000
1263952800,498.73001099,499.1499939,489.5,489.5,507.4340975144633,509.34758948053906,488.2726766403827,35904000
1264039200,481.97000122,489.47000122,477.79998779,478.42001343,506.3978802257325,508.6603100127493,488.1746401905282,41822000
1264125600,474.1000061,481.69000244,471.8500061,477.58999634,505.36902722981347,507.9698585977993,488.06932035121946,30076000
1264384800,476.75,481.04000854,476.75,480.91000366,504.4954906737487,507.36852848807047,487.9980833692173,21334000
1264471200,490.11999512,497.8999939,490.11999512,497.8999939,504.2599372175434,507.15811660833555,488.0966098421604,33762000
1264557600,496.85998535,498.20001221,486.41000366,486.41000366,503.6224395904883,506.69704743170587,488.0798276910941,33819000
1264644000,484.67001343,487.80999756,481.47000122,481.76000977,502.84163852547084,506.1428910392235,488.0169439306852,23073000
1264730400,481.48999023,484.1499939,477.10998535,481.95999146,502.09586541598975,505.60549327079633,487.9566757468973,26562000
1264989600,482.92999268,486.95001221,481.83999634,486.95001221,501.5549420872044,505.19092702500086,487.9466591942914,23138000
1265076000,489.61999512,490.85998535,486.23999023,487.92999268,501.0683367512328,504.8073507062231,487.94649335832827,27408000
1265162400,490.32000732,495.8500061,490.11999512,495.48001099,500.8687536883316,504.600076490307,488.0214537327728,26569000
1265248800,496.25,504.3500061,496.01998901,503.82998657,500.97451200553405,504.5829633809669,488.178752566974,36959000
1265335200,495.67001343,501.05999756,491.04998779,493.04000854,500.691136881765,504.32645327338986,488.2271232731733,33688000
1265594400,488.85998535,491.6499939,487.72000122,491.20001221,500.35216814348763,504.0347545830923,488.25670425761933,21676000
1265680800,486.97000122,488.76998901,482.38000488,482.89001465,499.7285198044345,503.56487147346803,488.2033043610261,25213000
1265767200,486.85998535,491.17001343,486.85998535,490.91000366,499.4135727992761,503.2836521887243,488.23023669235914,19694000
1265853600,492.98999023,499.97000122,491.85998535,499.94000244,499.43237385787336,503.2093488609749,488.34675177442523,21908000
1265940000,505.33999634,508.72000122,504.77999878,507,499.70264622009216,503.29358555295323,488.5323562343812,23327000
1266804000,513.19000244,513.19000244,507.92999268,510.01998901,500.07112274830314,503.44306118533206,488.7461635256809,21165000
1266890400,504.51998901,504.51998901,496.29000854,496.29000854,499.93608295514946,503.2841044598802,488.82122666015175,27078000
1266976800,492.89001465,494.8500061,490.20999146,494.58999634,499.74515129032267,503.0909020572162,488.8786273534836,27433000
1267063200,497.5,500.23999023,493.73001099,494.98999023,499.57532410959686,502.9108817943892,488.9394369343444,28382000
1267149600,494.30999756,496.91000366,491.97000122,496.91000366,499.48013409353985,502.7775289469583,489.0187460559927,39283000
1267408800,502.57000732,505.33999634,502.42999268,503.01000977,499.60620108198486,502.7826951874703,489.1579626103609,35077000
1267495200,503.98001099,505.58999634,500.07998657,501,499.6559796147711,502.7430797388599,489.2757938281683,43300000
1267581600,505.04000854,507.32000732,501.95999146,507.32000732,499.9296948899579,502.844789240663,489.45533824102233,37832000
1267668000,510.92999268,516.77001953,510.92999268,511.91000366,500.3575630603165,503.04623844998156,489.6787677476788,50963000
1267754400,512.7199707,514.4699707,509.60998535,513.39001465,500.8230077599481,503.2761001433153,489.91470055267706,45560000
1268013600,517,522.83001709,517,521.11999512,501.54790016566426,503.6726311427972,490.225200996133,55969000
1268100000,520.75,527.29998779,520.13000488,527.27001953,502.4665472858191,504.1970175514017,490.593806155674,62409000
1268186400,526.2800293,529.63000488,522.80999756,525.66998291,503.2952414152541,504.67419455937056,490.94282283979663,57896000
1268272800,526.92999268,529.5300293,524.36999512,524.64001465,504.05755474506645,505.11787945027345,491.2781182806942,52454000
1268359200,528.90002441,531.51000977,526.70001221,531.51000977,505.0379995673855,505.70437123515626,491.67843560894596,55971000
1268618400,538.01000977,538.01000977,531.54998779,531.85998535,505.9959276310503,506.285607104375,492.07825202427983,56567000
1268704800,526.05999756,529.54998779,516.08001709,516.08001709,506.3560736831556,506.5032606596111,492.31707555727206,67291000
1268791200,519.90002441,520.14001465,510.8500061,510.8500061,506.51657126947146,506.59985500273086,492.50148282635394,51315000
1268877600,515.23999023,519.72998047,510.47000122,519.72998047,506.9884787409189,506.89163556867015,492.77241315116635,46311000
1268964000,520.14001465,521.2199707,515.98999023,515.98999023,507.30996129410033,507.0938212278108,493.00343381861745,54358000
1269223200,515.71002197,517.78997803,511.57998657,511.57998657,507.46246219681103,507.19351379097054,493.18827513952675,42563000
1269309600,512.21002197,513.07000732,506.52999878,506.52999878,507.4291599319249,507.178769012949,493.3210286085862,45894000
1269396000,511.04998779,512.86999512,508.75,512.11999512,507.59668976007043,507.2885740375501,493.5080830017346,46053000
1269482400,507.8500061,508.82998657,502.16000366,503.39001465,507.4464513632822,507.20193938449347,493.60641067982675,52073000
1269568800,505.51000977,506.3999939,501.64001465,505.29998779,507.3697919499507,507.15967379350474,493.722764680923,63115000
1269828000,506.70001221,509.1499939,504.04998779,505.67001343,507.30908557423817,507.1265702298713,493.8416427779287,37747000
1269914400,504.70999146,506.29000854,500.72000122,500.72000122,507.07376113301535,506.9842020296519,493.91008415546173,59878000
1270000800,501.8500061,504,499.23999023,499.23999023,506.7939836007648,506.81210843410406,493.96311804675065,52761000
1270087200,500.30999756,508.91000366,499.98999023,508.17999268,506.84348392502324,506.84250586179064,494.1045794858875,53669000
1270173600,510.38000488,513.09997559,508.54000854,510.48001099,506.97335989162957,506.92333930908416,494.26751910284383,43467000
1270432800,514.16998291,516.27001953,513.45001221,514.78997803,507.2525248251428,507.09815350288227,494.47172267425833,44731000
1270519200,517.47998047,520.30999756,515.33001709,515.33001709,507.5410066917449,507.2810838048182,494.6792678923254,68801000
1270605600,516.21002197,517.26000977,512.53997803,515.82000732,507.8366852856111,507.47083766071114,494.8896235085212,51478000
1270692000,515.7199707,519.40002441,514.73999023,515.92999268,508.1257319782679,507.658818883362,495.0989804157001,55890000
1270778400,517.05999756,519.60998535,516.40002441,517.41998291,508.45766951154405,507.8757336395095,495.32107994300657,63626000
1271037600,522.11999512,523.15997314,519.5,519.92999268,508.8673953389889,508.14360606263153,495.5659447463597,54416000
1271124000,521.03997803,523.22998047,517.97998047,517.97998047,509.1928448079536,508.36219216057304,495.78896997744073,53749000
1271210400,518.57000732,518.73999023,515.80999756,516.21002197,509.44345827802664,508.5365883785603,495.99216452463037,45148000
1271296800,521.01000977,521.48999023,518.39001465,521.48999023,509.87369156202567,508.8244417530367,496.24587423314154,53710000
1271383200,523.7199707,523.98999023,521.5300293,522.0300293,510.30784648123904,509.1178992540803,496.5024329900257,63134000
1271642400,521.34997559,521.69000244,516.73999023,516.73999023,510.53756590083765,509.2872790535452,496.7038017187816,61099000
1271728800,517.35998535,519.7199707,515.20001221,515.20001221,510.7040818404506,509.4186731236886,496.88784361421665,58670000
1271815200,517.53997803,520.20001221,517.53997803,519.70001221,511.0253650679345,509.6471473256066,497.1148303664135,56681000
1271901600,521.90002441,534.5300293,521.90002441,529.30999756,511.6783876569368,510.0840995530376,497.43518028873774,79844000
1272247200,531.69000244,535.40997314,531.21002197,531.21002197,512.3759460252605,510.5535644956368,497.7712483651682,69629000
1272333600,532.58001709,536.22998047,531.57000732,535.7199707,513.2096611922155,511.1128179668449,498.1488475923805,57598000
1272420000,536.08001709,539.83001709,536.08001709,539.20001221,514.1378880142793,511.736977838915,498.5573168920583,60976000
1272506400,541.44000244,542.73999023,541.19000244,542.36999512,515.1461775537693,512.4177115562725,498.99326393910246,74877000
1272938400,544.52001953,550.60998535,544.52001953,549.11999512,516.3595281811347,513.2333178576887,499.4920373836885,89164000
1273024800,548.75,551.39001465,546.13000488,548.01000977,517.4899025235942,514.0061332335179,499.97480327807966,86716000
1273111200,549.19000244,551.40002441,547.02001953,549.51000977,518.6334777823944,514.7951082676619,500.4676909048649,81309000
1273197600,548.2199707,548.2199707,536.51000977,542.0300293,519.4690689080231,515.4003287350472,500.88124651078664,112500000
1273456800,541.48999023,541.48999023,532.40002441,534.38000488,520.0016023355937,515.8220993160461,501.2145674895848,82678000
1273543200,537.84997559,539.92999268,532.7199707,534.35998535,520.5144017289654,516.2340523390228,501.5443726424247,69189000
1273629600,527.52001953,527.52001953,519.59997559,519.59997559,520.4817436525738,516.308850633489,501.72403038319663,69351000
1273716000,521.92999268,524.20001221,516.10998535,518.92999268,520.4263239749819,516.3670982345226,501.89523398814,60289000
1273802400,522.91998291,523.47998047,519.97998047,520.7199707,520.4368113580182,516.4638287337555,502.0825448011933,45565000
1274061600,521.29998779,521.66998291,509.5,511.26998901,520.1094248455889,516.3484100732276,502.17396215650484,55105000
1274148000,510.48999023,510.75,505.13000488,508.29998779,519.6876592364607,516.1695562447114,502.2349176354451,45372000
1274234400,503.66000366,504.57000732,494.8999939,494.8999939,518.8023854744442,515.6968993037178,502.1619333196695,60056000
1274320800,481.79998779,503.54998779,481.67999268,503.54998779,518.2576569857141,515.4269679367463,502.1757448069365,59955000
1274407200,487.76000977,490.29998779,482.16000366,483.69000244,517.0230978947958,514.7217020368187,501.9918070719421,61057000
1274666400,485.1000061,489.61999512,479.55999756,486.19000244,515.9219159142674,514.0876642680005,501.83457518505713,44277000
1274752800,484.79998779,490.32998657,482.85998535,486.25,514.862204631615,513.4690495064893,501.67950478520584,43968000
1274839200,491.45001221,492.69000244,488.29000854,492.69000244,514.0703402676287,513.0072929050118,501.59005700067644,41377000
1274925600,491.63000488,497.16000366,489.75,497.16000366,513.4663996744991,512.6551309217894,501.5459768679334,41763000
1275012000,509.47000122,513.34002686,506.42999268,512.98999023,513.4493850514813,512.6625722397496,501.65984764765545,58907000
1275271200,510.54000854,513.44000244,506.32000732,507.44000244,513.2347642439283,512.5465151330885,501.71736162568874,44805000
1275357600,505.17999268,509.13000488,503.6499939,508.67999268,513.072093830931,512.4605924119088,501.7866415366769,37922000
1275444000,505.17999268,511.1000061,504.79000854,510.73999023,512.988804416612,512.4223568078664,501.8757295833766,40664000
1275530400,516.15002441,516.2199707,511.16000366,511.16000366,512.9234901038758,512.3943045156916,501.96811041995994,51116000
1275616800,511.8500061,513,508.75,510.36999512,512.8322938544517,512.349319862454,502.05171126274644,52556000
1275876000,498.94000244,502.17999268,494.98001099,496.89001465,512.262926740007,512.0057797466217,502.0003510974455,52054000
1275962400,494.07998657,497.95001221,493.20001221,497.19000244,511.7246080150067,511.67654025091895,501.95248693169975,38514000
1276048800,500.11999512,502.52999878,497.23999023,497.55999756,511.218729070185,511.36283930223186,501.90878056979227,34336000
1276135200,497,500.60998535,495.3999939,500.51000977,510.8362748094641,511.1216653126267,501.8948624523814,33460000
1276221600,505.07000732,506.75,504.29000854,504.29000854,510.60247958555465,510.96985071767944,501.9186947517607,44680000
1276480800,506.54998779,509.3500061,506.30999756,508.32000732,510.5209627189277,510.9109653088421,501.982389404181,46152000
1276567200,509.29998779,510.17999268,506.5,508.01000977,510.43128582789456,510.84649963020115,502.0423657262289,48883000
1276653600,510.3500061,513.07000732,510.3500061,510.72000122,510.4415970918983,510.8436885544189,502.12871035800777,51049000
1276740000,510.29998779,511.16000366,508.35998535,510.76000977,510.4529689732591,510.8418290258763,502.2145939342465,53974000
1276826400,511.92999268,514.03997803,509.3500061,511.17999268,510.4789341056427,510.8493437737457,502.30380188196546,63451000
1277085600,515.08001709,515.76000977,513.95001221,514.75,510.6314721732983,510.936025023218,502.42764464930906,48629000
1277172000,513.22998047,515.39001465,511.30999756,512.63000488,510.70284834139477,510.9736690200354,502.529160671505,78391000
1277258400,510.26998901,514.40002441,508.83999634,512.82000732,510.7784611620592,511.0146987600346,502.6315571555696,49290000
1277344800,513.57000732,514.95001221,511.67001343,511.67001343,510.8103023144857,511.0292613082561,502.7214920438724,53136000
1277431200,506.05999756,509.57000732,505.11999512,505.11999512,510.60707705753975,510.8979442818504,502.7453577461224,52234000
1277690400,505.36999512,507.70999146,505.26000977,507.27999878,510.4882528333419,510.81754549292043,502.79047855242965,48064000
1277776800,509.83999634,511.36999512,509.45999146,510.70999146,510.49617207000824,510.81515540329997,502.86927967588804,46607000
1277863200,501.19000244,507.14001465,501.05999756,507.14001465,510.37630930500796,510.7334856087822,502.91177455125234,59175000
1277949600,504.10998535,506.60998535,503.6499939,504.01998901,510.14929786590056,510.5842967954759,502.9228015607921,47259000
1278036000,505.1499939,505.54998779,502.5,503.6499939,509.9171798671184,510.4302011755764,502.9300373054608,42322000
1278295200,505.67001343,507.07998657,504.54000854,506.54000854,509.7965666054356,510.3437524503414,502.9659574172473,39615000
1278381600,505.75,505.75,500.70001221,500.82000732,509.47597520238435,510.13211366966715,502.94460467996123,52537000
1278468000,502.5,503.83999634,496.91000366,496.91000366,509.02719050444205,509.83828900278564,502.8845588986681,46413000
1278554400,502.05999756,502.20001221,498.54998779,498.54998779,508.653004693212,509.58743786472377,502.84142883788536,42418000
1278640800,499.04998779,501.10998535,498.95999146,499.45999146,508.32468279202584,509.36238350017436,502.8077826948218,30833000
1278900000,499.82998657,500.39001465,497.16000366,499.92999268,508.02487243088206,509.1527748152816,502.7791479683062,36909000
1278986400,505.42001343,509.85998535,502.57998657,509.07998657,508.0625550787077,509.1511572987198,502.8418428797658,47025000
1279072800,512.2199707,512.80999756,507.33999634,507.33999634,508.03674940946814,509.1109092774149,502.8866006256388,53205000
1279159200,505.83999634,507.63000488,505.01000977,505.19000244,507.9350798748443,509.02377801436126,502.9095200466772,42692000
1279245600,505.47000122,507.11999512,504.17001343,506.20999146,507.87346957431413,508.96124942426434,502.9423605582525,46031000
1279504800,504.25,506.83999634,503.22000122,506.83999634,507.83655981594575,508.91411046683623,502.981143003842,43413000
1279591200,507.04000854,507.25,505.23001099,506.55999756,507.7909683068048,508.86179684668434,503.0167534969381,47750000
1279677600,507.16000366,507.26998901,505.3500061,505.3999939,507.70557636370467,508.78486789231357,503.04046733179445,50043000
1279764000,503.13000488,503.61999512,500.04000854,500.27999878,507.44037716428664,508.5958708009288,503.0129999830204,50035000
1279850400,502.79000854,502.86999512,499.73001099,500.30999756,507.18572074984786,508.41174028446375,502.9861044365227,39664000
1280109600,501.20001221,501.92001343,498.1000061,498.1000061,506.8612309409247,508.1825906359201,502.9374865426269,42462000
1280196000,499.02999878,501.85998535,497.67001343,497.67001343,506.53297317267743,507.9489778091219,502.8850738748396,43165000
1280282400,497.3999939,497.85998535,491,491,505.9782241307961,507.5723338578081,502.76681443329886,46860000
1280368800,488.92001343,492.92001343,488.92001343,491.10998535,505.44721560291055,507.2065038909679,502.6508260842113,37474000
1280455200,491.29998779,495.1000061,491.29998779,493.91000366,505.0351723192352,506.9110261080575,502.56385272675647,46043000
1280714400,494.77999878,495.26000977,491.26998901,491.60998535,504.5557013560482,506.5710029801007,502.4548590215151,37376000
1280800800,493.3999939,496.52999878,491.8999939,491.8999939,504.1037118040465,506.2449805560984,502.3498354879677,42361000
1280887200,490.29000854,490.30999756,484.66000366,486.70999146,503.48250750604484,505.81086968729625,502.19421514938097,41528000
1280973600,488.75,489.17001343,485.35998535,486.20999146,502.86563193297184,505.3752946155785,502.03516814749656,37421000
1281060000,485.22000122,485.22000122,482.36999512,482.82000732,502.14971676822285,504.8740660090101,501.8439725173722,36668000
1281319200,482.6499939,482.6499939,472.51000977,472.73999023,501.09936939185775,504.1599754361432,501.5543806538163,43433000
1281405600,468.83999634,469.30999756,458.22000122,461.67001343,499.69117810750566,503.2157540582289,501.1575212784549,57297000
1281492000,463.07998657,465.88000488,458.85998535,463.11999512,498.38506442938046,502.32473719293495,500.7790384311071,40059000
1281578400,458.02999878,458.58999634,448.25,448.3999939,496.59988333904545,501.1264095642031,500.2578539084095,49742000
1281664800,440.72000122,452.73001099,440.72000122,452.73001099,495.0331021837224,500.05093404033187,499.78494004852485,45954000
1281924000,458.08999634,464.76000977,456.88000488,464.76000977,493.95192031180375,499.2666912787689,499.4364332795843,42908000
1282010400,461.89001465,463.86999512,457.19000244,463.51998901,492.8650656224536,498.4723201172407,499.0790557246631,36698000
1282096800,461.76000977,462.11999512,453.23001099,455.48999023,491.53024150129454,497.5171572308576,498.64533367994005,37456000
1282183200,454.5,455.94000244,450.07000732,452.23001099,490.1266618401769,496.510776203283,498.183489673075,31549000
1282269600,452.05999756,454.83999634,444.38000488,454.83999634,488.86642378659917,495.58475887298783,497.75221113244737,34205000
1282528800,453.05999756,453.05999756,447.92001343,447.92001343,487.4040519881492,494.5255423075881,497.25636836923894,24990000
1282615200,441.73001099,441.73001099,433.6000061,434.42001343,485.51176489678676,493.18986388808617,496.6311310066595,47295000
1282701600,427.01000977,428.45999146,421.29998779,423.89001465,483.31098810225865,491.6498672383509,495.9073388041056,51493000
1282788000,425.54000854,429.11999512,421.80999756,427.07000732,481.3023816457494,490.21475924016534,495.2223902321245,39742000
1282874400,423.1000061,431.23999023,421.73001099,429.14001465,479.43943996732975,488.8575426937172,494.5648541566805,34085000
1283133600,439.26998901,445.44000244,439.26998901,444.54998779,478.1933881038537,487.8729303625235,494.06719379482297,34602000
1283220000,447.85998535,455.42999268,445.35998535,455.07998657,477.3679094776446,487.1441982782452,493.6792613846257,55601000
1283306400,456.48001099,458.75,450.92999268,458.75,476.7029841391573,486.5132160942842,493.3317065449777,47060000
1283738400,463.94000244,469.25,463.94000244,466,476.32073470561596,486.05736684774456,493.0597492659232,57209000
1283824800,463.3500061,467.3500061,458.92999268,460.58999634,475.75892262112967,485.4914252809058,492.73666714725726,52680000
1283911200,454.3999939,458.44000244,453.02999878,458.44000244,475.1403897575179,484.8902825511079,492.3954068019114,56088000
1283997600,462.52999878,465.69000244,459.85998535,463.67999268,474.73108986189226,484.41894277619434,492.10968128826056,47981000
1284084000,463.48001099,464.27999878,451.39001465,451.39001465,473.8974800328961,483.68496659561225,491.70451047593957,53016000
1284343200,448.97000122,452.47000122,442.42999268,447.26998901,472.94649821064985,482.87574487148754,491.2623759339899,46336000
1284429600,450.95001221,451.45999146,447.95001221,449.01000977,472.09162362348377,482.1231729803434,490.8419543801194,37526000
1284516000,449.07000732,450.48001099,444.73999023,448.72000122,471.25692282335933,481.38088027455797,490.42283046807836,38665000
1284602400,445.69000244,450.8500061,445.48999023,449.51998901,470.4806037585965,480.6728604686789,490.0158370207343,38076000
1284688800,451.48999023,457.57998657,450.64001465,457.57998657,470.0198674304323,480.1596854931527,489.69309224013,49764000
1284948000,462.01000977,462.82998657,457.86999512,457.86999512,469.5859434193455,479.664359040416,489.3764445075914,55546000
1285034400,457.73001099,457.92001343,453.32000732,453.32000732,469.00501713008316,479.0789290021845,489.01767398831186,57417000
1285120800,453.01000977,455.80999756,453.01000977,453.8999939,468.4655520147231,478.51939711102483,488.66824433569184,33407000
1285207200,451.41000366,453.70999146,447.16000366,450.76998901,467.8335676216972,477.90274359766875,488.29114726777453,52220000
1285293600,449.13000488,452.27999878,448.16000366,449.70999146,467.18629704449376,477.27623799460946,487.9072551701847,34935000
1285552800,451.17001343,452.51000977,449.36999512,450.20001221,466.5796440146904,476.6745440882848,487.5320587228197,37409000
1285639200,452.07000732,455.13000488,452.07000732,455.13000488,466.1707283313086,476.19577655032293,487.20965022687125,38954000
1285725600,457.98999023,458,452.94000244,452.94000244,465.69820240661903,475.6789815700935,486.86865870660387,33195000
1285812000,452.70999146,454.51998901,451.27999878,454.51998901,465.29898049959695,475.2087817354248,486.5467813961899,40627000
1285898400,454.41000366,455.45999146,451.70999146,451.70999146,464.8136594624685,474.6865863959709,486.20014667045666,35784000
1286157600,452.38000488,452.38000488,443.98001099,445.82998657,464.13567114488035,474.0453286220604,485.7984535351287,50092000
1286244000,440.91000366,450.95999146,440.63000488,450.95999146,463.6651111561346,473.5323211295702,485.4518021711971,33229000
1286330400,452.88000488,460.72000122,452.77999878,460.72000122,463.5599286584155,473.24760290935757,485.2057145995434,38311000
1286416800,461.98999023,467.60998535,460.16000366,462.04998779,463.50600219882926,472.9987670178163,484.9753093576574,37348000
1286503200,459.29998779,465.04998779,459.26000977,459.26000977,463.3543596120854,472.69346130119817,484.7194357299195,30505000
1286762400,457.41000366,461.48001099,456.6000061,459.32000732,463.21027560165373,472.3962734349493,484.466705098975,23723000
1286848800,457.19000244,459.94000244,453.72000122,454.32000732,462.8927660201661,471.9945786323949,484.16673795689564,28580000
1286935200,453.23001099,457.70001221,452.19000244,457.70001221,462.7073105269459,471.6769216007861,483.9033874519514,25055000
1287021600,459.79000854,460.92001343,457.88000488,458.66000366,462.5627638531264,471.3876567576575,483.6522095037728,23257000
1287108000,457.07000732,458.39001465,455.73001099,458.39001465,462.4137370958719,471.0988202663762,483.40084438084966,25254000
1287367200,458.44000244,459.3500061,456,457.58999634,462.24146064030504,470.7986241791234,483.14402002223426,26646000
1287453600,458.44000244,459.39001465,451.82000732,454.25,461.95605133172273,470.4308769751429,482.85651733544586,33547000
1287540000,450.79000854,451.04000854,441.16000366,442.17001343,461.2494071209469,469.8028577852508,482.4516765005658,41248000
1287626400,442.08999634,445.25,440.58999634,445.04998779,460.67085643055594,469.2527940075786,482.079520393993,28765000
1287712800,444.83999634,446.39001465,441.5,445.20999146,460.11868268160754,468.7185095065213,481.71265940957517,27821000
1287972000,444.67001343,448.60998535,443.11999512,448.60998535,459.70765777690724,468.2716534141542,481.38327956818637,28648000
1288058400,450.23001099,458.23001099,450.23001099,455.11999512,459.5438126820177,467.97939434095076,481.12195335477156,34949000
1288144800,455.23001099,455.92999268,448.8999939,450.01000977,459.2033197208742,467.5800746838185,480.81238177681365,28560000
1288231200,448.61999512,451.51000977,448.27999878,450.07000732,458.8771299922716,467.19096207573364,480.50648750361154,23493000
1288317600,450.5,452.79000854,450.29000854,452.63000488,458.65401838111904,466.86738524916177,480.2291095670582,33401000
1288576800,451.80999756,451.85998535,449.82998657,451.05999756,458.38280335179337,466.5161099671804,479.9388696465899,22155000
1288663200,448.61999512,448.86999512,445.6000061,446.29998779,457.9512742245865,466.0668628076875,479.60415440423577,25532000
1288749600,445.32998657,445.76000977,442.33999634,444.16000366,457.4587288472798,465.5800437155167,479.2514762873777,26111000
1288836000,444.13000488,448.95001221,443.97000122,448.95001221,457.15484611023413,465.21048745983853,478.9499691821302,28686000
1288922400,452.41000366,457.26998901,450.08999634,457.26998901,457.15895835665435,465.034031938731,478.7342479863876,36937000
1289181600,457.5,458.73999023,454.41000366,457.13000488,457.1579243039167,464.8583868929814,478.5192803932892,32595000
1289268000,455.57998657,455.6499939,449.3999939,449.3999939,456.88085536091967,464.5148670486929,478.22953624907734,41961000
1289354400,447.72000122,451.26000977,447.60998535,451.26000977,456.6801108755297,464.22031466472197,477.9611827517731,25467000
1289440800,451.23999023,451.60998535,446.30999756,446.69000244,456.3233212885465,463.8307521708393,477.6500267287704,26415000
1289527200,444.77999878,446.85998535,436.5,441.6000061,455.7974886032413,463.3367355914873,477.29132005584734,44512000
1289786400,440.60998535,443.07998657,432.72000122,433.54000854,455.00257860098264,462.6745861014542,476.85598362285384,29774000
1289872800,431.07998657,431.32998657,425.04998779,426.89001465,453.9985584598761,461.879373402533,476.35880980222845,35343000
1289959200,426.89001465,430.23999023,424.32000732,425.5,452.9807528005948,461.07094288247674,475.85275199325105,37056000
1290045600,427.73999023,432.04998779,427.73999023,430.72000122,452.18572595843074,460.39647751219945,475.40366989600477,32415000
1290132000,434.39001465,434.42001343,426.51000977,426.51000977,451.2687360945582,459.6434448957061,474.917165815149,27709000
1290391200,422.70999146,426.19000244,419.98001099,426.19000244,450.3730670354669,458.9000350633571,474.4323184183814,30139000
1290477600,426.19000244,430.80999756,426.02999878,430.80999756,449.67438598277164,458.2758120077269,473.99826547451687,24956000
1290564000,430.73001099,434.48001099,427.98999023,434.48001099,449.1317297330298,457.74701642955523,473.60504901198436,30930000
1290650400,434.70001221,440.19000244,434.70001221,439.8500061,448.8002396032787,457.34930508889846,473.26917793823327,34208000
1290736800,441.88000488,443.67999268,437.29000854,439.94000244,448.48380256173306,456.9624316967007,472.93754435118615,45398000
1290996000,437.92001343,446.35998535,436.38000488,446.35998535,448.4079519470283,456.72682177788516,472.67309102779126,45422000
1291082400,450.04000854,456.29998779,450.04000854,451.58999634,448.52159638963445,456.6126701014877,472.4633089910968,66969000
1291168800,451.01998901,453.54998779,448.13000488,449.92999268,448.5718962571475,456.464166158788,472.23909688849886,49057000
1291255200,450.08999634,457.42001343,448.23001099,457.42001343,448.8879004418922,456.48540720925934,472.09164332174765,66063000
1291341600,462.29998779,467.20001221,462.29998779,464.3500061,449.44011850111036,456.660176073498,472.01461210561087,71912000
1291600800,467.29998779,468.77999878,462.86999512,465.55999756,450.01582846749926,456.85794988430916,471.9503870852565,96779000
1291687200,461.70999146,466.1000061,460.76000977,460.76000977,450.3995492283029,456.9446623262134,471.8390400472938,85025000
1291773600,459.41000366,461.6000061,452.54998779,452.82998657,450.4863505619349,456.85322508718644,471.6498952365745,72502000
1291860000,450.58999634,460.79000854,450.16000366,460.45001221,450.84219562079437,456.9331536899156,471.5384536144195,60569000
1291946400,464.80999756,473.05999756,462.39001465,473.05999756,451.63568854719455,457.2915279981397,471.55359335517153,94107000
1292205600,485.82000732,490.29998779,485.73001099,490.22000122,453.0136997140805,458.02327184751437,471.73932875681163,81975000
1292292000,493.72000122,496.42001343,480.64001465,489.6499939,454.322138792149,458.72608789312517,471.9175443303757,134954000
1292378400,492.79998779,497.08999634,491.51000977,493.47000122,455.7202767360008,459.4981748559446,472.13199663773514,95677000
1292464800,484.80999756,489.70001221,479.67999268,480.20999146,456.59490940471505,459.95843744714585,472.21237469566813,80791000
1292551200,483,485.29000854,476.26998901,485.29000854,457.6197343738324,460.5213612492093,472.34250040556196,74147000
1292810400,488.29998779,488.29998779,478.29000854,478.29000854,458.3579584511955,460.9162200778935,472.40167959097926,66941000
1292896800,471.17001343,483.42999268,470.14001465,481.77999878,459.19445989150995,461.37985960460696,472.4949961998252,68326000
1292983200,488.30999756,488.69000244,481.52999878,481.52999878,459.99215770895603,461.8276404751713,472.584896723011,61508000
1293069600,481.70999146,481.70999146,475.41000366,475.41000366,460.54279506435046,462.1294707681675,472.61300723979696,57222000
1293156000,474.16000366,477.80999756,470.80999756,472.76000977,460.9791241609808,462.3657049682082,472.6144699515403,55816000
1293415200,475.64001465,476.04998779,469.64001465,473.04998779,461.41022643344576,462.60313347535913,472.61880346237075,39247000
1293501600,471.73001099,479.32998657,471.73001099,479.32998657,462.0502178668941,462.9748413219067,472.6855814037402,89111000
1293588000,480.52999878,481.17001343,476.52999878,478.75,462.6466386573622,463.3254004036421,472.7459238773348,62369000
1293674400,477.20001221,481.51000977,477.20001221,481.3999939,463.3164013445992,463.7270580368945,472.8320340268141,57066000
1293760800,480.92999268,485.22000122,480.1000061,484.66000366,464.07867285586354,464.19223460629684,472.9497252669453,60094000
1294106400,485.72000122,487.82998657,481.66000366,485.97000122,464.86050601172553,464.67618497549023,473.0792802515528,29600000
1294192800,487.94000244,487.94000244,481.91000366,481.91000366,465.46941664202103,465.0591587240349,473.1671481461642,40580000
1294279200,480.85998535,483.16000366,479.86999512,482.30999756,466.0708659605203,465.44251069816744,473.2581217721725,29489000
1294365600,482.76998901,483.85998535,481.3500061,481.85998535,466.6347630815731,465.80734346820816,473.34371245453895,31359000
1294624800,483.70999146,485.05999756,479.57998657,480.54998779,467.1317353925884,466.1349577864702,473.4154166867326,33804000
1294711200,477.97000122,480.79000854,475.48001099,477.44000244,467.4998877871388,466.3861810009931,473.45546231611837,35421000
1294797600,480.82000732,481.6499939,477.48999023,478.45001221,467.89096365938383,466.654266138971,473.50515932998786,41208000
1294884000,479.95001221,485.01998901,479.6000061,484.11999512,468.4705719258344,467.04239344966055,473.6107795866049,29069000
1294970400,487.05999756,490.10998535,486.54000854,489.22000122,469.2116229720546,467.5352291778903,473.76609522474814,41503000
1295229600,492.89001465,498.48999023,492.36999512,495.16000366,470.13835085376695,468.1491130552705,473.9789699355467,43805000
1295316000,497.04998779,501.27999878,496,497.42999268,471.113052347561,468.79979926915337,474.21231344544174,40801000
1295402400,504.92999268,507.89001465,503.1000061,505.91000366,472.3558006087195,469.6244704778388,474.52771334807414,42887000
1295488800,510.17001343,514.04998779,510.17001343,511.98001099,473.7709509794795,470.56570471144244,474.90037302610324,41206000
1295575200,518.32000732,521.2199707,518.23999023,519.5,475.4041313016409,471.65313349563263,475.3441504089281,46987000
1295834400,525.70001221,525.70001221,509.88000488,509.88000488,476.63541250086803,472.50261952639636,475.68779075192384,38333000
1295920800,504.05999756,506.11999512,501.86999512,501.97000122,477.540219240837,473.15745023069866,475.9493052839445,39692000
1296007200,498.23999023,502.01998901,498.23999023,501.25,478.3869971250928,473.7817291144609,476.2010534900744,22038000
1296093600,501.25,503.42999268,498.10998535,502.67999268,479.25460410919663,474.4239127492507,476.46452552181495,30029000
1296180000,502.76998901,511.91000366,502.75,510.6000061,480.3740827517253,475.2278259348229,476.80418204498096,37629000
1297130400,515.70001221,521.48999023,515.60998535,520.69000244,481.8139370263066,476.2380965238268,477.24085687478214,24858000
1297216800,528.69000244,529.20001221,522.48999023,522.59002686,483.2702259489385,477.26813942018623,477.6920923970231,31773000
1297303200,523.25,526.57000732,519.51000977,520.22998047,484.59021718183357,478.22284699907095,478.1153549649134,31575000
1297389600,522.78997803,522.78997803,516.40002441,519.97998047,485.8541372992681,479.1507832984249,478.531918402775,35607000
1297648800,520.72998047,522.36999512,514.04998779,514.04998779,486.86113195965135,479.9263211760155,478.8853320285185,35497000
1297735200,509.27999878,517.97998047,509.27999878,517.86999512,487.96859135823524,480.7695139303263,479.27323912395616,34375000
1297821600,519.54998779,519.70001221,513.10998535,513.10998535,488.8664982865126,481.4881910729857,479.60992316600635,30003000
1297908000,510.69000244,511.04000854,505.5,509.82998657,489.6151942966371,482.11800875069713,479.9106203143048,35957000
1297994400,509.1000061,510.75,502.54998779,503.92001343,490.1260806942572,482.60249774357055,480.1495197482918,38442000
1298253600,497.70999146,497.70999146,481.85998535,483.67999268,489.8958632651766,482.6264420754912,480.1846488321894,50542000
1298340000,467.3999939,471.67999268,467.3999939,470.01998901,489.186010613206,482.34629867403584,480.08350793843624,52157000
1298426400,468.97000122,474.01998901,466.88000488,470.67001343,488.52472499952006,482.0868256686128,479.989841326412,36916000
1298512800,462.42999268,462.86999512,455.73999023,461.29000854,487.5520565545372,481.6246741768658,479.8037733384875,43115000
1298599200,460.57000732,467.97000122,457.95999146,466.95999146,486.81662565830374,481.29879233871327,479.6759745138259,28616000
1298858400,467.11999512,474.22000122,461.36999512,461.36999512,485.9078174247929,480.8559301782974,479.4938254651311,34263000
1298944800,458.20999146,466.11999512,458.14001465,466.11999512,485.201109485336,480.5284649547797,479.3607525263736,24211000
1299031200,464.26998901,466.26000977,453.32998657,457.82998657,484.22356938121686,480.0240543240068,479.1465160491957,46603000
1299117600,449.77999878,457.13000488,449.77999878,452.33999634,483.08487034403055,479.4088530354733,478.87978450980074,30742000
1299204000,454.73001099,459.23001099,452.60998535,459.23001099,482.2329110813866,478.9604343233517,478.68426437527535,32859000
1299463200,465.20999146,468.22000122,464.44000244,468.22000122,481.7324500149085,478.7217580321661,478.58014235382984,23625000
1299549600,471.77999878,477.51998901,471.77999878,475.38000488,481.5055769743761,478.64749685100685,478.5483001899111,29849000
1299636000,474.79998779,475.19000244,466.72000122,470.51000977,481.1128781456484,478.4666638047623,478.46831720065825,31207000
1299722400,467.54000854,482.54000854,467.54000854,482.48999023,481.1620607200895,478.55607105865647,478.50833384771636,46169000
1299808800,490.13000488,496.22000122,490.13000488,495.05999756,481.6584156072292,478.92282498090856,478.67302701898285,43503000
1300068000,491.95001221,493.20001221,479.8999939,479.8999939,481.595614831971,478.9445398457773,478.6852356446646,45601000
1300154400,470.47000122,476.29998779,468.20001221,468.73999023,481.13648538190057,478.7177720765378,478.586277978847,37666000
1300240800,467.17001343,470.64001465,461.57000732,463.57998657,480.50946756718986,478.3813768430592,478.4369616464207,36313000
1300327200,461.48001099,468.27999878,457.01000977,460.52999878,479.7959151105045,477.98467955276897,478.2587829114314,36005000
1300413600,459.3999939,461.88000488,454.73001099,461.07998657,479.12748909120074,477.6090197087074,478.08784961450175,53506000
1300672800,467.17001343,469.51998901,464.77999878,468.25,478.7390073379436,477.40104149295837,477.9899605636112,41791000
1300759200,470.22000122,470.98001099,464.79998779,464.79998779,478.2411852112313,477.12101807733706,477.858717053426,37126000
1300845600,464,467.95999146,463.95999146,467.64001465,477.8625719769016,476.9103291122851,477.75703842254615,33715000
1300932000,465.11999512,468.58999634,461.32000732,461.32000732,477.271766096298,476.563877516901,477.5934858742621,27576000
1301018400,461.20999146,462.67001343,457.66000366,457.73999023,476.57420267250166,476.1455689105254,477.3959386539212,28176000
1301277600,458.3500061,463.36999512,456.73999023,459.51998901,475.9651236131266,475.77611157940265,477.21806850821054,24992000
1301364000,460.67999268,462.30999756,456.01998901,457.88000488,475.3192265155149,475.3784203194159,477.0256499646463,36123000
1301450400,454.32998657,460.1000061,454.30999756,460.04000854,474.7735401592465,475.0375667243178,476.8566386071871,28056000
1301536800,462.26998901,465.30999756,460.73999023,461.13000488,474.2862710421306,474.72850979444405,476.7001546895037,27889000
1301623200,460.79998779,463.10998535,458.54998779,459.17001343,473.7464046988402,474.38276543078973,476.52572542324,23349000
1301882400,459.95001221,460.6499939,457.25,457.25,473.1572473881673,474.0020373101055,476.33392716032216,24644000
1301968800,458.19000244,459.1000061,454.85998535,457.20001221,472.5873461318042,473.6286589745476,476.1435399468861,23343000
1302055200,458.51000977,464.94000244,458.04998779,464.94000244,472.3142267142398,473.4355777182243,476.03206196174295,27348000
1302141600,464.72000122,465.8500061,462,463.48999023,471.9990754112312,473.2145646629304,475.90726522809376,27541000
1302228000,462.51000977,464.52999878,462.19000244,464.29000854,471.7237515944015,473.0162411935319,475.79167063418237,20305000
1302660000,464.20999146,464.73999023,461.01000977,461.01000977,471.34111795781575,472.74943605078676,475.6445894315537,25947000
1302746400,459.86999512,462.33999634,459.86999512,460.63000488,470.95857820503664,472.4801153581026,475.49519058029443,24309000
1302832800,462.17001343,463.5,460.8999939,460.95999146,470.60148582128534,472.2241126048114,475.35056173332634,24465000
1303092000,458.39001465,459.16000366,454.79000854,455.45999146,470.06071816552515,471.85157657937117,475.1526456112037,29836000
1303178400,453.58999634,457.63000488,453.54000854,453.73999023,469.47783502497066,471.4490968827185,474.93958436362954,22451000
1303264800,454.57000732,458.5,454.29000854,458.5,469.0857694883646,471.16133917421365,474.7760064097626,21041000
1303351200,458.38000488,462.73999023,458.26000977,460.29998779,468.77199157056583,470.91997581012004,474.6319664234963,21507000
1303437600,460.89001465,462.44000244,454.01000977,456.45001221,468.33192087911704,470.5984210634507,474.45105145619783,23568000
1303696800,458.98999023,467.01000977,458.98999023,465.61999512,468.23506638772,470.48778937581847,474.3631802488725,26290000
1303783200,463.76998901,468.11999512,461.54000854,461.85998535,468.0073849220871,470.29606039746693,474.23877034938124,28299000
1303869600,465.98001099,469.32000732,463.67999268,469.32000732,468.0542642934411,470.27437032907875,474.189827433666,28529000
1303956000,472.17001343,474.6499939,472.17001343,472.92999268,468.22839745010396,470.33338415909924,474.1772917644753,23604000
1304042400,477.42999268,481.13000488,477.07000732,480.07998657,468.65166849010023,470.54997532378593,474.2360250461223,25172000
1304474400,483.29998779,488.01998901,482.61999512,486.57998657,469.2919655643824,470.906197795924,474.35885053392207,21204000
1304560800,485.95999146,486.98999023,476.48001099,479.29000854,469.6490385277973,471.09250470134793,474.40791678273877,21993000
1304647200,472.51998901,473.63000488,470.13000488,472.70999146,469.758358275376,471.1284488515402,474.391022003408,23694000
1304906400,469.01000977,477.47000122,467.76998901,477.47000122,470.03377409482687,471.269372237506,474.42165861252835,18943000
1304992800,479.01000977,481.69000244,478.57998657,481.29000854,470.43578246786876,471.4920530442281,474.4900004028514,17970000
1305079200,479.07000732,483.73999023,479.05999756,483.1499939,470.88986144758775,471.7511183965786,474.5761694923753,21645000
1305165600,483.1000061,484.73999023,480.13000488,482.14001465,471.2916526333882,471.9819827577657,474.65143163324717,22049000
1305252000,482.01000977,482.51000977,478.57998657,479.67001343,471.59087980469576,472.15282788381535,474.7013677705283,18216000
1305511200,479.01000977,481.51000977,471.48999023,471.48999023,471.58727660559947,472.138098158175,474.6694137651499,25359000
1305597600,471.48999023,474.57000732,464.3500061,464.3500061,471.3288026589709,471.9650294457711,474.5667330918648,24129000
1305684000,457.92001343,459.19000244,451.48999023,454.91000366,470.74241698043625,471.58602887275396,474.3711437442841,28518000
1305770400,450.92001343,456.47000122,444.8500061,444.8500061,469.8176880204207,470.9918950333594,474.0774010811569,25463000
1305856800,444.8500061,444.8500061,432.23999023,432.86999512,468.4981275596914,470.14474170195143,473.66737714124486,26744000
1306116000,429.73999023,430.54000854,416.14001465,417.82000732,466.6881946939881,468.98196982679696,473.11168191914294,31754000
1306202400,407.13000488,407.60998535,402.07000732,402.58999634,464.3989733242028,467.5065926382015,472.4099736049226,39022000
1306288800,388.64001465,389.8999939,385.72000122,386.35998535,461.61186661083843,465.70333469846366,471.55375481631637,35543000
1306375200,386.35998535,398.04000854,371.02999878,398.04000854,459.3414431083085,464.1997052282756,470.8222747538655,47224000
1306461600,406.75,410.82000732,405.77999878,410.82000732,457.6085346872975,463.0134897192028,470.22523726696136,29907000
1306720800,417.07000732,417.3500061,412,412.1000061,455.983230094894,461.8820789721094,469.6468767578374,27110000
1306807200,414.98001099,421.36999512,414.88000488,421.36999512,454.74704313150494,460.9818104420625,469.16650977636635,22753000
1306893600,422.98001099,435.69000244,420.88000488,435.69000244,454.06643453537976,460.4197702642389,468.8334102008801,33941000
1306980000,446.66000366,450.58999634,445.98001099,450.58999634,453.9422760284019,460.20133084370025,468.6518836948017,34353000
1307066400,461.92999268,461.92999268,436.5,443.41000366,453.56612344381614,459.82819023961804,468.4007207093808,47641000
1307325600,434.97000122,436.91000366,430.1499939,433.80999756,452.8605475193941,459.25000818007095,468.0565344093869,22888000
1307412000,443.10998535,448.3999939,441.3999939,443.67999268,452.53267056084434,458.90400783562495,467.81398175536316,31804000
1307498400,445.42999268,446.98999023,436.1499939,439.57000732,452.06971830224273,458.47436337972215,467.532947183867,37447000
1307584800,439.82000732,444.13000488,437.86999512,443.95001221,451.7797287989483,458.151600020395,467.2982911144753,33505000
1307671200,446.54000854,451.80999756,445,445,451.5375956275573,457.859342242164,467.0764175710477,41111000
1307930400,443.48999023,446.11999512,442.01998901,442.69000244,451.22161015657315,457.52224580211595,466.8337666742214,57633000
1308016800,441.08999634,452.54998779,440.57000732,441.54000854,450.87583867026694,457.1670849740689,466.5820874888063,61902000
1308103200,442.8500061,443.41000366,436.23999023,441.45001221,450.5392020109717,456.81781669042294,466.33201708802216,49903000
1308189600,439.57998657,445.66000366,438.51000977,445.17001343,450.347445275937,456.5589766179691,466.12144988744484,34485000
1308276000,445.88000488,446.98001099,438.64001465,438.92999268,449.9396791117964,456.1672214193476,465.85088812418667,47402000
1308535200,438.13000488,440.17001343,431.58999634,431.63000488,449.2857621749465,455.6219499406954,465.5103818232495,43775000
1308621600,432.80999756,442.73999023,432.80999756,442.73999023,449.0519846054841,455.3356841693466,465.28381076262013,29717000
1308708000,444.27999878,445.48999023,439.29000854,439.63000488,448.71548532957394,454.9866690740278,465.0285490125443,24938000
1308794400,436.8500061,440.51000977,434.3999939,434.75,448.2167179963749,454.5369653168272,464.72726991789216,19977000
1308880800,436.17001343,436.20001221,432.79000854,433.3999939,447.6875492786472,454.0672548408977,464.4155557286594,21924000
1309140000,436.95001221,438.52999878,433.61999512,434.25,447.20763680440984,453.6268713999889,464.11540094528965,25510000
1309226400,434.04998779,435.85998535,430.91000366,432.30999756,446.67557825996664,453.1531630924336,463.79892926981415,21078000
1309312800,433.07000732,434.92001343,430.91000366,434.6000061,446.24430782568214,452.740870714824,463.5083927208608,25758000
1309399200,435.20999146,435.63000488,432.17001343,432.54000854,445.7548685654792,452.29196266649456,463.2002495946831,24179000
1309485600,429.91000366,430.04000854,424.26000977,425.29000854,445.0239807074264,451.69191924146133,462.8230332657808,23923000
1309744800,425.04000854,426.17001343,423.39001465,425.42001343,444.3238390189469,451.10809911231775,462.45086391418096,23936000
1309831200,427.54000854,434.07000732,427.54000854,431.02999878,443.8490590104131,450.6619191049329,462.13821848996025,25358000
1309917600,432.1499939,432.79998779,427.83999634,428.29998779,443.2937350382555,450.1649872979344,461.80151967702534,21980000
1310004000,426.64001465,431.02999878,426.52999878,429.98999023,442.8186012951035,449.71665402975805,461.48498704571165,23421000
1310090400,428.80999756,431.3500061,428.75,430.32000732,442.3722229388498,449.2856174362079,461.1748877449583,20109000
1310349600,429.41000366,429.63000488,425.07998657,425.08999634,441.75500056031944,448.74793696740323,460.8158340991378,21465000
1310436000,422.13000488,423.92999268,416.94000244,417.25,440.87982196887947,448.04798281257206,460.38234321257926,32190000
1310522400,422.17001343,422.69000244,417.64001465,418.17999268,440.0691137799909,447.3842496985149,459.96241932668295,40372000
1310608800,418.07000732,419.57998657,414.26998901,418.92999268,439.31414516927697,446.75193287588127,459.55413647447716,23984000
1310695200,419.82000732,419.82000732,412.51998901,414.73999023,438.4364967785885,446.04055637263946,459.10822457154705,19338000
1310954400,412.8999939,415.76998901,411.22000122,415.76998901,437.62697864399604,445.3678770979141,458.67699834705405,19345000
1311040800,414.3999939,415.42999268,409.16000366,410.11999512,436.6445863752819,444.58459083173824,458.19384408608835,16672000
1311127200,410.20001221,416.76998901,410.20001221,416.76998901,435.93477932652183,443.96648856903295,457.7816664236397,21357000
1311213600,416.23999023,417.05999756,412.20999146,413.05999756,435.11782283486036,443.2796776577211,457.33667469365326,18269000
1311300000,412.97000122,412.97000122,408.95999146,409.20001221,434.19218674111534,442.52235175888285,456.85770292764676,18899000
1311559200,409.10998535,410.38000488,407.57998657,409.35998535,433.30532240571836,441.7854102831299,456.38508882239654,14931000
1311645600,408.92999268,410.79000854,407.30999756,409.39001465,432.45120427158554,441.0655126023937,455.9174761440642,19651000
1311732000,409.54000854,409.80999756,406.45001221,409.3999939,431.62794675831464,440.3618344090072,455.45461562422275,30165000
1311818400,409.17999268,411.35998535,408.17999268,408.39001465,430.7980206115891,439.65134952547373,454.98631113691704,23592000
1311904800,407.57998657,409.04000854,402.20001221,405.70001221,429.9016631686752,438.8968753629077,454.49590020232085,18914000
1312164000,404.83999634,404.91000366,400.48999023,401.95001221,428.9033899201511,438.07583395950974,453.97305554568084,22318000
1312250400,398.92001343,400.10998535,396.23001099,396.54998779,427.7479112726457,437.15303737796506,453.4016817371666,30497000
1312336800,393.6000061,394.1499939,388.79000854,391.47000122,426.4522716279084,436.13785879667694,452.7854461101301,26512000
1312423200,392.92999268,398.73999023,392.92001343,396.04998779,425.3664757765545,435.2470172187508,452.22091418654674,102654000
1312509600,394.89001465,401.01000977,394.82998657,400.88000488,424.4919589588204,434.48330583344523,451.7100593675761,26816000
1312768800,399.23999023,400.69000244,395.14001465,396.41000366,423.48903198386256,433.63723245181313,451.15981005705294,24718000
1312855200,388.77999878,388.82000732,385.76000977,387.70001221,422.2108527062246,432.6164053353284,450.5283692824554,41367000
1312941600,388.60998535,390.88000488,385.32998657,385.95999146,420.91617909028804,431.5795961380989,449.88589786133645,27135000
1313028000,380.97000122,384.44000244,379.83999634,384.44000244,419.6134584956349,430.53204961147446,449.2346949218207,20269000
1313114400,385.16000366,387.13000488,383.57998657,383.92001343,418.33869260043366,429.49622658521946,448.58479759354384,20104000
1313373600,384.47000122,384.97000122,383.36999512,384.32000732,417.1237395547039,428.4923106015479,447.9453469440558,15498000
1313460000,383.95999146,388.57998657,383.66000366,386.48001099,416.02932067739306,427.5587039435135,447.3337515614284,17931000
1313546400,387.6499939,393.45999146,387.6499939,393.45999146,415.22327320534333,426.8009547772132,446.79769424698634,39330000
1313632800,398.20999146,402.89001465,397.70001221,402.89001465,414.78279968550964,426.269600552164,446.360801912688,31090000
1313719200,399.98001099,400.76000977,396.20001221,400.76000977,414.2819857599557,425.7027207570048,445.9070626873876,26906000
1313978400,401.86999512,406.75,401.86999512,406.02999878,413.987271939243,425.2655491575158,445.51027598184146,31264000
1314064800,405.19000244,405.19000244,401.23001099,401.27999878,413.5334407549843,424.73253692690434,445.0701737211266,29972000
1314151200,403.20999146,406.29000854,396.67999268,396.67999268,412.93153189516346,424.1091470547509,444.58867938240894,27501000
1314237600,398.45999146,402.19000244,397.92999268,401.6499939,412.5286198239076,423.6100547624231,444.16142878059395,30128000
1314324000,403.20999146,405.95999146,402.80999756,404.41000366,412.2386692466252,423.183386960147,443.76589221222986,29423000
1314583200,405.89001465,413.36999512,405.26000977,413.36999512,412.27907374210287,422.96531158592154,443.46344547499376,40735000
1314669600,421.80999756,423.01000977,416.83999634,419.26000977,412.52839288595635,422.8829715455677,443.2226152689739,45259000
1314756000,421.45001221,426.29000854,417.79000854,424.70999146,412.96344997788646,422.92357198811067,443.0384100569443,47740000
1314842400,429.48999023,435.29000854,429.30999756,435.29000854,413.76082706939053,423.1983816892638,442.9613115343877,50015000
1315188000,438.3500061,439.82000732,432.07000732,435.73001099,414.54544078084086,423.4768623403913,442.88935829514,52711000
1315274400,434.01998901,437.57998657,430.82000732,436.16000366,415.31738945509653,423.7587099252715,442.8223995425516,41502000
1315360800,444.3999939,445.72000122,440.44000244,443.98999023,416.3414109113431,424.20829393204326,442.83401736033716,44271000
1315447200,450.3999939,457.41000366,449.97000122,453.26000977,417.6599322991523,424.85388761733117,442.93775857834373,60525000
1315533600,452.94000244,460.17001343,452.32998657,459.92001343,419.16922091096825,425.6331348576127,443.1067362385592,47275000
1315792800,461.14001465,465.41000366,460.48999023,462.92999268,420.7321056170051,426.4619539203324,443.30398257130986,52173000
1315879200,469.5,471.07000732,466.69000244,469.3999939,422.4702444842549,427.41613258654723,443.56364437557545,68369000
1315965600,469.32998657,475.45001221,466.98999023,466.98999023,424.0602354037458,428.29555164529063,443.7967423442762,81368000
1316052000,462.72000122,470.8999939,461.30999756,470.67001343,425.7248703332549,429.2372063516175,444.06413807647243,70567000
1316138400,470.86999512,473.55999756,457.10998535,457.10998535,426.84576729813864,429.85660144047046,444.19394750207965,59038000
1316397600,450.20999146,461.67999268,449.5,461.67999268,428.08984677606225,430.56378791246,444.36793800136246,46598000
1316484000,459.32000732,459.32000732,454.17001343,454.36999512,429.0284235026314,431.0928147392942,444.46746095776683,46151000
1316570400,451.98999023,454.48001099,446.6499939,447.57000732,429.6906229246803,431.458974574421,444.49833206584873,43954000
1316656800,443.29998779,449.29998779,441.67001343,449.26000977,430.38952959772746,431.85455313432277,444.545711943502,46856000
1316743200,439.60998535,442.14001465,438.57998657,440.29998779,430.74347453316574,432.0422294600045,444.50346593202437,42845000
1317002400,436.63000488,444.3999939,431.77999878,434.42999268,430.87513589555266,432.0952908648933,444.40323236732763,35323000
1317088800,434.01998901,440.95001221,431.85998535,437.47000122,431.1106667999972,432.2147288727845,444.33424499272735,40129000
1317175200,441.52999878,442.52999878,433.97000122,433.97000122,431.2127858864259,432.25373492494487,444.2311181890186,37570000
1317261600,431.79998779,433.38000488,425.01998901,428.07998657,431.10090019655354,432.16098496150164,444.07041041171493,78187000
1317348000,426.13000488,433.08999634,424.64001465,427.6000061,430.97586826453374,432.0596298756905,443.90652579169785,34375000
1317607200,426.42999268,428.27999878,422.11999512,422.11999512,430.6595870808004,431.83874910334185,443.68974439197945,29520000
1317693600,417.45999146,420.45999146,415.3500061,418.17999268,430.2138872807718,431.53522118282314,443.43591601673586,28427000
1317780000,420.73999023,422.70999146,415.8500061,417.20999146,429.74946243002995,431.21688274453817,443.1749615435345,37965000
1317866400,417.94000244,423.07998657,417.94000244,421.32000732,429.4484104618146,430.99695217954843,442.95749931245456,39423000
1317952800,423.45999146,423.73999023,417.95999146,417.95999146,429.03810978317836,430.70724194133624,442.7087678910371,32475000
1318212000,416.76998901,421.51998901,415.73001099,419.66000366,428.70317742163627,430.46174775730657,442.4794269534148,22777000
1318298400,421,421.29000854,417.3500061,417.73001099,428.3112786205064,430.17882027358866,442.2331641080077,28783000
1318384800,414.41000366,415.36999512,409.29998779,410.91000366,427.68980451477404,429.7506243488422,441.9214908697191,35239000
1318471200,411.17001343,413.70999146,407.60998535,412.58999634,427.1505256513893,429.3692770597568,441.62963520275673,29053000
1318557600,413.11999512,415.61999512,413.08999634,414.48999023,426.6983636720539,429.0386262413178,441.35958898412235,21814000
1318816800,415.51998901,415.51998901,410.32998657,410.83999634,426.13199341019487,428.6342122435107,441.0559114453749,26205000
1318903200,407.44000244,408.10998535,404.32000732,404.32000732,425.3529939069736,428.0938965785438,440.6903800610428,24438000
1318989600,404.32000732,407.01998901,399.07998657,401.1499939,424.4886010495817,427.4951431856873,440.29694338282343,24270000
1319076000,402.85998535,404.8500061,401.61999512,403.73001099,423.74722283316805,426.96702913689427,439.933093309263,18608000
1319162400,405.44000244,411.79000854,405.44000244,411.02999878,423.2930362598406,426.6128729067411,439.6455003288723,32625000
1319421600,415.8999939,418.33999634,414.45999146,414.45999146,422.97757037413203,426.3428088745913,439.39489825057507,21457000
1319508000,416.05999756,417.07000732,409.38000488,409.38000488,422.4919430350559,425.9658576747115,439.09624259514646,22397000
1319594400,410.42001343,413.66000366,410.3500061,412.1000061,422.12080243023246,425.6577276397179,438.82762332653806,25284000
1319680800,414.63000488,415.58999634,412.79000854,414.75,421.8575594862956,425.41533369216864,438.58804498498046,21818000
1319767200,418.82998657,422.45001221,415.51998901,422.07000732,421.8651469089279,425.34099310612044,438.4236864012493,41367000
1320026400,426.89001465,428.85998535,420.80999756,420.80999756,421.82746300360907,425.2403043162067,438.2484258157642,37893000
1320112800,418.76998901,419.16000366,412.6000061,413.82000732,421.54148244348016,424.9865199385132,438.00535697501033,44885000
1320199200,410.01998901,412.05999756,407.07000732,407.79000854,421.0503583754987,424.60437524076843,437.70470674182616,31594000
1320285600,408.17999268,410.48001099,405.72000122,408.44000244,420.59998852065945,424.2451669563069,437.41351565424577,27773000
1320372000,411.22000122,412.79000854,410.36999512,410.57000732,420.2417749063502,423.9412745199445,437.1464160688304,34031000
1320631200,409.77999878,413.94000244,408.66000366,410.51998901,419.8945682671948,423.6430237308346,436.8814764961057,35028000
1320717600,408.35998535,409.76000977,405.17001343,408.6000061,419.49119104693784,423.3087344501494,436.60006883047276,29832000
1320804000,409.19000244,410.20999146,404.17999268,405.19000244,418.9804343109758,422.90609596103496,436.2875308564382,24296000
1320890400,402.47000122,402.47000122,399.29000854,401.02999878,418.33934732772667,422.41996046812307,435.93670964174726,25318000
1320976800,399.67001343,403.3999939,396.29998779,396.29998779,417.5522273442364,421.83951663083144,435.5423143994413,37283000
1321236000,397.51998901,397.70001221,389.04000854,391.73999023,416.6303617330137,421.17063826636854,435.1064703778548,37097000
1321322400,391.63000488,393.45999146,386.47000122,387.86999512,415.6032057825489,420.43062397422705,434.6364556986722,37105000
1321408800,389.25,392.98001099,388.51000977,390.89001465,414.7205918135293,419.77416598924424,434.2011677280386,33192000
1321495200,390.91000366,392.23001099,385.85998535,385.85998535,413.6898558684033,419.02051753059436,433.7201609382074,33912000
1321581600,383.14001465,383.45001221,377.45999146,379.61999512,412.4730751273889,418.1449503659145,433.1818508305636,34395000
1321840800,380.3999939,382.70999146,377.92001343,379.14001465,411.28260868176784,417.2781740166719,432.6441211173241,21207000
1321927200,377.45999146,382.61999512,375.92999268,381.76000977,410.2282301492047,416.488881477857,432.1378115516791,32279000
1322013600,385.1499939,388.57000732,384.83999634,388.57000732,409.45472219101885,415.8684620521268,431.70430106181163,33118000
1322100000,387.26000977,389.29000854,381.77999878,381.77999878,408.46633921205387,415.11094064607954,431.20754183512696,29219000
1322186400,381.77999878,383.73999023,379.38000488,383.3500061,407.5693273151948,414.4051421006111,430.7313474497028,27351000
1322445600,386.04000854,388.98001099,383.04998779,383.30999756,406.70292268108074,413.7141388885975,430.2594932219446,32648000
1322532000,385.77999878,386.54998779,382.8999939,382.8999939,405.8528180817564,413.0293801110731,429.78825442272125,34796000
1322618400,381.88000488,382.61999512,378.77999878,380.69000244,404.9541460945508,412.31072727393814,429.29971460199766,26234000
1322704800,380.47000122,382.86999512,377.02999878,380.1000061,404.06649823760256,411.5949334700729,428.8101652636693,21226000
1322791200,380.92001343,383.88000488,380.35998535,383.88000488,403.3455520462596,410.97904616807125,428.363098991195,25131000
1323050400,385.82000732,391.70999146,385.82000732,391.19000244,402.9114252746075,410.5392896407808,427.99321743347167,34956000
1323136800,393.92001343,396.29000854,390.20001221,390.20001221,402.4574462365858,410.08730569787457,427.61716564020327,37927000
1323223200,389.1499939,389.69000244,386.70999146,387.20999146,401.91289428027915,409.57892093703293,427.2151042055744,30864000
1323309600,387.01998901,388.3500061,381.63000488,381.63000488,401.1885053731263,408.9578339135433,426.76152112770797,41698000
1323396000,381.27999878,382.13000488,375.67001343,377.16000366,400.33034459765753,408.2512154634646,426.26797369021835,31761000
1323655200,376.97000122,378.82000732,373.89001465,375.29998779,399.43640328309834,407.51896595960983,425.7608295519077,37717000
1323741600,374.10998535,377.17001343,371.75,371.75,398.44760316584484,406.72410004939627,425.2234083623365,34640000
1323828000,371.75,374.42001343,366.64001465,367.54998779,397.34411690242183,405.85356422140967,424.6495434810197,58153000
1323914400,364.14001465,365.08999634,360.16000366,364.48001099,396.17039883412104,404.93415192737837,424.05084166518867,40488000
1324000800,364.36999512,369.6499939,363.79998779,366.02999878,395.0939559750453,404.06961519077,423.47351984543553,65300000
1324260000,365.70999146,367.95001221,364.73001099,367.3999939,394.1048859009365,403.2547347176418,422.91557431364015,37317000
1324346400,365.5,369.08999634,363.22000122,365.67001343,393.0893547412602,402.41951868902754,422.3459667426587,46463000
1324432800,368,369.48001099,366.95999146,367.72000122,392.1833064012152,401.6484183008269,421.8024247971596,47250000
1324519200,366.67999268,366.77999878,359.11999512,360.36999512,391.04711671260037,400.7311200079196,421.19115684017294,46127000
1324605600,352.48001099,356.97000122,352.20999146,356.20999146,389.80293366786464,399.74176159574364,420.5445780801712,29083000
1324864800,356.1499939,356.1499939,349.70001221,352.67999268,388.4771143468695,398.6959445087271,419.86930857370186,42841000
1324951200,348.42001343,348.82998657,346.48001099,347.79998779,387.0243598269813,397.56492324831095,419.1522009042123,57455000
1325037600,347.58999634,351.33999634,347.17001343,350.66000366,385.7256328210177,396.52259170190405,418.47068650377236,57724000
1325124000,349.05999756,350.51000977,347.39001465,350.51000977,384.4679319977671,395.5000898811951,417.79446086463037,48342000
1325210400,351.82998657,352.45999146,348.29998779,351.54998779,383.292291133204,394.5234209458352,417.1353118788131,56176000
1325556000,351.36999512,354.01998901,349.30999756,350,382.1032807355896,393.5340115914833,416.4672988252926,20637000
1325642400,349.22000122,349.92001343,348.23999023,348.83999634,380.91530629288997,392.54081125256147,415.79439034285184,25446000
1325728800,346.42001343,347.13000488,340.94000244,340.94000244,379.4876168695725,391.3941266122823,415.04957056272394,20629000
1325815200,340.19000244,340.19000244,336.48999023,336.73001099,377.9605595167306,390.1793684873427,414.2702714624978,29082000
1326074400,334.92999268,339.32000732,332.27999878,339.32000732,376.5805397954188,389.04916046140175,413.52449768993563,171190000
1326160800,336.83999634,345.25,336.83999634,344.67999268,375.4412345412967,388.0631789551484,412.839477739588,36557000
1326247200,347.98001099,349.45001221,346.70999146,347.42999268,374.44083304625036,387.1602192601451,412.18863709222893,29075000
1326333600,347.77999878,349.44000244,347.22000122,348.10998535,373.50044562852713,386.2924362843641,411.5510385674306,24422000
1326420000,349.30999756,354.32998657,349.30999756,354.32998657,372.8157863764369,385.5821596240449,410.98167486596367,22041000
1326679200,356.76998901,360.29000854,355.97000122,357.86999512,372.28200811727845,384.9663337461772,410.4532004406307,29376000
1326765600,357.51998901,363.5,357.1000061,358.85998535,371.8026501613042,384.38619267070663,409.9398351163458,23729000
1326852000,360.80999756,363.29998779,360.47000122,362.66000366,371.4761270719719,383.9033884704687,409.4693890322031,18118000
1326938400,363.1499939,373.42999268,363.04000854,373.42999268,371.54590798654436,383.6706463417916,409.1107880734747,23015000
1327024800,378.07000732,378.07000732,373,373,371.59783984416777,383.4335208675296,408.7514767493605,29580000
1327888800,375.1000061,384.94000244,373.1000061,384.94000244,372.07434565116176,383.4669982358067,408.51454665673003,21572000
1327975200,390.42999268,393.92001343,387.97000122,387.97000122,372.6420476357631,383.5670649687888,408.3101233190511,39042000
1328061600,388.70001221,390.67001343,383.04998779,390.67001343,373.28590355698583,383.7249082679269,408.13459983756803,39220000
1328148000,393.89001465,401.60998535,393.82000732,401.60998535,374.29747790673633,384.1223544253063,408.0696783003783,43990000
1328234400,408.95001221,411.38000488,401.73999023,401.73999023,375.2775676325672,384.5138574431884,408.0066963295288,68550000
1328493600,402.35998535,402.38000488,394.91000366,399.73001099,376.1508691810469,384.8519941886731,407.9243412515235,32925000
1328580000,400.42999268,402.5,396.01998901,401.07998657,377.04119480208095,385.21261624159143,407.85623821986655,37021000
1328666400,403.73999023,409.73999023,401.51000977,409.52999878,378.2015092298638,385.7530025202227,407.87289255379824,44601000
1328752800,412.98001099,414.6000061,409.17999268,411.39001465,379.38681299486865,386.3227139008844,407.9078887935614,51508000
1328839200,410.10998535,410.10998535,403.48999023,405.01998901,380.3022835668376,386.7382089033092,407.87915347233195,49902000
1329098400,402.36999512,402.36999512,395.54000854,395.54000854,380.84648803016483,386.93380445079123,407.7563759108162,34550000
1329184800,391.07998657,400.26000977,391.07998657,400.26000977,381.53982809230183,387.22994234677367,407.68178520294737,36461000
1329271200,398.60998535,400.66000366,394.38000488,397.41000366,382.1066200768625,387.45616593151203,407.5795784214255,45758000
1329357600,395.20001221,398.44000244,393.66000366,396.51000977,382.6210268516174,387.6573624612562,407.46943345971977,34857000
1329444000,397.98001099,403.29998779,397.98001099,403.29998779,383.3595611708453,388.0049763574505,407.4279464381305,40788000
1329703200,409.82998657,414.5,408.98001099,413.98001099,384.45314866438656,388.58219934928496,407.49314111028843,48955000
1329789600,421.80999756,422.19000244,410.32000732,410.91000366,385.39803634280133,389.07837277841196,407.5271397426239,59090000
1329876000,410.63000488,418.41000366,410.63000488,418.41000366,386.5770351755584,389.7301867980028,407.63542694578183,54898000
1329962400,419.48999023,423.89001465,416.45001221,423.89001465,387.9096415853599,390.4892940836028,407.79716413686856,67368000
1330048800,427.1000061,429.42001343,423.42999268,423.42999268,389.17822555302564,391.22130960796716,407.952714669636,78557000
1330308000,426.02999878,430.75,425.66000366,428.41000366,390.57936048541757,392.0477250313457,408.156269783968,65366000
1330394400,429.26000977,431.10998535,421.6499939,422.22000122,391.7093833687955,392.7182200577602,408.2962074101972,121716000
1330480800,420.01998901,423.64001465,418.01000977,423.64001465,392.84976305741,393.4053710486989,408.44888210910074,125979000
1330567200,426.48001099,427.95001221,422.6499939,427.95001221,394.10334338428817,394.17302974117223,408.6429232046321,89535000
1330653600,432.32000732,439.6000061,431.79000854,439.6000061,395.7282241955636,395.1825181047017,408.9509538802079,81704000
1330912800,448.66000366,459.79998779,448.66000366,457.20999146,397.9240015978649,396.56090640148614,409.43114330886254,103336000
1330999200,465.63000488,468.1499939,444.98999023,445,399.605287255084,397.63733070367533,409.7850622809137,154491000
1331085600,442.73999023,444.25,433.69000244,444.01998901,401.1915266034739,398.6680564438159,410.125708318019,101252000
1331172000,436.44000244,443.5,431.66000366,431.66000366,402.27968649834986,399.40121082639774,410.3399799134616,90581000
1331258400,429.20001221,435.26998901,424.42999268,432.10998535,403.3450543144802,400.1280724824778,410.5565968829794,78988000
1331517600,429.82998657,432.60998535,423.42999268,428.01998901,404.22630198217735,400.7478928497561,410.73036197877065,74783000
1331604000,429.73001099,433.66000366,427.76000977,429.39001465,405.1250060060282,401.3843844453171,410.916030164554,62957000
1331690400,435.73001099,437.23001099,429.22000122,433.85998535,406.15125526831287,402.1060644654212,411.14432822610075,64088000
1331776800,433.47000122,442.54998779,430.39001465,441.8500061,407.42621065515885,402.9892631684118,411.44985735917436,105702000
1331863200,449.66000366,450.32000732,438.51998901,438.51998901,408.5367027392603,403.77883485378044,411.71921190296365,113650000
1332122400,435.82000732,440.92001343,433.6000061,438.07000732,409.59146361714386,404.54086090858533,411.9814088722874,58556000
1332208800,435.20001221,441.73001099,435.20001221,440.29000854,410.6878402215316,405.33528641150565,412.26308648092134,62753000
1332295200,443.42999268,450.25,443.13000488,445.76998901,411.94077410683406,406.23383535813883,412.59648849613603,98381000
1332381600,442.76998901,448.92001343,442.44000244,445.67001343,413.14538979694714,407.11019487084684,412.92557829647296,81608000
1332468000,448.92999268,455.16000366,448.8500061,454.1000061,414.6080546649133,408.15441289816135,413.33527409551306,88124000
1332727200,458.20999146,459.26000977,451.45999146,459.26000977,416.20276734723785,409.29009282864666,413.7922366395378,93971000
1332813600,457.54998779,457.54998779,445.92001343,445.92001343,417.26409756447936,410.1040910642323,414.11191601058715,120880000
1332900000,443.20001221,447.14001465,437.04998779,446.32000732,418.3018086271765,410.9088892032494,414.43239453107884,82026000
1332986400,449.01000977,449.01000977,439.47000122,439.63000488,419.06352992192024,411.5471362182883,414.68311702211287,74524000
1333072800,442.57000732,443.73999023,437.61999512,441.02999878,419.84804666685164,412.2023109418819,414.94527504955454,67123000
1333418400,440.95001221,446.14001465,440.23001099,445.76998901,420.7738303219641,412.9482593433956,415.25198862130026,59846000
1333504800,446.01998901,447.01998901,439.26998901,439.76998901,421.4522645608225,413.54429778043124,415.4959488241729,50712000
1333591200,439,445.79998779,436.67001343,444.92999268,422.2907548507932,414.24175766708834,415.7888248824398,61594000
1333677600,447.07998657,450.23001099,445.86999512,447.44000244,423.1889422646934,414.9794964398197,416.1037619725648,91170000
1333936800,450.54998779,452.05999756,448.17001343,450.73001099,424.1725518620258,415.7739523187126,416.4483017637831,66301000
1334023200,451.01000977,455.85998535,448.91000366,450.8500061,425.1253180848106,416.55342018051897,416.79060727956636,87739000
1334109600,457.55999756,458.73999023,452.69000244,458.73999023,426.32584208999594,417.4908995149519,417.20801407509305,99438000
1334196000,462.22000122,468.14001465,460.79000854,465.26000977,427.71634807856753,418.55243529839737,417.68614338549014,106537000
1334282400,467.48001099,468.38000488,462.51998901,462.51998901,428.95933525469013,419.52949204754407,418.13225130215193,122016000
1334541600,465.05999756,470.73001099,461.76000977,468.26000977,430.36293077309404,420.6123924413764,418.6310349684987,89698000
1334628000,471.54000854,474.92001343,467.57998657,472.83999634,431.879968829055,421.77300586134584,419.17042761896136,118094000
1334714400,475.1000061,478.86999512,471.35998535,472.16000366,433.3185415015887,422.89271692353816,419.6976870820563,143503000
1334800800,470.80999756,473.30999756,465.29000854,467.07998657,434.5243073968891,423.8746562490151,420.169152748603,144510000
1334887200,467.07998657,470.5,462.91000366,465.72000122,435.63843931914306,424.8045528039259,420.62239502195024,106581000
1335146400,466.79998779,469.20001221,464.60998535,465.17001343,436.6931383945308,425.7015630400609,421.06565490660745,66380000
1335232800,465.67001343,466.23001099,460.6000061,465.6499939,437.7273118054404,426.5893059480595,421.5092801702233,88339000
1335319200,471.39001465,473.22000122,468.89001465,472.86999512,438.98240763810327,427.617765707436,422.02033206027085,88090000
1335405600,472.82000732,475.44000244,470.20999146,470.20999146,440.0976784888853,428.56425961304853,422.49983115877563,96326000
1335492000,473.42999268,475.22000122,470.42999268,473.76998901,441.30026100749654,429.5688313774252,423.0099819831659,86179000
1335924000,476.01998901,478.44000244,471.07000732,472.45999146,442.4131085236574,430.5219682681491,423.5020218784578,118284000
1336010400,470.54000854,473.07000732,465,468.79998779,443.3554970688839,431.37259092419026,423.9527479074284,103899000
1336096800,470.52999878,477.72000122,470.52999878,476.32000732,444.53280100642377,432.3714223996527,424.4738151652649,108083000
1336356000,481.95001221,486.30999756,481.04998779,486.30999756,446.02484374048004,433.57005740321597,425.08910056222743,100552000
1336442400,488.6000061,492.44000244,486.25,488.07000732,447.5264567254629,434.7811674013667,425.7157762513595,133179000
1336528800,488.19000244,490.48999023,485.32998657,487.61999512,448.95836881098205,435.9553635728919,426.3317386281619,113924000
1336615200,490.02999878,491.3500061,482.67999268,486.07000732,450.2837844720184,437.0690223228276,426.9261492619115,134652000
1336701600,487.67999268,488.13000488,479.86999512,480.1000061,451.34864953016057,438.0252664067648,427.4552423647781,114297000
1336960800,477.73001099,483.1499939,469.69000244,469.69000244,452.00369784836914,438.7289272075033,427.87548873368576,110422000
1337047200,462.97000122,467.63000488,455.47000122,455.6499939,452.13392270735596,439.10495091178103,428.15185196917145,97216000
1337133600,455.75,458.57000732,446.38000488,449.91000366,452.05449702709325,439.3450631950748,428.3683509909707,86461000
1337220000,449.76998901,453.72000122,442.57998657,442.57998657,451.71612165362563,439.4169503811842,428.5097603002148,77745000
1337306400,439.69000244,440.23999023,430.29000854,434.95001221,451.117332030639,439.31768508849126,428.57384240876985,80359000
1337565600,438.52999878,448.19000244,437.72000122,448.01998901,451.00671263704476,439.5110696200803,428.767336404802,77327000
1337652000,451.32000732,453.70001221,446.83999634,447.94000244,450.8971872728646,439.69837923830073,428.95810920117214,84439000
1337738400,443.6000061,446.20001221,436.75,436.75,450.391930584548,439.6328596996718,429.03564045290176,66022000
1337824800,431.39001465,435.58999634,425.6499939,426.92001343,449.5536478290284,439.35035200479024,429.0145894377485,58040000
1337911200,432.61999512,438.42001343,431.01000977,437.38000488,449.11887486656315,439.30656651312825,429.097827402348,77819000
1338170400,443.23999023,443.23999023,433.42001343,435.48001099,448.6317725852573,439.2215319459476,429.161331716653,66810000
1338256800,431.75,432.91000366,429.10998535,431.44000244,448.01778079435525,439.04860906803765,429.18400505718387,47682000
1338343200,433.29000854,437.30999756,432.39001465,435.33999634,447.56500277812825,438.96619545185905,429.245258701789,49049000
1338429600,431.83999634,433.94000244,428.51998901,429.20001221,446.90911025783794,438.74916915759553,429.24480848794036,48180000
1338516000,430.75,432.26998901,427.98001099,428.79998779,446.2623558839866,438.52807623831563,429.24038241134394,72176000
1338775200,426.91000366,427.57998657,416.6499939,416.6499939,445.20477152741563,438.0418966307975,429.11510491371865,143321000
1338861600,413.95999146,421.01998901,413.57998657,421.01998901,444.3410292946508,437.663632017002,429.03455649676624,101793000
1338948000,421.08999634,427.17001343,420.80999756,426.39001465,443.6999216287704,437.4131071866242,429.0082426475447,91501000
1339034400,431.14001465,436.67999268,428.60998535,434.41000366,443.3681388441715,437.3463715526992,429.0619915133403,71298000
1339120800,439.01998901,441.45999146,432.8999939,432.8999939,442.9942765247368,437.24756316041703,429.1001805918145,82628000
1339380000,432.1499939,435.85998535,430.27999878,432.5,442.6194809345676,437.14206175685223,429.13400964065215,68126000
1339466400,432.89001465,432.89001465,428.04000854,428.16000366,442.10307103190445,436.94246046581105,429.1243180388546,57126000
1339552800,429.73001099,429.73001099,424.85998535,427.60998535,441.5854608289793,436.73507212990415,429.1092500519008,84089000
1339639200,425.73999023,428.58999634,424.04998779,425.27999878,441.0031228986586,436.4805149443507,429.0711480491953,46932000
1339725600,425.61999512,433.08999634,425.61999512,433.08999634,440.72051123584936,436.40517008647623,429.1111365894023,72646000
1339984800,436.89001465,439.29000854,433.75,435.58999634,440.5372785609976,436.3870551143323,429.1756028555774,59246000
1340071200,434.04000854,435.10998535,430.23001099,431.07998657,440.1995181327477,436.2691202577916,429.19455194726316,68586000
1340157600,431.79998779,434.16000366,429.20001221,432.89001465,439.9384644369353,436.1940290220629,429.2313227204247,34004000
1340244000,432.26998901,433.48999023,430.82998657,431.14001465,439.6242340874019,436.0817175915726,429.25031467992295,43838000
1340330400,429.95001221,430.19000244,426.5,427.17001343,439.1794404924947,435.88367972131545,429.22961516499834,51729000
1340589600,426.54000854,429.80999756,422.95001221,424.11999512,438.64160315776275,435.6222645079529,429.17877317450086,62794000
1340676000,421.17001343,421.76000977,417.92001343,419.19000244,437.94690313212834,435.25710312866505,429.07938242092376,50515000
1340762400,419.77999878,422.17001343,418,418.04000854,437.2359426109809,434.8745010266947,428.96953790469564,43901000
1340848800,418.04000854,418.77999878,415.33999634,418.16000366,436.5546590770173,434.50306775187926,428.86198035002207,42933000
1340935200,420.76000977,422.36999512,418.48999023,422.36999512,436.0480639356952,434.2334439156153,428.79738348206166,55760000
1341194400,421.94000244,424.95001221,418.17999268,419.29998779,435.44991835906325,433.901589335046,428.7028820323894,38609000
1341280800,416.47000122,417.20999146,411.85998535,413.08999634,434.65134971552527,433.43910949071164,428.54752993594775,43271000
1341367200,413.41000366,416.02999878,410.73001099,410.73001099,433.79701618961366,432.9344628573625,428.3702411902169,27634000
1341453600,410.8500061,413.82998657,408.42999268,413.82998657,433.08390798891315,432.5099189398656,428.225562039767,31521000
1341540000,414.01000977,417.97000122,413.52999878,415.44000244,432.4537685050234,432.13058746209083,428.09834254126184,43325000
1341799200,413.58999634,414.39001465,407.51000977,408.11999512,431.58470516984397,431.5970187433777,427.8995530146821,31965000
1341885600,406.3999939,409.85998535,405.39001465,405.39001465,430.64918050842095,431.014640874636,427.6755775085659,28741000
1341972000,405.29000854,408.20999146,405.07000732,407.27999878,429.81456687526304,430.48720438364404,427.4726364266896,22765000
1342058400,406.5,409.70001221,406.17999268,408.72000122,429.0611895304322,430.0034887577853,427.2860430415484,43564000
1342144800,409.8500061,416.98001099,409.8500061,416.98001099,428.6297188682739,429.7140781407234,427.1834954589459,55746000
1342404000,417.54000854,418.77999878,413.27999878,413.98001099,428.1065150154784,429.36443220404067,427.052117504031,41738000
1342490400,411.72000122,418.5,411.72000122,417.54998779,427.72949618599705,429.1018889948398,426.9575689496625,48140000
1342576800,418.19000244,419.91000366,416.1000061,418.82998657,427.4116565568543,428.87362449651,426.8766974831982,49398000
1342663200,417.76998901,428.38000488,417.76998901,428.38000488,427.4462404255381,428.86265517169863,426.89165576575346,84897000
1342749600,432.1000061,432.45999146,424.47000122,424.47000122,427.33994616819746,428.76504063943867,426.8675597006216,72949000
1343008800,423.30999756,426.13000488,421.42001343,421.98999023,427.14887631326184,428.61448396367336,426.81902667106317,50658000
1343095200,420.19000244,420.61999512,414.6000061,415.63000488,426.7374880477882,428.32593998403615,426.70769312090334,44844000
1343181600,412.94000244,415.70999146,412.55999756,412.91000366,426.2436493196529,427.9833636212798,426.5704026785063,43521000
1343268000,413.77999878,416.63000488,412.89001465,414.79998779,425.83494712216526,427.69039971391805,426.4532841224018,30779000
1343354400,416.42999268,417.67999268,412.47000122,413.16000366,425.3822705699451,427.367502023831,426.3210126750147,38347000
1343613600,410.57000732,415.30999756,410.07998657,415,425.01147519244705,427.09266864552364,426.208365782726,26691000
1343700000,415.70001221,416.57000732,414.19000244,414.48001099,424.6353514709311,426.8123873642898,426.09166573503717,25401000
1343786400,413.73001099,413.98999023,410.54000854,412.54998779,424.20373133946924,426.4954451515278,425.95692267090743,27616000
1343872800,414.23001099,417.95999146,414.23001099,416.1000061,423.91431258091677,426.26443539482716,425.8588438990576,21896000
1343959200,417.63000488,419.26000977,417.08999634,418.20999146,423.71058682659833,426.085447751831,425.78273591458935,24176000
1344218400,419.29000854,423.76998901,419.29000854,423.16000366,423.69092314207694,426.02043788312363,425.7566390762352,44569000
1344304800,423.72000122,425.45999146,422.44000244,422.5,423.64839017271703,425.94220593016536,425.72423470731746,33156000
1344391200,422.73999023,424.51998901,421.30999756,423.57000732,423.64559078512,425.889490405495,425.7027996089362,23795000
1344477600,424.42999268,428.20999146,424.42999268,426.98001099,423.7646772210086,425.9137241962618,425.715508179892,43064000
1344564000,427.48999023,427.92999268,425.05999756,425.55999756,423.828795804544,425.90586360434486,425.71396081053985,37447000
1344823200,423.79000854,426.38000488,423.44000244,426.17001343,423.91241071973883,425.91173360047054,425.7184986475494,29838000
1344909600,425.79000854,430.89001465,425.79000854,429.47000122,424.11089609474817,425.99080621423786,425.75582703135484,50531000
1344996000,429.95999146,432.44000244,429.95999146,430.76998901,424.34872084172144,426.0970102763659,425.80571919034634,39644000
1345082400,430.76998901,433.63000488,429.42999268,430.82998657,424.5801946177314,426.2021875273355,425.85571190059164,26763000
1345168800,430.82998657,434.72000122,430.82998657,433.45001221,424.8969738174553,426.3632502980614,425.9312770777997,37820000
1345428000,435.32998657,437.60998535,434.92001343,437.27999878,425.33922470897477,426.60584470877114,426.0441996818017,41499000
1345514400,430.79000854,430.79000854,416.23001099,416.83999634,425.03568083865423,426.3888258561318,425.9526155689479,70056000
1345600800,404.22000122,413.42001343,404.17001343,410.23001099,424.506906915488,426.0297410813289,425.79617174229173,74162000
1345687200,400.02999878,400.07000732,391.54000854,392.82000732,423.37523192993484,425.2917469977438,425.46805070326394,38827000
1345773600,379.45001221,402.22000122,378.17001343,399.72000122,422.5304022617229,424.7234859804606,425.21185120591804,94636000
1346032800,395.36999512,395.60998535,385.04998779,386.19000244,421.2325308395185,423.86718634622815,424.8235741037696,42326000
1346119200,381.05999756,386.04998779,379.60998535,385.77999878,419.96636898025,423.020804400312,424.4350808169659,41226000
1346205600,389.8500061,394.04000854,389.8500061,393.05999756,419.00542714381254,422.3550086927495,424.122890933812,41598000
1346292000,394.8999939,399.44000244,393.36999512,397.25,418.2284476029621,421.7971196106884,423.85549898422187,39044000
1346378400,396.88000488,398.19000244,394.29000854,396.01998901,417.43528836749914,421.22429448622864,423.57852873572216,33353000
1346724000,397.36999512,403.25,397.36999512,402.07998657,416.88688473187415,420.79886542142356,423.3646128932772,29642000
1346810400,402.55999756,404.86999512,396.30999756,398.92001343,416.24521075680724,420.31266871050303,423.12138304787146,45705000
1346896800,396.41000366,398.76998901,393.41000366,393.41000366,415.429667646207,419.71483170938075,422.82574743207175,33447000
1346983200,395.25,397.51000977,392.55999756,397.51000977,414.7896798649139,419.2213912218389,422.57384954488697,33467000
1347242400,395.72000122,396.26998901,386.19000244,388.88000488,413.8643343297384,418.54713819202027,422.23858740891797,48787000
1347328800,383.86999512,388.01998901,383.86999512,386.61999512,412.89132221510494,417.83764612375313,421.8841735552969,35754000
1347415200,387.02999878,390.29998779,387.02999878,388.3500061,412.01484663956546,417.1823652343364,421.550500247284,32623000
1347501600,388.54998779,391.35998535,387.67999268,391.35998535,411.277173022081,416.60853457024,421.2500971139777,37260000
1347588000,398.13000488,400.08999634,395.14001465,398.86999512,410.8340595255781,416.2143448046791,421.0274095319481,46498000
1347847200,400.54998779,405.26998901,400.07000732,401.75,410.50962882823603,415.8929149201307,420.8355945117297,38886000
1347933600,403.48001099,405.04998779,392.98001099,394.51000977,409.93821386187045,415.4177392501278,420.57364839489657,41835000
1348020000,391.04998779,396.17001343,390.89001465,394.54998779,409.38863435930364,414.95401143990273,420.31470649833045,44837000
1348106400,393.04998779,393.42001343,385.8999939,389.27999878,408.67046880289996,414.38347782523823,420.0059034364565,58637000
1348192800,391,395.54998779,391,395.48001099,408.19938102386783,413.96340078445513,419.76186470564596,101290000
1348452000,392.16000366,394.54000854,390.07998657,390.36999512,407.56261724158685,413.4391028808006,419.46940829185843,27739000
1348538400,391.17001343,394.05999756,390.14001465,391.76998901,406.99859480474447,412.95756701700503,419.19379217960113,23940000
1348624800,392.51000977,397.85998535,392.51000977,395.11999512,406.5743591017179,412.5611765304049,418.9542519103514,23825000
1348711200,395.66000366,396.67001343,391.33999634,393.33999634,406.1017032887994,412.13403919284036,418.69938369572105,28625000
1348797600,392.10998535,393.91000366,390.98999023,392.57000732,405.6184284327708,411.6992829289995,418.4393899009378,37103000
1349056800,391.73999023,391.85998535,386.42001343,386.54998779,404.937412695529,411.14040970368836,418.1220824172469,29915000
1349143200,386.77999878,387.61999512,384.20001221,384.32000732,404.2010767892601,410.5444007618286,417.7857433615529,26082000
1349229600,385.60998535,387.6000061,383.07000732,385.36999512,403.5285381582151,409.98496952534356,417.46319860293045,36721000
1349316000,385.67999268,386.66000366,383.61999512,384.51000977,402.8493050014931,409.4188593085581,417.1353061767321,25984000
1349402400,384.77999878,388.16000366,384.6499939,388.16000366,402.3246870964398,408.9464402941457,416.84699470890394,27644000
1349661600,387.82998657,393.45001221,387.82998657,393.45001221,402.00773442192406,408.60207522560916,416.6141889128949,35591000
1349748000,394.35998535,394.86999512,392.26000977,393.67001343,401.7099586722125,408.27025163015117,416.3858886593338,38749000
1349834400,392.38000488,394.66000366,391.75,394.66000366,401.4581745646335,407.9678016752589,416.1697106991414,37967000
1349920800,395.32000732,397.54998779,393.86999512,394.19000244,401.19859698875376,407.6616283589198,415.9510071343738,45279000
1350007200,394.17001343,395.01000977,392.26000977,392.54000854,400.8893616870126,407.32559236294384,415.7180618747283,55380000
1350266400,392.88000488,394.19000244,390.72000122,391.55999756,400.55617011104783,406.9752458117673,415.477683125328,36036000
1350352800,392.6000061,399.22000122,392.6000061,399.22000122,400.5084497935104,406.8029070430614,415.3159151461705,41177000
1350439200,399.22000122,400.97000122,395.91000366,397.01998901,400.38386190838503,406.5855088645489,415.1338661298902,59128000
1350525600,395.94000244,399.54998779,395.94000244,398.51000977,400.3169386177284,406.40605332911446,414.96845462382163,34994000
1350612000,399.51998901,400.45999146,394.98001099,398.23001099,400.2424054881667,406.22436349935634,414.80190294587317,52595000
1350871200,397.76998901,398.33999634,394.69000244,397,400.1266052921607,406.0193776438151,414.62476958322765,45948000
1350957600,397.26998901,399.22000122,395.89001465,397.70999146,400.0402976552978,405.83472461750813,414.45646333324527,35300000
1351044000,397.69000244,398.42999268,395.23999023,395.45001221,399.87635888939434,405.6039532306746,414.2673444165961,34212000
1351130400,393.79000854,394.54000854,389.92001343,389.92001343,399.5207751229874,405.25542123510405,414.02508241672945,43001000
1351216800,390.04998779,393.13000488,389.5,391.70001221,399.2414621618093,404.9541899234351,413.80294241467243,22931000
1351476000,390.95999146,392.6000061,390.63000488,391.35998535,398.9599808471018,404.65209648846985,413.5796294090538,29756000
1351562400,391.13000488,392.17001343,389.64001465,389.85998535,398.6349810079196,404.323382907615,413.3436130502572,23079000
1351648800,388.5,390.04998779,387.39001465,388.42001343,398.2701607372796,403.9699746970013,413.0956170341352,57631000
1351735200,388.1000061,389.73999023,387.95001221,387.95001221,397.90158400416243,403.6139755306235,412.8454120110095,46095000
1351821600,378.73999023,380.32998657,374.98001099,375.26000977,397.09295635294234,402.98388740260964,412.4714279091089,59148000
1352080800,372.39001465,378.45001221,372.39001465,377.26998901,396.38499323355154,402.41246743832943,412.12116483548596,30986000
1352167200,377.26998901,379.04998779,375.11999512,376.95001221,395.6908867684247,401.8466350999221,411.7712031178194,46226000
1352253600,377.82998657,381.22000122,375.75,380.8999939,395.1626405945524,401.38115418436826,411.46402690669686,31147000
1352340000,380.32000732,385.6000061,380.13000488,385.6000061,394.82111793403266,401.0304620047156,411.2066734658342,23288000
1352426400,385.60998535,386.79000854,383.72000122,386.70999146,394.53143484567437,400.7122293259442,410.96292538617416,24759000
1352685600,386.70999146,388.94000244,385.66000366,388.61999512,394.32031199832886,400.44351301025654,410.7406076720829,41906000
1352772000,387.51998901,388.42999268,385.1499939,385.22000122,393.99530089910286,400.10521274825084,410.4866712894751,28502000
1352858400,384.73999023,389.3999939,384.60998535,387.70999146,393.77082556199207,399.8297633862897,410.2600376593311,23963000
1352944800,389.83999634,390.6499939,386.6000061,386.91000366,393.5257962083495,399.54265761459436,410.0276990125716,28760000
1353031200,385.82998657,386.25,383.16000366,385.70999146,393.2466603244799,399.23526503338115,409.7857317732425,22581000
1353290400,384.82998657,386.22000122,382.42001343,383.32000732,392.89213700289133,398.88159263975047,409.5223912314192,22547000
1353376800,383.23001099,385.36999512,381.83999634,385.1000061,392.61384661350235,398.57533516108936,409.2793824241414,24466000
1353463200,385.17999268,385.79998779,382.72000122,383.86999512,392.3015662030201,398.2485498268429,409.02655269972206,21613000
1353549600,383.44000244,384.1000061,382.57000732,383.22000122,391.97722459648367,397.91458208002416,408.76977109295865,18231000
1353636000,383.22000122,384.25,381.14001465,381.70999146,391.6105376987521,397.55448006624584,408.50051955432224,21446000
1353895200,382.42999268,382.61999512,377.82000732,377.8999939,391.1208754202253,397.1177137069959,408.1960367119907,22357000
1353981600,377.76998901,378.61999512,376.07998657,376.89001465,390.6126303927172,396.6682092835071,407.88453400490624,18726000
1354068000,376.13000488,377.32000732,374.1499939,375.79000854,390.08325104083445,396.20424926698473,407.56518549281765,29713000
1354154400,377.45001221,378.61999512,376.92999268,378.20001221,389.6588496540189,395.80415511016287,407.27299471388415,15945000
1354240800,380.01000977,380.17999268,377.51998901,377.82000732,389.2360338563754,395.4045073814926,406.97993016270124,45544000
1354500000,377.94000244,379.26998901,375.77999878,379.26998901,388.88010368329054,395.04596252879276,406.7042093552117,21896000
1354586400,379.01998901,382.1000061,377.89001465,382.1000061,388.6379573410302,394.75827460815293,406.45939141237375,29904000
1354672800,382.1000061,387.04998779,382.1000061,385.69000244,388.532673237422,394.55675744886065,406.25273082558397,40537000
1354759200,385.58999634,386.61999512,384.52999878,385.69000244,388.4311492803712,394.3597184486637,406.04812656304085,36295000
1354845600,386.44000244,386.6000061,383.79998779,383.79998779,388.26575065571507,394.1250577673601,405.8267520478862,33520000
1355104800,384.83999634,387.67001343,383.52999878,386.69000244,388.20947393372523,393.959834315641,405.63633662890226,44503000
1355191200,386.25,389.36999512,385.80999756,389.36999512,388.25092111894935,393.85783788907116,405.4744824845351,40403000
1355277600,388.41000366,393.13000488,386.45999146,391.07998657,388.3519591707726,393.7961078597585,405.33125366946507,47166000
1355364000,393.04000854,393.80999756,390.57000732,391.19000244,388.4533178589593,393.73819440598606,405.1905447020077,44114000
1355450400,392.23001099,394.60998535,392.04998779,392.20999146,388.58748477328214,393.7042343405197,405.0613849682564,43163000
1355709600,391.36999512,395.29998779,391.30999756,393.63000488,388.7675747770935,393.7025847969526,404.94763989275134,67396000
1355796000,396.20999146,396.45001221,392.33999634,393.39001465,388.9326619154116,393.69563879368695,404.8326386465548,52370000
1355882400,395.83999634,398.58999634,395.33999634,398.58999634,389.27756671628975,393.8044022947161,404.7705228027085,72582000
1355968800,399.13000488,400.70999146,397.85998535,399.67999268,389.6490819292794,393.93497096994463,404.71987076168654,82885000
1356055200,397.48999023,400.26998901,394.26998901,396.77999878,389.9037575310909,393.99819381016806,404.6408670603762,76824000
1356314400,397.25,400.22000122,396.57000732,399.70999146,390.25398017140907,394.125122646831,404.5918036215665,73069000
1356400800,401.01000977,401.72000122,398.08999634,401.33999634,390.6499093202873,394.2854531733459,404.5594473302076,50846000
1356487200,399.42999268,406.1000061,398.30999756,406.1000061,391.2016984909913,394.54799879393823,404.5747762731906,59620000
1356573600,408.32000732,410.67999268,406.57998657,409.97000122,391.8719950170273,394.89070995896185,404.6284601035071,79451000
1356660000,409.48999023,413.73001099,408.32000732,413.73001099,392.65263844463345,395.30936109298494,404.7190227988951,84322000
1357092000,415.5,419.04998779,414.41000366,418.3500061,393.57040157518225,395.82137542647416,404.85465447353295,64288000
1357178400,420.67999268,420.67999268,413.67999268,419.26998901,394.4882439835686,396.34245572833026,404.9980906380749,99825000
1357264800,418.75,426.48001099,417.5,426.05999756,395.6158066112983,397.00284554681184,405.2076618512284,64852000
1357524000,428.52999878,434.64001465,426.85998535,434.19000244,396.99345646232337,397.8292268111049,405.49604334962413,78323000
1357610400,437.25,447.16000366,437.1499939,447.16000366,398.7851188622404,398.9254662966359,405.9106101188816,121101000
1357696800,447.16000366,457.75,442.26000977,448.76998901,400.57029279608895,400.03312235693284,406.3370716003853,134774000
1357783200,447.98999023,460.11999512,444.07998657,460.11999512,402.69706787908575,401.3683861961121,406.87222506824213,79395000
1357869600,468.39001465,469.16000366,461.73999023,462.69000244,404.8396726848327,402.73108877930963,407.4276258381104,75121000
1358128800,458.07998657,462.07998657,455.51000977,458.97000122,406.7728987039458,403.98084238910275,407.9404852946466,69545000
1358215200,459.23999023,461.42001343,455.92999268,461.42001343,408.7245813727335,405.25726841223377,408.47261990295857,88782000
1358301600,462.17001343,470.33999634,462.17001343,465.25,410.7433463237073,406.59044022529525,409.0375689586505,96573000
1358388000,465.66000366,466.54998779,456.76000977,456.76000977,412.38679858964633,407.70531954851094,409.51241911597737,96329000
1358474400,458.20999146,459.82000732,450.27999878,454.16000366,413.8786987707304,408.7376458620996,409.9566736885547,84205000
1358733600,453.91000366,456.33999634,447.79000854,447.79000854,415.08981697677575,409.60547614383074,410.3331247816039,58678000
1358820000,449.01000977,450.79998779,441.23999023,442.8500061,416.0812523026052,410.34424347619006,410.65667583949835,67329000
1358906400,443.95999146,447.79000854,440.48001099,443.36999512,417.0558502603693,411.07814906827474,410.98218150398094,50656000
1358992800,444.33999634,452.3999939,444.19000244,452.3999939,418.3181411046418,411.9964122867575,411.39429904025974,49811000
1359079200,455.27999878,468.08999634,455.25,468.08999634,420.0957073630475,413.24293637682956,411.9584353317994,86458000
1359338400,474.26998901,485.67001343,474.26998901,479.6000061,422.2208608893672,414.7175379262334,412.6314857872044,107355000
1359424800,478.01998901,484.33999634,476.32998657,484.01000977,424.42761620653266,416.25737063387265,413.34171985668496,88111000
1359511200,486.67001343,490.89001465,482.76000977,487.6000061,426.68377298844223,417.8427625331199,414.08060827701644,83264000
1359597600,484.04000854,485.19000244,479.79000854,479.79000854,428.58042425814074,419.2193679999395,414.7344331552551,80501000
1359684000,477.10998535,483.42001343,473.23001099,483.42001343,430.5389810142786,420.6460490094964,415.41787176495404,76845000
1359943200,487.05999756,488.95999146,482.38000488,482.38000488,432.3904461523401,422.01791469550756,416.0841616466958,56883000
1360029600,481.82000732,482.55999756,477.35998535,477.35998535,433.99650112368505,423.2477384878296,416.6938713352859,63407000
1360116000,479.61999512,488.61999512,479.61999512,488.35998535,435.93805413176773,424.694677306989,417.40696699712385,65146000
1360202400,490.88000488,493.72000122,488.02999878,490.61999512,437.89098059563315,426.1596843695003,418.13545483914254,73006000
1360288800,491.8500061,495.72000122,489.64001465,494.02999878,439.8959455307891,427.6679135786225,418.89062443059385,60722000
1361152800,497.86999512,497.86999512,493.95001221,493.95001221,441.8264479121895,429.14084910376425,419.63748401048844,69424000
1361239200,493.3999939,495.39001465,490.32998657,490.77999878,443.5747890146113,430.51060798545836,420.34536972958807,104488000
1361325600,487.98999023,495.82000732,487.67999268,494.82998657,445.4053317844466,431.9399275095593,421.08651019566184,78547000
1361412000,494.82998657,497.70001221,476.73001099,476.73001099,446.5240703275021,432.93526269801356,421.6401768702324,123305000
1361498400,482.02999878,487.10998535,470.23001099,477.69000244,447.6371393315199,433.9298124700577,422.19788657739423,107354000
1361757600,481.67001343,483.97000122,478.29998779,483.69000244,448.9247415853942,435.03559446938976,422.8097484267734,49619000
1361844000,482.5,482.5,463.64001465,465.04998779,449.5006432355587,435.70258098762554,423.2300493159597,93966000
1361930400,465.89001465,467.5,459.64001465,465.72000122,450.0799060207173,436.3696347705672,423.6528349070447,71439000
1362016800,465.72000122,476.41000366,465.72000122,474.55999756,450.9541950042631,437.2183094992213,424.15937383891486,53252000
1362103200,476.51000977,480.39001465,475.45999146,477.1499939,451.88975925053944,438.10568026368304,424.68664369026897,55928000
1362362400,477.04000854,479.05999756,468.73999023,468.73999023,452.4915532140916,438.78644270737897,425.1249854468832,74557000
1362448800,467.35998535,467.83999634,461.60998535,462.11999512,452.8354261393026,439.3049660943261,425.49309499586946,59788000
1362535200,466.95999146,471.08999634,464.19000244,471.08999634,453.4873750750418,440.01130009978556,425.9467955067563,35558000
1362621600,470.73001099,472.54000854,466.63000488,466.63000488,453.9567547109332,440.6028268726792,426.3516035602214,46949000
1362708000,468.1000061,471.75,468.1000061,470.67999268,454.55401320982844,441.2712083350641,426.79268205892566,31770000
1362967200,471.29000854,476.79000854,469.77999878,476.5,455.3377984523346,442.05407037206265,427.28728223744383,56613000
1363053600,475.23001099,478.67001343,470.51000977,475.33999634,456.05216266260834,442.7937576157946,427.76541869617574,60258000
1363140000,476.42999268,478.04998779,471.8500061,473.17999268,456.6638708775152,443.46900728388806,428.2173050044725,50256000
1363226400,471.63000488,474.6000061,470.80999756,474.6000061,457.3044471354611,444.16080725757945,428.6788244183584,46721000
1363312800,474.98999023,481.3500061,474.45001221,481.3500061,458.16321709848035,444.9872338985221,429.2029157783747,74398000
1363572000,481.52999878,482.58999634,478.54000854,479.13000488,458.9120309478203,445.74596214255496,429.6997027346098,49144000
1363658400,478.45001221,482.20999146,477.54998779,480.48001099,459.6823159493267,446.5178298947204,430.20497943366837,35322000
1363744800,481.88000488,488.94000244,480.52999878,487.04000854,460.65937639899363,447.4183227535044,430.7705021113433,52324000
1363831200,488.64001465,494.57000732,488.42999268,491.79000854,461.77118468974385,448.40436021542655,431.37766137929015,57177000
1363917600,492.88000488,500.58999634,486.1499939,489.98999023,462.77899917332445,449.32848532686154,431.960868631536,54548000
1364176800,491.76000977,495.64001465,488.54998779,493.57000732,463.8786780357057,450.3116302600424,432.5738948871426,38339000
1364263200,494.19000244,496.32000732,489.14001465,489.45999146,464.79229637228764,451.1815938422637,433.1399256988128,47035000
1364349600,489.29998779,492.45999146,485.33999634,491.26000977,465.7375718507774,452.0722253073245,433.7182349930535,38972000
1364436000,491.64001465,495.11999512,487.67001343,490.67001343,466.62801619289246,452.92995393227284,434.28491935561016,45819000
1364522400,487.01000977,492.95999146,483.5,491.04000854,467.499873062432,453.7768440346668,434.84964661117624,38989000
1364781600,490.66000366,505.80999756,489.8999939,505.80999756,468.868091794488,454.93313633522973,435.55571975494564,55425000
1364868000,507.30999756,514.09997559,507.22000122,509.42999268,470.3167311118277,456.1441775873357,436.29078714723477,70264000
1364954400,509.29000854,511.58999634,502.38000488,505.92999268,471.588633310691,457.25052903383937,436.98371456547125,57121000
1365040800,505.54000854,506.63000488,497.3500061,497.3500061,472.50868233888065,458.1416285241985,437.58437418273024,52180000
1365127200,501.16000366,503.35998535,497.82998657,502.57998657,473.5826574899921,459.129147591883,438.23109669404636,48746000
1365386400,505,507.75,501.91000366,506.66000366,474.7639912817781,460.1853888378412,438.91198134047374,52181000
1365472800,505.08999634,512.84997559,504.16000366,510.48999023,476.03991981564315,461.30326886877805,439.6242003343994,60757000
1365559200,512.15002441,518.46002197,496.5,496.5,476.77063696508446,462.0854184494719,440.190128689281,69177000
1365645600,501.39001465,504.51000977,497.07998657,504.07000732,477.74561447776,463.01840931326143,440.82574937217373,52044000
1365732000,505.36999512,505.8999939,490.82000732,494.26998901,478.3357707110543,463.7128888620778,441.3575328511571,52308000
1365991200,491.6499939,491.76998901,478.79998779,480.01998901,478.39592136458805,464.075268865365,441.74223390746397,54830000
1366077600,475.07000732,479.97000122,466.55999756,478.07000732,478.38428157728134,464.3862630532458,442.10370428967826,58211000
1366164000,482.17001343,483.98999023,476.52999878,483.98999023,478.5844854577356,464.8219014349514,442.5204832542586,30050000
1366250400,483.98999023,483.98999023,471.1000061,473.20999146,478.39253924353073,465.0083034355081,442.82585149511175,38516000
1366596000,471.80999756,472.95001221,466.77999878,468.42999268,478.0367340091189,465.0843409742746,443.08061906909074,39686000
1366682400,470.58999634,475.48001099,469.13000488,473.69000244,477.8814935959361,465.2755778957352,443.3851900479058,34007000
1366768800,474.48001099,475.75,472.89001465,472.89001465,477.7032264907241,465.4447876013855,443.67877039220525,32854000
1366855200,474.86999512,477.79998779,474.29000854,476.58999634,477.66346827105536,465.69245890668805,444.00624527725796,37107000
1366941600,477.04000854,479.11999512,474.42999268,474.51000977,477.5508447531605,465.8884044814283,444.30976532196183,31272000
1367460000,474.54000854,476.42001343,472.16000366,473.01998901,477.38902847661905,466.0468841376188,444.5954391895045,25838000
1367546400,471.14001465,475.23999023,470.80999756,475.23999023,477.3122771106684,466.25117538411615,444.90036009538005,26290000
1367805600,478.94000244,488.32000732,478.94000244,488.32000732,477.70541033243023,466.7415938715802,445.33239638617226,52993000
1367892000,489.3500061,491.55999756,484.39001465,485.57998657,477.9866451980577,467.160224820434,445.7328699203397,58061000
1367978400,486.73999023,488.04000854,483.02999878,485.07000732,478.2396224166985,467.55821998709104,446.12428422282386,63517000
1368064800,485.44000244,488.57000732,485.20001221,486.22000122,478.52463594538784,467.97292623671126,446.52324658100474,101297000
1368151200,488.1000061,490.76000977,484.75,486.1000061,478.79518487948116,468.3757502336732,446.9170451831838,85570000
1368410400,486.95999146,490.38000488,486.95999146,488.92999268,479.1571423009283,468.8325111769249,447.3350844617591,45489000
1368496800,486.94000244,487.45001221,480.79000854,483.8500061,479.32474457946654,469.1662332863266,447.6984170153734,46532000
1368583200,482.82000732,487.51998901,481.79998779,485.97000122,479.5620751737713,469.53965035151936,448.07922879850406,37545000
1368669600,486,491.44000244,485.27999878,490.33999634,479.94700092970805,470.00188026237447,448.4997339481707,49811000
1368756000,489.98999023,491.8500061,487.6000061,487.6000061,480.22032254293276,470.3929497254328,448.88879138251724,50054000
1369015200,487.70999146,492.95999146,485.42001343,492.26998901,480.65066777389944,470.87910615397874,449.3204450902534,48673000
1369101600,496.08999634,502.6000061,495.95001221,500.17999268,481.34814366340305,471.5302369656681,449.8265102404001,88739000
1369188000,503.23001099,504.67999268,501.44000244,502.23001099,482.09392463935296,472.21245416620883,450.34793810855535,66881000
1369274400,501.1499939,506.57998657,498.22000122,498.22000122,482.66985594580467,472.79039965629306,450.82427704498764,80016000
1369360800,498.76998901,503.6000061,495.95999146,500.23999023,483.2973607416688,473.400390557931,451.31597568364447,62516000
1369620000,504.38000488,516.08001709,504.38000488,512.40997314,484.33709689875207,474.2672701708659,451.923876155847,93328000
1369706400,515.61999512,517.9699707,512.80999756,516.33001709,485.4797011912966,475.20199788018,452.5647332795699,87434000
1369792800,517.90997314,520.35998535,511.30999756,515.09002686,486.53721282232175,476.088398524176,453.1868755042508,99723000
1369879200,517.17999268,521.45001221,513.67999268,521.45001221,487.78409851473884,477.096434383861,453.8661106953528,75594000
1369965600,526.58001709,526.58001709,518.39001465,518.39001465,488.87716694814105,478.0140695008863,454.5081395904239,150131000
1370224800,518.29998779,521.34997559,516.64001465,517.0300293,489.8826263178503,478.8810908297555,455.13024794574306,75928000
1370311200,517.0300293,521.96002197,510.69000244,510.69000244,490.62574689364135,479.5879555322054,455.68308132379536,78925000
1370397600,512.36999512,514.64001465,508.85998535,514.64001465,491.4833993135113,480.3668901792675,456.2697174762949,56285000
1370484000,513.42999268,521.2800293,513.15997314,520.90002441,492.53399306695735,481.267626495506,456.912805107476,72252000
1370570400,523.21002197,527.9699707,523.19000244,527.9699707,493.7995636967089,482.305456366717,457.6198415810335,74548000
1370829600,530.9699707,533.15002441,524.55999756,524.55999756,494.89815062039787,483.2444461710122,458.2859127848043,94172000
1370916000,525.20001221,525.67999268,520.94000244,521.95001221,495.8642885343122,484.10456986076747,458.91938641092565,68047000
1371002400,521.21002197,524.90997314,518.23999023,518.23999023,496.6634207377296,484.86313475786153,459.5096411752946,70558000
1371088800,518.2800293,519.53997803,510.07000732,515.09002686,497.321513813525,485.53484347124237,460.062679838824,62542000
1371175200,517.14001465,518,509.02999878,509.02999878,497.73967399089906,486.0569580336592,460.5499168432138,60674000
1371434400,510.51998901,511.23001099,498.30999756,498.51998901,497.7675423844384,486.3339142775779,460.9277285065649,75810000
1371520800,497.05999756,500.54000854,495.5,498.88000488,497.8072731878513,486.61271629096507,461.3053630973454,55766000
1371607200,501.57998657,504.10998535,500.60998535,503.36999512,498.0059418282852,486.98510026494364,461.7239166498096,43058000
1371693600,502.22000122,503.75,498.54998779,499.51000977,498.0596585404893,487.2634315872782,462.09989767588115,49469000
1371780000,497.29998779,501.25,495.23001099,498.83999634,498.0875277476147,487.52068858178313,462.46547079691715,94145000
1372039200,500.44000244,501.14001465,487.41000366,489.73999023,497.78940140769987,487.570006396188,462.7368590499826,58309000
1372125600,487.04000854,488.54998779,466.77999878,473.01998901,496.90477953635343,487.24667267649494,462.8391787510773,86820000
1372212000,473.26000977,476.47000122,466.41000366,473.52999878,496.06996593791223,486.9418577010173,462.9455550697731,66676000
1372298400,476.32998657,482.95001221,475,482.95001221,495.6013961619154,486.8531500234391,463.1446043945515,46020000
1372384800,484.83999634,485.94000244,479.94000244,481.13000488,495.0845607589898,486.72596902025157,463.32356360336195,62412000
1372644000,478.98001099,482.02999878,475.26000977,480.04000854,494.5472553225973,486.57739212069043,463.4898963888011,35055000
1372730400,480.72000122,490.14001465,480.72000122,489.83999634,494.3791389303617,486.6498944366751,463.7520864380668,37836000
1372816800,489.83999634,492.92999268,487.10998535,487.3500061,494.1280984721345,486.66545247363786,463.9868916088323,45910000
1372903200,489.23001099,490.6499939,486.48999023,487.22000122,493.8813807131297,486.67777577911255,464.2180668288439,39430000
1372989600,488.05999756,489.98999023,485.22000122,485.66000366,493.58776010408934,486.6551586209101,464.43141943412905,38315000
1373248800,485.23999023,485.95001221,480.57998657,482.76998901,493.2014111364433,486.5688215184454,464.6138927632422,40645000
1373335200,483.95999146,485.5,481.14001465,485.5,492.9263607387132,486.5450699291466,464.821714725797,29844000
1373421600,487.80999756,489.82998657,484.42999268,484.42999268,492.62291902233056,486.49806821249894,465.0168219691224,32642000
1373508000,484.38000488,485.44000244,482.10998535,484.47000122,492.33174338653305,486.45300005711005,465.210385941768,35042000
1373594400,485.14001465,493.98999023,485.13000488,493.98999023,492.39096648808544,486.6204887276187,465.49675016354144,51911000
1373853600,496.11999512,498.32000732,492.95001221,494.1000061,492.45200361708237,486.78670022478275,465.781359675347,43476000
1373940000,494.66000366,497.82998657,493.73999023,496.22000122,492.5865749600437,486.99632913578756,466.0842317305177,42316000
1374026400,496.38000488,498.42001343,493.36999512,497.5,492.76205442575645,487.22974404388117,466.39682643966677,42124000
1374112800,495.67999268,500.51000977,494.23001099,496.83999634,492.90769520840803,487.44330520601716,466.6997435531029,53152000
1374199200,499.64001465,505.38000488,499.27999878,503.76000977,493.295277871322,487.80589864077234,467.0685024209327,48106000
1374458400,505.10998535,507.70999146,501.63000488,506.16000366,493.7547323637748,488.21376764119964,467.45747258251544,54393000
1374544800,506.16000366,508.64001465,504.22000122,504.29000854,494.1309922272114,488.5710174389508,467.82396547761476,53032000
1374631200,503.67001343,504.26998901,493.35998535,494.17999268,494.1327422433824,488.6956613331963,468.08621450450414,60420000
1374717600,493.75,495.8500061,491.70999146,491.77999878,494.04871569111873,488.7642021653475,468.3219735520215,42246000
1374804000,493.5,495.16000366,487.92001343,493.92999268,494.0444755835788,488.8789975101176,468.57677971249893,43407000
1375063200,493.80999756,494.35998535,485.55999756,485.69000244,493.7461015427367,488.80813095300385,468.74706053565814,32826000
1375149600,485.77999878,490.35998535,485.73999023,488.54000854,493.5601696497818,488.8021726771593,468.94400529192023,30659000
1375236000,488.1000061,493.1000061,487.1000061,491.8500061,493.49909238014675,488.869902308778,469.1719256979708,41623000
1375322400,490.8999939,494.30999756,489.57000732,492.42999268,493.46091024799864,488.9490154281385,469.4033492500308,31502000
1375408800,493.32998657,495.70999146,493.01998901,494.66000366,493.503735012713,489.07592627773545,469.6546592441598,26274000
1375668000,494.38000488,496.73999023,492.75,493.66000366,493.50931603583035,489.177794664008,469.89351839257614,29582000
1375754400,492.69000244,496.55999756,491.91000366,496.55999756,493.61826894740784,489.34184361725227,470.15885649374457,34417000
1375840800,496.95001221,502.26000977,495.01998901,500.1000061,493.8497595600004,489.58091389464664,470.456778380374,40448000
1375927200,499.52999878,503.51000977,497.04998779,498.22000122,494.0058396192861,489.77289361298784,470.73302935390257,28326000
1376013600,498.88000488,502.04000854,498.88000488,500.61999512,494.24205945859734,490.0139403131437,471.03041209784385,28096000
1376272800,501.3500061,501.39001465,497.52999878,499.45999146,494.4284141729332,490.2238525608516,471.313293484532,31953000
1376359200,499.45999146,502.63000488,497.3999939,497.73001099,494.5463283449713,490.39065608149934,471.57614639503413,36520000
1376445600,498.51000977,503.89001465,496.3500061,503.57000732,494.86860259407945,490.683530553466,471.8944932699094,35781000
1376532000,505.02999878,509.6000061,505.02999878,508.22000122,495.3454382592909,491.0732299016112,472.2559411102088,63488000
1376618400,508.22000122,510.22000122,505.48001099,507.79000854,495.78988719788765,491.4447138713532,472.6095139204555,60576000
1376877600,507.26998901,513.34002686,507.16000366,511.01998901,496.3338194054631,491.87971998554536,472.99170770244103,61780000
1376964000,509.58999634,510.58999634,504.10998535,504.80999756,496.6365400538394,492.16705948719994,473.3083076015212,65901000
1377050400,504.76998901,504.77999878,497.01000977,502.70001221,496.85309263084514,492.40112510326213,473.6007623737449,53824000
1377136800,499.82000732,503.92001343,494.3999939,496.11999512,496.8269105768864,492.48376665918966,473.8248343413693,53025000
1377223200,496.11999512,497.89001465,482.77999878,486.82000732,496.4695211748548,492.357905340541,473.95413954513674,54165000
1377482400,485.26000977,490.54000854,478.58999634,490.54000854,496.2577528664671,492.3175076338623,474.1191730674737,43033000
1377568800,488.23001099,489.89001465,485.57000732,485.57000732,495.876047668379,492.16756318244313,474.23311171675255,27832000
1377655200,482.48001099,482.48001099,470.29000854,473.29998779,495.06975981557974,491.7482837292777,474.223826901561,69273000
1377741600,473.32998657,477.08999634,468.54998779,468.54998779,494.12262510038045,491.2327660417382,474.1673707909982,39838000
1377828000,469.64001465,472.70001221,462.13000488,472.70001221,493.3575317828669,490.8209270676996,474.15277020810265,35496000
1378173600,473.55999756,477.07998657,470.26000977,472.17001343,492.6008346988359,490.40646232019515,474.13304128493746,29194000
1378260000,472.76998901,476.42001343,469.29998779,471.45001221,491.8454481813775,489.98520787330193,474.1063444782217,69278000
1378346400,473.61999512,477.76998901,470.72000122,477.57000732,491.3356110077569,489.709314527673,474.14080878510504,47477000
1378432800,479.17999268,480.54998779,475.16000366,480.02999878,490.9318391424799,489.4942186221691,474.19940769052687,46817000
1378692000,478.98001099,478.98001099,469.39001465,470.16000366,490.18998787524845,489.0645694007876,474.1592146155962,54930000
1378778400,470.16000366,475.61999512,470.16000366,474.52999878,489.63070255041816,488.7415789425479,474.1629040102669,28764000
1378864800,474.52999878,478.95001221,473.67999268,476.3999939,489.1581772414747,488.46732149715797,474.1851636111598,33569000
1378951200,474.97000122,477.25,474.91000366,475.58999634,488.6735993521363,488.1811587158878,474.19914204627264,32566000
1379037600,475.10998535,478,474.54000854,476.42001343,488.2359712834886,487.919799931757,474.22124026899627,29065000
1379296800,478.32000732,478.70001221,473.97000122,475.57000732,487.7836154276497,487.64536009594013,474.23466083666796,38474000
1379383200,476.20999146,480.16000366,475.82000732,477.73001099,487.42455812630504,487.425019004697,474.2694404401837,39152000
1379469600,478.6499939,479.42999268,473.51998901,474.26000977,486.9543956850084,487.13246324392594,474.26934660266943,39014000
1379556000,477.98999023,478.98999023,475.69000244,476.08999634,486.5663814226867,486.8870750905054,474.2874625204538,35572000
1379642400,476.11999512,477.19000244,474.70001221,477.19000244,486.23151074473355,486.67158458716085,474.3163435146781,84264000
1379901600,476.79000854,479.08999634,475.05999756,479.08999634,485.9764566588502,486.50310484833506,474.3638425477659,46168000
1379988000,478.88000488,483.77999878,478.8500061,482.82000732,485.8637263253199,486.42125823659427,474.4479834907732,82400000
1380074400,482.41000366,488.98001099,482.41000366,486.22000122,485.87645042870133,486.4167858584477,474.56511799554164,80657000
1380160800,486.27999878,487.88000488,482.60998535,485.10998535,485.84907667589056,486.3877458471489,474.6700420488198,49671000
1380247200,484.67999268,487.82000732,483.8500061,486.60998535,485.8762519856802,486.3926845027678,474.7888474548017,47133000
1380506400,487.11999512,492.6499939,486.70001221,492.63000488,486.1174574461916,486.53129162226185,474.9663714092813,68464000
1380592800,491.92001343,496.58999634,491.33999634,492.23999023,486.3361193313276,486.6581515913227,475.13824821346753,102078000
1380679200,492.57998657,496.85998535,492.57998657,494.39001465,486.6237584498516,486.8299707704044,475.32980807850765,77328000
1380765600,495,495,491.58999634,492.29998779,486.82648092628546,486.95152670417315,475.49866558807474,62671000
1380852000,492.17001343,497.73001099,490.42999268,497.5,487.207678036061,487.1859372218582,475.7175843384422,59716000
1381111200,497.45001221,502.16000366,496.92001343,500.47000122,487.6813324354874,487.4811386440391,475.9638770437313,72099000
1381197600,500.52999878,502.64001465,497.57998657,502.22000122,488.2005706063628,487.8086689235049,476.22513201065937,72185000
1381284000,501.27999878,502.51998901,498.98001099,500.67001343,488.64590785006413,488.0944765792048,476.46836466159806,64403000
1381370400,500.33999634,501.64001465,494.80999756,494.80999756,488.8660539111333,488.243710378778,476.6508684715324,66509000
1381456800,496.70999146,498.57998657,494.52999878,494.52999878,489.06833765644996,488.3834056765829,476.82877026564654,53529000
1381716000,494.30999756,495.67001343,492.80999756,493.61999512,489.23089685157674,488.4997743308811,476.99584712986893,38398000
1381802400,493.02999878,495.72000122,492.36999512,495.72000122,489.4626505790204,488.66022381730596,477.18215712081553,50449000
1381888800,495.58999634,500.6000061,495.01998901,498.95999146,489.80184132476967,488.88910754269915,477.3988519898621,69933000
1381975200,501.88000488,502.64001465,498.82998657,499.58999634,490.15141828959935,489.1269050715281,477.61965939633114,64096000
1382061600,499.89001465,501.39001465,497.91000366,500.82998657,490.5327957281851,489.3869735492719,477.85060792542237,69747000
1382320800,501.79998779,503.72000122,500.25,501.57000732,490.9269818564642,489.65770763306585,478.0866218497465,112334000
1382407200,500.94000244,502.95001221,498.73999023,500.57000732,491.271375623019,489.9002031816644,478.3103371280575,74971000
1382493600,501.41000366,504.80999756,501.41000366,504.04998779,491.7277546289826,490.2146428396274,478.56645305504196,82425000
1382580000,503.47000122,505.73999023,500.64001465,501.17001343,492.06497815759036,490.45809551941346,478.79136410354903,86402000
1382666400,502.79998779,503.17001343,499.52999878,500.75,492.375157509105,490.68680450787093,479.00985799306596,74173000
1382925600,501.26998901,501.85998535,496.45999146,496.45999146,492.5210444359227,490.8150975512516,479.1834911618912,73719000
1383012000,494.66000366,497.73999023,494.01000977,497.07998657,492.68386379785403,490.9543173072238,479.3615657430664,57867000
1383098400,498,500.97000122,497.95001221,499.07000732,492.9119403522164,491.13466597417437,479.55766963935434,48372000
1383184800,500.04000854,500.58999634,497.41000366,497.41000366,493.0725854703515,491.27411792274825,479.73530480373887,43345000
1383271200,499.20999146,499.26998901,496.92999268,497.07998657,493.2157069381961,491.40313722602053,479.9078887019106,42529000
1383530400,497.25,498.48999023,495.67999268,497.07000732,493.3533605232605,491.5290676725534,480.07865605134435,65125000
1383616800,497.38000488,500.27999878,495.83999634,499.79000854,493.58324080957266,491.71264413627443,480.274788911928,75860000
1383703200,500.82998657,502.51998901,499.57998657,502.51998901,493.90241038815935,491.95280735569054,480.4961341865357,81850000
1383789600,501.3999939,503.29998779,499.29000854,499.85998535,494.11518092251083,492.12852242223073,480.68880932249056,106540000
1383876000,498.79998779,500.47000122,498.32998657,498.60998535,494.275709652064,492.2725549317367,480.8671294819683,72791000
1384135200,498.02999878,501.07998657,497.41000366,501.07998657,494.51871954199027,492.46827563480923,481.0682524380681,93277000
1384221600,500.80999756,501.35998535,496.79000854,497.6499939,494.63055076906204,492.5834249295913,481.2332448904256,121980000
1384308000,496.8999939,498.61999512,495.67999268,496.11999512,494.683745210167,492.66201537826703,481.3813717583816,64527000
1384394400,496.67001343,498.82000732,496.11999512,497.8500061,494.79682595623245,492.7773040609722,481.5452387667559,65073000
1384480800,497.88000488,502.11999512,497.72000122,501.33999634,495.0305106127956,492.96758611161727,481.7422015286787,91215000
1384740000,503.32998657,507.41000366,503.32998657,506.48001099,495.4394213405529,493.2678622200258,481.9883488865028,115880000
1384826400,505.45001221,507.63000488,504.70999146,504.70999146,495.7705131305331,493.5221317586919,482.214434882259,96549000
1384912800,504.67999268,505.75,502.98001099,505.51998901,496.1187086976569,493.788750808721,482.44633094323154,107162000
1384999200,507,510.20999146,503.54000854,503.54000854,496.38375512059775,494.00544542497164,482.6562182825029,173935000
1385085600,504.51998901,506.45999146,502.82998657,505.64001465,496.7143358180764,494.26399140775004,482.8849127737218,106375000
1385344800,506.94000244,509.72000122,506.07998657,506.45999146,497.0623949481451,494.5350136311334,483.1194906710977,97383000
1385431200,506.98001099,510.75,504.6499939,509.16000366,497.4944524021399,494.86001340955266,483.37860025307685,93482000
1385517600,510.95999146,513.25,507.66000366,508.42999268,497.8850074120635,495.1615685044515,483.6278678394144,102743000
1385604000,508.52999878,509.1499939,506.98999023,507.70999146,498.2358996994898,495.44042234790817,483.8674909600173,82129000
1385690400,507.42001343,508.77999878,506.04998779,507.77999878,498.57676038093655,495.7146351575102,484.10542636121113,101245000
1385949600,509.13000488,509.48001099,507.1000061,508.52999878,498.9322331809031,495.99942101578773,484.3484569325424,77688000
1386036000,508.13000488,514.83001709,508.13000488,511.61999512,499.38536753587084,496.34654488477025,484.6198155214723,125503000
1386122400,512.01000977,513.40002441,510.66000366,510.88000488,499.79589029816117,496.669510662442,484.88111093797505,111829000
1386208800,510.39001465,512.21002197,507.51998901,510.02999878,500.16139417251253,496.9664103983877,485.13134862794544,103882000
1386295200,510.02999878,512.36999512,509.76000977,510.11999512,500.51705849206564,497.2587122810902,485.3799918766226,78639000
1386554400,514.13000488,514.13000488,510.94000244,511.23001099,500.8996639384204,497.5691855857326,485.6372059971537,102308000
1386640800,512.09997559,513.83001709,510.23999023,511.6000061,501.2818190156197,497.88098159716077,485.895542316585,80982000
1386727200,511.73999023,511.80999756,504.8999939,505.30999756,501.42568253506187,498.0460708407794,486.0887209757235,103539000
1386813600,503.76998901,507.67999268,503.76000977,506.92001343,501.6219086384525,498.2432695649843,486.2959975175571,80162000
1386900000,507.07000732,509.3500061,505.48999023,506.05999756,501.7804118142221,498.4169746315402,486.4926542343973,67670000
1387159200,503.45999146,506.51998901,502.04000854,502.04000854,501.789683125857,498.49748649617266,486.6473542772391,62699000
1387245600,503.23999023,505.67001343,502.20001221,505.67001343,501.92826635100494,498.656875983591,486.83663446781384,73600000
1387332000,505.1000061,506.10998535,503.66000366,505.25,502.0468996956119,498.80338985062235,487.0198520352983,62331000
1387418400,505.8999939,508.04000854,504.92001343,506.27999878,502.1980818057686,498.96953671571964,487.21149528648937,111084000
1387504800,507.39001465,508.29000854,504.45001221,504.45001221,502.278507891634,499.091325060037,487.3830228180666,142430000
1387764000,506.6000061,509.41000366,505.73001099,508.67999268,502.5071323483613,499.3044065627028,487.59493296594655,108210000
1387850400,508.60998535,509.54000854,505.61999512,505.61999512,502.618306018777,499.44475297508717,487.7742868182257,91414000
1387936800,506.36999512,506.52999878,503.02999878,504.42001343,502.68265271203495,499.55531431852967,487.93991593874085,73606000
1388023200,504.41000366,507.57000732,503.58999634,506.54998779,502.8207718219623,499.71075150678456,488.12509078303196,82921000
1388109600,507.07998657,510.08999634,506.41000366,506.41000366,502.94895867332076,499.85962377685604,488.3070302146436,73740000
1388368800,506.3500061,507.01998901,500.3500061,500.3500061,502.8561389385593,499.8705211618148,488.42686082046805,94287000
1388455200,500.04000854,506.44000244,499.48999023,504.63000488,502.91949129361075,499.97628746666334,488.58808613449327,60923000
1388628000,505.60998535,506.70999146,503.04000854,504.51000977,502.97629552491037,500.0770368511819,488.7465132353441,57718000
1388714400,504.41000366,506.27999878,503.94000244,505.36999512,503.0617847961636,500.1946581460445,488.9119210152909,55600000
1388973600,505.73999023,509.1000061,504.27999878,509.1000061,503.2774355570149,500.3925547672435,489.1127974837955,68738000
1389060000,510.83999634,513,509.86999512,510.11999512,503.5218126842644,500.60872010841587,489.32182432594675,74364000
1389146400,511.02999878,514.20001221,509.01000977,513.90002441,503.89246310304065,500.90408242622885,489.5663835307632,70297000
1389232800,513.65997314,516.97998047,513.52001953,516.97998047,504.35987443757494,501.26132460497934,489.8391556396113,91486000
1389319200,518.33001709,523.05999756,518.23999023,518.94000244,504.8805932948044,501.6541841124242,490.1287163042918,107180000
1389578400,519.30999756,522.32000732,518.7800293,521.10998535,505.4602144396328,502.086535251037,490.4369876380799,71994000
1389664800,521.13000488,524.59002686,520.63000488,522.30999756,506.06199240821735,502.5359455245695,490.75413201541244,94865000
1389751200,523.7199707,527.09002686,522.45001221,526.67999268,506.798349560781,503.0724799058013,491.11160326580637,127582000
1389837600,528.83001709,533.53997803,527.90002441,533.53997803,507.75340772039596,503.7495354196724,491.5337761490322,97753000
1389924000,536.80999756,549.88000488,536.80999756,543.59002686,509.0332869753818,504.6348796739019,492.0517487929224,118065000
1390183200,548.2199707,559.92999268,548.2199707,553.66998291,510.6274546873325,505.72454863470404,492.6648655503063,105722000
1390269600,555.7199707,560.17999268,547.65002441,559.90997314,512.3875446320706,506.9286691792662,493.3339710984624,100920000
1390356000,561.34002686,564.60998535,551.91998291,551.91998291,513.7994174277109,507.9284761510603,493.916916489622,125282000
1390442400,550.88000488,556.5,550.52001953,553.54998779,515.2190806549355,508.9422875208145,494.5102803831581,73716000
1390528800,555.65997314,560.19000244,553.46002197,560.19000244,516.8251850044021,510.08112563012975,495.163809955863,88006000
1390788000,560.45001221,560.48999023,556.34997559,556.52001953,518.2428576660305,511.1131010501269,495.7743195038643,67552000
1391652000,555.51000977,557.28997803,551.45001221,554.67999268,519.5441839165295,512.0812541974574,496.3604456051194,89235000
1391738400,557.71002197,558.51000977,549.36999512,549.76000977,520.6233205541535,512.9185598768472,496.89178455203364,124967000
1391997600,550.40997314,555.90002441,548.55999756,555.90002441,521.8832028347194,513.8737035331395,497.478931217287,110187000
1392084000,559.73999023,561.83001709,553.90002441,553.90002441,523.0266607481224,514.7631773304031,498.0403351296523,175048000
1392170400,555.54998779,564.25,554.26000977,564.25,524.4989228642609,515.8628845008386,498.69913776517814,126103000
1392256800,567.58001709,570.67999268,565.27001953,570.17999268,526.1303896433944,517.0699313492644,499.4103900528878,147121000
1392343200,573.09002686,576.17999268,569.38000488,572.2199707,527.7764461097017,518.2954877792807,500.13486349216254,142810000
1392602400,571.90997314,572.84997559,567.89001465,570.20001221,529.2915734704267,519.4489216555189,500.83202915104647,163685000
1392688800,570.79998779,574.55999756,570.15997314,574.55999756,530.9083029021972,520.673612231174,501.5656407770062,160281000
1392775200,578.5300293,578.79998779,573.85998535,578.11999512,532.5944347671187,521.9501985175924,502.32737564609073,159097000
1392861600,579.64001465,584.09997559,565.30999756,571.03997803,533.9674898836502,523.041082506757,503.0110831324978,259679000
1392948000,570.95001221,574.60998535,565.33001709,570.57000732,535.274722649234,524.0972808359402,503.683311233866,124763000
1393207200,571.94000244,576.58001709,570.07000732,576.58001709,536.7499117364042,525.2635638638081,504.40865159064344,119028000
1393293600,575.48999023,586.20001221,575.48999023,586.20001221,538.5159867533183,526.6177071603902,505.22249597491566,143515000
1393380000,590.64001465,590.78997803,582.96002197,589.80999756,540.3479157106998,528.0219802803815,506.0641626573543,157701000
1393466400,587.82000732,596.40002441,584.78997803,584.78997803,541.9351322221033,529.2834913414841,506.8475041038483,225207000
1393552800,586.11999512,591.35998535,581.63000488,586.47998047,543.5260196595282,530.554524433229,507.6398670527652,119409000
1393812000,586.65002441,587.10998535,573.36999512,573.38000488,544.5922334174022,531.5062017764906,508.29399777741435,143297000
1393898400,569.34002686,572.2800293,563.54998779,569.9699707,545.498581177495,532.360952197013,508.9076890502759,125572000
1393984800,569.9699707,577.5,569.9699707,574.94000244,546.5500605082988,533.3071533135238,509.56472699445226,105933000
1394071200,576.16998291,580.03997803,574.58001709,578.55999756,547.6932725458595,534.3127720745566,510.2512470995821,141305000
1394157600,579.40002441,582.23999023,579.09997559,579.75,548.8381556692217,535.3224882506776,510.94277697918824,157003000
1394416800,580.84002686,584.80999756,579.97998047,583.69000244,550.0828644824637,536.3973218993292,511.66662996884804,145026000
1394503200,585.09997559,589.45001221,582.20001221,588.5,551.4549050366614,537.5551591904552,512.4311411134366,162493000
1394589600,590.94000244,596.38000488,590.02001953,590.02001953,552.8322305542807,538.7210449757785,513.2031697543974,177884000
1394676000,590.83001709,595.2199707,590.35998535,595.2199707,554.3460784166278,539.976576658539,514.0192573259955,133779000
1394762400,596.20001221,600.67999268,594.51000977,596.83001709,555.8633619406769,541.2399864459048,514.8432449853387,163990000
1395021600,603.04998779,603.23999023,598.70001221,600.35998535,557.4525270624384,542.5537641993292,515.6941578247881,170181000
1395108000,602.01000977,603.21002197,597.7800293,599.84997559,558.9667216527085,543.8270133413441,516.5315291458351,205402000
1395194400,600.72998047,605.90997314,600.41998291,605.59002686,560.6318396958261,545.1995247528698,517.4176833519462,192008000
1395280800,607.39001465,608.51000977,600.0300293,600.26000977,562.0471314841894,546.4230910865838,518.2419851073497,192917000
1395367200,600.26000977,607.2199707,600.26000977,601.75,563.4650910740398,547.6525779513264,519.0729106286697,229955000
1395626400,606.54998779,609.20001221,604.17999268,607.54998779,565.0395516710385,548.9836315032969,519.9532795556481,194824000
1395712800,609.01000977,609.46002197,601.84997559,601.84997559,566.3542096681442,550.1584391496681,520.7681720535023,261347000
1395799200,603.53997803,603.67999268,587.52001953,588.05999756,567.1294163785676,551.000696003231,521.4377424565521,259085000
1395885600,588.94000244,591.70001221,582.80999756,590.14001465,567.9512234596903,551.8704586398259,522.1213471549944,151336000
1395972000,592.82000732,595.70001221,590.59002686,594.28997803,568.8918932657728,552.8131146262742,522.8394429845964,122367000
1396231200,594.28997803,597.2199707,591.57000732,591.57000732,569.7018259105665,553.674378908357,523.523329196889,119515000
1396317600,590.92999268,593.0300293,582.29998779,583.84997559,570.2071169705463,554.3449477235046,524.1235943351289,173005000
1396404000,584.16998291,586.5,574.40002441,581.66998291,570.6165050398125,554.9521707276489,524.696195216471,146780000
1396490400,584.45001221,590.90997314,582.83001709,589.44000244,571.288772804105,555.7185669879234,525.3404122037698,105523000
1396576800,589.90002441,593.7199707,588.34002686,593.03997803,572.0656015621727,556.5479316777473,526.0140397244288,119718000
1396836000,595.7199707,602.54998779,595.34997559,600.57000732,573.0836160535237,557.526200025353,526.7558901482654,115651000
1396922400,600.71002197,603.25,598.52001953,603.25,574.1609869087549,558.542284469234,527.5170255696756,127466000
1397095200,603.25,608.89001465,600.42999268,601.33001709,575.131309415228,559.4931229719177,528.2514831967435,114248000
1397181600,597.86999512,602.01000977,594.96002197,600.57000732,576.0398343403984,560.4059426240973,528.9710705014525,106926000
1397440800,602.66998291,602.70001221,596.04998779,596.10998535,576.7566254478842,561.199365795784,529.6391194054181,128080000
1397527200,596,597.98999023,586.09002686,586.09002686,577.0899612126026,561.752491597211,530.2008199771055,131669000
1397613600,583.64001465,585.51000977,567.60998535,574.28997803,576.9899618132239,562.0311024068286,530.6395180671841,149242000
1397700000,580.39001465,583.51000977,575.83001709,580.30999756,577.108534518466,562.4373000768991,531.1337516939783,117693000
1397786400,580.89001465,580.89001465,565.33001709,565.33001709,576.687873181735,562.5015826771902,531.4740130412024,116973000
1398045600,564.21002197,568.44000244,558.14001465,558.14001465,576.0254496627444,562.4046589432526,531.7393463905437,95569000
1398132000,560.63000488,569.86999512,556.4699707,569.86999512,575.8056120005036,562.5705553027359,532.1187558306377,99105000
1398218400,569.83001709,573.39001465,567.03997803,569.35998535,575.5754110487,562.7214315260085,532.4893153283429,71203000
1398304800,568.38000488,571.57000732,566.94000244,570.46002197,575.3927185816035,562.8934002025417,532.8671333048768,56696000
1398391200,571.71002197,580.73999023,571.71002197,578.91998291,575.5186923076177,563.2495464849296,533.3253706143805,64320000
1398650400,579.04998779,580.70001221,573.09997559,573.09997559,575.4323095677028,563.4684449094867,533.7211378280683,58054000
1398736800,570.64001465,578.21002197,570.64001465,578,575.5240127974276,563.7913683559426,534.1617235213214,50435000
1399255200,578.45001221,580.10998535,564.4699707,564.84997559,575.1427971828766,563.8148929611439,534.4670792632983,76076000
1399341600,561.85998535,562.35998535,545.9699707,555.10998535,574.4273396174167,563.6214505697851,534.6724813139123,100642000
1399428000,558.03997803,561.55999756,553.21002197,559.9699707,573.9110050132232,563.5403065726788,534.9241976262117,52417000
1399514400,550.75,550.75,525.36999512,527.09002686,572.2388272220367,562.7303003568414,534.8462456782892,146492000
1399600800,522.82000732,542.55999756,522.70001221,542.46002197,571.1752984630353,562.2798497260227,534.9220046463658,118856000
1399860000,536.82000732,536.82000732,512.25,517.04998779,569.242251653284,561.274741683,534.7441736328697,99261000
1399946400,508.76000977,518.45001221,508.51000977,513.90997314,567.2660988492381,560.2221912709333,534.5368681553286,98641000
1400032800,510.16000366,529.59002686,509.82000732,529.5300293,565.9183820796225,559.5401432271348,534.4870488632358,108324000
1400119200,529.39001465,537.27001953,512.40997314,524.04998779,564.4230822835646,558.7514731063095,534.3831975092733,132543000
1400205600,522,529.48999023,519.39001465,529.48999023,563.1754718530801,558.1012179312804,534.3345088796287,83778000
1400464800,530.30999756,534.67999268,525.82000732,533.03997803,562.0992042165416,557.5443014890297,534.3216279756523,106138000
1400551200,531,537.92999268,527.69000244,537.52001953,561.2213761920223,557.0993174454958,534.3534527672379,105112000
1400637600,537.95001221,543.92999268,533.19000244,543.88000488,560.6020415023072,556.8055549440403,534.448244330549,102988000
1400724000,543.34997559,547.20001221,541.42999268,541.72998047,559.928039322582,556.4705421779505,534.5206994165136,130117000
1400810400,542.44000244,545.29998779,540.51000977,541.48999023,559.2695375692755,556.1376410235516,534.5900455937622,85739000
1401069600,541.42999268,544.92999268,536.27001953,544.05999756,558.7263397118014,555.8692489465839,534.6842739715357,85780000
1401156000,543.54998779,552.75,542.48999023,552.75,558.5128990078085,555.7999323033265,534.8640324394806,127183000
1401242400,554.32000732,557.92999268,553.0300293,557.34002686,558.4710107168154,555.8341566268082,535.0876741750081,108158000
1401328800,556.29998779,562.33001709,555.32000732,558.45001221,558.4702607701435,555.8922867508791,535.3201352499832,116324000
1401415200,558.7800293,565.04998779,557.20001221,562.02001953,558.5970378687098,556.0284585904151,535.5858057403316,83436000
1401674400,560.28997803,563.11999512,554.44000244,556.79998779,558.5328575087559,556.0456036837392,535.7968921288855,80227000
1401760800,557.34002686,560.61999512,554.96002197,558.76000977,558.5409700895146,556.1059238189894,536.0253808616329,58636000
1401847200,559.13000488,559.19000244,550.22998047,553.46002197,558.3595076566749,556.047126000123,536.1988598776366,67931000
1401933600,552.20001221,553.96002197,548.4699707,551.09997559,558.1002386542937,555.9371893243424,536.3471296857198,59225000
1402020000,553.61999512,559.03997803,551.79998779,559.03997803,558.1338007748546,556.0061401844681,536.5729291717325,60850000
1402279200,559.03997803,571.83001709,558.64001465,565.60998535,558.4008073668241,556.2195589659244,536.8618551038546,112503000
1402365600,566.30999756,571.72998047,564.32000732,566.89001465,558.7039933412233,556.4566802033484,537.1606427610302,79447000
1402452000,567.77001953,573.04998779,566.51000977,570.35998535,559.1202787701081,556.7656425399406,537.4909844783334,85221000
1402538400,571.19000244,574.75,568.58001709,573.77001953,559.6434837972471,557.1435175841641,537.8519699017331,96141000
1402624800,573.58001709,577.27001953,573.0300293,574.47998047,560.1733586784169,557.5287723149604,538.2164277183329,72408000
1402884000,575.20001221,575.86999512,571.76000977,572.36999512,560.6089528370449,557.8585772661835,538.5562642098918,87594000
1402970400,571.79998779,573.15002441,567.58001709,572.25,561.0247045214361,558.1783866602683,538.8915252625296,108669000
1403056800,571.73999023,575.0300293,570.0300293,570.0300293,561.3463232635277,558.4417564967068,539.201361123599,99956000
1403143200,564.92999268,569.40997314,558.65002441,567.34997559,561.5607394180445,558.6397169210022,539.4814468396826,124334000
1403229600,568.45001221,571.76000977,560.7800293,560.7800293,561.5328569138286,558.6872794183133,539.6933730333176,123446000
1403488800,561.9699707,567.71002197,561.9699707,565.91998291,561.6895399851204,558.848006162573,539.9543343256229,62544000
1403575200,565.4699707,570.36999512,565.11999512,569.73999023,561.9770560652946,559.0900502529603,540.2507090112385,67576000
1403661600,570.33001709,574.61999512,569.27001953,572.27001953,562.3446619033198,559.3829384591168,540.5693091159028,96491000
1403748000,572.22998047,578.28997803,570.33001709,576.40002441,562.8466391357013,559.761095924692,540.9258336461924,123938000
1403834400,576.28997803,580.75,575.09997559,578.82000732,563.4171165708548,560.1846272890322,541.3028901006581,74415000
1404093600,578.2800293,582.26000977,577.76000977,578.13000488,563.94257686761,560.5834134577203,541.6693290536864,76497000
1404180000,578.92999268,582.15997314,577.29998779,578.07000732,564.4471279551954,560.9720044324376,542.0315248573313,104404000
1404266400,578.90002441,581.89001465,576.88000488,578.79998779,564.9597300921527,561.3681818403835,542.3973802098951,109096000
1404352800,581.23999023,585.02001953,580.54998779,585.02001953,565.6761690006472,561.893778233486,542.8214860737768,131464000
1404439200,585.65997314,591.38000488,585.65997314,589.34997559,566.5216620931241,562.5039159525197,543.2844561187143,132764000
1404698400,592.22998047,594.84002686,589.60998535,590.69000244,567.3848171055125,563.1302734300193,543.7561530970355,127746000
1404784800,591.63000488,593.40002441,588.53997803,591.4699707,568.2450011624585,563.7600444804633,544.2309174512939,96629000
1404871200,591.82000732,593.41998291,590.46002197,591.59997559,569.0791073920135,564.3787096162308,544.7022513631218,109820000
1404957600,591.21002197,591.34997559,581.48999023,584.88000488,569.6434251594416,564.8342939554257,545.1020300050808,152832000
1405044000,584.28997803,586.57000732,580.53997803,582.77001953,570.1122321012472,565.2328656348607,545.4768358710004,78299000
1405303200,583.54998779,586.22998047,581.98999023,586.22998047,570.6878659715597,565.6994681867527,545.8823397973586,68062000
1405389600,587.91998291,590.09002686,587.67999268,589.30999756,571.3529420997183,566.2241466172693,546.3144557949968,137425000
1405476000,594.13000488,594.28997803,589.67999268,589.67999268,572.0074796204427,566.7453876408855,546.7459536744495,138139000
1405562400,588.98999023,591.41998291,586.07000732,590.36999512,572.663283745427,567.2703789181992,547.1800237385844,96551000
1405648800,590.90002441,596.26000977,589.33001709,596.26000977,573.5060239605903,567.9145929371281,547.6683818085487,144370000
1405908000,598.10998535,604.64001465,596.96002197,601.03997803,574.4893794630692,568.6507126058585,548.1994424674687,111555000
1405994400,599.29998779,600.92999268,594.84997559,597.97998047,575.328329499031,569.3024741139506,548.6947712038123,103903000
1406080800,599.55999756,599.55999756,594.09997559,597.5,576.1201748740657,569.9290858003072,549.1803953709385,65415000
1406167200,597.0300293,602.48999023,597.0300293,602.05999756,577.0465971128491,570.6431060616337,549.7065605668496,87860000
1406253600,603.53997803,605.7800293,600.14001465,600.14001465,577.8713620248902,571.298592919153,550.2083859806123,99969000
1406512800,599.13000488,599.34997559,587.7800293,589.45001221,578.284885245787,571.7019577922829,550.5988499231933,111541000
1406599200,590.57000732,592.23999023,585.75,592.23999023,578.783281852366,572.158358513121,551.0131896277386,62283000
1406685600,591.15002441,593.58001709,588.5300293,589.33001709,579.1599509679958,572.5399509259405,551.3944515925372,81073000
1406772000,589.34997559,596.10998535,587.67999268,596.07000732,579.763881551996,573.0628410680307,551.8389844853477,64623000
1406858400,594.65997314,596.79998779,592.38000488,593.90002441,580.2687437969247,573.5258895867412,552.2575022955433,65130000
1407117600,592.03997803,600.52001953,592.03997803,599.03997803,580.9391450195345,574.0928693299247,552.722999566533,71641000
1407204000,600.46002197,607.72998047,599.09997559,607.72998047,581.8959605713369,574.840360688593,553.270332709851,86633000
1407290400,607.95001221,610.88000488,605.63000488,606.70001221,582.7818195584321,575.5483529446243,553.8019713118425,94020000
1407376800,603.94000244,608.41998291,603.13000488,607.61999512,583.6688972570595,576.261056104077,554.3374740363018,91130000
1407463200,607.17999268,610.09002686,604.08001709,605.42999268,584.4460792364503,576.9092546946531,554.8458573063884,108881000
1407722400,602.7800293,607.15997314,600.47998047,602.13000488,585.0776480094341,577.469715809883,555.3163463369716,87720000
1407808800,600.52001953,604.89001465,598.71002197,601.7800293,585.6741616269544,578.0099449985523,555.7786715405838,82998000
1407895200,601.0300293,604.51000977,599.64001465,602.76000977,586.284370489206,578.5599464379178,556.2461475428665,95741000
1407981600,605.0300293,607.84002686,604.08001709,605.25,586.9617144003058,579.1530587392974,556.7337480648281,112025000
1408068000,605.25,608.46002197,603.23999023,604.23999023,587.5787956799378,579.7105461057574,557.2064469918447,105895000
1408327200,605.41998291,607.78997803,603.33001709,605.08001709,588.2038393017257,580.2743121276295,557.6828009231697,139413000
1408413600,607.27001953,609.03997803,603.60998535,604.64001465,588.7908455641641,580.8157721836822,558.1500368806505,134150000
1408500000,604.29998779,608.7199707,602.80999756,606.70001221,589.4304586586583,581.3909775176003,558.6331212122858,107832000
1408586400,608.90997314,616.96002197,608.58001709,612.94000244,590.2700852222777,582.0920669603203,559.1734881896759,151001000
1408672800,614.51000977,622.9699707,614.51000977,620.14001465,591.3368684161248,582.9375769089798,559.7801202937587,163547000
1408932000,622.71002197,629.58001709,622.15997314,625.88000488,592.5705518612632,583.8918530861137,560.4378305881492,182015000
1409018400,627.13000488,631.16998291,625.09997559,629.05999756,593.8737463505038,584.8955896299778,561.1206382197098,135434000
1409104800,630.84002686,632.25,624.67999268,628.77001953,595.1200418212001,585.8705769610895,561.7937663919515,157141000
1409191200,627.40997314,635.94000244,626.32000732,632.0300293,596.4382556597286,586.8963425686208,562.4926346795938,164370000
1409277600,634.90997314,640.19000244,631.10998535,636.65002441,597.8743902579525,588.0019799428736,563.2305191545232,189882000
1409709600,640.69000244,644.55999756,638.95001221,640.75,599.4056620344543,589.1741581663653,564.0018572723886,204660000
1409796000,638.59997559,642.88000488,636.55999756,640.2199707,600.8633159153667,590.3085095560016,564.7602464607231,163378000
1409882400,640.63000488,641.96002197,638.54998779,638.65002441,602.2128412187465,591.382765441646,565.4954681318602,161906000
1410141600,641.88000488,642.7199707,639.19000244,639.84997559,603.5570245891483,592.4598145560539,566.2353139772148,182225000
1410228000,640.5,641.20001221,622.76000977,626.91998291,604.3914159577502,593.2255960750305,566.8391415287848,280300000
1410314400,625.59002686,630.0300293,618.53997803,628.79998779,605.2631506660448,594.0161381131409,567.4556673622297,141622000
1410400800,629.77001953,633.59997559,626.26000977,628.98999023,606.110537793329,594.7933348268489,568.0679491818096,129415000
1410487200,631.30999756,632.90997314,627.41998291,632.5,607.0530185864243,595.6312607195856,568.7090641153239,144087000
1410746400,633.85998535,636.65002441,630.34002686,630.34002686,607.8846974533377,596.4025666338171,569.3223075257188,212384000
1410832800,628.96002197,631.59002686,623.65997314,627.65997314,608.5909572992899,597.0971756672878,569.902781810438,180897000
1410919200,630.47998047,632.2199707,625.65997314,625.65997314,609.2005650078867,597.7319045000148,570.4575797341153,189812000
1411005600,625.95001221,627.28997803,615.79998779,615.79998779,609.4362586786764,598.1334174620144,570.9087479734773,179595000
1411092000,615.85998535,619.79998779,612.40002441,613.28997803,609.5738915126523,598.4702299190808,571.3304517551342,218232000
1411351200,617.71002197,621.35998535,611.92999268,611.92999268,609.6580379829147,598.7693357582124,571.7344272867249,143309000
1411437600,611.75,615.98999023,610.39001465,610.39001465,609.6841800067392,599.0275730669188,572.1190599968072,144391000
1411524000,609.51000977,611.60998535,603.59002686,603.59002686,609.4665316800699,599.1289609289872,572.4322039456947,132704000
1411610400,604.30999756,605.5,594.2800293,605.09997559,609.3105832482817,599.2616501436764,572.757256399867,135774000
1411696800,608.79998779,610.15002441,604.97998047,604.97998047,609.155918863343,599.388724150928,573.0778805199677,143917000
1411956000,605.0300293,605.0300293,599.7800293,599.7800293,608.8210656646522,599.3974198209074,573.3435735426546,127431000
1412042400,597.10998535,601.53997803,594,598.79998779,608.4631700262718,599.3841435535539,573.596871196857,153786000
1412128800,603.5,611.73999023,603.44000244,609.27001953,608.4919860799763,599.6038296863638,573.9518278966893,183011000
1412215200,612.42999268,614.79998779,607.57000732,612.65997314,608.6408427606914,599.8939662075558,574.3369835707522,180215000
1412301600,613.38000488,615.41998291,610.54998779,611.54998779,608.7447407974524,600.1529889093879,574.7072622196999,190315000
1412560800,612.10998535,616.13000488,611.77001953,614.41998291,608.9474280157577,600.4700332205126,575.1024136693546,168958000
1412647200,614.15997314,617.01000977,612.94000244,614.08001709,609.1307347684093,600.7724773065012,575.4902505193113,194666000
1412733600,615.03997803,618.36999512,611.97998047,617.26000977,609.4210660184661,601.1388669168011,575.905870014343,175391000
1412820000,622.25,626.90002441,622.25,624.34002686,609.9538860485209,601.6544482488722,576.387801923255,163349000
1412906400,623.84997559,627.48999023,617.7199707,617.7199707,610.2312462146451,602.0114598588973,576.7990672842176,150441000
1413165600,615.77001953,618.28997803,608.27001953,614.2199707,610.3737006605506,602.2827600998107,577.171414581887,119914000
1413252000,614.2199707,616.71002197,605.78997803,605.78997803,610.2099962808882,602.3606982760372,577.4561764072414,115311000
1413338400,603.72998047,606.40002441,596.5,604.28997803,609.9985670576422,602.4035711594586,577.7231794084629,124374000
1413424800,603.10998535,603.59002686,585.76000977,587.16998291,609.1832604809407,602.0650469761373,577.8171774532543,169572000
1413511200,585.95001221,591.84997559,577.78997803,585.2800293,608.3295736530499,601.6920465833342,577.8914346855603,130528000
1413770400,588.38000488,593.20001221,585.70001221,589.23999023,607.6478028165125,601.4153342199268,578.0043556362513,82445000
1413856800,590.16998291,601.14001465,588.75,600.54998779,607.3943094227085,601.3961042992618,578.2286902845473,87102000
1413943200,600.27001953,603.9699707,598.98999023,601.59002686,607.1870136168975,601.4004136895004,578.4611413947508,101804000
1414029600,598.86999512,602.02001953,593.10998535,593.5300293,606.6992641770083,601.2255162586226,578.6110805778876,151034000
1414116000,592.65997314,595.33001709,588.7199707,591.51000977,606.1567908053295,601.009616114431,578.739428132038,93571000
1414375200,590.33001709,591.59002686,580.02001953,580.79998779,605.2511906976391,600.5605132627769,578.7599312132118,104194000
1414461600,578.72998047,584.42999268,578.44000244,583.13000488,604.4611483470092,600.1731686320485,578.8034145332794,116563000
1414548000,585.67999268,591.83001709,585.67999268,591.20001221,603.987536342116,599.973765156003,578.9267637638935,100309000
1414634400,593.09002686,594.29998779,589.14001465,589.14001465,603.4572677102547,599.7330151447585,579.02838815082,96455000
1414720800,591.11999512,600.84002686,588.15997314,600.84002686,603.3637948227456,599.7576154050972,579.2454193817571,132329000
1414980000,603.44000244,606.94000244,602.51000977,603.15002441,603.3561601651476,599.8330022718728,579.4832761482072,123870000
1415066400,601.54998779,604.4699707,598.39001465,598.39001465,603.1787978253209,599.8009358802757,579.6714028994688,116125000
1415152800,599.64001465,602.5300293,593.5300293,597.01000977,602.9584839662023,599.7389153000473,579.843926350917,146012000
1415239200,599.20001221,601.2800293,596.72998047,597.84997559,602.7760372384807,599.6969388620463,580.0230910199625,93439000
1415325600,598.40997314,603.32000732,597.72998047,602.59002686,602.7693940106778,599.7612297064453,580.2476376452365,125603000
1415584800,604.75,607.5,602.11999512,602.11999512,602.7462011931536,599.8136467156354,580.4652730429954,138817000
1415671200,603.47998047,608.67999268,601.84997559,604.22998047,602.7991933101839,599.9117874657323,580.7017377935128,136607000
1415757600,605.14001465,606.35998535,603.11999512,604.01000977,602.8424367551773,600.0028590724938,580.9336608977565,126582000
1415844000,605.25,607.28997803,602.61999512,603.15997314,602.8537773403496,600.0730171628828,581.1548182335001,157538000
1415930400,601.69000244,602.51000977,596.95001221,600.35998535,602.7647133406942,600.0793942337076,581.345914423714,145108000
1416189600,602.40002441,604.63000488,600.92999268,600.92999268,602.6991876028123,600.098296421403,581.5407808740254,114409000
1416276000,600.85998535,602.5300293,594.25,594.25,602.3974309027119,599.9683342787051,581.6672407658261,143921000
1416362400,594.88000488,597.28997803,588.34997559,588.34997559,601.895736070115,599.7101485300673,581.7337356396985,162361000
1416448800,592.16998291,594.76000977,589.84002686,593.32000732,601.5894600433252,599.5681453920657,581.8490219250746,152659000
1416535200,594.71002197,596.02001953,588.0300293,588.0300293,601.105194659635,599.3117428122421,581.9105244860191,160143000
1416794400,585.08001709,586.53997803,580.91998291,582.5300293,600.441795896791,598.9388158453033,581.9166887130239,115957000
1416880800,583.5300293,588.41998291,583.5300293,585.90997314,599.9228022269056,598.6492860074077,581.9564228864266,114074000
1416967200,587.58001709,588.15997314,575.09002686,576.03997803,599.0698442198732,598.1468569412431,581.8975527883528,162038000
1417053600,575.63000488,575.82000732,567.35998535,572.89001465,598.1348503066635,597.5855937792154,581.807925543195,117665000
1417140000,570.60998535,572.11999512,565.09997559,566.58001709,597.0078919774969,596.8965809638995,581.6564040660487,145680000
1417399200,566.2199707,571.69000244,565.09002686,568.01000977,595.9722533272292,596.2546571595906,581.5206190481775,123856000
1417485600,570.44000244,570.78997803,568.54998779,569.42999268,595.024315446971,595.6585535044886,581.4003143081957,101634000
1417572000,570.47998047,575.95001221,570.44000244,574.88000488,594.3048757838649,595.1968079795,581.3354356074176,119136000
1417658400,576.63000488,581.27001953,576.63000488,578.38000488,593.7361303944411,594.8231012439555,581.306028336498,108387000
1417744800,578.52001953,582.41998291,578.17999268,578.76000977,593.2012689435683,594.4661436556454,581.2806948184234,106677000
1418004000,577.44000244,577.44000244,569.23999023,571.67999268,592.4326519341552,593.9597847450755,581.1851654439117,113549000
1418090400,567.54998779,567.54998779,554.51000977,555.30999756,591.1068428493639,593.1009005854071,580.9277010868578,191553000
1418176800,550.34997559,558.4699707,544.7800293,557.19000244,589.895527120458,592.3028806266202,580.6915050804214,119405000
1418263200,549.7800293,557.96002197,547.54998779,550.10998535,588.4746149143702,591.3652607315842,580.3872113517605,95718000
1418349600,547.69000244,554.82000732,547.69000244,553.92999268,587.2408784059999,590.5333658859934,580.1239554445788,77359000
1418608800,550.79998779,554.34997559,547.92999268,547.92999268,585.8369182014999,589.5866242591935,579.8036175066228,84731000
1418695200,545.33001709,545.65997314,535,535.14001465,584.026314503232,588.3766996012114,579.3592035478505,128015000
1418781600,535.27001953,536.64001465,513.05999756,518.2199707,581.6760879388308,586.8176611811845,578.75085297225,171357000
1418868000,522.90002441,528.59997559,521.33001709,528.45001221,579.7751566628011,585.5206023151582,578.2503470940186,113297000
1418954400,527.60998535,533.29998779,522.09997559,523.09002686,577.7506877412725,584.1332561939324,577.7014881862174,180821000
1419213600,527.2800293,537.53997803,527.2800293,537.53997803,576.3145909658699,583.0978500125117,577.3018711697376,98813000
1419300000,535.60998535,543.2199707,532.7800293,537.88000488,574.9419271770888,582.093009009567,576.9096137937204,110199000
1419386400,540.46002197,541.72998047,536.78997803,539.44000244,573.6740012936214,581.1451644191322,576.536781839952,70679000
1419472800,536.21002197,537.4699707,531.52001953,532.01000977,572.1860015963491,580.053272093596,576.0937293815446,89290000
1419559200,531.84002686,537.89001465,527.40997314,533.36999512,570.7997156507652,579.0158659386271,575.6686175978476,105314000
1419818400,533.36999512,538.83001709,528.63000488,532.67999268,569.4382969732378,577.9861798662132,575.2408700862272,104108000
1419904800,531.07000732,537.57000732,526.60998535,537.57000732,568.3001437713365,577.0880426985195,574.8660356308419,86682000
1419991200,538.67999268,546.61999512,537.90997314,545.63000488,567.4904959537887,576.3889751914413,574.5751298522266,122966000
1420423200,545.42999268,549.2199707,543.7800293,544.45001221,566.6676215343676,575.6792204585204,574.275377437876,95950000
1420509600,539.08001709,550.10998535,538.82000732,549.65997314,566.060205520283,575.1010149625532,574.0304480418773,112316000
1420596000,548.44000244,555.83001709,548.44000244,552.04998779,565.5598406013444,574.5887699142743,573.811736994595,111705000
1420682400,553.48999023,556.79998779,552.15002441,553.4699707,565.1280595334392,574.1194632650681,573.6093313598229,77867000
1420768800,555.5300293,570.52001953,555.5300293,569.72998047,565.2924138526021,574.0219192029555,573.5707308534566,107475000
1421028000,575.85998535,579.72998047,574.07000732,574.32000732,565.6148279050092,574.0285433833343,573.5781863406859,134929000
1421114400,573.26000977,580.65002441,573.26000977,580.59997559,566.1500117509017,574.1745752101491,573.6480548904303,111665000
1421200800,579.77001953,582.21002197,571.66998291,577.01000977,566.5378688230124,574.2375848670347,573.6815071777893,108938000
1421287200,577.01000977,581.23999023,575.35998535,577.73999023,566.9379445875477,574.3154160973228,573.7218900937316,120096000
1421373600,576.88000488,578.51000977,574.08001709,574.80999756,567.2190893365638,574.3264067964934,573.7327170336945,106678000
1421632800,576.5,579.05999756,570.09997559,571.51000977,567.3723364949008,574.2638201959047,573.7106005435085,88382000
1421719200,570.7800293,574.96002197,570.14001465,572.2199707,567.54546628794,574.218401318218,573.6957684057621,79463000
1421805600,573.53997803,574.40997314,569.11999512,569.11999512,567.6016994605136,574.105103402702,573.6502383233168,83040000
1421892000,569.73999023,576.47998047,567.82000732,574.53997803,567.8494951237095,574.1147672833085,573.6590914547265,83829000
1421978400,578.2199707,583.57000732,577.57000732,582.38000488,568.3684419007199,574.2984392299016,573.7458667126895,184123000
1422237600,584.89001465,586.76000977,580.64001465,580.64001465,568.8067123560513,574.439363128126,573.8144651996279,139907000
1422324000,580.45001221,584.2800293,575.5,579.29998779,569.181472192978,574.547377009501,573.8690475139599,157541000
1422410400,579.55999756,584.34997559,578.59002686,583.76000977,569.7021342493002,574.7521021819565,573.9674650488458,113561000
1422496800,584.17999268,585.65997314,580.36999512,583.2800293,570.1870590725395,574.9416116734686,574.0601273797031,109682000
1422583200,584.08001709,584.08001709,574.46002197,576.07000732,570.3971643670916,574.9666871322804,574.0801261850792,102198000
1422842400,576.07000732,579.72998047,570.36999512,570.36999512,570.3961940368383,574.8645384208965,574.0432094580634,85072000
1422928800,572.55999756,574.83001709,557.4699707,557.4699707,569.9345432033798,574.4779924715432,573.8783016097245,96961000
1423015200,556.92999268,561.69000244,553.21002197,561.45001221,569.6315242393305,574.1884817990644,573.754637038583,100170000
1423101600,562.16998291,568.2199707,562.04998779,567.16998291,569.5436120489973,574.0325151570852,573.68911809203,78743000
1423188000,569.0300293,574.35998535,569.0300293,574.13000488,569.7074117929617,574.0346815953721,573.6935050252436,64275000
1423447200,574.05999756,577.03997803,572.78997803,573.54998779,569.8446466499988,574.0239106219194,573.6920769930521,71317000
1423533600,575.73999023,578.41998291,574.23999023,574.52001953,570.011624252856,574.0349352643212,573.7003152272506,73831000
1423620000,574.88000488,581.76000977,574.88000488,581.76000977,570.4312094498969,574.2066035866696,573.7805111928501,77500000
1423706400,582.52001953,584.98999023,581.85998535,584.66998291,570.939737073472,574.439123127188,573.8888641452595,82989000
1423792800,586.26000977,589.02001953,585.59997559,587.23999023,571.5218889719195,574.7235868405838,574.0217111709783,73838000
1424743200,590.17999268,596.95001221,589.73999023,596.95001221,572.4300362304223,575.2175074043487,574.249853469874,62893000
1424829600,596.90002441,601.54998779,592.65997314,592.65997314,573.1525339771929,575.6051177540298,574.4330387402235,99238000
1424916000,593.95001221,597.07000732,591.7800293,596.7199707,573.9942281458646,576.0743367083847,574.6547992572363,89935000
1425002400,598,598.40002441,590.58001709,592.57000732,574.6576488306551,576.4409071664206,574.8330600339802,78310000
1425261600,591.75,593.7199707,588.59002686,590.72998047,575.2316606749175,576.7584421287224,574.9912383467764,86656000
1425348000,590.41998291,597.45001221,590.41998291,596.7199707,575.9991003186705,577.2020316525286,575.2074446388483,112827000
1425434400,598.48999023,600.69000244,595.34002686,600.39001465,576.8702044019323,577.7173201635835,575.4580174747801,120522000
1425520800,601.08001709,602.40002441,596.75,596.90997314,577.5859104282919,578.1438235630594,575.6714697699565,134358000
1425607200,596.41998291,598.33001709,592.71002197,593.9699707,578.1710554379957,578.4955157216581,575.8535444060764,101676000
1425866400,594.08001709,596.32000732,587.27001953,588.44000244,578.5378035452102,578.716504315399,575.9787827944737,98831000
1425952800,586.38000488,591.16998291,586.38000488,589.65997314,578.9350238878812,578.9596925115012,576.1149140416928,105174000
1426039200,589.03997803,590.55999756,586.48999023,586.53997803,579.2066293929569,579.1281433008012,576.218646021676,86316000
1426125600,585.89001465,589.66998291,585.47998047,588.5300293,579.5396079610656,579.3370741007834,576.3411473478285,82740000
1426212000,589.03997803,591.75,586.09997559,586.09997559,579.7739068049561,579.4873608005438,576.4382501164073,97282000
1426471200,583.26000977,586.19000244,580.54998779,580.79998779,579.810552554422,579.5165302891984,576.481650491269,100539000
1426557600,580.59997559,583.59002686,580.59997559,581.76000977,579.880176026407,579.5663853887718,576.534171479117,105055000
1426644000,580.80999756,581.5300293,577.26000977,578.67999268,579.8373123354638,579.5466877730213,576.5555229338522,108041000
1426730400,579.39001465,580.32000732,573.52001953,573.73999023,579.6195508316972,579.417650049843,576.5275076830676,84527000
1426816800,572.57000732,577.55999756,571.91998291,575.44000244,579.4702812462795,579.3292578807354,576.5166867353754,151537000
1427076000,576.64001465,579.39001465,570.44000244,570.89001465,579.1638431535551,579.1417191422746,576.4606999484563,99548000
1427162400,569.33001709,569.90997314,562.07000732,567.42999268,578.7447770652138,578.8814585542241,576.3708421646905,91922000
1427248800,567.61999512,568.40002441,559.86999512,560.92999268,578.1085347657419,578.4825370903525,576.2172018713105,87606000
1427335200,556.11999512,559.67999268,553.19000244,556.15997314,577.3246575648225,577.986480113678,576.0176274560736,83825000
1427421600,558.92999268,561.13000488,549.65002441,551.41998291,576.3994906128645,577.3961135091519,575.7728747740231,91631000
1427680800,551.75,554.26000977,545.07000732,545.19000244,575.2848660352622,576.6804221520596,575.4685675866199,108627000
1427767200,544.86999512,552.7199707,544.86999512,551.13000488,574.4221924225743,576.1126351015694,575.2263928333202,83616000
1427853600,550.79998779,551.69000244,537.29998779,538.90997314,573.153898876768,575.2859092802012,574.8650354234364,129133000
1427940000,540.53997803,546.84997559,536.86999512,546.84997559,572.2144730450977,574.6539996426411,574.5862786091734,89756000
1428026400,548.69000244,550.29998779,544.2199707,547.84997559,571.3443124217014,574.0583546636935,574.320245743311,70714000
1428285600,548.10998535,549.2800293,542.9699707,542.9699707,570.3309430744978,573.3675016867226,574.0083027080542,71852000
1428372000,542.71002197,548.36999512,540.78997803,548.10998535,569.53733744148,572.8062235459065,573.750608007974,96779000
1428458400,549.69000244,551.22998047,546.28997803,547.7199707,568.7581457721413,572.248751260442,573.4915966914768,80149000
1428544800,547.26000977,552.5300293,546.76000977,550.52001953,568.1067841206363,571.765890555321,573.2630237843974,94464000
1428631200,550.96002197,557.65002441,550.96002197,554.0300293,567.6040428770422,571.3717603052028,573.0716507049507,104201000
1428890400,556.34997559,559.67999268,555.9699707,559.53997803,567.3160405610764,571.1088318101982,572.9370071957472,72142000
1428976800,559.80999756,562.95001221,558.48999023,558.66998291,567.0072527878237,570.8324129457494,572.795046755093,69539000
1429063200,558.94000244,565.39001465,558.94000244,564.5,566.9177080454015,570.6916926580661,572.7125089764354,82311000
1429149600,564.5,570.67999268,564.5,568.2800293,566.9663623759228,570.638100138998,572.668404701048,100518000
1429236000,568.2800293,572.76000977,568.2800293,568.32000732,567.0147068382113,570.5865869652424,572.6251370654156,107308000
1429495200,568.52001953,568.83001709,562.65997314,565.03997803,566.9441808093466,570.4633289889038,572.5496628461577,98954000
1429581600,563.7800293,567.52001953,562.23999023,562.23999023,566.7761740029413,570.2805881275948,572.4470790390318,98593000
1429668000,562.58001709,565.03997803,561.5300293,562.51000977,566.623810994622,570.1079086085372,572.3482027278972,91608000
1429754400,562.84997559,564.45001221,557.57000732,561.25,566.4318891733855,569.9110661950141,572.2377728500077,76337000
1429840800,563.16998291,567.35998535,561.55999756,565.77001953,566.408250971836,569.8190429357916,572.1734170955797,61681000
1430100000,567.77001953,568.4699707,562.40002441,562.40002441,566.265100023199,569.6541758574407,572.0761694071659,61883000
1430704800,560.61999512,563.35998535,545.08001709,545.08001709,565.5084899184419,569.1080834403865,571.8075509761494,112533000
1430791200,544.79998779,552.65002441,539.03997803,552.65002441,565.0492590074261,568.7423487952668,571.6169288212624,116972000
1430877600,553.29998779,555.51000977,548.16998291,549.29998779,564.4867850353752,568.3102963284831,571.3948697065234,89294000
1430964000,548.51000977,554.2199707,547.5300293,552.97998047,564.075827729469,567.9696226427391,571.2116369778018,70108000
1431050400,551.57000732,556.39001465,550.92999268,554.51000977,563.7341913737737,567.670520134456,571.0454516324506,72948000
1431309600,554.5,556.20001221,550.57000732,551.66998291,563.3033267857818,567.3149526405791,570.8526608988939,108342000
1431396000,551.97998047,552.55999756,542.70001221,544.40997314,562.6285641555753,566.8059530961218,570.5895495779099,79641000
1431482400,545.5,546.98999023,538.76000977,542.82000732,561.9211156971619,566.2729320788746,570.3132357245973,79429000
1431568800,542.5300293,545,540.7199707,543.69000244,561.2700045094061,565.7710891980107,570.0483279307208,67996000
1431655200,543.60998535,545.47998047,537.44000244,537.44000244,560.4189330069273,565.1415094922771,569.7238669805644,74945000
1431914400,535.82000732,536.71002197,528.90002441,528.95001221,559.2950429784656,564.3372539971155,569.3181569828473,105370000
1432000800,530,537.19000244,530,536.82000732,558.4923631335205,563.7257596265129,568.9947923095851,93794000
1432087200,536.34997559,550.33001709,536.07000732,550.09997559,558.1926350069662,563.4229644257015,568.806784183022,128458000
1432173600,550.98999023,554,547.95001221,552.55999756,557.9914693838602,563.1815651620192,568.6451246146338,112191000
1432260000,553.40997314,561.82000732,550.80999756,561.82000732,558.1282028815796,563.1513083210854,568.5772129997619,119604000
1432519200,560.79998779,563.84002686,558.5,563,558.3021956358089,563.1479459139501,568.5217183430478,108202000
1432605600,563.30999756,570.28997803,562.58001709,567.20001221,558.6199747991728,563.2379918316401,568.5085670382414,143157000
1432692000,564.64001465,569.63000488,563.2800293,566.47998047,558.9006892874166,563.3100360236036,568.4883820972639,115039000
1432778400,566.13000488,576.91998291,564.72998047,572.9699707,559.4031636235803,563.5247012386346,568.5329750186842,151798000
1432864800,572.72998047,577.0300293,568.70001221,569.55999756,559.7659076927382,563.658818934665,568.5431941484485,135981000
1433124000,571.15002441,579.58001709,570.14001465,574.97998047,560.3092674347832,563.9104003021168,568.6072417735386,118502000
1433210400,575.70001221,581.23999023,570.30999756,570.30999756,560.6664363678267,564.0526135745142,568.6241846171849,123887000
1433296800,570.54998779,573.90997314,567.80999756,567.90002441,560.9247787979043,564.1381115930806,568.6169790429841,125466000
1433383200,568.01000977,573.5,567.89001465,568.98999023,561.2128220633363,564.2459311183454,568.6206905970838,113850000
1433469600,568.63000488,579.01000977,568.36999512,578.07000732,561.8148643939314,564.5531328117155,568.7147136490531,147673000
1433728800,580.73999023,585.51000977,579.45001221,579.83001709,562.4582627045053,564.8926191290107,568.8253136832914,193168000
1433815200,578.67999268,582.13000488,573.72998047,574.4699707,562.887252275773,565.1054491639215,568.8814794247512,162014000
1433901600,576.05999756,576.61999512,569.59002686,574.09997559,563.2877066798525,565.3053275289456,568.9334047597288,133531000
1433988000,577.32000732,582.67999268,575.25,581.04998779,563.9220738623577,565.6552088680801,569.0539677749554,166696000
1434074400,582.53997803,585.01000977,578.79998779,582.72998047,564.5937848126307,566.0346482370117,569.1900475032643,163047000
1434333600,583.51000977,586.66998291,581.34997559,586.47998047,565.3754346575367,566.4889889533002,569.3620866372617,154919000
1434420000,587.76000977,589.33001709,580.34997559,580.34997559,565.910239690839,566.7970108785603,569.4714188656471,162621000
1434506400,578.5300293,584.03997803,575.88000488,578.86999512,566.3730880990233,567.065299417259,569.5649370373322,131419000
1434592800,578.72998047,583.02001953,578.4699707,580.34997559,566.8722626522725,567.3605144433199,569.6722508537767,98182000
1434679200,584.08001709,588.47998047,582.4699707,584.70001221,567.50896799362,567.7458366159127,569.8217808175202,201253000
1434938400,588.33001709,594.08001709,588.01000977,594.08001709,568.4579340327764,568.3310406264479,570.0631563028185,154757000
1435024800,592.44000244,595.10998535,590.76000977,593.07000732,569.3369366501772,568.8807954418602,570.2920801935367,130756000
1435111200,592.19000244,594.01000977,589.02001953,590.02001953,570.0756181815995,569.3505559771522,570.4883780973821,128937000
1435197600,589.28997803,590.36999512,585.34002686,587.98999023,570.7154171833281,569.7647656272155,570.6625234917365,114601000
1435284000,586.03997803,592.59002686,581.75,581.75,571.1095094267806,570.0311041688329,570.7728466410724,152466000
1435543200,580.15997314,591.75,579.60998535,591.75,571.8466698043956,570.5137462984144,570.9815745351912,121737000
1435629600,588.77001953,598.97998047,588.77001953,593.04998779,572.6039311610243,571.014551664894,571.2011607367316,156143000
1435716000,594.52001953,594.52001953,587.33001709,591.5,573.2787907624163,571.4697838501186,571.4031392368636,133315000
1435802400,591.5,605.70001221,590.52001953,605.70001221,574.4366915284014,572.2304555914493,571.7444016545068,136673000
1435888800,608.82000732,617.96002197,608.82000732,616.42999268,575.9364522838157,573.2126675267505,572.1890344010291,164546000
1436148000,618.75,625.34002686,618.65002441,625.2199707,577.6965779415366,574.3683853750449,572.716705408979,179746000
1436234400,623.89001465,633.72998047,620.59002686,630.27001953,579.5742008554103,575.6106439118217,573.2893752012279,175373000
1436320800,630.40002441,634.13000488,617.28997803,623.16998291,581.1311930716456,576.6675181117813,573.7856996560416,191327000
1436407200,616.20001221,626.38000488,613.34002686,622.09997559,582.5943638758725,577.6771282779639,574.2664387200612,148192000
1436493600,627.55999756,630.78997803,624.70001221,627.2800293,584.1902804981628,578.7794149673425,574.7939371337919,216869000
1436752800,631.55999756,637.07000732,627.69000244,634.05999756,585.9713418217998,580.0078723582905,575.3836491778338,140485000
1436839200,635.54998779,640.42999268,628.42999268,638.69000244,587.8541511295927,581.3119196934396,576.0135631406415,155026000
1436925600,640.42999268,641.05999756,630.89001465,630.89001465,589.3911462553215,582.4136551369187,576.5595974840182,141789000
1437012000,627.32000732,632.21002197,622.57000732,626.90002441,590.73074904656,583.402241120765,577.060497254426,132736000
1437098400,628.45001221,631.66998291,626.21002197,628.63000488,592.0842938977544,584.4073025376368,577.5736266835362,106877000
1437357600,624.84002686,624.84002686,616.10998535,620.53997803,593.1005683310489,585.2102508819115,578.0011525675806,120577000
1437444000,619.90002441,624.4699707,613.83001709,616.60998535,593.94019036744,585.9080227589801,578.3853200579529,100715000
1437530400,614.55999756,629.94000244,613.58001709,629.84997559,595.2226826968172,586.8845105996694,578.8974061826499,120810000
1437616800,632.07000732,637.90997314,631.42999268,632.01000977,596.5365158065737,587.8872994701212,579.4258898004344,120932000
1437703200,633.27001953,634.60998535,627.98999023,631.26000977,597.7766405909817,588.8511374767852,579.9416521881914,111647000
1437962400,629.67999268,636.84002686,629.41998291,635.46002197,599.1224756402324,589.8868904655233,580.49407377806,123979000
1438048800,636.58001709,639.53997803,631.4699707,631.4699707,600.2777433209384,590.8109589151783,581.0012966330047,155012000
1438135200,632,634.64001465,624.70001221,624.70001221,601.1499672098334,591.5640489883965,581.436109723323,114156000
1438221600,625.46002197,627.10998535,622.42999268,626.57000732,602.0578257851965,592.3419591735433,581.8852032317477,102580000
1438308000,628.30999756,629.9699707,621.05999756,621.05999756,602.7364747771538,592.9801378043534,582.2750021802875,112601000
1438567200,617.11999512,617.11999512,605.63000488,609.4699707,602.9769567743983,593.3465785353677,582.5455988819762,129803000
1438653600,607.95001221,609.90997314,600.76000977,600.76000977,602.8977800956699,593.5113214516929,582.72683680126,83580000
1438740000,600.67999268,608.21002197,600.67999268,607.08001709,603.0471457026102,593.8128480214331,582.969157003138,108568000
1438826400,607.84002686,609.30999756,600.84997559,601.03997803,602.9754611428741,593.9734509105124,583.1489661675844,110438000
1438912800,601.57000732,604.03997803,597.75,603.76000977,603.0034807367,594.1909299962788,583.3540511785537,87764000
1439172000,603.82000732,614.5300293,603.82000732,614.5300293,603.4151431853893,594.6429099808059,583.6642599160806,90734000
1439258400,615.16998291,619.69000244,611.16998291,613.04998779,603.7592447784111,595.0519561543435,583.9566552183087,119704000
1439344800,609.33001709,611.46002197,602.01000977,604.23999023,603.7764142588251,595.2561346893581,584.1584794472808,112168000
1439431200,603.30999756,603.30999756,590.44000244,594.26000977,603.4365426699385,595.233998580039,584.2589921868104,126467000
1439517600,592.79998779,598.54998779,585.9699707,589.0300293,602.9220243352978,595.0961325960382,584.3064651929118,90669000
1439776800,588.66998291,591.20001221,571.26000977,573.15002441,601.85873862368,594.6084413030151,584.1954558318878,108220000
1439863200,571.30999756,580.2199707,571.2199707,580.2199707,601.0859254835485,594.288697511837,584.1558987658989,93867000
1439949600,576.44000244,580.98999023,569.21002197,577.82000732,600.2549998348503,593.922726618685,584.0928550699198,106330000
1440036000,577.82000732,577.82000732,565.09002686,566.69000244,599.0562499278914,593.3175549702698,583.9196923571842,113118000
1440122400,559.34002686,559.9699707,542.30999756,556.29998779,597.5292405658238,592.4949423662639,583.6448694261675,185890000
1440381600,550.47998047,550.47998047,523.54998779,526.92999268,595.0078388556158,591.0379434843469,583.0805422943648,174560000
1440468000,511.13000488,535.47998047,511.13000488,529.97998047,592.6854153418437,589.6810998618058,582.5521784951175,177692000
1440554400,530.04998779,545.89001465,530.04998779,545.89001465,591.0141510314207,588.7079646348768,582.1873808449172,124142000
1440640800,551.89001465,558.92999268,551.44000244,555.80999756,589.7568598360128,587.9768986998796,581.9249193196941,127733000
1440727200,561.35998535,570.86999512,559.34997559,570.86999512,589.0823289532981,587.5967452869934,581.814920073926,165727000
1440986400,573.09997559,573.09997559,563.98999023,564.75,588.213317204966,587.0890398361713,581.6451198741855,127966000
1441072800,565.75,569.17999268,561.2800293,562.30999756,587.2881986462172,586.5383944522564,581.4527305974275,98666000
1441245600,559.32000732,561.42999268,551.4699707,554.29998779,586.1100482584952,585.8219854153174,581.1825540520799,93471000
1441332000,554.84997559,558.90002441,554.77001953,556.80999756,585.0636178764062,585.1772745740881,580.9400410521587,66985000
1441591200,557.07000732,560.09002686,554.44000244,554.92999268,583.9874169765345,584.5051127542195,580.6812346006944,75024000
1441677600,554.47998047,566.7199707,554.34002686,566.7199707,583.3707224666583,584.1098873752368,580.5423165519313,107300000
1441764000,574.05999756,574.72998047,569.69000244,572.34002686,582.9767690521348,583.8483349193426,580.4607017291261,89599000
1441850400,567.51000977,576.13000488,567.09002686,572.07000732,582.5872418474157,583.5865943060239,580.3772122325179,70328000
1441936800,572.14001465,573.98999023,566.17999268,566.73999023,582.0212685753652,583.2122253265567,580.241518481249,94987000
1442196000,569.21002197,572.25,561.46002197,562.16998291,581.3122940873164,582.7446199395221,580.0617022069083,84876000
1442282400,564.38000488,565.04998779,561.09997559,563.27001953,580.6679271388408,582.3118510415327,579.8946207872376,85238000
1442368800,561.85998535,564.82000732,561.69000244,564.13000488,580.0772870581679,581.9078100157209,579.7377589374144,74657000
1442455200,563.92999268,565.84997559,562.47998047,562.47998047,579.4488118228762,581.4760804702604,579.5660397486839,88374000
1442541600,564.69000244,569.5,564.69000244,566.25,578.977425686345,581.1377231264769,579.4335418407368,153414000
1442800800,566.73999023,572.26000977,565.15997314,572.11999512,578.7325174518327,580.9373291707774,579.3607702315752,109412000
1442887200,573.09002686,575.16998291,570.26000977,573.20001221,578.5349279789101,580.7653887938712,579.2994691567336,121250000
1442973600,570.64001465,573.84997559,569.51000977,572.7199707,578.3272509332347,580.5866017251185,579.234001510398,107831000
1443060000,573.5,575.35998535,570.11999512,570.25,578.0387776856192,580.3568994645603,579.1446084605433,107033000
1443146400,570.40997314,572.09002686,567.71002197,570.38000488,577.7652500854184,580.1351906960145,579.0573984746673,79090000
1443405600,571.28997803,572.15002441,564.88000488,564.88000488,577.3050627566535,579.7961865667697,578.9163298816854,86044000
1443492000,559.83001709,561.76000977,557.65002441,561.19000244,576.7295248882016,579.382715808397,578.7399485141065,93140000
1443578400,562.5,565.65002441,562.5,562.64001465,576.2263280939801,579.0106557826549,578.5797501671999,83822000
1443664800,563.39001465,565.63000488,563.22998047,563.53997803,575.7732441631236,578.666862943707,578.4301006931979,82587000
1443751200,563.33001709,565.01000977,561.72998047,562.30999756,575.2924139272978,578.3033770462913,578.2697016570467,81795000
1444010400,564.58001709,570,563.95001221,570,575.1033991441801,578.1188575563738,578.1874160684193,98664000
1444096800,577.45001221,581.38000488,574.63000488,581.28997803,575.3243483901023,578.1893269002321,578.2182873317187,179240000
1444183200,583.9699707,587.29998779,579.57000732,579.57000732,575.47597906617,578.2200086873381,578.2317372818508,146233000
1444269600,580.03997803,588.34997559,579.82000732,586.7800293,575.8796951459497,578.4102313676195,578.3167949138722,194056000
1444356000,590.90997314,593.02001953,587.57000732,588.02001953,576.3132781596657,578.6237822156725,578.4133444125401,162688000
1444615200,587.7199707,594.73999023,587.25,592.09997559,576.8770887821777,578.9232531795465,578.5495297973905,152111000
1444701600,589.09002686,591.65997314,588.53997803,590.84002686,577.3757651420999,579.1880703724454,578.671823300501,115294000
1444788000,592.45001221,593.72998047,589.61999512,589.97998047,577.8259156895249,579.4278905968355,578.784342277312,113477000
1444874400,591.35998535,594.16998291,588.97998047,592.40002441,578.346419572399,579.7161602371281,578.9198217015179,115345000
1444960800,592.40002441,599.73999023,592.40002441,593.02001953,578.8704767137419,580.0118015547474,579.0601221774232,132294000
1445220000,593.86999512,598.10998535,591.59997559,594.60998535,579.4326020221797,580.3362056390864,579.2148471841155,107689000
1445306400,594.9699707,596.36999512,588.26000977,590.45001221,579.826080957459,580.5609568962178,579.3266398709402,127213000
1445392800,590.42999268,594.5,589.84002686,590.23999023,580.1980062886212,580.7760465258574,579.4352304217766,100315000
1445479200,590.23999023,595.80999756,589.73999023,595.08001709,580.7295066743847,581.0939125383939,579.5908999408634,94881000
1445565600,598.54998779,602.54998779,598.25,601.73999023,581.4798810870852,581.552714264874,579.8112888989643,104410000
1445824800,604.40997314,606.78997803,598.60998535,598.60998535,582.0916705250464,581.9317647334324,579.9983406049448,102759000
1445911200,597.79998779,600.51000977,595.61999512,598.44000244,582.6755395220091,582.298614460245,580.1818397276817,106258000
1445997600,599.09002686,601.09002686,596.23999023,596.23999023,583.1599841901516,582.6084228106839,580.3416223197446,119719000
1446084000,599.32000732,605.20001221,598.79998779,605.20001221,583.9471280480033,583.1104581306687,580.5889694828318,102965000
1446170400,605.48999023,608.01000977,603.92999268,607.36999512,584.7836590148603,583.6495589526538,580.8554473498683,91229000
1446429600,607.92999268,610.16998291,601.98999023,602.76000977,585.4256715418296,584.0742356374838,581.0734031948448,123804000
1446516000,605.32000732,611.71002197,600.46002197,611.71002197,586.3643983428357,584.6883642226508,581.378245172707,116501000
1446602400,614.28997803,617.92999268,610.59997559,610.59997559,587.2299546730916,585.2641778085919,581.6690086594463,112569000
1446688800,609.48999023,616.46002197,608.5300293,615.17999268,588.2281703161955,585.9289736946231,582.0024512865165,99748000
1446775200,615.53997803,617.78997803,608.89001465,612.35998535,589.090020853117,586.516329509187,582.3045163020736,109917000
1447034400,612.28997803,613.78997803,610.34997559,610.65997314,589.8603762919342,587.0528549232051,582.5866601512072,122659000
1447120800,609.29998779,610.59997559,605.08001709,605.27001953,590.4107206932937,587.4576808033561,582.8123652196529,119828000
1447207200,604.13000488,609.23999023,603.34002686,603.5300293,590.8792674292475,587.8148441032815,583.0185111309002,95354000
1447293600,602.02001953,605.58001709,595.85998535,605.58001709,591.4042942028458,588.2096257252086,583.2430037275082,144361000
1447380000,604.40997314,611.27001953,603.7199707,611.27001953,592.1137843931012,588.7220789208707,583.5218795066374,159049000
1447639200,609.77001953,611.91998291,605.39001465,609.21002197,592.7243643065619,589.1773665441847,583.7774829142331,137772000
1447725600,609.46002197,611.17999268,605.04998779,605.04998779,593.1645651452561,589.5300914607584,583.9891496294149,171376000
1447812000,603.32000732,606.61999512,602.13000488,603.34002686,593.5279744922112,589.8369789140748,584.1816956715103,123131000
1447898400,604.38000488,605.55999756,600.84002686,601.90002441,593.8269762749894,590.1050465917621,584.3579974500027,122666000
1447984800,602.10998535,606.58001709,601.90002441,604.46002197,594.206727906954,590.4240460446118,584.5580175944802,140715000
1448244000,605.89001465,607.69000244,599.98999023,599.98999023,594.41327298992,590.6366225820649,584.7115695610029,153193000
1448330400,599.80999756,599.94000244,590.40997314,593.83001709,594.3924424220656,590.7075869044635,584.8023003821869,169697000
1448416800,593.23999023,596.91998291,588.09997559,595.70001221,594.4391413430633,590.8185296890309,584.9107353257473,143862000
1448503200,593.11999512,594.66998291,590.39001465,590.40002441,594.2948871668824,590.8092295717191,584.9653551176303,157757000
1448589600,589.09002686,591.84002686,582.85998535,582.85998535,593.8864978162794,590.6325797001253,584.9444061647185,142236000
1448848800,581.39001465,581.65002441,571.11999512,573.20001221,593.1476947589123,590.2451893114559,584.827546523378,132937000
1448935200,573.39001465,577.58001709,570.40997314,570.40997314,592.3356332725225,589.804406729868,584.6840880817524,116018000
1449021600,571.01000977,577.0300293,571.01000977,574.41998291,591.6957886167181,589.462530644982,584.5819576820335,104140000
1449108000,574.03997803,576.84002686,573.20001221,574.38000488,591.0773677689782,589.1273634057602,584.480445713854,128295000
1449194400,574,574.69000244,567.95001221,571.61999512,590.3824616029433,588.7383107771877,584.3524810313281,87330000
1449453600,570.11999512,571.20001221,563.40997314,563.61999512,589.4266592285525,588.1801259848058,584.1461876391757,78318000
1449540000,561,574.15002441,556.91998291,574.15002441,588.8810651278899,587.8683459498102,584.0467233284376,112952000
1449626400,575.08001709,576.63000488,565.20001221,565.20001221,588.0353132379653,587.3646052000366,583.8591938645725,107435000
1449712800,564.85998535,567.61999512,561.03997803,561.03997803,587.0711941233951,586.7796134851469,583.6321369905967,113099000
1449799200,560.98999023,567.13000488,559.72998047,563.42999268,586.2268655004167,586.2607330228103,583.4311206292972,99446000
1450058400,564.14001465,566.2800293,560.98999023,562.2199707,585.3694764004018,585.7264938600812,583.2200644110952,116300000
1450144800,563.29998779,568.73999023,563.29998779,568,584.7491379575304,585.3325717743016,583.0686209841192,119807000
1450231200,570.35998535,575.53997803,570.35998535,572.54998779,584.3134540229757,585.0485143524282,582.9639579672623,114456000
1450317600,572.54998779,579.17999268,572.54998779,577.10998535,584.0561872846552,584.8721025968188,582.9057094835085,90781000
1450404000,574.65997314,578,568.17999268,568.17999268,583.4891803344889,584.5011668208895,582.7591849382,211302000
1450663200,570.45001221,571.2800293,565.34997559,566.90002441,582.8967104800429,584.1100303228696,582.6013823458795,125675000
1450749600,567.88000488,570.85998535,565.47998047,566.34997559,582.3057556625414,583.715362439917,582.43967680602,84511000
1450836000,564.92999268,568.15997314,562.29998779,564.27001953,581.6616222292364,583.2832437085856,582.2588841963084,90227000
1450922400,566.65002441,567.79998779,565.61999512,566.16998291,581.1083493964065,582.9029490241726,582.0987956262953,71905000
1451008800,566.59997559,570.48999023,566.59997559,567.66998291,580.6284077361777,582.5644386660798,581.9552253505113,109168000
1451268000,570.57000732,572.91998291,569.40002441,569.90002441,580.2452511888142,582.2830072381669,581.8352731023471,134304000
1451354400,569.40002441,576.28997803,566.48999023,576.28997803,580.1039914331423,582.1498288113187,581.7800960369506,114623000
1451440800,576.5,579.45001221,575.71002197,579.45001221,580.0806350323157,582.089832886845,581.7569111232496,90049000
1451527200,579.11999512,580.82000732,575.72998047,579.0300293,580.0431133990187,582.0218372515818,581.7297779707794,134368000
1451872800,579.0300293,579.9699707,573.15002441,574.40997314,579.8419298183395,581.8526847157689,581.6569440918662,108481000
1451959200,571.65997314,575.40002441,569.26000977,569.94000244,579.4882895548274,581.587958442974,581.540357607768,104096000
1452045600,569.5,574.57000732,569.5,574.57000732,579.3126366178692,581.4320039735746,581.4710008884867,95937000
1452132000,570.61999512,570.94000244,561.09002686,565.35998535,578.8143276440168,581.0748480041618,581.3106922761635,147863000
1452218400,562.61999512,563.16998291,556.35998535,560.04998779,578.1441726492304,580.6076288882915,581.0991429777938,143161000
1452477600,559.04998779,563.03997803,557.51000977,557.86999512,577.4200948803293,580.1023481378851,580.8680071782138,106073000
1452564000,557.35998535,564.26000977,557.35998535,564.26000977,576.9500918406746,579.7502961741543,580.7027534726594,118608000
1452650400,565.21002197,566.02001953,560.36999512,560.36999512,576.357945529222,579.3196228173953,580.5004374691504,134300000
1452736800,555.88000488,556.61999512,550.59997559,553.0300293,575.5248056638926,578.7354096281198,580.2271000744324,149698000
1452823200,554.34997559,556.54998779,543.03997803,543.03997803,574.3646332483964,577.9421778148283,579.8570789595625,130433000
1453082400,532.53997803,532.53997803,518.15997314,526.36999512,572.6505390295251,576.7961293104987,579.3248691701141,164098000
1453168800,525.65002441,535.77001953,525.65002441,535.77001953,571.3333776188279,575.8844379820432,578.8914875816553,125998000
1453255200,532.80999756,536.57000732,529.41998291,529.44000244,569.8371856481555,574.8523394144422,578.3994330031313,128321000
1453341600,529.44000244,531.21002197,520.73999023,521.88000488,568.1244291921499,573.675176424788,577.8370506337469,152780000
1453428000,521.88000488,525.83001709,513.82000732,522.23999023,566.485699229216,572.5321722871261,577.2838460526151,169036000
1453687200,522.23999023,542.35998535,522.23999023,542.34997559,565.623709099244,571.8614568049677,576.9362453514946,164266000
1453773600,534.05999756,542.97998047,531.27001953,537.72998047,564.6275045053425,571.1029795530795,576.5461332631215,142006000
1453860000,541.17999268,543.88000488,540.0300293,542.69000244,563.8440222887231,570.4715800616777,576.2092563395083,124968000
1453946400,542.01000977,544.72998047,538.59002686,539.4699707,562.9735204462687,569.782655409196,575.8436913082694,113208000
1454032800,539.96002197,545.71002197,537.51000977,545.25,562.3405375731877,569.2374852889916,575.5392764693811,122861000
1454292000,545.27001953,548.58001709,540.55999756,540.55999756,561.5626611441453,568.6002077839029,575.1912239429196,107295000
1454378400,537.71002197,542.26000977,535.38000488,536.45001221,560.6657808250686,567.8857589933717,574.8057392490597,93184000
1454464800,531.10998535,539.07000732,530.22998047,539.07000732,559.8945031998876,567.2454089561857,574.4501598268799,87347000
1454551200,542.90997314,545.16998291,541.65997314,542.15002441,559.2607718145345,566.6877337440482,574.1287654446224,67891000
1454637600,540.64001465,545.53997803,540.64001465,544.75,558.7425299640154,566.2002285497359,573.8364394202979,61851000
1455501600,540.13000488,544.59002686,537.80999756,543.78997803,558.2085102520863,565.7022229826307,573.5374696552203,68698000
1455588000,545.7199707,548.89001465,545.7199707,548.04998779,557.8457058784403,565.3099510894612,573.2838628704918,108043000
1455674400,551.38000488,552.38000488,547.04998779,547.04998779,557.4601445181388,564.9041741272509,573.0228292876013,131156000
1455760800,550.51000977,555.04998779,549.15997314,552.48999023,557.2826390078482,564.6283033739787,572.8185224313067,126034000
1455847200,552.36999512,555.15997314,551.38000488,554.0300293,557.166474375425,564.3927861723348,572.6315722508957,185584000
1456106400,555.30999756,561.44000244,555.30999756,560.71002197,557.2930296466598,564.3109469678385,572.512949860041,152961000
1456192800,564.75,567.58001709,561.09002686,561.2800293,557.435422491422,564.2435932418865,572.4011795062097,159711000
1456279200,559.47998047,569.70001221,557.77001953,568.03997803,557.8141566177998,564.327957348289,572.3577844666454,160236000
1456365600,571.15002441,573.63000488,562.82000732,562.82000732,557.9929370000212,564.2944473476604,572.2628812114549,151424000
1456452000,565.60998535,566.79998779,562.39001465,566.10998535,558.282831583949,564.3347926366013,572.2016583670624,106608000
1456711200,565.60998535,566.30999756,559.36999512,559.36999512,558.3216588530937,564.224463802899,572.073980125798,129709000
1456797600,560.0300293,565.65002441,560.0300293,561.55999756,558.4373138069118,564.1652534419457,571.9693633838498,141418000
1456884000,564.84997559,570.17999268,562.9699707,570.17999268,558.8566951952364,564.2989143139024,571.9515587002294,144883000
1456970400,573.05999756,573.88000488,569.39001465,570.39001465,559.268599461478,564.434272099149,571.9360209484859,132208000
1457056800,570.17999268,576.02001953,568.83001709,573.65002441,559.7822217810681,564.6390665949457,571.953075709297,142763000
1457316000,575.76000977,580.95001221,575.39001465,576.20001221,560.3685714392442,564.8959764975025,571.9953337839308,158922000
1457402400,576.75,579.86999512,574.5300293,574.71002197,560.8807661010569,565.1140663968913,572.0223456066778,149051000
1457488800,573.4699707,576.32000732,571.47998047,571.71002197,561.2675252392335,565.2606431874049,572.0192379088005,125151000
1457575200,574.07000732,575.90997314,571.52001953,575.90997314,561.790469807118,565.4972949641292,572.0579516921955,146191000
1457661600,576.11999512,580.92999268,574.80999756,577.26000977,562.342953377221,565.7586886264819,572.109713464114,146762000
1457920800,579.60998535,579.84002686,576.26000977,577.97998047,562.9014186305345,566.0302728896712,572.168124081088,175478000
1458007200,577.97998047,578.96002197,572.59002686,574.03997803,563.2992243233725,566.208266337234,572.186749493515,163938000
1458093600,573.88000488,577.96002197,573.36999512,577.07000732,563.7910380018235,566.4496383590732,572.2353391236293,148928000
1458180000,581.54998779,583.5300293,579.26000977,579.26000977,564.3435012792584,566.734313279316,572.3052363439912,165826000
1458266400,579.95001221,580.80999756,575.44000244,575.82000732,564.7533764949991,566.9362175913312,572.3402091895236,226163000
1458525600,577.65002441,580.83001709,572.27001953,572.27001953,565.0218280319634,567.0547465233017,572.3395107849512,163803000
1458612000,572.27001953,573.79998779,567.79998779,570.90997314,565.232118928679,567.140418225895,572.3252865297776,132092000
1458698400,570.73999023,575.2199707,570.39001465,574.71002197,565.5706154658691,567.3086316424307,572.3490152406256,142818000
1458784800,573.92999268,577.21002197,570.65997314,570.65997314,565.7523782399452,567.3831058979322,572.3322088515646,166987000
1458871200,569.47998047,572.47998047,564.88000488,572.08001709,565.9783653417329,567.4874817022004,572.3296994808028,159136000
1459130400,573.69000244,576,571.58001709,575.7199707,566.3262798188139,567.6704259021515,572.3634335227848,127860000
1459216800,575.63000488,576.07000732,568.2800293,568.2800293,566.3960565859991,567.6839726443259,572.3228026349959,165097000
1459303200,566.08001709,571.89001465,565.54998779,569.90997314,566.5215536057848,567.7334393220075,572.2987943813143,135458000
1459389600,569.03997803,570.94000244,561.2199707,561.2199707,566.3322113591496,567.5886955748517,572.188557329759,172526000
1459476000,560.64001465,562.72998047,557.96002197,558.42999268,566.0499892634657,567.385168843855,572.0516561889654,131420000
1459735200,557.55999756,560.91998291,554.29998779,555.82000732,565.6846327654848,567.128165254436,571.8901472449955,118848000
1459821600,555.97998047,560.32000732,555.15002441,560.32000732,565.4930389995747,566.976872855893,571.7750214745976,140381000
1459908000,561.94000244,567.78997803,560.63000488,567.78997803,565.5750725363755,566.9949418597621,571.7353693010194,120889000
1459994400,570.7199707,572.55999756,567.01000977,571.59997559,565.7902476454335,567.0972759426563,571.7340220999148,123544000
1460080800,571.21002197,574.46002197,569.09002686,572.34002686,566.0241683316681,567.2137815185973,571.7400519980251,122411000
1460340000,575.10998535,581.88000488,575.01000977,579.27001953,566.4972344458943,567.4816979188507,571.8149770480945,143194000
1460426400,580.90002441,582.9699707,577.16998291,579.84002686,566.973762746398,567.7563274508763,571.894828290004,165747000
1460512800,580.77001953,582.80999756,575.65002441,578.02001953,567.368271917241,567.984409497079,571.9557754665215,140038000
1460599200,575.69000244,584.80999756,575.69000244,579.48999023,567.801190428411,568.2400890689217,572.0307427776008,116831000
1460685600,581.53997803,586.35998535,579.85998535,579.85998535,568.2318616756106,568.4983089862791,572.108645688769,124268000
1461031200,578.32000732,578.44000244,568.2800293,568.2800293,568.2335819479102,568.493458326584,572.0705500033087,138460000
1461117600,569.79998779,571.71002197,565.29998779,568.0300293,568.2263122104848,568.483159903771,572.0303458172061,116428000
1461204000,571.19000244,577.40997314,570.71002197,575.72998047,568.4943003626104,568.6442003607983,572.0671581023086,104752000
1461290400,574.57000732,592.47998047,574.57000732,592.47998047,569.3509317950171,569.173884363225,572.2702707626836,140755000
1461549600,597.90997314,601.60998535,591.58001709,591.58001709,570.1448276984094,569.6717984238201,572.4624075420599,161641000
1461636000,590.98999023,598.47998047,590.19000244,598.47998047,571.1567974402519,570.3119802470685,572.7212888647259,176653000
1461722400,601.78997803,601.78997803,591.34997559,593.96002197,571.9711983163144,570.8374922853559,572.9326195423903,149048000
1461808800,594.97998047,597.2800293,589.9699707,591.66998291,572.6747263375174,571.3004365214591,573.1190609689337,101201000
1461895200,591.20001221,599.71002197,591.20001221,598.36999512,573.5924145083204,571.9019822680933,573.3703140450638,124903000
1462327200,595.95001221,603.08001709,592.42999268,599.07000732,574.5023285373089,572.5057161581357,573.6260323861079,143701000
1462413600,600.65997314,605.21002197,600.5,601.51000977,575.4668885813336,573.1502560161771,573.9034848973904,134807000
1462500000,602.40002441,608.94000244,602.16998291,606.52001953,576.5759289723574,573.8918063164842,574.2280275305507,120426000
1462759200,610.91998291,612.9699707,603.84997559,603.84997559,577.5500020658446,574.5575434114512,574.522773282386,145394000
1462845600,600.34997559,605.46002197,597.73999023,605.04998779,578.5321444131359,575.23515328653,574.8265266605712,143695000
1462932000,606.59997559,614.05999756,606.05999756,614.05999756,579.8009963112382,576.0979276037183,575.2169094555903,162837000
1463018400,615.54998779,617.55999756,612.11999512,612.11999512,580.955246268694,576.898417992969,575.5841043378233,93536000
1463104800,612.32000732,615.29998779,608.03997803,610.82000732,582.0218448776693,577.6522310891253,575.9347103376459,110628000
1463364000,610.13000488,616.16998291,608.48999023,615.7800293,583.227494321324,578.4995154938114,576.3311811730922,109336000
1463450400,620.53997803,626.11999512,618.66998291,624.75,584.7104409527053,579.5273040383934,576.8129604649022,126845000
1463536800,625.5300293,627.80999756,621.78997803,622.45001221,586.058282783323,580.4811419977624,577.2670604822663,135287000
1463623200,621.83001709,623.67999268,618.13000488,619.20001221,587.2419159771329,581.3415613358121,577.6843037830398,141469000
1463709600,620.7199707,622.47998047,614.40997314,614.80999756,588.2264903193782,582.0853043630163,578.0537136713677,138837000
1463968800,616.10998535,616.83001709,610.45001221,611.0300293,589.0409024258289,582.728520472727,578.3818362149362,99916000
1464055200,612.22998047,613.14001465,608.15002441,611.61999512,589.8472985934778,583.3705532426665,578.7125641642403,115554000
1464141600,613.96002197,616.38000488,611.89001465,611.89001465,590.6345384526394,584.0043190517183,579.0426880496708,139393000
1464228000,611.88000488,613.36999512,604.34002686,604.34002686,591.1240201814737,584.4562236696801,579.2944028637039,116594000
1464314400,604.35998535,609.94000244,603.22998047,608.10998535,591.7306617946354,584.9818628181316,579.5811250774979,102556000
1464573600,609.97998047,615.52001953,608.46002197,614.5,592.5438524448269,585.6378214221731,579.928576569264,111119000
1464660000,616.2199707,621.14001465,614.67999268,618.44000244,593.4687149446545,586.3667587781249,580.3117748366345,121509000
1464746400,618.17999268,620.23999023,616.33001709,619.85998535,594.411260316274,587.1110527019443,580.7052893691058,113214000
1464832800,619.19000244,624.52001953,618.38000488,623.36999512,595.4455008449785,587.9168069779012,581.1298138044381,126638000
1464919200,623.21002197,625.19000244,621.61999512,621.88000488,596.3895902748006,588.6715447090589,581.5352883425033,124294000
1465178400,621.09002686,624.54998779,616.97998047,620.04998779,597.2346044717721,589.3688434441909,581.918519182777,133234000
1465264800,622.40002441,624.69000244,620.04998779,624.65002441,598.2137266124231,590.1528696878755,582.3437082895156,115268000
1465351200,626.84002686,632.67999268,626.28997803,627.86999512,599.2728790591223,590.9910280308117,582.7967061684259,139311000
1465437600,628.40002441,631.26000977,626.27001953,631.26000977,600.4152765845107,591.8858942916825,583.2789280948097,119511000
1465524000,629.95001221,633.4699707,628.55999756,629.84002686,601.4661605229211,592.7293194598673,583.7422226098862,134279000
1465783200,626.26000977,627.35998535,621.40002441,623.58001709,602.2559411146025,593.4148905183147,584.1386185748624,127060000
1465869600,621.63000488,626.40002441,619.13000488,625.42999268,603.0835858133667,594.1263372330188,584.5494780186947,99801000
1465956000,624.63000488,628.75,621.76000977,627.02001953,603.9384584461036,594.8573079507295,584.9720704715435,130314000
1466042400,627.38000488,630.21002197,625.10998535,625.10998535,604.694584406957,595.5295896707132,585.37145270914,122411000
1466128800,622.91998291,624.59002686,618.15997314,619.25,605.2144206781371,596.0567099002529,585.7085526821834,148648000
1466388000,622.03997803,626.46002197,620.40997314,626.46002197,605.9731921528465,596.7323390573584,586.1140399387785,115099000
1466474400,629.0300293,631.96002197,628,628,606.7598638616735,597.4271759671949,586.5308156607807,127747000
1466560800,628.77001953,629.95001221,625.80999756,626.40997314,607.4616534787566,598.0712381265905,586.9276231978873,107956000
1466647200,626.4699707,632.59997559,626.4699707,632.27001953,608.3476665520153,598.8312110466662,587.3787913205949,117111000
1466733600,631.77001953,631.77001953,597.67999268,620.77001953,608.7913220155148,599.3187401240737,587.7110423475542,270168000
1466992800,616.19000244,621.27001953,608.26000977,621.27001953,609.2369897838893,599.8065463330943,588.0449625185238,107961000
1467079200,617.67999268,624.84997559,617.65002441,622.20001221,609.6999548705361,600.3041789081366,588.384813759235,89277000
1467165600,623.55999756,631.25,623.55999756,630.11999512,610.4292420223027,600.9667526017336,588.8000891956606,122307000
1467252000,633.16998291,637.46002197,631.73999023,632.26000977,611.2089122990061,601.6621583165839,589.2325262163008,106173000
1467338400,632.26000977,643.54998779,632.26000977,640.29998779,612.2478792808273,602.5207767493265,589.7406601623078,126003000
1467597600,643.10998535,647.96002197,641.96002197,647.96002197,613.5233129482978,603.5305377542304,590.3199572947226,137074000
1467684000,650.4699707,658.45001221,647.52001953,650.88000488,614.8574805172872,604.5827481348031,590.9225448328846,149329000
1467770400,646.79998779,652.35998535,644.07000732,649.46002197,616.0932855691698,605.5800208866964,591.5050072919604,136953000
1467856800,652.48999023,661.11999512,652.13000488,661.11999512,617.7013823388423,606.8142425363253,592.1976937380106,137255000
1467943200,661.07000732,665.5300293,655.90997314,658.67999268,619.1649041367408,607.9668147617404,592.8592091503687,143999000
1468202400,658.91998291,664.89001465,648.77001953,652.26000977,620.3468721950715,608.9511079841461,593.4502618928525,162217000
1468288800,652.80999756,658.90002441,649.85998535,658.90002441,621.7237704884618,610.0610839047207,594.1015033109336,175613000
1468375200,662.03997803,676.05999756,662.03997803,675.11999512,623.6307785110167,611.5068374872825,594.9076574582875,159936000
1468461600,675.65997314,681.75,666.69000244,666.69000244,625.1686079370519,612.7331300417874,595.6219096471602,160109000
1468548000,666.69000244,670.17999268,661.4699707,664.55999756,626.5754432807286,613.8848382088588,596.307860770671,131135000
1468807200,664.11999512,673.5,662.25,673.5,628.2513203064168,615.2096195819953,597.0759417580275,131475000
1468893600,675.89001465,677.34997559,660.09002686,667.76000977,629.6623449301162,616.3774060306176,597.7792658178481,139587000
1468980000,667.85998535,667.85998535,660.26000977,660.26000977,630.7551186743977,617.3525750026039,598.4009647626457,129409000
1469066400,662.7199707,665.90002441,656.0300293,659.57000732,631.7842218403121,618.2907401652127,599.0096119522711,112377000
1469152800,657.15002441,658.05999756,640.26000977,649.86999512,632.4301423145866,618.9925013864301,599.5156854166266,151763000
1469412000,651.33001709,654.16998291,646.03997803,649.29998779,633.0326367958514,619.6660010842872,600.0110516093965,97521000
1469498400,648.58001709,651.92999268,642.90997314,648.59002686,633.5882578695711,620.3087572126365,600.4944244974622,106200000
1469584800,647.97998047,656.10998535,647.73999023,656.10998535,634.3926052795864,621.1043400601334,601.0478131626616,127213000
1469671200,655.80999756,657.20001221,649.85998535,657.14001465,635.2050127571011,621.905132828797,601.6059445207445,122995000
1469757600,654.19000244,657.88000488,650.97998047,652.22998047,635.8130473182761,622.5790183319349,602.1096662714833,120008000
1470016800,655.38000488,655.38000488,646.02001953,648.38000488,636.2618672311947,623.1523735885586,602.5700676506725,92787000
1470103200,643.20001221,643.20001221,633.33001709,636.04998779,636.254300108295,623.4389872374795,602.9032011843972,176389000
1470189600,632.97998047,634.75,627.65997314,631.60998535,636.0884317240701,623.6205649733133,603.188840827836,94953000
1470276000,633.73999023,641.02001953,631.94000244,631.94000244,635.9402735353533,623.8054413614619,603.4749220379073,112054000
1470362400,629.69000244,630.17999268,622.48999023,627.39001465,635.6349071465906,623.8850985456517,603.7128831584256,125577000
1470621600,627.39001465,629.90997314,622.14001465,629.46002197,635.414375533141,624.0089857328594,603.9690735943617,90027000
1470708000,629.65997314,637.34002686,629.65997314,637.34002686,635.4831487948145,624.3052310912403,604.301122880587,98867000
1470794400,637.21002197,648.47998047,637.21002197,648.33001709,635.9419655196425,624.839115224546,604.7392213304319,120826000
1470880800,649.27001953,660.23999023,648.30999756,660.23999023,636.809752116441,625.6258013357783,605.291467787144,140933000
1470967200,665.14001465,668.52001953,652.66998291,655.71002197,637.4847617540681,626.2943395720944,605.7931449431924,125031000
1471226400,654.05999756,659.4699707,653.64001465,659.4699707,638.2699477878514,627.0315758193811,606.3272427119168,117957000
1471312800,659.4699707,662.13000488,656.83001709,658.10998535,638.9785205579282,627.7222071422838,606.8424938824451,160323000
1471399200,659.46002197,660.76000977,657.05999756,660.51000977,639.7475023155022,628.4508249784552,607.3764990156545,123973000
1471485600,663.55999756,665.94000244,656.34997559,660.65002441,640.4940209617342,629.1663627436006,607.9065838454491,131631000
1471572000,664.09002686,666.92999268,659.64001465,662.2800293,641.2720926881009,629.9022220004096,608.4476131534545,109696000
1471831200,662.86999512,664.95001221,657.67999268,657.67999268,641.858089116383,630.5195057932893,608.9374875766042,116313000
1471917600,653.58001709,659.15997314,652.88000488,659.15997314,642.4760135457979,631.1559606232163,609.4372138011156,109077000
1472004000,660.95001221,665.42999268,659.70001221,660.77001953,643.1293709023765,631.8140508211449,609.9479879874726,103852000
1472090400,660.77001953,660.77001953,656.48999023,658.5,643.6783219415773,632.4070719140083,610.4310925846122,116131000
1472176800,662.90002441,668.84002686,662.90002441,667.75,644.5380247293781,633.1924703159192,611.00142997183,116441000
1472436000,670.71002197,679.61999512,669.44000244,669.44000244,645.4273810761861,633.9979710297877,611.5829083048467,114888000
1472522400,667.96002197,672.66998291,666.33001709,672.66998291,646.4003311416794,634.8573490715702,612.1907398929577,96553000
1472608800,673.09997559,676.26000977,671.39001465,674.63000488,647.4085337751909,635.7411858673131,612.8120261117342,115732000
1472695200,674.19000244,674.7199707,664.77001953,669.19000244,648.1864433703627,636.4844929022616,613.3730010005727,102237000
1473040800,669.29998779,670.08001709,660.30999756,664.54998779,648.770855671064,637.1081705664336,613.8822247497212,110452000
1473127200,666.38000488,668.40002441,663.90002441,663.90002441,649.3111831260261,637.7035450962907,614.3799142985797,108989000
1473213600,663.04998779,663.67999268,656.2199707,661.2800293,649.7386419179537,638.2274669674842,614.8465821095391,106479000
1473300000,661.89001465,668.20001221,660.53997803,666.07000732,650.3219049680268,638.846190086429,615.3562679325288,124556000
1473386400,669.23999023,672.39001465,666.88000488,666.88000488,650.9132656791687,639.4691637485084,615.8689419320061,106070000
1473645600,665.77001953,666.03997803,655.54998779,659.76000977,651.2292208252699,639.9200714378749,616.3056689751702,101335000
1473732000,658.60998535,661.73999023,654.95001221,659.7199707,651.5324618922245,640.3600691992555,616.7376520769097,87743000
1473818400,658.15997314,661.82000732,656.64001465,656.64001465,651.7148744907165,640.7218457648275,617.1346905104729,96405000
1473904800,657.46002197,660.32000732,654.84002686,656.17999268,651.8743429974767,641.0653601407203,617.5232009798214,112722000
1473991200,654.67999268,657.5300293,651.30999756,651.30999756,651.8541878032811,641.2930187500376,617.8593880104698,206938000
1474250400,651.30999756,658.34997559,651.30999756,657.89001465,652.0697530478068,641.6618408811479,618.2577027034005,107313000
1474336800,656.20001221,663.36999512,653.2800293,663.36999512,652.4733331218137,642.1442443086779,618.7065812349089,118443000
1474423200,663.11999512,668.83001709,662.78997803,668.47998047,653.0449990985346,642.7294828900406,619.2018389387406,158846000
1474509600,668.47998047,675.35998535,668.47998047,671.38000488,653.699820733587,643.3661611564842,619.7210246694993,144397000
1474596000,670.72998047,674.09002686,670.29998779,674.09002686,654.4280423809589,644.0489137276734,620.2620097659222,176040000
1474855200,673.21002197,677.03997803,671.51000977,677.03997803,655.2356115112818,644.7820484899473,620.8269646740225,162243000
1474941600,676.60998535,684.89001465,676.23999023,684.89001465,656.2946973376646,645.6733366268373,621.4644079573656,130570000
1475028000,684.98999023,687.94000244,682.97998047,686.7199707,657.3813142434623,646.5854840506854,622.1137170393819,128176000
1475114400,689.82000732,692.16998291,685.90997314,688.54998779,658.4944811558386,647.5180285782258,622.774774459786,115921000
1475200800,688.54998779,689.11999512,684.61999512,685.72998047,659.4671775599157,648.3671830647096,623.4011944200867,115738000
1475460000,687.67999268,688.41998291,681.98999023,683.04998779,660.3094207824188,649.1379120586049,623.9947147521256,121374000
1475546400,682.82000732,689.16998291,680.23999023,684.20001221,661.1626561905467,649.917069839747,624.5937724382736,123103000
1475632800,686.40997314,689.5,685.47998047,687.03997803,662.0868462562415,650.742023355086,625.2151277177933,116966000
1475719200,687.03997803,690.92999268,687.03997803,687.32000732,662.9880305799472,651.5548674431951,625.8330867188103,150661000
1475805600,689.51000977,690.19000244,680.26000977,683.95001221,663.7366727810205,652.2747595491242,626.4113645843943,140056000
1476064800,684.04998779,684.46002197,674.19000244,674.19000244,664.1100059831269,652.7617649466991,626.8867739162908,139490000
1476151200,677.63000488,682.35998535,669.20001221,682.35998535,664.7617909605152,653.4195031778836,627.4387461693626,148016000
1476237600,683.88000488,686.17999268,681.11999512,682.45001221,665.3935131479968,654.0646256008196,627.9861219508615,120753000
1476324000,680.72998047,685.22998047,678.78997803,685.22998047,666.1019584094969,654.7571890423569,628.5557125828927,125236000
1476410400,685.05999756,690.61999512,684.7800293,687,666.8483170377291,655.4736959525268,629.1372477810729,164677000
1476669600,687.17999268,687.94000244,680.95001221,680.95001221,667.3519490081674,656.039836313804,629.6527976758881,113707000
1476756000,680.44000244,682.98999023,678.13000488,682.02001953,667.8758086696614,656.6171737186083,630.1738645600086,132557000
1476842400,683.83001709,689.88000488,683.25,688.89001465,668.6263160261021,657.3343479615281,630.7581048594116,149347000
1476928800,690.45001221,690.85998535,685.63000488,686.39001465,669.2607338340985,657.9800294434941,631.3116562006114,121093000
1477015200,685.77001953,687.53997803,683.76000977,684.83001709,669.8167796646663,658.5766958356387,631.844177204486,136022000
1477274400,683.14001465,684.51000977,677.89001465,678.02001953,670.1097525169997,659.0087696955134,632.3036383221528,125472000
1477360800,676.28997803,677.4699707,670.59997559,676.17999268,670.3265468085355,659.390352428502,632.7402189625294,127870000
1477447200,676.17999268,676.17999268,670.79998779,673.60998535,670.4438124707306,659.7063442712019,633.1468833046933,102376000
1477533600,672.80999756,676.90002441,671.60998535,676.90002441,670.6743914685616,660.0884260520642,633.5822379425571,91029000
1477620000,676.73999023,682.25,675.84997559,682.25,671.08780605897,660.5809054731294,634.0664942814371,117262000
1477879200,682.10998535,683.34002686,675.79998779,675.79998779,671.2560982636497,660.9191073023932,634.4817529233134,130147000
1477965600,675.13000488,676.59997559,672.33001709,676.59997559,671.4469510253051,661.2675710421178,634.9008397160167,118658000
1478052000,675.67999268,678.14001465,671.40002441,671.40002441,671.4452750747585,661.4927366725151,635.264015683121,142390000
1478138400,668.65997314,668.65997314,661.85998535,667.63000488,671.3090154249456,661.6291204104592,635.586065326871,128263000
1478224800,666.92999268,668.98999023,665.08001709,666.72998047,671.145478462269,661.7424728562268,635.8959550297877,87224000
1478484000,667.11999512,674.35998535,666.60998535,674.14001465,671.2524261832594,662.0179737849772,636.2764929364565,102952000
1478570400,675.82000732,677.90997314,674.33001709,676.46002197,671.4384117470717,662.3389081890889,636.676329046243,96712000
1478656800,675.57000732,675.57000732,656.67999268,670.26000977,671.3963259621762,662.5149326686648,637.0104950235939,148003000
1478743200,675.35998535,678.57000732,675.17999268,678.16998291,671.6382422817413,662.8628226740277,637.4200421667422,119983000
1478829600,678.38000488,679.55999756,676.72998047,679.20001221,671.9083054934648,663.2258713303827,637.8357632617,115747000
1479088800,677.13000488,679.96002197,672.45001221,673.04998779,671.9490798611982,663.4441850294853,638.1861535555139,121619000
1479175200,673.75,675.72998047,671.54998779,674.26000977,672.0316130722268,663.6845366903856,638.5450973984441,117997000
1479261600,674.84997559,676.90002441,673.95001221,674.59997559,672.1233403050045,663.9271019992659,638.9038524053252,111235000
1479348000,674.5,676.47998047,673.13000488,674.57000732,672.2107212698257,664.1636110063934,639.258739518904,128546000
1479434400,673.82000732,675.15002441,669.17999268,673.25,672.247838367332,664.3655307618068,639.5969610162283,104889000
1479693600,673.20001221,675.03997803,671.65002441,674.28997803,672.320771926713,664.5860740344333,639.942165165619,103605000
1479780000,675.22998047,681.90997314,675.22998047,681.90997314,672.663243398616,664.9710495701125,640.3597552947174,113015000
1479866400,681.16998291,684.11999512,679.80999756,683.15997314,673.0381266036654,665.3752478716656,640.7856281090983,116629000
1479952800,683.60998535,683.60998535,676.39001465,678.17999268,673.2217646778203,665.6597977562952,641.1577113386595,125298000
1480039200,678.4699707,678.86999512,671.47998047,675.86999512,673.3163443364696,665.8866910310443,641.5031071971803,115874000
1480298400,672.38000488,673.17999268,660.96002197,665.28997803,673.0296883969528,665.8734307421322,641.7397924790989,107425000
1480384800,665.10998535,667.78997803,658.26000977,658.26000977,672.5021998745616,665.7042436094182,641.9041727506502,117030000
1480471200,658.44000244,665.7800293,654.98999023,665.07000732,672.2367644261844,665.6901494696533,642.1346785672606,155535000
1480557600,670.75,670.80999756,666.53997803,666.53997803,672.0333077691779,665.7090345487721,642.3775173678849,127426000
1480644000,667.02001953,667.39001465,662.09002686,665.14001465,671.7871187292072,665.6963896621328,642.6040098781548,135983000
1480903200,663.05999756,663.86999512,658.10998535,660.21002197,671.373650987807,665.5744703800854,642.7791940780736,157006000
1480989600,660.67999268,660.77001953,648.36999512,651.48999023,670.6635202464568,665.2614819323056,642.8658686666499,126596000
1481076000,648.63000488,654.13000488,647.33001709,653.5300293,670.0516098555119,665.0007829849211,642.971979717728,130472000
1481162400,655.47998047,660.7199707,655.47998047,658.89001465,669.6529814553151,664.864988133034,643.1303681250143,135115000
1481248800,659.46002197,664.46002197,659.46002197,663.07000732,669.4178752361967,664.8250996705221,643.3287724951138,119362000
1481508000,663.70001221,664.66998291,658.84002686,659.70001221,669.0708086995468,664.7112088380661,643.4916704027246,111504000
1481594400,662.27001953,663.53997803,654.34002686,654.65997314,668.5561360009915,664.4878480447758,643.6027977931452,135078000
1481680800,657.39001465,665.14001465,657.39001465,665.14001465,668.4341316670275,664.5023406360029,643.8170984583876,212096000
1481767200,668.07000732,668.07000732,664.08001709,665.91998291,668.3443406399908,664.5338437976474,644.037027656911,126550000
1481853600,670.42999268,675.19000244,668.29998779,675.15997314,668.5877560864197,664.7699800052552,644.346708706494,177178000
1482112800,673.97998047,679.90002441,673.88000488,674.33001709,668.7928368365476,664.9824252738051,644.6450500834444,124373000
1482199200,673.92999268,674.2800293,662.65997314,662.65997314,668.5738059902424,664.9308152263873,644.8243030491813,100036000
1482285600,662.35998535,667.05999756,657.40002441,666.94000244,668.515455863448,664.9754638311342,645.0443597595377,130133000
1482372000,669.01000977,669.95001221,663.70001221,664.15002441,668.3595475972534,664.9571207328868,645.2344658754627,94913000
1482458400,663.75,664.36999512,659.17999268,664.36999512,668.2170635802086,664.9440734970449,645.4248691515277,114627000
1482717600,665.66998291,665.72998047,662.09002686,662.45001221,668.011097459844,664.8886499128884,645.5942735600697,114879000
1482804000,662.65997314,665.5,661.40997314,663.85998535,667.8628434559209,664.8657907003798,645.7760219360889,160244000
1482890400,665.90002441,666.64001465,661.79998779,663.5,667.7070276182095,664.8354397959268,645.9523799267746,118803000
1482976800,666.42999268,666.42999268,663.95001221,664.7199707,667.6003470139877,664.8328738160174,646.1391221235231,116504000
1483063200,664.16998291,665.48999023,663.39001465,664.86999512,667.5028344463453,664.8336987338836,646.3254989692591,121554000
1483408800,665.91998291,672.34002686,665.42999268,672.01000977,667.6638049936187,664.9931723124639,646.5810662409083,84661000
1483495200,672.58001709,675.92999268,672.21002197,674.70001221,667.9150981084895,665.2088798657425,646.8608567480634,110034000
1483581600,674.82000732,675.91998291,673.30999756,675.80999756,668.1970588031863,665.4444602589482,647.1489079004209,102174000
1483668000,675.34997559,683.76000977,675.2199707,679.79998779,668.611449124144,665.7634719818604,647.4737942674814,127414000
1483927200,681.73999023,684.88000488,681.73999023,682.57000732,669.1099690597102,666.1369505449302,647.8230103177552,101402000
1484013600,682.77001953,683.02001953,680.76000977,681.07000732,669.537113283292,666.4687962510428,648.1538262083249,87802000
1484100000,680.84997559,687.15997314,680.84997559,687.15997314,670.1665011353173,666.9286001819086,648.5419470733167,108708000
1484186400,688.71002197,688.98999023,685.59002686,686.96002197,670.766269736556,667.3737428883106,648.9242164752737,112444000
1484272800,686.58001709,688.61999512,685.05999756,685.05999756,671.2767600159647,667.7667707699037,649.283776486067,94953000
1484532000,684.61999512,684.82000732,677.84997559,677.94000244,671.5147329596803,667.9928425847947,649.5689130627231,89572000
1484618400,678.83001709,684.72998047,678.83001709,684.71002197,671.9859932814774,668.3643354600215,649.9185758379199,108971000
1484704800,683.73999023,688.07000732,683.2800293,683.2800293,672.3893517107103,668.6957953231321,650.2505305987366,101056000
1484791200,683.02001953,684.19000244,680.79998779,682.30999756,672.7436604910421,668.998333150618,650.569530269993,89194000
1484877600,684.04998779,688.41998291,684.04998779,686.26000977,673.2263872510049,669.381925964382,650.9246594192468,90686000
1485136800,687.83001709,689.4699707,686.46002197,687.15002441,673.7236600066833,669.7767725965069,651.2851108121896,87806000
1485223200,687.08001709,692.75,687.08001709,691.35998535,674.3535287689447,670.2563995465846,651.6838657827151,98368000
1485309600,693.07000732,697.2800293,691.19000244,697.2800293,675.1723323593395,670.8569246522161,652.1375589520413,98348000
1486000800,699.79998779,703.20001221,697.71002197,703.17999268,676.1726059422202,671.5752150528335,652.6454438647573,86423000
1486087200,704.69000244,708.09997559,700.09002686,700.34997559,677.0360834296409,672.2146541758817,653.1201158222225,124669000
1486346400,702.02001953,702.02001953,696.91998291,700.03997803,677.8576510939395,672.8329947059732,653.5869801227974,126959000
1486432800,699.98999023,703.29998779,698.98999023,701.90997314,678.7166625955845,673.4791497822849,654.0678059239636,158639000
1486519200,702.66998291,702.77001953,700.4699707,702.03997803,679.5496381468135,674.1138348544564,654.5451409697948,156108000
1486605600,700.92999268,702.64001465,700.21002197,700.65002441,680.3032233704988,674.7035279556907,655.0038960289013,147545000
1486692000,701.15002441,704.08001709,701.15002441,703.7800293,681.1416807251238,675.3496724300087,655.4892306883152,138324000
1486951200,704.60998535,706.4699707,703.58001709,705.90002441,682.025907285298,676.0285691406751,655.9908306258444,161215000
1487037600,706.40997314,707.32000732,703.84997559,706.26000977,682.891410945466,676.700378932438,656.4910214630997,175123000
1487124000,706.84002686,711.72998047,706.84002686,711.57000732,683.9156465302708,677.4752595632726,657.0390710736161,169004000
1487210400,712.60998535,717.57000732,709.34997559,709.34997559,684.8240154252611,678.1835865860888,657.559577586217,198422000
1487296800,709.52001953,710.21002197,705.84002686,707.83001709,685.645658341859,678.8423961528424,658.0597809643641,166177000
1487556000,705.7199707,711.40002441,704.40997314,710.59002686,686.5365286460783,679.5478990574459,658.5824699782511,199902000
1487642400,711.48999023,718.05999756,711.48999023,716.54998779,687.6084379012184,680.3701676959471,659.1592612002586,210808000
1487728800,717.77001953,719.09002686,715.35998535,717.23999023,688.6667076272463,681.1894970855927,659.737178902047,231764000
1487815200,717.48999023,719.58001709,712.35998535,716.86999512,689.6739678948446,681.9823970419129,660.305664635559,228278000
1487901600,716.34997559,717.94000244,713.70001221,714.4699707,690.5595394236002,682.7043431232038,660.8446129546081,232798000
1488160800,711.70001221,718.36999512,711.70001221,717.44000244,691.5195559599002,683.4762466635771,661.4077511584429,182508000
1488247200,718.23999023,719.14001465,710.78997803,710.78997803,692.2077853195467,684.0832184717198,661.899116599951,192324000
1488333600,710.70001221,712.48999023,705.78997803,709.52001953,692.8260793984915,684.6484807174593,662.3729564301007,222197000
1488420000,712.67999268,713.5300293,707.51000977,707.51000977,693.3505054831883,685.1565146964047,662.8220813389554,176447000
1488506400,708.22998047,712.61999512,705.83001709,712.61999512,694.0387015416459,685.7668142613735,663.3175829686176,170916000
1488765600,714.60998535,718.03997803,714.01000977,716.28997803,694.8333899876585,686.4451067895652,663.844671476691,172199000
1488852000,716.46002197,716.95001221,714.27001953,716.53997803,695.608625274885,687.1138817060194,664.3690028851817,195684000
1488938400,715.03997803,718.7800293,713.89001465,716.59997559,696.3583163575677,687.7691282367745,664.8887140563738,175657000
1489024800,715.85998535,718.22998047,714.96002197,715.79998779,697.0526617658688,688.3920362268461,665.3952938945193,195410000
1489111200,715.84997559,716.80999756,712.21002197,712.21002197,697.5939960588735,688.9213247989162,665.8611120843251,197426000
1489370400,711.92999268,712.63000488,707.63000488,710.16998291,698.0431384464136,689.3935172013847,666.3019963711478,146591000
1489456800,709.90002441,716.48999023,709.28997803,714.71002197,698.6383842865417,689.9561061962428,666.7836682676538,134824000
1489543200,715.63000488,716.48999023,713.14001465,713.14001465,699.1562996566653,690.4713041618818,667.2449254455876,139565000
1489629600,712.55999756,715.0300293,710.65997314,714.91998291,699.7192883442843,691.0146081340622,667.7193041268255,179086000
1489716000,715.82000732,717.09997559,710.53997803,710.53997803,700.1057415473456,691.4485052428608,668.145380484071,253197000
1489975200,711.44000244,717.53997803,711.44000244,715.07000732,700.6401796106546,691.9734275112418,668.6122921938812,175285000
1490061600,717.0300293,718.79998779,714.7800293,716.17999268,701.1951729345599,692.5113511816586,669.0856026464794,231634000
1490148000,715.7800293,720.67999268,712.94000244,712.94000244,701.6146311311827,692.9653212096217,669.5219648334796,268995000
1490234400,712.60998535,719.55999756,712.60998535,719.55999756,702.255537075069,693.5563140174079,670.0198557063803,192345000
1490320800,719.55999756,724.35998535,719.55999756,722.14001465,702.9656969884594,694.1915073647988,670.538464253083,214781000
1490580000,723.22998047,725.57000732,721.40997314,723.52001953,703.6997799363716,694.843252079581,671.0656439075797,233186000
1490666400,724.36999512,725,718.65997314,719.26000977,704.2555024304297,695.3858466949237,671.545189836559,221918000
1490752800,719.08001709,721.91998291,718.36999512,720.4699707,704.8345905829144,695.9432716728143,672.0320035764937,193991000
1490839200,721.86999512,725.90997314,721.86999512,723.85998535,705.5140689674532,696.5636430878628,672.5477048876729,195790000
1490925600,725.9699707,726.66998291,722.30999756,722.30999756,706.1139235600442,697.1357842983548,673.0428520784424,213142000
1491184800,723.02001953,724.36999512,721.58001709,722.38000488,706.694855035757,697.6967669779469,673.5337690217415,183073000
1491271200,723.70001221,724.66998291,722.78997803,724.14001465,707.3178964505514,698.2843947039926,674.037313754361,214302000
1491357600,724.89001465,726.0300293,722.48999023,723.2199707,707.885827673746,698.838518615015,674.5266934254619,217977000
1491530400,721.84997559,727.95001221,720.2800293,727.95001221,708.602405692898,699.4854406949036,675.0582687367508,229963000
1491789600,728.71002197,730.90002441,727.77001953,729.86999512,709.3619624581515,700.1606530154612,675.603659049022,152415000
1491876000,730.15002441,732.23999023,730.15002441,731.33001709,710.1465358378604,700.853305550451,676.1581501738078,210266000
1491962400,731.61999512,732.86999512,724.47998047,725.58001709,710.6977315968653,701.4027880291076,676.6499100436207,249511000
1492048800,725.53997803,727.34002686,723.88000488,724.34997559,711.1853117394772,701.9127255304608,677.1245375614951,190433000
1492135200,722.4699707,722.96002197,714.13000488,718.45001221,711.4447653277102,702.2802207900061,677.5357363142166,195283000
1492394400,718.92999268,721.7800293,710.83001709,710.83001709,711.4228100335063,702.4702162633392,677.867022690095,170259000
1492480800,708.64001465,714.92999268,705.54998779,714.92999268,711.5480665565954,702.7471001837094,678.2358084611388,178133000
1492567200,714.86999512,716.77001953,714.02001953,716.77001953,711.7345648770741,703.058720613627,678.6192334468986,151574000
1492653600,716.76000977,716.76000977,712.65997314,712.65997314,711.7676151721787,703.2720817808797,678.9579472746907,137639000
1492740000,712.77001953,715.08001709,711.08001709,712.40997314,711.7905565281723,703.4751460333047,679.29080325345,202267000
1492999200,711.59997559,712.77001953,709.39001465,709.39001465,711.7048228896662,703.6065875581202,679.5902978942117,154884000
1493085600,709,709.80999756,706.03997803,707.58001709,711.5575083968209,703.694885992162,679.8688025628265,137232000
1493172000,706.35998535,710.03997803,706.32000732,710.03997803,711.5033108837201,703.8358880374473,680.1690132639925,142344000
1493258400,711.73999023,716.5300293,711.38000488,716.5300293,711.6828365414444,704.117980065504,680.5308144185797,187185000
1493344800,715.90002441,718.53997803,713.83001709,717.72998047,711.8988059674642,704.4204689633816,680.9009553743152,190641000
1493776800,718.70001221,719.53997803,716.65997314,719.53997803,712.1717049696977,704.7564580537509,681.2854232614364,229584000
1493863200,717.97998047,723.2199707,717.97998047,722.02001953,712.5234304897084,705.140092753223,681.6907426272928,215832000
1493949600,720.39001465,721.65002441,719.85998535,720,712.7904508293617,705.4703129142625,682.0719292678173,194379000
1494208800,720.60998535,720.60998535,717.97998047,718.85998535,713.0072199193845,705.7678611906123,682.4379795770927,232456000
1494295200,718.85998535,722.10998535,716.95001221,722.10998535,713.3323186847637,706.1310195052654,682.8327259031913,224897000
1494381600,721.94000244,727.52001953,721.80999756,724.30999756,713.7243786445936,706.5349967953706,683.2454350739058,228173000
1494468000,724.84002686,726.82000732,723.39001465,724.98999023,714.126721915501,706.9451077605846,683.6608037819267,223039000
1494554400,724.63000488,726.40002441,724.40997314,725.36999512,714.5282673870902,707.354549701905,684.0758206111612,188850000
1494813600,725.25,726.19000244,723.17999268,725.34997559,714.9147569657655,707.7544480549738,684.4865087204034,240887000
1494900000,725.84002686,727.85998535,725.0300293,725.0300293,715.2760166919882,708.1383498604188,684.8899268356233,294207000
1494986400,724.01000977,728.01000977,722.80999756,727.20001221,715.7018736747743,708.5619423570761,685.3109227099952,206670000
1495072800,727.20001221,729,723.79998779,726.98999023,716.1050206946038,708.97145453203,685.7256397997465,219680000
1495159200,727.60998535,733.82000732,726.78997803,733.82000732,716.737698788368,709.5236445939848,686.2041907203461,211585000
1495418400,738.63000488,746.86999512,738.63000488,744.09997559,717.7149229598549,710.2920075050074,686.7802681817357,272756000
1495504800,744.32000732,746.17999268,740.2800293,740.92999268,718.5440325927173,710.9728516200072,687.3190714105741,266857000
1495591200,739.90997314,744.27001953,737.29998779,742.73999023,719.4081739369059,711.6787880335626,687.8705233391256,225259000
1495677600,744.23999023,746.47998047,740.89001465,741.90997314,720.2118096227307,712.3505921470389,688.4082293072935,205885000
1495764000,741.40002441,743.46002197,740.59997559,743.40997314,721.0403154626332,713.0408006135492,688.9555103404548,193182000
1496023200,746.08001709,748.05999756,745.30999756,746.25,721.9406613389677,713.778782822137,689.5256047649278,252309000
1496109600,747.07000732,747.42999268,738.21002197,738.21002197,722.5217099329332,714.3216992476451,690.0100268266699,261218000
1496196000,738.90997314,741.92999268,735.39001465,737.82000732,723.068077696757,714.8438838714752,690.4857480256085,214222000
1496282400,739.45001221,742.22998047,738.71002197,741.79998779,723.7370744858014,715.442908402998,690.9963374760005,152239000
1496368800,741.47998047,742.10998535,736.09002686,738.80999756,724.2753931670228,715.9621770509314,691.4720952877816,184549000
1496628000,739.13000488,745.14001465,738.34997559,743.48999023,724.9616287764148,716.5739062326884,691.9896862822316,218609000
1496714400,743.98999023,751.30999756,743.98999023,751.30999756,725.9026419472572,717.3458193732953,692.5799381357417,185360000
1496800800,752.75,754.91998291,751.65002441,753.46002197,726.8868340909265,718.1483572087776,693.185710114192,211213000
1496887200,751.70001221,751.96002197,748.90997314,750.13000488,727.7169473333935,718.8590604903603,693.7523200123593,262702000
1496973600,749.46002197,752.01000977,749.03997803,749.7199707,728.5027695964866,719.544858495019,694.3092120590024,178516000
1497232800,751.33001709,753.40997314,749,751.09002686,729.3094573558977,720.2458622364629,694.8741952908532,184322000
1497319200,751.09002686,756.89001465,750.09997559,756.89001465,730.2944772592585,721.0601767345415,695.4912681202975,204172000
1497405600,758.26000977,761.70001221,756.82000732,760.77001953,731.3828894832136,721.9426176855517,696.1408079353195,206341000
1497492000,760.38000488,762.97998047,758.16998291,760.57000732,732.4252865488131,722.8010041218728,696.781894496361,193284000
1497578400,761.75,762.42999268,759.97998047,761.23999023,733.4543831088555,723.6552038131645,697.4232685832629,221694000
1497837600,763.75,766.83001709,762.33001709,766.83001709,734.6463700367535,724.6146441082052,698.1138829962653,199977000
1497924000,767.59002686,768.28997803,764.41998291,767.98999023,735.8372136150838,725.5785406886895,698.8091676453571,229107000
1498010400,765.71002197,767.83001709,758.90002441,767.40997314,736.9648121695451,726.5081280764964,699.4917627249058,248538000
1498096800,768.40997314,769.98999023,766.29998779,766.29998779,738.0124970131328,727.3923916256854,700.156521183265,224839000
1498183200,765.65997314,769.01000977,763.64001465,769.01000977,739.1195510401637,728.3172275844479,700.8416305224365,254932000
1498442400,770.5,773.14001465,769.72998047,772.52001953,740.3124249148008,729.2995118499047,701.5548483235068,235114000
1498528800,773.15002441,773.40002441,767.19000244,767.51000977,741.2837672310579,730.1486340259067,702.211118586656,235645000
1498615200,766.82000732,769.03997803,762.7800293,769.03997803,742.2750604738773,731.0128861148866,702.8760823622116,203561000
1498701600,771.26000977,773.08001709,769.89001465,771.75,743.3277368855245,731.9181553123335,703.561394975523,211882000
1498788000,773.46002197,776.5,773.46002197,776.4699707,744.5113880931843,732.9081956542816,704.2868534404431,194380000
1499047200,777.20001221,780.01000977,775.5300293,778.88000488,745.7388386927134,733.9297914148531,705.0290738527771,195521000
1499133600,779.15002441,779.15002441,772.90002441,775.53997803,746.8031650976166,734.854462228523,705.7306748893664,232643000
1499220000,775.84997559,778.32000732,773.80999756,778.32000732,747.9287666055588,735.8203632305558,706.452956804099,216490000
1499306400,780.5,782.77001953,779.98999023,782.65002441,749.1688115271461,736.8610223678768,707.2111365812722,238454000
1499392800,783.72998047,783.80999756,775.72998047,775.72998047,750.1174247036765,737.7247769923684,707.8929161224536,261562000
1499652000,775.84997559,775.84997559,764.42999268,766.55999756,750.7046594485453,738.3655596716492,708.4766681765585,217175000
1499738400,766.55999756,769.35998535,761.57000732,769.35998535,751.370921087883,739.0543246867236,709.0824723275381,225538000
1499824800,772.59997559,775.08001709,769.83001709,774.16998291,752.1851732958157,739.8346726472408,709.7301092487567,176533000
1499911200,777.11999512,778.29998779,773.84997559,778.29998779,753.1178452420367,740.6894574281911,710.4123965974258,200640000
1499997600,779.7199707,780.65002441,776.88000488,777.59997559,753.9922070401782,741.5096911651202,711.08092972173,209253000
1500256800,777.70001221,778.29998779,766.4699707,768.90997314,754.5249844008861,742.1185863201175,711.6563430890759,254751000
1500343200,766.88000488,770.36999512,762.67999268,767.48999023,754.9880203233545,742.6823952958927,712.211901767095,237790000
1500429600,771.33001709,774.11999512,770.17999268,771.29998779,755.5705905900204,743.3183417957617,712.7998429215518,236849000
1500516000,768.55999756,768.55999756,763.54998779,768.40997314,756.0291399668054,743.8759336034115,713.3531775505911,183491000
1500602400,768.90002441,770.42999268,761.85998535,761.85998535,756.2373844447766,744.2755791977801,713.8358323545654,179984000
1500861600,759.9699707,761.64001465,753.82000732,759.73999023,756.3624775085345,744.6192327762739,714.2925901443707,158865000
1500948000,757.42999268,767.27001953,757.34997559,767.27001953,756.7520325807297,745.1225835930234,714.8197287452227,180741000
1501034400,769.34997559,773.88000488,764.91998291,773.88000488,757.3637458771323,745.7616373994006,715.4073931843748,208321000
1501120800,773.21002197,774.9699707,770.29998779,771.5,757.8686120958062,746.3336010127472,715.965528575575,202369000
1501207200,771.21002197,777.09002686,770.82000732,777.09002686,758.5550911945273,747.0170771426862,716.5737325386042,199879000
1501466400,777.53997803,783.58001709,776.7199707,783.54998779,759.447766072937,747.8289196015154,717.2401629391156,267106000
1501552800,784.44000244,787.67999268,784.15002441,786.80999756,760.4249886260465,748.6951657783707,717.9324000995224,206361000
1501639200,783.45001221,788.9699707,779.80999756,786.22998047,761.3465954776162,749.529272771518,718.6119780136565,218993000
1501725600,786.22998047,790.82000732,786.19000244,788.48999023,762.3160024330585,750.3950664928176,719.3072816177993,208919000
1501812000,789.46002197,790.11999512,786.09002686,788.67999268,763.2575735133064,751.2458426303106,719.9975573497615,202950000
1502071200,789.40997314,796.09002686,788.65997314,792.97998047,764.319088047474,752.173267915637,720.7237506146395,222641000
1502157600,795.79998779,796.61999512,789.84002686,791.57000732,765.2923351643499,753.0487510135117,721.4286884923048,228904000
1502244000,789.15002441,789.15002441,773.65997314,773.65997314,765.5911793777659,753.5067781718782,721.9484027674063,307857000
1502330400,769.58001709,776.77001953,769.58001709,773.42999268,765.8711369957028,753.9495162720586,722.4606573934022,190126000
1502416800,773.42999268,774.30999756,769.14001465,772.08001709,766.0928827133563,754.3524162902352,722.9543823655077,169866000
1502676000,770.65002441,776.41998291,770.65002441,776.16998291,766.4527791489508,754.8372511040077,723.4838908286371,185515000
1502762400,776.64001465,776.83001709,770.09002686,771.05999756,766.6173226636311,755.1977565808075,723.9572849254665,152537000
1502848800,771.09997559,773.57000732,766.79998779,773.57000732,766.86563282993,755.6060288194562,724.4509438547653,169788000
1502935200,773.47998047,774.4699707,767.59002686,767.59002686,766.8915040452896,755.8723398870238,724.8801884617826,238329000
1503021600,762.82000732,770.78997803,762.46002197,768.9699707,766.9657349972435,756.1633983495344,725.3188927626604,196321000
1503280800,767.41998291,769.71002197,765.95001221,768.78997803,767.0308865341277,756.4439890091003,725.7514408747733,169698000
1503367200,768.20001221,768.44000244,760.29998779,761.26000977,766.8247837925517,756.5510116926758,726.1047599682581,154106000
1503453600,762.41998291,765.97998047,759.01000977,765.97998047,766.7946122453177,756.7605443321719,726.5015283314596,158564000
1503540000,766.47998047,771.65002441,764.64001465,769.77001953,766.9008767911992,757.0496437810125,726.9320605821913,219613000
1503626400,769.07000732,771.63000488,768.57000732,771.63000488,767.069774222942,757.3736518054344,727.3768162468461,225179000
1503885600,771.80999756,777.26000977,770.51000977,777.26000977,767.4337112067655,757.8155708713136,727.8731664311562,258565000
1503972000,773.90997314,777.10998535,773.86999512,774.0300293,767.6692939958095,758.1758921697289,728.3324386985079,264845000
1504058400,774.30999756,778.65002441,773.84997559,778.65002441,768.0614629391735,758.6308728861793,728.8331111931495,203145000
1504144800,779.19000244,785.7800293,778.19000244,782.76000977,768.5864110402744,759.167075928042,729.3696972486406,211651000
1504231200,784.41998291,789.19000244,784.17999268,788.72998047,769.3058242341931,759.8240293623077,729.9603468329327,146628000
1504576800,790.26000977,794.46002197,787.79998779,792.30999756,770.127401852972,760.5459397667008,730.5807413675304,165409000
1504663200,792.15997314,793.82000732,788.89001465,793.54998779,770.9639227792944,761.2793630561075,731.2073010334257,155709000
1504749600,793.60998535,798.58001709,792.77001953,796.7199707,771.8837816336053,762.0669321148607,731.8591683932921,154506000
1504836000,797.97998047,802.90002441,797.82000732,801.20001221,772.9307898684765,762.9365561169749,732.5491270382345,132500000
1505095200,801.20001221,805.44000244,797.4699707,797.4699707,773.807189183888,763.703965329931,733.1951055821327,155944000
1505181600,795.5300293,801.01000977,794.88000488,799.94000244,774.7405039430348,764.5092105990436,733.8592339090766,153196000
1505268000,802.84997559,804.38000488,800.39001465,802.7800293,775.7419155629265,765.3596732368427,734.5450129676927,150277000
1505354400,803.34002686,807.28997803,803.22998047,806.32000732,776.8339902685362,766.269902883135,735.2591920159743,162902000
1505440800,803.34997559,805.82000732,802.08001709,805.82000732,777.8692051632314,767.1487940928431,735.961289680691,163947000
1505700000,808.51000977,809.39001465,805.36999512,807.86999512,778.9406619474017,768.0537096712244,736.6767991875498,173960000
1505786400,807.40997314,810.13000488,805.86999512,805.92999268,779.9045666164232,768.8954048491972,737.3658856899623,172849000
1505872800,806.88000488,807.51000977,803.33001709,805.85998535,780.8315458569081,769.7168399714373,738.0474190199129,150764000
1505959200,805.28997803,806.52001953,802.59997559,803.92999268,781.6564903863042,770.4771322538497,738.7029670165307,138748000
1506045600,805.15002441,808.15997314,803.94000244,807.13000488,782.5662587610791,771.2916405344308,739.3838330649235,176702000
1506304800,806.90002441,807.64001465,802.22998047,805.58001709,783.3881787013977,772.0536044578879,740.0425015626854,149149000
1506391200,806.40002441,806.84002686,801.65997314,805.34997559,784.1725285902763,772.7935238163793,740.6923271748975,171208000
1506477600,803.32000732,805.03997803,801.73999023,803.77001953,784.8724389809807,773.4818903877931,741.319965904799,157400000
1506564000,803.09997559,810.34997559,803.09997559,804.82000732,785.5848521359458,774.1782929862866,741.9518071129105,192668000
1506650400,805.07000732,808.77001953,804.41998291,804.41998291,786.2575353778763,774.8503305401468,742.5733810014387,139478000
1506909600,805.28997803,808.09002686,801.70001221,802.22998047,786.8279798454521,775.4587672052547,743.1669790061011,119497000
1506996000,803.97998047,804.39001465,795.04998779,798,787.2269805652573,775.9596834895824,743.7125812050454,162274000
1507082400,797.39001465,805.65997314,797,805.65997314,787.885301728641,776.6196899262584,744.3289731645972,118415000
1507168800,806.55999756,810.53997803,805.2199707,805.22998047,788.5047545408324,777.2554741605637,744.9349533367903,148455000
1507255200,805.70001221,808.13000488,803.80999756,807.79998779,789.193870014017,777.9342411301068,745.560476067668,132950000
1507514400,809.60998535,810.75,806.7800293,808.96002197,789.899804012445,778.6237029265488,746.1913173204275,167582000
1507600800,808.42999268,810.65002441,806.29998779,810.65002441,790.6408833123577,779.3353989595145,746.832697490473,144208000
1507687200,811.20001221,815.10998535,811.20001221,813.95001221,791.4733522015592,780.104612587303,747.5005314677818,180697000
1507773600,814.42999268,818.44000244,813.7199707,815.86999512,792.3446608772178,780.8993988658074,748.1808246384506,149202000
1507860000,814.59997559,820.95001221,814.20001221,820.95001221,793.3662805676744,781.7894124956783,748.9048961565755,154125000
1508119200,821.53997803,823.84997559,819.42999268,819.42999268,794.2971274288288,782.6258698331077,749.60663841054,168992000
1508205600,819.51000977,828.28997803,819.42999268,828.28997803,795.5111578074421,783.6406277930387,750.3895572127236,177221000
1508292000,829.42999268,831.15002441,826.7199707,827.7199707,796.6614725536049,784.6201687465267,751.1590140633433,198939000
1508378400,828.89001465,831.60998535,825.5,828.92999268,797.8139197009762,785.6048315006038,751.9328546465936,169348000
1508464800,827.92999268,833.57000732,826.84002686,826.84002686,798.850566385227,786.5211691752571,752.6781996437419,196370000
1508724000,826.25,827.23999023,818.80999756,820.03997803,799.6073310868261,787.2660315942514,753.3484660953465,210654000
1508810400,818.08001709,825.23999023,814.91998291,825.23999023,800.5227831990823,788.1098973417126,754.06380464395,180443000
1508896800,826.08001709,830.69000244,822.83001709,830.69000244,801.6001838862579,789.0561218994523,754.826254373264,160167000
1508983200,829.94000244,834.66998291,823.91998291,830.10998535,802.6183910813916,789.9684299761311,755.5753462237788,187407000
1509069600,829.15002441,840.36999512,828.45001221,840.36999512,803.966662654199,791.088464757106,756.4190740734924,143366000
1509328800,842.91998291,849.29998779,842.91998291,845.20001221,805.4392822811919,792.2909435893924,757.3024664927611,197295000
1509415200,844.27001953,845.92999268,837.2800293,837.2800293,806.5764518175779,793.2907010496282,758.0982631376093,192055000
1509501600,838.75,842.88000488,838.01000977,842.71002197,807.8669364658787,794.388908181192,758.9401711856927,172222000
1509588000,842.19000244,849.5300293,833.09002686,833.09002686,808.7677611228115,795.2489330407211,759.6779806948898,192773000
1509674400,833.15997314,843.72998047,831.58001709,843.72998047,810.0164118137825,796.3262896502606,760.5143190011098,203252000
1509933600,846.11999512,849.09002686,843.76000977,849.09002686,811.4118980654331,797.4988171438104,761.395669328064,172296000
1510020000,850.20001221,854.59997559,847.88000488,850.33001709,812.801830887739,798.6728438092813,762.2805882112673,584721000
1510106400,853.15002441,863.07000732,852.32000732,859.70001221,814.4767659349626,800.029003107075,763.2499357137423,171680000
1510192800,862.38000488,864.20001221,858.15997314,860.40002441,816.1168823090711,801.3705813582511,764.2166032629588,164442000
1510279200,859.90997314,869.36999512,859.23999023,868.21002197,817.9773515826757,802.8559022607344,765.2513636481034,189390000
1510538400,871.70001221,879.34002686,871.70001221,879.34002686,820.168875699723,804.5555494740514,766.3865742273263,283759000
1510624800,881.15002441,884.14001465,874.73999023,880.90002441,822.3378452965186,806.2520933615169,767.5260115425767,221728000
1510711200,877.65002441,884.83001709,876.59997559,882.59002686,824.4897089237858,807.9484918837054,768.6709271178745,200078000
1510797600,880.16998291,892.79998779,880.16998291,892.79998779,826.9293617404363,809.834080681623,769.9060421494379,206497000
1510884000,893.98999023,898.10998535,886.85998535,890.69000244,829.2065274797064,811.6308789429203,771.1078726000902,188538000
1511143200,890.34002686,903.54998779,889.54998779,903.54998779,831.8616510622169,813.6735258061888,772.4257045920297,175972000
1511229600,907.51000977,929.89001465,907.51000977,918.29998779,834.9487345167805,815.9985582947179,773.8771899969846,230287000
1511316000,921.13000488,932.65997314,921.13000488,932.65997314,838.4384216104669,818.5910341801687,775.4571181874624,210143000
1511402400,938.30999756,943.15002441,927,933.70001221,841.8406212747359,821.1490114697204,777.0316743468906,223223000
1511488800,930.52001953,937.53997803,924.65002441,935.57000732,845.1880993477811,823.6917002663934,778.6091701973693,225728000
1511748000,933.38000488,947.05999756,931.28997803,938.60998535,848.5245952764318,826.245439934918,780.2012181093357,252357000
1511834400,939.09997559,943.45001221,933.59002686,941.21002197,851.8347890869163,828.8002084245865,781.8032957596906,359520000
1511920800,943.46002197,952.14001465,940.40002441,952.14001465,855.4171185713121,831.5410930073734,783.4981884849674,229832000
1512007200,956.16998291,960.10998535,949.92999268,949.92999268,858.7925783609081,834.171957444543,785.1542263376542,249605000
1512093600,952.76000977,960.33001709,952.76000977,960.33001709,862.4189154583756,836.9754698811087,786.8972690317074,227731000
1512352800,962.4699707,972.5300293,962.4699707,970.02001953,866.2618120323622,839.9320154288619,788.7193859520885,270002000
1512439200,972.2800293,974.79998779,953.29998779,953.29998779,869.3703183094207,842.4513037035538,790.357003880824,265508000
1512525600,950.21002197,950.7199707,932.64001465,947.64001465,872.1656646072985,844.7888306134748,791.9220089631043,243461000
1512612000,950.22998047,954.23999023,932.67999268,938.65002441,874.5401060288235,846.8746349200643,793.3819892163073,196889000
1512698400,938.40997314,944.75,930.28997803,940.15997314,876.8836727113655,848.9476424360629,794.8424666682843,197623000
1512957600,930.16998291,936.92999268,917.45001221,917.45001221,878.3324705506025,850.4699173199282,796.0624422458137,193978000
1513044000,927.66998291,931.11999512,895.72998047,927.25,880.0795251737952,852.1761413794853,797.3677910791887,243245000
1513130400,932.04998779,932.47998047,922.9699707,924.40002441,881.6624001465168,853.7811165579412,798.6317934008883,157395000
1513216800,925.51000977,936.28997803,923.98999023,935.84997559,883.5976706980698,855.6048689808758,799.9971484475461,172032000
1513303200,933.63000488,939.57000732,932.96002197,935.15997314,885.4391814995673,857.372760184412,801.3420521758293,239898000
1513562400,945.90002441,958.05999756,945.90002441,958.05999756,888.0327820731542,859.6102543483139,802.9014347169654,241411000
1513648800,961.0300293,963.01000977,951.25,951.41998291,890.2966106744701,861.6504705385736,804.3792312163986,228762000
1513735200,945.11999512,958.82000732,945.11999512,953.51000977,892.5542320707391,863.6917936326053,805.8631195602155,220568000
1513821600,949.45001221,957.55999756,946.05999756,946.05999756,894.4651522667841,865.5221981643251,807.2581133711586,213618000
1513908000,947.53997803,952.70001221,945.17999268,952.32000732,896.5313970901133,867.4510383677846,808.7015153009978,197584000
1514167200,954.2800293,958.57000732,952.40997314,958.30999756,898.7377756783235,869.4701263498338,810.1901569155152,168438000
1514253600,960.32000732,965.92999268,957.23999023,965.92999268,901.1374977140977,871.6136789349486,811.7398070226245,186037000
1514340000,969.7199707,972.59997559,965.17999268,968.46002197,903.5418735803798,873.7658198912831,813.299212146479,235825000
1514426400,970.63000488,978.65002441,967.72998047,976.7199707,906.1553770489377,876.0536899092546,814.9252893460166,160229000
1514512800,978.39001465,990.09997559,976.33001709,984.23999023,908.9441132339756,878.4578299163823,816.610012737897,211111000
1514858400,986.04998779,996.17999268,984.34002686,995.77001953,912.0450384588336,881.0647674633516,818.3926993726443,186020000
1514944800,999.85998535,1010.21002197,998.40997314,1005.66998291,915.3887864749466,883.8337722510549,820.25615493023,237296000
1515031200,1009.36999512,1019.75,1009,1019.75,919.11597267227,886.8541328676981,822.2411683140087,252909000
1515117600,1020.34002686,1020.59997559,1010.65002441,1012.65002441,922.4564745200461,889.6495971241937,824.135783797551,284031000
1515376800,1011.35998535,1022.90002441,1004.89001465,1022.90002441,926.043744158973,892.610717730545,826.1135374354858,268789000
1515463200,1027.14001465,1033.56005859,1017.85998535,1033.56005859,929.8836125315097,895.7429253051996,828.1776819245854,320377000
1515549600,1034.64001465,1045.63000488,1033.01000977,1038.10998535,933.74884013217,898.9066377506396,830.2665605656343,375087000
1515636000,1037.0300293,1049.72998047,1031.13000488,1048.17004395,937.8353116970925,902.2236023328476,832.4347544301554,314652000
1515722400,1050.17004395,1057.88000488,1046.38000488,1050.10998535,941.8451214704106,905.5099663998955,834.6006771258752,351971000
1515981600,1049.91003418,1063.4699707,1043.15002441,1063.4699707,946.1888660857531,909.0201887176755,836.8779835295978,292708000
1516068000,1059.35998535,1065.39001465,1052.43005371,1062.95996094,950.3592623305477,912.4410725448383,839.1275554441291,340186000
1516154400,1061.97998047,1064.77001953,1034.68994141,1034.68994141,953.371072297671,915.1577140751752,841.0734498318493,332607000
1516240800,1028.76000977,1050.25,1020.01000977,1050.25,956.8310340013256,918.1597648735047,843.1548085399901,281598000
1516327200,1054.32995605,1067.20996094,1053.36999512,1062.06994629,960.589566583064,921.3577689049824,845.3330686171046,342467000
1516586400,1066.85998535,1088.05004883,1066.60998535,1087.42004395,965.119226489026,925.0480416837606,847.7418942423075,266109000
1516672800,1066.85998535,1088.05004883,1066.60998535,1087.42004395,969.487112826918,928.6563084007881,850.1267514533292,266109000
1516845600,1098.43994141,1117.07995605,1098.43994141,1104.56994629,974.3114997363137,932.5655003538817,852.6585245362812,510921000
1516932000,1119.7800293,1123.82995605,1103.06005859,1115.64001465,979.3589466975168,936.6338228937955,855.2752557811939,292970000
1517191200,1121.7800293,1130.09997559,1109.80004883,1109.80004883,984.0175574879626,940.4819612479333,857.8078407866547,276732000
1517277600,1099.97998047,1110.56005859,1092.43994141,1110.56005859,988.536932527321,944.2614745222015,860.322788227484,335405000
1517364000,1112.22998047,1128.09997559,1104.97998047,1110.35998535,992.8877558424167,947.952552540597,862.8107205371608,351214000
1517450400,1111.73999023,1111.73999023,1090.25,1099.67004395,996.7014089891161,951.3240523496949,865.1675297253482,269173000
1517536800,1098.66003418,1105.04003906,1091.06005859,1105.04003906,1000.570645777362,954.7399631654794,867.5543208630064,200308000
1517796000,1089.61999512,1090.88000488,1048.70996094,1048.70996094,1002.2899070331705,956.8281853382465,869.3568645453646,282041000
1517882400,1026.07995605,1026.07995605,983.05999756,1011.59997559,1002.6224094816287,958.0453362327299,870.7722188841171,480707000
1517968800,1040.5300293,1048.54003906,1034.13000488,1040.55004883,1003.9769680297848,959.878774290447,872.4615505253697,241183000
1518055200,1031.45996094,1039.60998535,1023.25,1023.25,1004.6652906001495,961.2870237506593,873.9619331072068,181500000
1518141600,991.09002686,1003.94000244,973.7800293,1003.94000244,1004.6393874515728,962.2348677215335,875.2552472299212,243234000
1518400800,1011.64001465,1041.79003906,1011.64001465,1041.79003906,1005.9661964375881,964.0027604179439,876.9123098351956,171102000
1518487200,1053.31005859,1060.47998047,1052.85998535,1059.72998047,1007.8863315816028,966.1300319746563,878.7313911350444,174286000
1519178400,1073.32995605,1092.65002441,1070.43005371,1087.15002441,1010.7171777540456,968.8193651398861,880.8052083815614,177567000
1519264800,1087.15002441,1091.61999512,1074.27001953,1076.0300293,1013.0497795949725,971.2018243434443,882.7477439130882,200365000
1519351200,1086.81005859,1102.84997559,1081.31005859,1102.84997559,1016.2569294519378,974.12733881559,884.9378158700724,189076000
1519610400,1115.90002441,1127.56994629,1114.06005859,1114.5300293,1019.7666830179401,977.2473986041324,887.2223155061911,234110000
1519696800,1124.0300293,1124.0300293,1106.77001953,1119.60998535,1023.332515244085,980.4110116429295,889.534630629015,196673000
1519783200,1110.30004883,1129.89001465,1109.89001465,1121.54003906,1026.839926808939,983.5472122521977,891.8431421556916,232586000
1519869600,1121.54003906,1129.30004883,1110.92004395,1115.79003906,1030.0167165321911,986.4859417368156,894.0714694880727,227400000
1519956000,1103.16003418,1121.91003418,1103.16003418,1121.20996094,1033.2736181181842,989.4798088302197,896.3315539801316,210069000
1520215200,1121.20996094,1132.68994141,1093.47998047,1093.47998047,1035.4238453450348,991.7909237555481,898.2932298656029,277681000
1520301600,1093.47998047,1120.29003906,1091.67004395,1120.29003906,1038.454780834855,994.6464596512026,900.502153340174,236333000
1520388000,1121.98999023,1126.67004395,1103.29003906,1112.26000977,1041.0906818682531,997.2600940982869,902.6091966877344,279076000
1520474400,1112.23999023,1126.34997559,1111.76000977,1124.15002441,1044.0570869590297,1000.0798703274361,904.8135830332296,200918000
1520560800,1128.72998047,1135.02001953,1119.18005371,1123.41003418,1046.89112078835,1002.8205406352708,906.9886720993667,217756000
1520820000,1135.36999512,1135.47998047,1123.97998047,1126.29003906,1049.7267964409089,1005.5643072669315,909.1707752532038,244681000
1520906400,1126.5300293,1133.31005859,1118.48999023,1133.31005859,1052.7119129462335,1008.4031017407774,911.4010168784456,233199000
1520992800,1135.98999023,1142.88000488,1134.55004883,1138.08996582,1055.7611291202966,1011.285032053649,913.6566283106998,250549000
1521079200,1134.51000977,1140.73999023,1129.66003418,1138.76000977,1058.725374857786,1014.1178093362346,915.8964629520859,232402000
1521165600,1144.54003906,1152.52001953,1140.56005859,1150.18994141,1061.991966520365,1017.1416344934294,918.2277413447019,308616000
1521424800,1158.16003418,1165.63000488,1155.81994629,1159.2199707,1065.464395241066,1020.2989308535754,920.6256739751029,272048000
1521511200,1154.47998047,1166.32995605,1154.47998047,1159.39001465,1068.818881648528,1023.3898438268293,923.0014385589327,214038000
1521597600,1166.51000977,1172.31005859,1163.91003418,1169.35998535,1072.409635352152,1026.6336247495665,925.4527673827245,237675000
1521684000,1175.2199707,1180.43994141,1169.47998047,1172.35998535,1075.979290709218,1029.871988318465,927.9095556212048,233322000
1521770400,1154.25,1157.19995117,1138.5300293,1153.58996582,1078.7511005346032,1032.621276707388,930.1551318420884,261958000
1522029600,1150.51000977,1176.94995117,1150.51000977,1171.2199707,1082.0535601833674,1035.7012476850016,932.5537869551024,211695000
1522116000,1187.42004395,1187.42004395,1169.57995605,1171.72998047,1085.2562894793186,1038.7241084135571,934.9336495771412,237762000
1522202400,1168.86999512,1179.18005371,1165.70996094,1172.23999023,1088.3628502204144,1041.691128009478,937.2949066980651,208550000
1522288800,1174.72998047,1176.44995117,1164.11999512,1167.0300293,1091.1723923303996,1044.4764369270451,939.5808283159948,185251000
1522375200,1169.29003906,1175.35998535,1158.48999023,1174.45996094,1094.146948352171,1047.3649596828886,941.9179341132486,204895000
1522634400,1180.26000977,1196.60998535,1179.72998047,1196.60998535,1097.8063425306648,1050.6815158088245,944.452183379286,245761000
1522720800,1197,1199.93005371,1185.82995605,1188.29003906,1101.0379031209982,1053.739482992184,946.8784306994921,255243000
1522807200,1194.26000977,1200.70996094,1189.45996094,1191.54003906,1104.2701222616768,1056.801717571469,949.3128745637758,238685000
1522893600,1197.76000977,1199.15002441,1186.75,1193.17004395,1107.4451194648311,1059.8321248243253,951.7393140601562,241192000
1522980000,1194.15002441,1202.58996582,1194.15002441,1199.95996094,1110.7492209460872,1062.946076738007,954.2091712430401,252058000
1523239200,1202.43994141,1207.44995117,1197.43994141,1204.32995605,1114.0913900569412,1066.0879407227178,956.6979352709701,251451000
1523325600,1207.61999512,1211.33996582,1192.2199707,1198.11999512,1117.0924116663361,1069.0219863759908,959.1001448217067,286725000
1523412000,1201.51000977,1202.45996094,1167.10998535,1167.10998535,1118.8787535836098,1071.2017196865243,961.1698944787047,286076000
1523498400,1162.47998047,1173.02001953,1153.64001465,1173.02001953,1120.8123702245523,1073.4643485719348,963.2778559220012,179986000
1523584800,1178.56994629,1181.52001953,1153.93005371,1157.14001465,1122.1097860968898,1075.3238078181141,965.2068326257624,196127000
1523844000,1156.54003906,1159.44995117,1141.81005859,1148.48999023,1123.051936244501,1076.9497229828228,967.0305456367499,196991000
1523930400,1149.02001953,1156.69995117,1139.32995605,1153.2800293,1124.131510996483,1078.6459520120934,968.8837743299166,175758000
1524016800,1153.2800293,1160.31994629,1138.42004395,1138.5300293,1124.6457437930371,1079.976709285158,970.5717967674299,172105000
1524103200,1137.98999023,1137.98999023,1094.63000488,1094.63000488,1123.5737531175714,1080.3023380761545,971.8062067984007,204014000
1524189600,1095.83996582,1119.85998535,1078.01000977,1119.85998535,1123.4411185544438,1081.1813969044622,973.2793787242872,214649000
1524448800,1124.32995605,1127.23999023,1076.7800293,1076.7800293,1121.774651081071,1081.0835887354742,974.3092359439461,217966000
1524535200,1064.85998535,1084.89001465,1048.68005371,1080.73999023,1120.309127479247,1081.0759532131303,975.3682484244043,186606000
1524708000,1082.52001953,1082.52001953,1039.34997559,1044.85998535,1117.6145152603453,1080.271153927283,976.0597084933157,208476000
1524794400,1037.35998535,1054.93994141,1031.89001465,1050.26000977,1115.2089972071187,1079.6042396126766,976.7980199488051,191598000
1525226400,1053.26000977,1053.52001953,1024.75,1029.07995605,1112.132960022936,1078.4814777557283,977.3182382184687,183262000
1525312800,1018.4699707,1027.38000488,1003.78997803,1026.45996094,1109.0732100556884,1077.3254440487121,977.807210583857,203557000
1525399200,1032.11999512,1037.02001953,1022.09997559,1026.80004883,1106.1348828690566,1076.2026574882964,978.2947015116794,163073000
1525658400,1034.64001465,1062.26000977,1028.79003906,1062.26000977,1104.5679231155189,1075.8928208723341,979.1301772157423,155126000
1525744800,1061.11999512,1072.2800293,1057.23999023,1060.44995117,1102.9922812603218,1075.54964599006,979.9393291953867,170064000
1525831200,1058.32995605,1069.80004883,1051.79003906,1056.9699707,1101.348627311739,1075.1367643169476,980.7058032402088,161331000
1525917600,1058.2199707,1059.33996582,1025.75,1028.86999512,1098.7601047334626,1074.1086138903488,981.1850489305549,204944000
1526004000,1026.33996582,1044.84997559,1014.29998779,1044.84997559,1096.834742978339,1073.458421928119,981.8185307878628,134822000
1526263200,1051.68994141,1066.97998047,1042.31005859,1066.97998047,1095.7685014601839,1073.314456562383,982.6659083966402,137941000
1526349600,1072.25,1084.19995117,1071.02001953,1073.5,1094.9731978366058,1073.3185797498854,983.5697302036389,158347000
1526436000,1073.5,1073.5,1052.18005371,1054.61999512,1093.5320120252984,1072.903055646999,984.2766980137519,150046000
1526522400,1055.20996094,1057.83996582,1030.64001465,1030.64001465,1091.285869261895,1071.9638769581768,984.7380245474459,129624000
1526608800,1033.32995605,1040.83996582,1013.57000732,1040.54003906,1089.473518183256,1071.2655694493285,985.293268472944,408221000
1526868000,1043.81994629,1043.81994629,1014.97998047,1014.97998047,1086.8130346934968,1070.0147785831211,985.5886586420689,123092000
1526954400,1006.17999268,1015.9699707,976.72998047,985.90997314,1083.209353923729,1068.1457829066073,985.5918558012523,180486000
1527040800,974.79998779,995.25,965.91998291,988.94000244,1079.8425913707385,1066.385654451794,985.6251706931802,182157000
1527127200,992.23999023,995.82000732,974.14001465,985.91998291,1076.4882124971407,1064.5975284175317,985.6281041480739,129287000
1527213600,981.4699707,987.55999756,963.90002441,963.90002441,1072.467205779743,1062.3598061062532,985.4119043496852,150254000
1527472800,938.85998535,951.34002686,927.4699707,931.75,1067.4415912876093,1059.4573659705588,984.8779550526734,219285000
1527559200,925.89001465,958.96002197,916,952.17999268,1063.3251056230517,1057.0734243418797,984.5526021932438,183987000
1527645600,953.40997314,953.40997314,932.26000977,948.5,1059.224208993657,1054.6606815787268,984.1938698331121,146253000
1527732000,947.96002197,975.51000977,945.28997803,971.25,1056.0822729581691,1052.8071108769773,984.0650751084045,182044000
1527818400,973.66998291,995.05999756,973.55999756,992.86999512,1053.824691606806,1051.4751749712666,984.1526862527985,204094000
1528077600,994.47998047,1013.7800293,992.01000977,1013.7800293,1052.3945250958486,1050.6375050674608,984.447485686104,166089000
1528164000,1013.59002686,1025.26000977,1011.59002686,1022.73999023,1051.3354345649254,1050.017560293295,984.8285056318143,212463000
1528250400,1020.9699707,1034.5,1012.97998047,1034.5,1050.7341690447495,1049.6727256201107,985.3227493568709,162083000
1528336800,1038.93005371,1043.70996094,1030.79003906,1036.68994141,1050.2325894863657,1049.3842193043304,985.833865695708,173150000
1528423200,1032.58996582,1039.06994629,1026.93994141,1039.01000977,1049.831783067924,1049.1536813146786,986.3629815571437,148151000
1528682400,1033.55004883,1045.59997559,1029.18994141,1039.02001953,1049.4456486558554,1048.9284888305747,986.8869321837393,185545000
1528768800,1033.55004883,1033.55004883,1005.09997559,1020.76000977,1048.421161552789,1048.3025226292286,987.2239777318613,212484000
1528855200,1017.92999268,1030.5300293,1017.92999268,1030.5300293,1047.7821925437609,1047.9075783330236,987.6548837176139,116056000
1528941600,1030.5300293,1033.45996094,1015.7199707,1015.7199707,1046.637113192198,1047.192298163401,987.9341383144535,166569000
1529028000,1012.71002197,1018.95001221,1006.75,1016.51000977,1045.561145212834,1046.5104695324364,988.218475343862,165427000
1529287200,1016.51000977,1018.97998047,986.88000488,987.34002686,1043.4818195573755,1045.1955708063822,988.209734562928,181390000
1529373600,972.38000488,972.61999512,941.57000732,962.15997314,1040.5774678996122,1043.350335302685,987.9505329567297,250987000
1529460000,957.36999512,980.95001221,955.60998535,980.95001221,1038.4479159106975,1041.9636614561807,987.8808760338767,154067000
1529546400,979.57000732,979.57000732,966.2800293,969.40002441,1035.9819197856725,1040.3511361884878,987.6969869629924,117050000
1529632800,963.89001465,983.57000732,959.90997314,983.16998291,1034.0957791829699,1039.0804438934103,987.6519421465447,132357000
1529892000,997.34002686,997.34002686,988.97998047,990.52001953,1032.5395020525066,1038.0013233520012,987.6804802299622,142087000
1529978400,977.7800293,983.7800293,970.75,983.02001953,1030.7709491052742,1036.7795166004012,987.634107486679,165380000
1530064800,981.44000244,984.46002197,968.90997314,968.90997314,1028.561628535086,1035.2713045235034,987.4477976921847,179449000
1530151200,964.76000977,976.11999512,954.46002197,957.34997559,1026.0183552156186,1033.5397194360924,987.1483168752476,159068000
1530237600,955.64001465,962.92999268,950.47998047,960.7800293,1023.6884150043466,1031.922837433068,986.8859458545984,146408000
1530496800,955.17999268,956.7800293,932.65997314,947.15002441,1020.9549010545485,1030.0389971436666,986.490563551667,168207000
1530583200,945.86999512,946.15997314,906.01000977,906.01000977,1016.8497263658146,1027.2827974242518,985.6897620215012,180700000
1530669600,904.34002686,914.98999023,890.83001709,914.98999023,1013.2118786466783,1024.787401708824,984.9862817051679,128079000
1530756000,914.47998047,921.84997559,892.66998291,899.40002441,1009.147169566797,1022.001015546628,984.1346771549672,142997000
1530842400,891.15997314,921.75,884.98999023,917.51000977,1005.8744138597685,1019.6789931960362,983.4717451411865,159156000
1531101600,922.7199707,929.5,915.11999512,915.11999512,1002.6331846190625,1017.3554599054577,982.7916282255528,119905000
1531188000,919.44000244,921.96002197,911.11999512,911.11999512,999.3648564226673,1014.9946717991141,982.0784776473881,118444000
1531274400,898.08001709,900.15997314,885.09002686,893.15997314,995.5718248768578,1012.2872340511339,981.1937164085086,158654000
1531360800,891.21002197,905.7199707,884.75,898.51000977,992.1053314801843,1009.7588512893309,980.3709929593692,113780000
1531447200,904.79998779,912.5300293,899.94000244,909.7199707,989.1629971666063,1007.5357650540125,979.6679977130074,140415000
1531706400,914.2199707,917.63000488,905.27001953,911.10998535,986.3753896017274,1005.3929699494788,978.9858284357636,136242000
1531792800,905.32000732,921.27001953,902.02001953,921.27001953,984.0501978134514,1003.5235710512682,978.4115417799848,155855000
1531879200,926.14001465,942.39001465,926.14001465,942.39001465,982.5623341290425,1002.1650475756844,978.0531186244625,223941000
1531965600,942.39001465,947.07000732,939.58001709,943.9699707,981.1840354351481,1000.8718236451136,977.7139828242191,199206000
1532052000,938.83001709,941.94000244,930.26000977,933.39001465,979.4771061213928,999.3722278896666,977.2729483150229,204001000
1532311200,931.52001953,949.14001465,930.25,936.73999023,977.9507805538431,997.9804003861185,976.8696352992515,208559000
1532397600,933.2199707,939.07000732,926.29998779,934.08001709,976.3839675729915,996.560391868427,976.4438679538858,203903000
1532484000,936.57000732,938.33001709,927.58001709,927.58001709,974.6409693414561,995.0274946511287,975.9576604826034,232715000
1532570400,928.96002197,930.32000732,920.98999023,930.15997314,973.0523623342613,993.5859941731036,975.5019621010849,195482000
1532656800,931.90002441,937.22998047,928.82000732,935.52001953,971.7119215198234,992.2956391810346,975.1041318267457,179258000
1532916000,940.76000977,949.72998047,937.69000244,949.72998047,970.9268521966154,991.3497356541227,974.8516527087681,193339000
1533002400,948.55999756,959.07000732,947.32000732,956.39001465,970.4076794270934,990.5728529651421,974.6679548176361,242403000
1533088800,957.34997559,960.04998779,949.89001465,952.77001953,969.7777630021972,989.7327899999168,974.4500649142765,202122000
1533175200,952.75,953.54998779,942.39001465,953.54998779,969.1981996017615,988.9287277285853,974.2421039478658,212461000
1533261600,957.91998291,966.09997559,955.13000488,959.59997559,968.8554058870558,988.2769776810611,974.0964111283845,197527000
1533520800,960.11999512,962.98999023,955.41998291,960.22998047,968.5473549793038,987.6537110763709,973.9584366939727,229662000
1533607200,957.70001221,962.02001953,953.71002197,956.78997803,968.1274486596858,986.9678503420071,973.7876062595053,162136000
1533693600,958.30999756,966.27001953,958.30999756,966.27001953,968.0611119050542,986.5078985461847,973.7128044015003,155165000
1533780000,968.57000732,972.52001953,963.5,963.5,967.8982150513023,985.9966119118251,973.6111844572067,167641000
1533866400,962.0300293,968.4699707,955.03997803,968.4699707,967.9186348958985,985.6071309960067,973.5600281014136,185247000
1534125600,966.46002197,978.03997803,963.40997314,978.03997803,968.2801114364022,985.4389720412066,973.6046047176185,213219000
1534212000,979.65997314,981.41998291,974.4699707,978.27001953,968.6368938683164,985.2796619854021,973.6510267555526,177300000
1534298400,980.45001221,982,961.36999512,961.36999512,968.3773617701622,984.7483360550598,973.5288274357958,188943000
1534384800,952.83001709,964.2800293,947.09002686,964.2800293,968.2310284676564,984.2934847938362,973.4367995936486,174033000
1534471200,971.40002441,975.52001953,968.88000488,968.88000488,968.2542061966686,983.9509630179732,973.3914583527168,151066000
1534730400,970.80999756,973.57000732,966.46002197,969.61999512,968.3029843725019,983.6324970646849,973.3539313553763,180832000
1534816800,968.46002197,979.21002197,968.45001221,979.21002197,968.6925214295554,983.5342198403586,973.4122009137308,200575000
1534903200,979.21002197,986.35998535,979.21002197,982.15002441,969.1731465359999,983.5034599419062,973.4991444311066,204108000
1534989600,984.11999512,989.45001221,982.47998047,987.35998535,969.8226764936427,983.5891605065304,973.63706324622,146851000
1535076000,985.48999023,989.21002197,982.88000488,987.04998779,970.4379376113698,983.6660677794964,973.770525181979,180074000
1535335200,990.19000244,994.53997803,990.0300293,991.91998291,971.2051535148922,983.8494881157299,973.9511168011633,189505000
1535421600,991.91998291,995.28997803,989.80999756,995.19000244,972.0617552622175,984.101499545158,974.1624489965745,176274000
1535508000,995.04998779,995.04998779,987.4699707,988.16998291,972.6370491067812,984.191910286599,974.3018274434743,176892000
1535594400,987.61999512,998.07000732,983.42999268,998.07000732,973.5453690429675,984.5003124428968,974.5383267457282,186695000
1535680800,998.54998779,1003.05999756,989.53997803,989.53997803,974.1166050782188,984.6123050114991,974.6875969077607,186547000
1536026400,990.78997803,992.17999268,975.94000244,975.94000244,974.1817264125681,984.4195871765769,974.7000586543502,185941000
1536112800,975.04998779,978.7800293,964.79998779,968.44000244,973.9766648421192,984.0644852935419,974.6377695377895,181149000
1536199200,968.36999512,970.84002686,957.98999023,958.19000244,973.412855470615,983.4894967856854,974.4741101636821,160383000
1536285600,955.5,969.34002686,955.5,968.90002441,973.2516829327359,983.165286288448,974.4186466238444,169771000
1536544800,969.73999023,974.59002686,968.19000244,970.34002686,973.1476952158524,982.8802805233713,974.3780633426121,190672000
1536631200,968.40997314,985.05999756,967.91998291,985.05999756,973.5731345852863,982.9287186797409,974.4843512452727,192817000
1536717600,990,994.83001709,987.01000977,987.01000977,974.0530229847403,983.0194140373022,974.6089846634292,184154000
1536804000,987.47998047,992.96002197,984.91998291,987.95001221,974.5493440284996,983.1289828855844,974.7417312061812,172902000
1536890400,987.95001221,995.54998779,987.95001221,991.34002686,975.1490112724817,983.3114505294603,974.9068883768659,178484000
1537149600,990.65002441,993.83001709,987.02001953,987.60998535,975.5940460609645,983.4069735254723,975.033287351723,164609000
1537236000,983.42999268,993.48999023,981.89001465,993.48999023,976.2331869241443,983.6310405633507,975.2169361365815,197385000
1537322400,998.65002441,1001.83001709,994.5,995.53997803,976.9227151779248,983.8956836181651,975.419155458904,244417000
1537408800,995.53997803,1004.73999023,995.53997803,1004.73999023,977.9161892869275,984.3588904317614,975.7109050586164,204560000
1537495200,1006.25,1009.09997559,1000.39001465,1002.9699707,978.8109671945373,984.7724699932778,975.9821395426103,302452000
1537754400,1007.52001953,1011.28997803,1007.45001221,1011.28997803,979.9709318672324,985.3617479496494,976.3334613186042,186723000
1537840800,1011.94000244,1014.5300293,1008.66998291,1010.73999023,981.0698268087598,985.9257088892127,976.6758148401107,231985000
1537927200,1008.92999268,1014.85998535,1007.44000244,1009.60998535,982.0891181852327,986.4520261438969,977.0035180292638,261506000
1538013600,1012.57000732,1017.7800293,1010.48999023,1015.36999512,983.277720932903,987.0946476766992,977.3852740202163,207781000
1538100000,1019.34002686,1020.84002686,1015.40002441,1017.13000488,984.4867310738707,987.7621000589947,977.7807439790201,247222000
1538359200,1019.48999023,1023.86999512,1012.88000488,1012.88000488,985.5007765669468,988.3202757216837,978.1299903561443,247860000
1538445600,1014.26000977,1021.51000977,1013.10998535,1018.78997803,986.6896766191987,988.997380217424,978.5345673479239,358391000
1538532000,1021.08001709,1024.58996582,1016.4699707,1020.40002441,987.8936176117273,989.6952167550369,978.9511390599844,174390000
1538618400,1024.68005371,1024.68005371,1020.40002441,1023.61999512,989.1695596655942,990.4491007187028,979.3956052894373,196618000
1538704800,1020.21002197,1020.77001953,1008.39001465,1008.39001465,989.8560044864658,990.8477876949538,979.6841068751146,294151000
1538964000,1003.30999756,1006.13000488,996.11999512,996.11999512,990.0797184376635,990.9649478599548,979.8476480516806,205516000
1539050400,998.70001221,1001.86999512,996.19000244,996.19000244,990.2979428663183,991.0810601839559,980.0102585431067,202594000
1539136800,998.65997314,999.61999512,991.2199707,993.96002197,990.4287314057354,991.1450371125346,980.1490621592947,191361000
1539223200,972.21002197,972.21002197,938.83001709,945.89001465,988.8380629501735,990.1393699467005,979.808176114426,353532000
1539309600,939.20001221,970.08001709,933.34997559,970.08001709,988.1681327408816,989.693606549885,979.7113785121929,228890000
1539568800,968.79998779,969.35998535,951.64001465,951.64001465,986.8635570947787,988.847971174332,979.4320614588378,144306000
1539655200,950.35998535,963.69000244,950.35998535,963.36999512,986.0245013099652,988.2817939286801,979.2722399032275,149133000
1539741600,973.14001465,975.27001953,969.05999756,971.59997559,985.5093396771093,987.9110868544873,979.1958989647874,152274000
1539828000,968.92999268,970.75,962.67999268,963.4699707,984.7222193564983,987.3679509399432,979.0394220666303,145459000
1539914400,949.94000244,959.63000488,945.83001709,958.35998535,983.7807109991234,986.7233294823889,978.8336565271613,153570000
1540173600,958.35998535,963.78997803,953.51000977,953.51000977,982.6996145266546,985.9852557110024,978.581679942513,147531000
1540260000,950.11999512,950.41998291,925.28997803,939.67999268,981.1631994607027,984.956249865869,978.1945984772144,202937000
1540346400,935.25,939.05999756,922.72998047,922.72998047,979.0762987824633,983.5734438792941,977.642711730874,149346000
1540432800,902.59002686,912.07000732,885.34002686,910.16998291,976.6153589298752,981.9422558577543,976.9713412948454,177771000
1540519200,918.10998535,918.15997314,900.82000732,900.82000732,973.9083820866654,980.139539223582,976.2136165786777,157344000
1540778400,895.04998779,897.84002686,884.91998291,888.82000732,970.8695115592844,978.1102162923913,975.3440284268501,139993000
1540864800,881.32000732,894.79998779,880.84997559,888.69000244,967.9345290907386,976.1231004290048,974.481799312553,133316000
1540951200,894.22998047,914.76000977,894.22998047,914.76000977,966.0354391149979,974.759476192138,973.887552650438,216192000
1541037600,915.52001953,918.84002686,905.72998047,907.96002197,963.9613170741051,973.2750438760904,973.2315573202844,182193000
1541124000,911.34997559,927.61999512,910.40002441,924.85998535,962.5648409411014,972.1991536866218,972.7502481464508,222362000
1541383200,920.86999512,925.5300293,915.77001953,925.5300293,961.2421690967763,971.1620620335858,972.2803952226054,136548000
1541469600,931,931.27001953,921.92999268,922.04998779,959.84244833582,970.0706826059505,971.7805901735247,139121000
1541556000,922.0300293,924.59997559,915.40997314,922.15997314,958.496645650255,969.0060001733739,971.2868526906041,143105000
1541642400,928.69000244,932.85998535,925.53997803,926.2800293,957.3460522091744,968.0565341539656,970.8390236021403,145778000
1541728800,921.10998535,925.30999756,914.28997803,914.28997803,955.808335274204,966.8617217956552,970.2763465317707,149092000
1541988000,909.35998535,918.98999023,903.95001221,918.11999512,954.4623231258395,965.778572313974,969.7573778610068,125016000
1542074400,904.34997559,910.20001221,903.47998047,905.38000488,952.7093831884881,964.4363819265524,969.1168069855739,170034000
1542160800,904.15997314,910.58001709,898.83001709,900.92999268,950.8601192417564,963.0251288321846,968.4383312213394,142266000
1542247200,901.13000488,903.83001709,892.5,897.15002441,948.9419015691936,961.5612376228027,967.7289948351569,166086000
1542333600,901.44000244,903.21002197,894.14001465,898.19000244,947.129333743151,960.1529879520737,967.0370645625683,160633000
1542592800,902.65002441,916.05999756,900.60998535,916.05999756,946.0197145937528,959.1731437211387,966.5298300650303,149938000
1542679200,909.76000977,919.02001953,909.76000977,919.02001953,945.0554397700474,958.2808520724467,966.0570956318459,159138000
1542765600,909.83001709,922.55999756,907.4699707,922.55999756,944.2520311196886,957.4870553055034,965.6242886858573,152759000
1542852000,924.92999268,926.15002441,922.02001953,924.41998291,943.5437436836282,956.7522314744922,965.2142955935602,155621000
1542938400,923.90997314,925.84002686,916.86999512,917.9699707,942.6303946484986,955.8904034572813,964.7442028085496,137965000
1543197600,915.66998291,921.96002197,914.42999268,921.0300293,941.8589530289094,955.1157284760084,964.309235907967,118732000
1543284000,925.11999512,930.36999512,921.26000977,923.11999512,941.1897045321626,954.4047121792082,963.8993927160469,152639000
1543370400,923.11999512,930.20001221,922.0300293,930.20001221,940.7972155206568,953.8668299576702,963.5640754970813,136360000
1543456800,934.88000488,937.75,926.78997803,926.78997803,940.2969570388476,953.2651221370553,963.1981640794984,131818000
1543543200,924.48999023,928.91998291,921.08001709,926.53997803,939.8056363599602,952.6712300457874,962.8334060093541,158587000
1543802400,937.70001221,951.59002686,937.09997559,951.59002686,940.2265074492474,952.6472033083255,962.7215315899575,209832000
1543888800,952.9699707,960.44000244,950.89001465,958.84002686,940.8912759996314,952.7848216094739,962.682909652346,227419000
1543975200,950.34002686,960.86999512,946.9699707,957.14001465,941.4715880942874,952.8816036770411,962.6277564682431,212455000
1544061600,957.14001465,959.59002686,948.44000244,954.82000732,941.9483173523486,952.9246793135513,962.5500674219919,179144000
1544148000,956.48999023,962.39001465,955.96002197,958.59002686,942.542664120479,953.0505759256946,962.5106640333154,190455000
1544407200,955.05999756,958.25,951.5,955.89001465,943.0193552108191,953.1136745640125,962.4447869250237,213518000
1544493600,955.92999268,957.9699707,949.34002686,954.58001709,943.4322359922184,953.1462599534789,962.3665305087547,180822000
1544580000,956.32000732,961.2800293,956,961.2800293,944.069657181782,953.3270103834016,962.3557195514537,222073000
1544666400,961.2800293,966.83001709,960.09997559,960.25,944.6475265681469,953.4808545971038,962.3347671181059,171856000
1544752800,958.7800293,960.09002686,951.03997803,952.03997803,944.9115426917845,953.4488351178347,962.2323314057865,200321000
1545012000,948.09002686,948.09002686,933.65002441,933.65002441,944.5093456102921,953.0088615465495,961.9479303411517,255174000
1545098400,933.65002441,933.65002441,917.0300293,927.25,943.8929404099246,952.4364424010706,961.6026773029313,175722000
1545184800,926.34997559,927.0300293,914.54998779,919.23999023,943.0124779034987,951.6987434639357,961.1811580285738,186090000
1545271200,915.5,921.78997803,914.17999268,918.23999023,942.1277462008737,950.9552156142927,960.7538827270954,146894000
1545357600,911.57000732,915.02001953,907.88000488,912.26000977,941.0610413283425,950.0953221510862,960.2713566280198,199106000
1545616800,910.85998535,916.40997314,908.55999756,908.55999756,939.9002897651874,949.1723149379509,959.7568157417709,158974000
1545703200,893.71002197,897.94000244,882.16998291,897.94000244,938.4017080750021,948.033819104663,959.1417230721015,250432000
1545789600,896.63000488,899.48999023,890.85998535,891.75,936.7355756437521,946.7830675690038,958.4711586634239,139066000
1545876000,904.79998779,906.63000488,900.80999756,900.80999756,935.4525192836181,945.761443791026,957.8974157668724,151685000
1545962400,903.78997803,903.78997803,892.53997803,892.53997803,933.9199285245603,944.5787445518921,957.2470930033214,175944000
1546394400,900.09997559,900.09997559,891.09997559,891.75,932.4138596486831,943.404772450739,956.5953806351291,111519000
1546480800,889.7800293,892.21002197,872.11999512,878.2199707,930.4783636148015,941.9562213007225,955.815525809904,156575000
1546567200,872.69000244,881.47998047,861.84997559,880.90002441,928.7077086432015,940.5994169253731,955.0700979352781,136567000
1546826400,890.4699707,896.63000488,885.29998779,889.64001465,927.3124338577301,939.4669857636982,954.4190523304495,127549000
1546912800,891.36999512,891.86999512,883.66998291,887.44000244,925.888418449954,938.3108305787271,953.7525941225844,112829000
1546999200,890.26000977,897.25,888.60998535,896.98999023,924.8563317278127,937.3925896820887,953.1877920938024,160508000
1547085600,897.84997559,899.4699707,895.16998291,898.29998779,923.9078908728909,936.5238651955979,952.6416447872969,130589000
1547172000,899.09997559,904.36999512,899.09997559,902.71002197,923.1508241263591,935.7724464572512,952.1448127194631,131413000
1547431200,903.83001709,903.83001709,897.17999268,901.79998779,922.3882942572035,935.0175029313124,951.6438691878266,143845000
1547517600,901.21002197,909.67999268,898.91998291,909.67999268,921.934426343732,934.4544471479498,951.2263181777985,127191000
1547604000,911.32000732,912.47998047,906.39001465,908.70001221,921.4617686960987,933.882126371551,950.8031708547358,164291000
1547690400,908.47998047,909.05999756,901.89001465,901.89001465,920.7627774801666,933.1711905555164,950.3164727830468,133889000
1547776800,902.70001221,906.34997559,900.64001465,902.29998779,920.1033921340893,932.4851638273939,949.8386968129668,140748000
1548036000,905.25,911.73999023,903.09002686,911.04998779,919.7800562646576,932.0088265821184,949.4527395092556,165627000
1548122400,912.72998047,913.36999512,906.54998779,906.54998779,919.3075538191341,931.4430746089603,949.0258464573227,152164000
1548208800,905.72998047,910.11999512,905.11999512,908.17999268,918.9101409213079,930.9261172327612,948.6194200515782,129143000
1548295200,908.55999756,910.59002686,906.59002686,908.78997803,918.5487065323326,930.4342030282554,948.2231071956421,110294000
1548381600,908.85998535,911.59002686,907.96002197,908.88000488,918.2033957590351,929.9552208471831,947.8316335407601,117585000
1548640800,912.5300293,913.42999268,908.90002441,912.17999268,917.988274220498,929.5602157768012,947.4768908456282,133321000
1548727200,913.66998291,915.92999268,907.09002686,915.92999268,917.9147641654803,929.2573219302056,947.1629913613931,121444000
1548813600,914.08001709,917.79998779,913.47998047,915.84002686,917.8406664045702,928.9591598175344,946.851320072822,139396000
1548900000,919.11999512,920.35998535,910.38000488,910.65002441,917.583857761907,928.5522901418115,946.4911081756794,138050000
1548986400,911.97998047,912.80999756,907.52001953,908.66998291,917.2655050886246,928.1104610922157,946.1147785710458,140799000
1549850400,916.21002197,926.09997559,916.07000732,926.09997559,917.5810218922452,928.065783636611,945.9156263025777,124643000
1549936800,930.36999512,938.64001465,926.97998047,937.53997803,918.2938417543079,928.2763212897974,945.832286518771,188420000
1550023200,937.60998535,945.25,937.34002686,945.25,919.256561691654,928.6535141500241,945.8264926230618,215275000
1550109600,946.53997803,953.65997314,945.98999023,952.34002686,920.438114019095,929.1798810991346,945.8913039090014,181056000
1550196000,951.90002441,955.40002441,948.26000977,950.89001465,921.5256818987701,929.662328511376,945.9410423243347,160689000
1550455200,954.84997559,961.29998779,953.32000732,961.29998779,922.946192823457,930.3653876064566,946.0938676523513,194653000
1550541600,962.84002686,971.91998291,962.80999756,964.34997559,924.4248993508335,931.1206006727575,946.2755204676513,231963000
1550628000,963.28997803,972.75,963.28997803,970.58001709,926.0732964129465,931.9974765931407,946.5173562549384,170875000
1550714400,972.82000732,987.57000732,970.30999756,987.57000732,928.2696075167698,933.2324217204043,946.925840345138,178584000
1550800800,983.98999023,993.15997314,982.85998535,988.90997314,930.4353348604566,934.4697006408397,947.343592910261,215631000
1551060000,996.05999756,999.90002441,992.7199707,994.42999268,932.7208583540117,935.8021515750432,947.8121143010047,227743000
1551146400,991.63000488,996.44000244,979.23999023,987.05999756,934.6615418970828,936.9412148191534,948.2026405025867,251652000
1551232800,989.60998535,994.46002197,988.09002686,990.27001953,936.6475589554012,938.1262993682833,948.6212213884316,258927000
1551319200,989.84002686,990.25,965.4699707,965.4699707,937.6769308034226,938.7339365089881,948.788870635313,224812000
1551405600,971.04998779,980.82000732,970.53997803,979.63000488,939.1752548775861,939.642738028344,949.0957475929715,170041000
1551664800,983.5,994.46002197,983.33001709,993.98999023,941.1329239973152,940.8504547439363,949.542456474932,235644000
1551751200,990.08001709,1000.25,987.91998291,992.45001221,942.9656771477682,941.9971115765155,949.9693973280173,297444000
1551837600,993.01000977,994.48999023,985.51000977,994.48999023,944.8058311864194,943.1636199910374,950.4123883021664,250925000
1551924000,995.65002441,1004.54998779,994.0300293,994.0300293,946.5638382619044,944.2939846423477,950.8463946802543,210695000
1552010400,987.89001465,991.97998047,984.47998047,985.25,947.9454868954078,945.2041183169622,951.1887191112966,202509000
1552269600,982.94000244,987.10998535,981.34002686,984.59997559,949.2545757773576,946.0795818119186,951.5211694245174,178657000
1552356000,991.14001465,1001.32000732,990.46002197,1001.32000732,951.1140554753091,947.3071468232093,952.0166802493482,208194000
1552442400,1003.75,1009.77001953,1003.01000977,1005.40997314,953.0531953919052,948.5983207413602,952.5479567955238,229381000
1552528800,1006.36999512,1011.39001465,1002.09002686,1008.44000244,955.0312956436229,949.9281358902189,953.1040965531803,224543000
1552615200,1008.44000244,1008.44000244,1001.09997559,1004.11999512,956.7844634820649,951.1323994286585,953.6117174344422,250277000
1552874400,1004.11999512,1013.28997803,1004.11999512,1011.85998535,958.7514464059198,952.4819013380217,954.1913021898209,230553000
1552960800,1013.75,1014.51000977,1004.2199707,1006.59002686,960.4599671364226,953.684304127399,954.7126825347979,236585000
1553047200,1002.85998535,1003.25,992.02001953,1002.29998779,961.9542535883361,954.7646526532345,955.1861880597253,300087000
1553133600,1005.11999512,1006.36999512,981.7800293,981.7800293,962.6623170066098,955.364994356496,955.4508033954494,200032000
1553220000,984.90002441,990.07000732,981.29998779,988.71002197,963.5925921838738,956.1059949701295,955.7817408937036,206929000
1553479200,976.5300293,976.5300293,964.76000977,970.07000732,963.8239284387354,956.4163063556822,955.9239126989404,245781000
1553565600,970.07000732,978.98999023,966.90002441,969.78997803,964.0370016384234,956.7134990595559,956.0618834982545,175420000
1553652000,976.66998291,979.32000732,972.25,975.90997314,964.4610363349083,957.1400873724547,956.2593769275255,159938000
1553738400,973.44000244,983.17999268,972.59997559,982.97998047,965.1224271968758,957.7143072190668,956.5252535796894,217067000
1553824800,985.34997559,988.23999023,980.76000977,980.76000977,965.6809122887731,958.2264339424208,956.7663954323293,173909000
1554084000,980.76000977,988.5300293,980.76000977,988.5300293,966.4969521820312,958.8998471725893,957.0824514907141,188618000
1554170400,994.86999512,996.40997314,985.47998047,985.80999756,967.186703802673,959.4978505145317,957.3682977202592,236019000
1554256800,984.73999023,985.26000977,980.29998779,984.46002197,967.8036080229347,960.0525654357643,957.637867115779,216942000
1554343200,987.4699707,989.08001709,982.94000244,986.90997314,968.485978205687,960.6493967180807,957.9291318523385,165305000
1554429600,986.90997314,990.38000488,986.39001465,989.26000977,969.2279079044125,961.2851881192344,958.24088188137,189285000
1554688800,989.26000977,997.55999756,989.26000977,997.55999756,970.2397682492549,962.0912949956959,958.6321168632469,163687000
1554775200,999.89001465,1000.02001953,987.82000732,988.47998047,970.8912043999958,962.6777102284582,958.9291105309758,165184000
1554861600,984.78997803,987.27001953,976.83001709,981.90997314,971.2847318549959,963.1050938487147,959.1577758305681,159913000
1554948000,984.46002197,985.95001221,981.05999756,985.95001221,971.8084918676747,963.6127587011877,959.4243652472788,129479000
1555034400,984.65997314,984.69000244,980.26000977,982.90002441,972.2046180299005,964.0413646058279,959.6579538956641,153834000
1555380000,970.86999512,978.5300293,963.05999756,977.16998291,972.381952489904,964.3331116792539,959.8322029405829,150022000
1555466400,977.16998291,980.71002197,972.09997559,972.09997559,972.371881886336,964.5057086550482,959.9542703301294,186724000
1555552800,969.5,973.72998047,962.04998779,962.29998779,972.0121713828954,964.456692635825,959.9776108023668,160385000
1555639200,968.27001953,971.72998047,965.46002197,966.21002197,971.8049517610064,964.4956555099178,960.0396248438358,106976000
1555898400,963.7800293,966.69000244,959.33001709,965.85998535,971.5926315320419,964.5259739508085,960.097538878723,216344000
1555984800,964.84002686,970.97998047,964.34997559,968,971.4643232630403,964.6031745296794,960.1761703326661,154888000
1556071200,969.65997314,978.71002197,969.65997314,976.91998291,971.6591682504318,964.8768813825754,960.3427754329381,134072000
1556157600,976.46002197,976.46002197,971.91998291,974.13000488,971.7474124157735,965.0825063491849,960.4799617955954,149115000
1556244000,972.85998535,979.64001465,970.72998047,979.64001465,972.0292910669959,965.4060065336474,960.670609087679,118540000
1556762400,978.80999756,979.92999268,975.51000977,978.5,972.2603878146032,965.696984166233,960.8480159624285,152162000
1556848800,976.77001953,977.13000488,971.75,974.14001465,972.3275173444388,965.8846070658723,960.9802746558371,148566000
1557108000,964.36999512,964.89001465,955.40997314,957.9699707,971.8147478214231,965.7087262577418,960.9503213826447,155652000
1557194400,961.30999756,965.60998535,955.41998291,957.55999756,971.3056495978009,965.527643397792,960.9165868172453,145340000
1557280800,950.09997559,953.88000488,947.85998535,951.2199707,970.5883039228794,965.2096951156188,960.8201030747852,143298000
1557367200,950.65997314,953.65997314,944.90997314,947.01000977,969.746221988848,964.805257663494,960.682689211056,181398000
1557453600,950.36999512,953.91998291,947.84997559,952.54998779,969.1320707674606,964.5329183329719,960.6017668088564,131033000
1557712800,952.10998535,958.53997803,951.76000977,958.53997803,968.7537817411228,964.3997418817947,960.581251497624,232040000
1557799200,952.13000488,965.34002686,952.13000488,965.34002686,968.6318619239398,964.4206371035326,960.6286024962545,158178000
1557885600,967.95001221,977.65002441,967.95001221,975.64001465,968.8821530927277,964.6699566045652,960.7779697813664,188853000
1557972000,976.96002197,981.2199707,975.69000244,975.69000244,969.1252905694159,964.9148465120193,960.9263482157806,170217000
1558058400,977.84997559,980.03997803,974.90997314,976.47998047,969.3879580658654,965.1718494888632,961.0811107257729,135086000
1558317600,975.95001221,987.13000488,974.4699707,987.13000488,970.0216025949417,965.6598084975552,961.3403037024318,153160000
1558404000,989.66998291,992.84002686,986.07000732,986.28997803,970.6026160033366,966.1182567093873,961.5885591683777,206556000
1558490400,986.65997314,992.26000977,982.67999268,983.7800293,971.0732379067889,966.5107405447343,961.8093698164536,174957000
1558576800,982,984.57000732,977.16998291,982.71002197,971.4888373376178,966.8707245764068,962.0173365045486,160089000
1558663200,976.59002686,983.14001465,970.0300293,970.0300293,971.43673705056,966.9409313480422,962.0970647910705,168343000
1558922400,970.72998047,975.40002441,970.40997314,975.14001465,971.5689969648257,967.1231331991969,962.2268453866817,138466000
1559008800,977.02001953,978.79998779,969.51000977,972,971.5843899303677,967.2315080169925,962.3240907062172,148991000
1559095200,973.30999756,974.96002197,969.54998779,971.53997803,971.5828037910688,967.3272517950594,962.4157910775982,145310000
1559181600,971.01000977,974.55999756,967.21002197,969.34002686,971.5027046149593,967.3719801298358,962.4846889460798,159993000
1559268000,968.5300293,969.94000244,959.88000488,959.88000488,971.0876081958536,967.2054917909506,962.4587716916909,136533000
1559527200,953.58001709,955.7800293,940.2800293,946.4699707,970.208406856716,966.744702433374,962.2996791445099,184657000
1559613600,945.61999512,951.41998291,943.21002197,951.15997314,969.5281056525475,966.3983751157434,962.1888362986939,162400000
1559700000,955.79998779,958.39001465,951.39001465,951.40997314,968.8810294913851,966.0652995162825,962.0815839289556,131581000
1559786400,951.40997314,951.40997314,939.34997559,948.21002197,968.1427792227643,965.6685155708095,961.9435584368267,125899000
1559872800,951.64001465,958.2800293,950.94000244,958.2800293,967.7905381540941,965.5043269870138,961.9071054105897,148035000
1560132000,963.7800293,966.90002441,958.59997559,962.90002441,967.6158769489479,965.4464535964134,961.9169852016286,154898000
1560218400,962.42999268,964.80999756,959.97998047,962.07000732,967.4178101764854,965.3714214569376,961.9185078097715,136379000
1560304800,960.59997559,960.59997559,953.83001709,954.16998291,966.9446734883967,965.122500600339,961.8414080595251,138110000
1560391200,951.26000977,952.05999756,946.28997803,950.08001709,966.342364331311,964.7882231889981,961.7243792936591,142809000
1560477600,948.65002441,954.70001221,948.65002441,953.60998535,965.8876365105499,964.5398179036871,961.6436390554138,155879000
1560736800,953.9699707,955.17999268,944.4699707,946.95001221,965.2112927855303,964.1489333327163,961.4974338131709,174370000
1560823200,945.72998047,947.29998779,938.95001221,944.01000977,964.4541041064042,963.7014016979892,961.3234295938358,166942000
1560909600,948.91998291,950.03997803,946.83001709,949.69000244,963.9268147611755,963.3900372700339,961.2076740997678,147358000
1560996000,949.47998047,962.33001709,948.9699707,959.17999268,963.7572854011335,963.2964807235887,961.1874981652428,185490000
1561082400,962.69000244,964.52001953,959.11999512,959.20001221,963.5945256443073,963.2054480899534,961.1677221855887,206137000
1561341600,960.28997803,967.10998535,959.79998779,962.84997559,963.5679345709392,963.1975487010656,961.1844610254335,150299000
1561428000,961.19000244,963.22998047,960.05999756,960.13000488,963.4451513676913,963.1293810605974,961.1739689244839,164348000
1561514400,960.13000488,962.70001221,958.38000488,959.13000488,963.2910389931309,963.0405060343619,961.1536309737926,252317000
1561600800,959.47998047,959.47998047,943.10998535,943.10998535,962.5702870773048,962.5976055747094,960.9740922113668,159030000
1561687200,944.5300293,949.94000244,939.11999512,949.94000244,962.1192054831154,962.3163255050492,960.8643002733432,182625000
1561946400,958.91998291,965.60998535,957.65997314,965.60998535,962.243876192647,962.3895179460482,960.9115210203746,166445000
1562032800,964.77001953,966.76000977,959.79998779,961.97998047,962.2344513454096,962.3804171132471,960.9221524576843,138217000
1562119200,960.44000244,961.66998291,956.90997314,960.39001465,962.1685786062878,962.3361859473971,960.9168575541253,136594000
1562205600,961.7800293,973.03997803,961.65002441,973.03997803,962.5568428714204,962.5740479936771,961.0374856185618,189898000
1562292000,973.03997803,975.34002686,970.15997314,975.34002686,963.0133851567268,962.8577364129287,961.1797994617602,137917000
1562551200,972.83001709,972.83001709,963.84002686,966.34997559,963.1325491007723,962.9353417279748,961.2312440003496,165879000
1562637600,965.23999023,969.04998779,963.04998779,969.04998779,963.3438861968161,963.0712227515753,961.3090424460178,169482000
1562724000,971.19000244,974.96002197,971.19000244,973.65002441,963.7119625615727,963.3063072328737,961.4318382864554,154564000
1562810400,976.95001221,980.02001953,975.0300293,978.63000488,964.2447497872308,963.6468338472542,961.6029643222121,161663000
1562896800,980.10998535,982.09997559,974.32000732,975.40002441,964.6431524523298,963.9080158597598,961.7402485021901,157306000
1563156000,975.57000732,975.65997314,970.92999268,972.5300293,964.9248266254608,964.0996161584318,961.8476095051534,150551000
1563242400,975.04998779,982.10998535,975.04998779,982.10998535,965.5385822941944,964.4998465849111,962.0492251852016,174668000
1563328800,981.48999023,985.59002686,979.04998779,982.57000732,966.1468474736874,964.9014057123575,962.253412072115,170019000
1563415200,979.15997314,979.48999023,975.01000977,976.04998779,966.5005310564129,965.1491519807495,962.390691432492,139846000
1563501600,978.11999512,986.11999512,978.11999512,982.34002686,967.0662273351124,965.5311714225106,962.5891922825169,170265000
1563760800,981.16998291,985.13000488,980.08001709,982.03997803,967.6010041456442,965.8980337915659,962.7827324392083,164372000
1563847200,981.38000488,990.45001221,980.2199707,989.46002197,968.3816833536569,966.4216335288645,963.0481781061814,184831000
1563933600,993.01000977,994.84997559,986.34002686,988.40997314,969.0969794174548,966.9102632980008,963.3005342756721,169642000
1564020000,986.84997559,997.48999023,986.84997559,994.95001221,970.0203020171886,967.5333688293786,963.6154544541232,171789000
1564106400,994.79998779,998.52001953,992.9699707,993.34997559,970.8535046447889,968.1070712018368,963.9113203360722,152405000
1564365600,994.22998047,997.94000244,988.28997803,997.94000244,971.8208795660464,968.7700252293515,964.2499141878526,147825000
1564452000,1001.46002197,1002.77001953,986.02001953,986.02001953,972.3279917076162,969.1533584360326,964.466532151456,154322000
1564538400,986,993.40002441,982.64001465,991.65997314,973.0184196159156,969.6535054294541,964.7371136538296,172876000
1564624800,993.25,997.39001465,990.88000488,997.39001465,973.8888337242757,970.2698723010218,965.0620181413537,222656000
1564711200,987.54998779,991.39001465,985.69000244,991.09997559,974.5035173623373,970.7327634852213,965.3211022950716,186788000
1564970400,988.59997559,988.98999023,973.15002441,973.15002441,974.4551783283252,970.7864803946609,965.3990020176082,195934000
1565056800,960.28997803,966.15002441,958.39001465,964.60998535,974.103564293385,970.6492249492239,965.3911511054927,210927000
1565143200,967.17999268,971.96002197,961.64001465,965.92999268,973.8116510214784,970.544353121019,965.3965127131992,219153000
1565229600,965.92999268,975.83001709,964.21002197,975.23999023,973.8626631360685,970.6487006123297,965.4944577631176,219237000
1565316000,976.40997314,978.69000244,974.33001709,974.34002686,973.8797118404946,970.7307300845001,965.5824733760219,192308000
1565575200,975.38000488,977.63000488,973.2199707,975.30999756,973.930793473334,970.8324915839556,965.6792646614346,174552000
1565661600,972.70001221,973.09002686,964.0300293,966.83001709,973.6771943167863,970.7435477063121,965.6907149343556,181503000
1565748000,975.88000488,975.98999023,968.90997314,968.90997314,973.5069364176154,970.7028016048386,965.7227473543122,151488000
1565834400,958.04998779,979.38000488,955.76000977,979.38000488,973.7166888627006,970.8956283442866,965.8586404640206,182910000
1565920800,974.88000488,985.60998535,974.88000488,980,973.9410928318898,971.0979477144135,965.9993505091547,198006000
1566180000,984.03997803,985.47998047,979.16998291,981.0300293,974.1942691343223,971.3186606385377,966.1489095020985,158090000
1566266400,983.94000244,985.34997559,981.75,984.66998291,974.568401769168,971.6153566890147,966.3331987897393,177940000
1566352800,984.35998535,995.44000244,983.29998779,994.38000488,975.2759590231262,972.1212377599254,966.6122714871549,201557000
1566439200,996.40997314,998.66998291,993.22998047,997.26000977,976.0611036926574,972.6798771379271,966.9172241068846,152999000
1566525600,998.21002197,998.21002197,990.83001709,992.45001221,976.6464218539911,973.119213472862,967.1712816999504,162568000
1566784800,983.79998779,984.60998535,977,982.88000488,976.8690498192058,973.3361199485762,967.3275874032345,189790000
1566871200,986.33001709,988.48999023,976.78997803,976.78997803,976.8662258267341,973.4128723503857,967.4217405437993,199812000
1566957600,977.09997559,981.34997559,977.09997559,977.26000977,976.8802895389936,973.4983642930438,967.5196337699306,147214000
1567044000,978.16998291,978.7800293,973.34002686,978.59002686,976.9413515861723,973.6115123500872,967.6297869350059,138392000
1567130400,980.25,984.86999512,980.25,984.05999756,977.1955889423805,973.8437009103075,967.7932716178417,143164000
1567476000,984.78997803,985.21002197,978.61999512,979.35998535,977.2728888140812,973.9662850089672,967.9083632967687,186475000
1567562400,977.9699707,979.90997314,973.36999512,977.63000488,977.2856429592925,974.0477010061013,968.0050960488406,157393000
1567648800,979.83001709,981.66998291,976.78997803,976.78997803,977.2679406403893,974.1086404955213,968.0925078098472,159540000
1567735200,977.83001709,978.72998047,973.86999512,974.08001709,977.1540862278754,974.108004419843,968.1520850166149,161159000
1567994400,974.5300293,975.0300293,972.4699707,974.11999512,977.0457258311656,974.1082708798465,968.2114672066983,155334000
1568080800,974.61999512,977.44000244,968.35998535,970.26000977,976.8033788289811,974.0227539662943,968.2318507147909,161445000
1568167200,969.59002686,973.13000488,967.14001465,969.30999756,976.5357580693747,973.9180260461544,968.2425785440964,154514000
1568253600,972.39001465,976.07000732,972.30999756,976.07000732,976.5191241140399,973.9658478522399,968.3204634075382,141321000
1568340000,976.07000732,987.2199707,975.95001221,987.2199707,976.9012972063956,974.2603839155234,968.5085182064682,189231000
1568599200,987.07000732,992.59997559,986.7199707,989.85998535,977.3641074972386,974.6070417251785,968.7209706158566,187152000
1568685600,990.05999756,996.73999023,986.96002197,996.73999023,978.0561033091229,975.0988850252857,968.9997668309227,231436000
1568772000,995.75,998.40002441,993.94000244,995.15002441,978.6666004912971,975.5444659005016,969.2599683988738,191036000
1568858400,995.48999023,997.20001221,990.54998779,997.09997559,979.3249353162508,976.0234772269349,969.5369833958003,186922000
1568944800,997.59997559,998.55999756,990.35998535,990.35998535,979.7190442460276,976.3420662963364,969.7441774450958,203600000
1569204000,991.75,993.97998047,985.75,985.75,979.9344355229551,976.5511314897511,969.903439361065,207505000
1569290400,986.33001709,991.35998535,984.94000244,988.13000488,980.2271344285639,976.8084397873122,970.0847982219499,165040000
1569376800,985.96002197,989.17999268,983.05999756,987.29998779,980.4797363343295,977.041585298483,970.2560936405374,171566000
1569463200,988.70001221,991.65997314,986.34997559,990.75,980.8465314652462,977.3462167362945,970.4600131068007,152560000
1569549600,992.26000977,998.34002686,991.5,997.84002686,981.4534420150588,977.8016347390435,970.7324510545938,180737000
1569808800,999.91998291,1004.16998291,996.51000977,996.55999756,981.9929618559496,978.2184872461759,970.9894415670854,176215000
1569895200,997.86999512,999.7199707,996.20001221,999.59002686,982.6214284632371,978.6934103487052,971.2740245053233,210254000
1569981600,999.17999268,1000.92999268,989.63000488,991.19000244,982.9274489624072,978.9711123951785,971.4721934399967,178784000
1570068000,985.65002441,992.45001221,983.34997559,989.66998291,983.1682537462498,979.2088650732857,971.6532659720365,140120000
1570154400,993.69000244,994.80999756,987.59002686,987.59002686,983.326174214598,979.3951131129904,971.8118407072401,205009000
1570413600,989.45001221,990.34002686,983.09002686,983.09002686,983.3177403805053,979.4772223073684,971.924061464979,178899000
1570500000,983.61999512,988.51000977,981.89001465,988.2199707,983.4928200347729,979.6715056049824,972.0862098155762,178375000
1570586400,987.82000732,992,986.73999023,987.83001709,983.6477199296024,979.852805860205,972.2428646143268,182539000
1570672800,988.80999756,990.89001465,986.92999268,987.38000488,983.781015820688,980.0200769495337,972.393482925428,182978000
1570759200,988.57000732,991.84002686,987.61999512,991.84002686,984.0688376435206,980.2827425030997,972.5869808750257,168612000
1571018400,994.60998535,997.25,992.5,993.57000732,984.4081651319664,980.5780150545863,972.7957672078115,193976000
1571104800,993.54998779,994.75,990.73999023,993.04998779,984.7168016554675,980.8551700042622,972.9973017409676,179970000
1571191200,995.75,997.40997314,993.41998291,994.46002197,985.064773809558,981.1575000479452,973.2108611462317,188131000
1571277600,995.03997803,995.80999756,989.82000732,989.82000732,985.2346035777881,981.3500002095464,973.3761262822891,191550000
1571364000,992,993.0300293,988.40997314,989.20001221,985.3762253146529,981.5244449206675,973.5335778835598,174424000
1571623200,988.17999268,988.82000732,983.55999756,983.55999756,985.311360037701,981.5696794237638,973.6333432534747,200326000
1571709600,983.52001953,987.59002686,983.52001953,987.19000244,985.3784544092116,981.6945754907913,973.7682353846839,231648000
1571796000,987.03997803,989.60998535,985.52001953,987.78997803,985.4645802528112,981.8300288805515,973.9077552120004,179021000
1571882400,988.84997559,993.59997559,987.65002441,993.59997559,985.7551300862822,982.0915832518725,974.1036977033239,160032000
1571968800,993.90997314,996.66998291,992.90997314,996.57000732,986.1413757017721,982.413326008942,974.327243072644,173487000
1572228000,998.27001953,999.94000244,996.47998047,996.47998047,986.5106115863516,982.7259183302989,974.5476683203789,183757000
1572314400,997.77001953,999.88000488,995.86999512,995.86999512,986.8448752839819,983.0180089256256,974.7598307760965,249478000
1572400800,996.83001709,1003.40002441,994.85998535,1000.89001465,987.3464874041969,983.4151646083895,975.0198326056875,181193000
1572487200,1000.89001465,1004.40002441,998.58001709,998.82000732,987.7562559726184,983.7574944464253,975.2566502645363,218982000
1572573600,998.82000732,1015.88000488,998.82000732,1015.59002686,988.7503192185964,984.4648840556158,975.6579773948395,241336000
1572832800,1019,1023.91998291,1015.85998535,1022.42999268,989.9531646993607,985.3085531361577,976.1233705817565,232788000
1572919200,1022.77001953,1026.5300293,1021.63000488,1024.33996582,991.1812647393836,986.1759178624653,976.603137698555,199372000
1573005600,1023.42999268,1028.9699707,1023.41998291,1024.91003418,992.385863647977,987.036676002855,977.0838033351863,225001000
1573092000,1023.48999023,1028.44995117,1022.60998535,1024.0300293,993.5160124212636,987.8587505205693,977.5509299617019,193394000
1573178400,1026.97998047,1027.39001465,1021.10998535,1022.48999023,994.5507973430041,988.6283336252233,977.9980847902422,181367000
1573437600,1023.32000732,1024.77001953,1016.34997559,1016.75,995.3436260093254,989.2532595446628,978.3836759863592,210431000
1573524000,1016.9699707,1021.84002686,1015.9699707,1018.33001709,996.1645685479209,989.8994097123369,978.7811520172412,223157000
1573610400,1019.07000732,1020.09002686,1010.79998779,1012.77001953,996.7576203687095,990.4076454860627,979.1193497039353,286968000
1573696800,1013.84997559,1016.71002197,1010.59997559,1012.29998779,997.3127049194699,990.8941419817057,979.4495053067817,209404000
1573783200,1012.92999268,1015.15997314,1005.09997559,1010.0300293,997.7668950759173,991.3193839221123,979.7537891276097,212330000
1574042400,1010.0300293,1012.09002686,1002.63000488,1002.90997314,997.9505764353488,991.5769525713987,979.9841989187778,184311000
1574128800,1002.89001465,1008.34997559,1001.34997559,1008.34997559,998.3219835480149,991.9496864162566,980.2664454528198,232357000
1574215200,1009.21002197,1009.21002197,1000.55999756,1000.55999756,998.4019126198716,992.1410266638953,980.4683713444335,210310000
1574301600,999.36999512,999.63000488,987.89001465,987.89001465,998.0264876923762,992.0465597302532,980.5422185415039,215012000
1574388000,992.72998047,993.70001221,971.0300293,977.7800293,997.3033998926485,991.729525720692,980.5147340714392,230361000
1574647200,977.84997559,979.59997559,971.23999023,976.34997559,996.555063310411,991.3877579400099,980.4732936885393,189316000
1574733600,976.34997559,981.96002197,976.34997559,976.78997803,995.8491674075392,991.0633628308985,980.4366437814892,192498000
1574820000,978.97998047,982.76000977,978.16998291,978.16998291,995.2177679611985,990.7768432771009,980.414089941972,197964000
1574906400,977.65997314,979.16998291,967.67999268,970.39001465,994.3310624857986,990.3238026409431,980.3143478992657,191264000
1574992800,971.09997559,972.89001465,968.0300293,970.75,993.4888816827344,989.8888292489221,980.219180258477,167267000
1575252000,971.41998291,972.90997314,958.29998779,959.30999756,992.2682072497796,989.2092996558349,980.0111286893379,210999000
1575338400,957.40002441,960.82000732,950.96002197,953.42999268,990.8811281580017,988.4142039452609,979.746639773822,264938000
1575424800,952.51000977,965.90002441,950.13000488,965.90002441,989.9889458812873,987.9138888444772,979.6088625065204,210096000
1575511200,969,969.5300293,962.15997314,963.27001953,989.0346985115985,987.3662473041555,979.4462869545152,194538000
1575597600,962.38000488,965.40997314,960.98999023,963.55999756,988.1248877633271,986.8372195320632,979.2882144232266,171819000
1575856800,963.90997314,967.57000732,962.59002686,966.05999756,987.3368559703512,986.3755034882396,979.1565903748362,273263000
1575943200,965.91998291,966.58001709,955.14001465,960.29998779,986.3712535353386,985.7960475838343,978.96896248842,242725000
1576029600,960.59002686,961.7800293,954.55999756,961.7800293,985.4929955269337,985.262358288638,978.7979283273412,216475000
1576116000,963.39001465,968.39001465,962.7199707,968.16998291,984.8743165049003,984.8825277246683,978.6921776266711,218749000
1576202400,969.42999268,971.84002686,965.92999268,966.17999268,984.2066620825824,984.4669158347868,978.5676782739679,219156000
1576461600,966,966,960.39001465,961.4699707,983.3946373903473,983.9558726095694,978.3975518304458,278438000
1576548000,962.48999023,962.78997803,954.0300293,954.0300293,982.3459013871205,983.2908538693567,978.155088919695,280854000
1576634400,951.52001953,954.17999268,949.85998535,951.13000488,981.2310479404376,982.5761683362599,977.8861826108423,323407000
1576720800,950.60998535,955.84997559,946.73999023,952.26000977,980.1963680057792,981.9024759236763,977.631195816406,222467000
1576807200,953.54998779,957.52001953,952.71002197,956.40997314,979.3468539034299,981.3359758618168,977.4200393718647,243333000
1577066400,959.54998779,960.71002197,958.07000732,959.42999268,978.6355374311645,980.8491762355542,977.2410339321447,241524000
1577152800,959.42999268,959.42999268,953.28997803,958.88000488,977.9299826971943,980.360972427653,977.0583371256556,229674000
1577239200,958.17999268,962.83001709,957.5,960.91998291,977.3224827047945,979.9289504383718,976.8977564866939,238317000
1577325600,960.66998291,962.10998535,957.42999268,958.59002686,976.6534664246233,979.4547521366302,976.7155900227467,265937000
1577412000,957.70001221,963.51000977,954.19000244,963.51000977,976.1840572583867,979.1004245284829,976.5841912142616,180524000
1577671200,962.89001465,967.52001953,962.4699707,965.0300293,975.7856991170157,978.787749078961,976.4692244290451,177741000
1577757600,965.71002197,965.71002197,958.2199707,960.98999023,975.2572809424795,978.3922433267619,976.3152021982088,185243000
1577930400,960.26000977,966.66998291,959.66998291,966.66998291,974.9505917270338,978.1317486508339,976.2192298669828,200602000
1578016800,968.7199707,970.88000488,965.14001465,965.14001465,974.6002139742826,977.8430434508153,976.1089889195501,174129000
1578276000,962.78997803,963.20001221,955.59002686,955.78997803,973.9284198334153,977.3529753303528,975.9068097067188,187204000
1578362400,955.78997803,959.46002197,953.19000244,958.88000488,973.3909764422219,976.9424648759006,975.7373887631694,181626000
1578448800,954.13000488,955.84002686,945.2800293,948.97998047,972.5191551574998,976.3210763335472,975.4711458945807,319166000
1578535200,953.85998535,960.72998047,952.15997314,960.15002441,972.0774004879462,975.9617196241351,975.3186969245849,166147000
1578621600,961.16998291,969.71002197,961.16998291,968.53997803,971.951063971591,975.7967920331542,975.2512469853352,222155000
1578880800,966.89001465,968.63000488,964.78997803,965.84002686,971.7328126461771,975.5755305848619,975.1576030039886,147148000
1578967200,966.26000977,968.84997559,965.76000977,967,971.5637836230993,975.3849632385317,975.0764328248445,190349000
1579053600,967.69000244,967.69000244,964.84002686,967.55999756,971.4207912637029,975.2110751123421,975.0016424241992,150041000
1579140000,967.20001221,974.70001221,967.16998291,974.30999756,971.5239772028564,975.1910511667345,974.9947603857495,201251000
1579226400,976.2800293,980.02001953,973.78997803,978.96002197,971.7895502302543,975.2748060734738,975.0342157248963,164136000
1579485600,978.22998047,979.84997559,975.92999268,978.63000488,972.033852182031,975.3493660469521,975.0699947214645,148804000
1579572000,978.82000732,986.36999512,978.82000732,986.36999512,972.5458572869584,975.5942689152421,975.1824325363752,157666000
1579658400,986.52001953,991.46002197,983.91998291,991.46002197,973.2213631684956,975.9468412053478,975.3443986003914,152345000
1580349600,975.15002441,977.7199707,954,959.58001709,972.7341722371208,975.5831340027845,975.1875390828751,198514000
1580436000,959.58001709,960.96002197,936.61999512,936.61999512,971.4443801972236,974.717286472056,974.8037824265281,253945000
1580695200,916.59997559,930.36999512,891.84997559,928.14001465,969.8977957133942,973.6822359871214,974.3394663292491,275518000
1580781600,929.41998291,934.90997314,919.33001709,929.09002686,968.4403753972016,972.6912980065188,973.8892231504507,197685000
1580868000,934.75,936.33001709,921.89001465,925.90997314,966.9214324594444,971.651713009485,973.4118176777099,197384000
1580954400,926.65997314,938.53997803,925.21002197,938.53997803,965.9078090869642,970.9158966766075,973.0648341986282,223668000
1581040800,938.60998535,943.47998047,935.94000244,940.75,965.0093159052869,970.2455434171274,972.7432935598359,194165000
1581300000,934.38000488,935.86999512,926.60998535,930.72998047,963.7850539254553,969.3674197960801,972.3252506435192,153967000
1581386400,930.72998047,936.03997803,930.72998047,934.66998291,962.7452299606176,968.5963656430561,971.9505713625887,179353000
1581472800,940.7199707,943.10998535,937.34002686,937.67999268,961.8500429148813,967.9093351327659,971.6095705796773,228035000
1581559200,937.19000244,939.09997559,934.4699707,938.23999023,961.0068267475641,967.2500163571489,971.2775349543074,177733000
1581645600,939.2800293,940.65002441,936.4699707,937.45001221,960.165511942651,966.5877940427678,970.9409426881949,204351000
1581904800,938.52001953,938.52001953,931.65997314,934.77001953,959.2585300707707,965.8807323869285,970.5810330050288,183245000
1581991200,934.4699707,934.97998047,926.01000977,927.92999268,958.139653735386,965.0373826156634,970.1566445440832,187758000
1582077600,926.40997314,931.65997314,925.85998535,928.76000977,957.0903807366223,964.2312187746487,969.7447377304107,192170000
1582164000,933.69000244,938.13000488,930.40997314,938.13000488,956.4132244560286,963.651191799212,969.4301632741877,198340000
1582250400,938.13000488,940.5300293,932.32000732,933.09002686,955.5802531133133,962.9720548005629,969.0685698770317,206753000
1582509600,917.48999023,917.48999023,903.34002686,903.34002686,953.7145307471236,961.6468986241059,968.4145545236283,291882000
1582596000,893.95001221,909.66998291,893.95001221,909.66998291,952.1415111815121,960.4918560526813,967.8300314229953,221123000
1582682400,901.51000977,903.27001953,894.25,895.9699707,950.1353847357439,959.0580363781773,967.1150059431644,142582000
1582768800,892.15002441,899.34002686,889.14001465,898.44000244,948.2891210823244,957.710968957329,966.4316725749737,163287000
1582855200,885.4699707,887.07000732,872.46002197,882.19000244,945.9284382736699,956.0327252569439,965.5934470014914,241893000
1583114400,878.42999268,886.45001221,877.30999756,884.42999268,943.7320652167532,954.4415534219007,964.7858504410785,206635000
1583200800,895.39001465,896.39001465,890.05999756,890.60998535,941.8348480786549,953.0230741314141,964.0477821317146,212740000
1583287200,887.84997559,889.84997559,882.83001709,889.36999512,939.9611033301316,951.6085612644938,963.3047195743841,238451000
1583373600,892.71002197,898.42999268,891.20001221,893.30999756,938.2949924097697,950.3130376266162,962.6082546787186,231337000
1583460000,888.96002197,891.44000244,882.71002197,891.44000244,936.6215999108495,949.0047479558025,961.900112865398,214339000
1583719200,875.79998779,875.79998779,834.66998291,835.48999023,933.009756707962,946.482197784118,960.6423006998716,309101000
1583805600,813.83001709,843.2800293,806.63000488,837.5,929.5986939683919,944.0603711666931,959.4170041754948,298017000
1583892000,843.52001953,844.94000244,794.53997803,811.34997559,925.3755254548779,941.1112512649888,957.9437004084749,318569000
1583978400,778.05999756,778.05999756,762.11999512,769.25,919.7996138314894,937.292112347989,956.0661511506792,339232000
1584064800,750.55999756,764.69000244,723.41998291,761.7800293,914.1560572410791,933.3918438358115,954.1329559083838,354705000
1584324000,758.2800293,758.59002686,737.58001709,747.85998535,908.2169118163977,929.2689136472379,952.0804885396436,292253000
1584410400,724.07000732,750.0300293,721.84002686,745.7800293,902.4155945836692,925.191382883966,950.0277476516869,287277000
1584496800,747.40002441,752.65002441,742.11999512,747.65997314,896.8886081035381,921.2462404452111,948.0141379550532,259018000
1584583200,732.34997559,733.42999268,714.02001953,725.94000244,890.7833007584118,916.9061018228731,945.8044450643562,353390000
1584669600,728.54998779,729.34997559,709.72998047,709.72998047,884.3171107481113,912.3021880150314,943.4554454166512,230589000
1584928800,694.77001953,694.77001953,664.22998047,666.59002686,876.541143466393,906.8419177671418,940.7005656300179,280248000
1585015200,666.59002686,666.59002686,652.27001953,659.21002197,868.7793176986647,901.3389867494276,937.8996646980773,245149000
1585101600,669.76000977,690.25,667.58001709,690.25,862.4032706379982,896.6481203772181,935.4354889299373,270183000
1585188000,689,700.76000977,680.09997559,694.21002197,856.3963688998554,892.1494959681688,933.0352355273508,221851000
1585274400,692.53997803,703.2199707,682.52001953,696.05999756,850.6700699234319,887.7919515590984,930.6772729605115,327994000
1585533600,663.90997314,665.55999756,657.35998535,662.26000977,843.9411392036665,882.7801306304517,928.0064544213024,233101000
1585620000,669.73999023,678.64001465,649.09997559,662.5300293,837.4621709928213,877.8856839342194,925.3648979524337,262792000
1585706400,658.79998779,684.96002197,657.40997314,680.22998047,831.8467356170062,873.4933349683479,922.9257445446483,267021000
1585879200,687.91998291,701.79998779,687.91998291,701.79998779,827.2022089088988,869.6779272532735,920.7254882585324,233091000
1586138400,716.2199707,736.75,715.39001465,736.75,823.9717728764381,866.7239733143119,918.8948863853132,334904000
1586224800,744.9699707,749.13000488,730.2800293,746.69000244,821.2117096465653,864.0565517393272,917.1814049530215,292969000
1586311200,740.0300293,748.35998535,730.11999512,748.02001953,818.5977207138308,861.4779621346755,915.4982070881158,252294000
1586397600,751.08001709,765.86999512,751.08001709,760.33001709,816.5167312986939,859.2302300225716,913.9542449985823,298467000
1586484000,759.08001709,764.35998535,751.59002686,757.94000244,814.4247052680263,856.9793360762923,912.4018644756113,338402000
1586743200,762.98999023,774.61999512,762.5300293,765.78997803,812.6877507238111,854.9529058974857,910.943039734859,235282000
1586829600,769.01000977,769.5300293,753.84997559,767.40997314,811.070687238675,853.0075073917639,909.5148500174972,266775000
1586916000,768.04998779,779.52001953,768.01000977,777.2199707,809.8617330765794,851.3233399097246,908.1984830591142,302623000
1587002400,773.10998535,781.05999756,770.90997314,780.70001221,808.8202430456301,849.7539326275086,906.929841558128,250936000
1587088800,786.96002197,790.95001221,783.73999023,789.59997559,808.1338049222148,848.4171780266751,905.7623802052113,309858000
1587348000,796.16998291,797.48999023,786.72998047,794.9699707,807.6636679857072,847.2294623083045,904.6599681703336,336053000
1587434400,794.9699707,794.9699707,761.96002197,766.84002686,806.2056808026463,845.4430304094533,903.2886254707283,397399000
1587520800,752.79998779,774.94000244,749.9699707,768.91998291,804.8740487350518,843.7425182427987,901.9516240522137,253435000
1587607200,768.91998291,785.59997559,768.91998291,773.90997314,803.7681888923714,842.190683907181,900.6775777744803,205795000
1587693600,777.2800293,778.29998779,767.30999756,776.65997314,802.8000383297867,840.7344458901325,899.4435717582168,262270000
1587952800,780.65002441,785.73999023,770.77001953,770.77001953,801.6561090869372,839.1796808599073,898.1632379051997,307356000
1588039200,773.30999756,776.13000488,763.65997314,767.21002197,800.4258916899038,837.5803551067983,896.8602208312176,219399000
1588125600,768.59002686,772.61999512,768.19000244,769.10998535,799.3074664634786,836.058791334425,895.5890742095139,250081000
1588557600,766.14001465,769.72998047,761.64001465,762.4699707,797.991841614783,834.4234842092155,894.2645060153894,285570000
1588644000,763.2199707,767.0300293,760.03997803,764.15997314,796.7835605978264,832.8620728521219,892.9699335489677,212376000
1588730400,767.29998779,782.59002686,765.36999512,782.59002686,796.2766486786184,831.7449162745191,891.8716260197242,272446000
1588816800,785.08001709,796.53997803,785.08001709,796.53997803,796.2860532983105,830.9625843135299,890.9230524078862,240803000
1588903200,800.32000732,825.7199707,800.20001221,813.72998047,796.9090506972994,830.5796375614515,890.1549621398475,371338000
1589162400,818.26000977,828.33001709,812.47998047,828.33001709,798.0312280684673,830.5296459954192,889.539788557262,353416000
1589248800,827.28997803,835.95001221,819.65997314,835.32000732,799.3629701845935,830.6360984692988,889.0002882464435,322211000
1589335200,835.32000732,839.59002686,815.13000488,834.21002197,800.607507748358,830.7155189915366,888.4551114675734,374603000
1589421600,830.9699707,836.19000244,826.16998291,832.40002441,801.742954771988,830.7529524452802,887.897349407299,341117000
1589508000,835.41998291,838.4699707,824.59002686,827.0300293,802.6460645765599,830.6702208198295,887.291704431107,301891000
1589767200,827.48999023,837.60998535,823.08001709,837.01000977,803.8733483334685,830.8111050187222,886.7913890613447,254049000
1589853600,852.14001465,854.25,844.15002441,845.91998291,805.3750138540589,831.1468578607505,886.3847084031224,385272000
1589940000,843.26000977,852.90997314,842.21002197,852.90997314,807.072690971414,831.6304826447339,886.0516264602057,265771000
1590026400,854.92999268,862.72998047,854.03997803,862.72998047,809.0604513106492,832.3215825964064,885.8195702811987,331906000
1590112800,859.28997803,860.65002441,852.08001709,852.73999023,810.6204348434832,832.7753249882641,885.4904202309381,303976000
1590372000,852.90002441,860.45001221,849.11999512,859.03997803,812.3497042430016,833.3589839447471,885.2272317513267,307227000
1590458400,861.4699707,869.65002441,860.2199707,869.13000488,814.3775721228944,834.153895521086,885.0670603396717,328349000
1590544800,869.13000488,875.34997559,857.47998047,857.47998047,815.9169438495768,834.6722529643953,884.7925620325108,388897000
1590631200,858.9699707,866.16998291,856.47998047,861.39001465,817.5409820924491,835.2659810018532,884.5597008645256,322215000
1590717600,861.59002686,866.95001221,859.26000977,864.4699707,819.2170173998617,835.9149585507009,884.3598030519432,318191000
1590976800,868.9699707,878.66998291,868.9699707,878.66998291,821.3403375966524,836.8650702031298,884.3031879261528,476516000
1591063200,879.22998047,882.72998047,874.5300293,874.79998779,823.2496108178434,837.7080683717269,884.208628720818,484708000
1591149600,876.72998047,881.16998291,874.01000977,881.16998291,825.3181955354204,838.6738886947996,884.1783934391183,351958000
1591236000,883.2199707,888.32000732,883.2199707,883.90002441,827.4104037095125,839.6789139329152,884.1756235980325,431122000
1591322400,883.40002441,886.59002686,878.5,886.2199707,829.5107453877441,840.7131596388504,884.1959653602412,499608000
1591581600,888.70001221,905.65002441,888.70001221,899.91998291,832.0253610135389,842.0288668226536,884.3524232463085,572019000
1591668000,902.26000977,904.89001465,898.86999512,899.42999268,834.4326692873411,843.3044473972614,884.5024488128129,501725000
1591754400,898.7800293,902.69000244,890.29998779,900,836.7743596699361,844.5643485662112,884.6566533022376,542865000
1591840800,900.47998047,903.70001221,867.36999512,867.36999512,837.8670609360098,845.071140711851,884.4846467531606,707458000
1591927200,841.84997559,863.52001953,841.44000244,863.52001953,838.7832380286524,845.4811157966986,884.2760434972088,620771000
1592186400,867.52001953,868.15997314,832.4699707,832.4699707,838.5577641954862,845.1919792389942,883.7605601857938,708244000
1592272800,848.85998535,858.70001221,844.66998291,856.13000488,839.1853442199332,845.435046475461,883.4856292872287,412445000
1592359200,861.04998779,861.04998779,852.27001953,854.44000244,839.7301534420784,845.6351566080064,883.1966180748184,354840000
1592445600,850.91998291,858.0300293,847.48999023,855.27001953,840.2851486595042,845.8492646729395,882.9187414723824,280311000
1592532000,857.77001953,868.55999756,857.77001953,868.55999756,841.2949646916647,846.3539476259853,882.7758683986274,440092000
1592791200,871.55999756,872.94000244,867.36999512,871.2800293,842.3658598562481,846.9078605520745,882.6614819399346,350371000
1592877600,871.11999512,873.20001221,864.02001953,868.20001221,843.2885081545963,847.3810194778061,882.5175867187412,455360000
1592964000,868.20001221,873.13000488,857.58001709,859.71002197,843.8749907908608,847.654997310966,882.2906457759676,370921000
1593050400,851.09002686,856.22998047,849.65002441,854.59002686,844.257670650473,847.8091090787223,882.0150177270525,312297000
1593136800,859.07000732,862.59002686,850.65997314,851.97998047,844.5334674297418,847.9017951096396,881.7161616349425,300386000
1593396000,846.26000977,846.5300293,826,829.35998535,843.9915573554653,847.4897548927587,881.1952046569829,389638000
1593482400,836.7199707,840.30999756,821.91998291,825.10998535,843.3172154981272,846.9924266806973,880.6371427733313,358394000
1593568800,827.66998291,844.26000977,826.38000488,843.48999023,843.3233860242656,846.9145947595707,880.26751936494,303546000
1593655200,845.65997314,845.65997314,838.47998047,842.38000488,843.2896938405418,846.8138260955802,879.8905291710599,223795000
1593741600,845.26000977,848.15997314,843.25,847.60998535,843.4439899658796,846.8315185234562,879.5693297300544,203001000
1594000800,851.4699707,861.84997559,850.03997803,861.15997314,844.0767036506696,847.1499286260461,879.3861520525414,215092000
1594087200,865.46002197,870.63000488,863.41998291,863.41998291,844.7675350527886,847.5114853879118,879.2272846978893,330902000
1594173600,861.75,865.58001709,859.97998047,864.5,845.4722659437605,847.8890079348471,879.0807445516417,237541000
1594260000,867.65997314,878.35998535,867.45001221,876.46002197,846.5789715161262,848.5239193578504,879.0546677100333,306076000
1594346400,873.70001221,878.5300293,867.59002686,871.21002197,847.4586518894788,849.0280549714538,878.9766115335156,291114000
1594605600,874.84997559,876.83001709,866.98999023,868.7199707,848.2179847041402,849.4656530987548,878.8745554058189,246074000
1594692000,865.01000977,868.10998535,860.2800293,868.10998535,848.9284132986352,849.879971593227,878.7674452560098,239138000
1594778400,872.79998779,876.69000244,869.90997314,869.90997314,849.6777547215411,850.3250827387108,878.6793112051042,258294000
1594864800,871.80999756,876.83001709,869.25,876.83001709,850.6474783775575,850.9140812798505,878.6609102686356,243472000
1594951200,873.47998047,875.07000732,871.89001465,872.02001953,851.4107834187162,851.3831021298538,878.5948317538233,270682000
1595210400,870.65997314,871.64001465,861.40002441,861.40002441,851.7675420255478,851.6057004027459,878.423739143437,285076000
1595296800,863.94000244,864.70001221,856.94000244,861.69000244,852.1219156117781,851.8297960035738,878.2572343006168,245405000
1595383200,862.79998779,864,854.9699707,855.08001709,852.2275620931432,851.9020231388278,878.0266152238943,278602000
1595469600,854.91998291,857.2199707,851.9699707,856.75,852.3890777326739,852.0097559579649,877.8149076097262,240495000
1595556000,854.22998047,854.57000732,816.65002441,829.15997314,851.559466854364,851.5019830064546,877.330778908535,505099000
1595815200,794.14001465,808.73999023,780.64001465,785.16998291,849.188413856351,850.0279385598667,876.4137560627784,422707000
1595901600,786.7199707,814.40002441,786.66998291,813.35998535,847.9088271239813,849.213095155203,875.7863553591686,328491000
1595988000,800.39001465,800.39001465,779.82000732,790.84002686,845.8706556859819,847.915915859754,874.9411182596745,362092000
1596074400,796.2199707,802.9699707,794.88000488,801.13000488,844.2727753000539,846.8762289490928,874.2066793205732,188945000
1596160800,787.7800293,803.54998779,786.97998047,798.39001465,842.6341052768377,845.7987575202241,873.4522846472343,249631000
1596420000,796.85998535,814.84002686,796.4699707,814.65002441,841.6346738173078,845.106563451108,872.8671875304459,298136000
1596506400,822.85998535,827.57000732,820.20001221,827.57000732,841.1323642995468,844.71686220375,872.4164693193967,277449000
1596592800,827.53997803,839.52001953,820.73999023,837.79998779,841.0133508527773,844.5631538834444,872.0720267171141,306639000
1596679200,838.01000977,844.15997314,833.55999756,840.03997803,840.9785875376781,844.462638864479,871.7532998645061,257017000
1596765600,840.65002441,844.33001709,836.84002686,841.46002197,840.9957816245467,844.3959140446017,871.4518742138144,259885000
1597024800,845.10998535,849.52001953,843.20001221,843.20001221,841.0745041454558,844.3693384482772,871.1707611590501,309297000
1597111200,847.60998535,847.60998535,840.34997559,843.08001709,841.1461296077609,844.3406868625377,870.8912512678158,249000000
1597197600,844.19000244,848.53997803,842.88000488,846.91998291,841.3523386542695,844.3980045524813,870.6527311846535,272493000
1597284000,849.96002197,855.19000244,849.85998535,855.04998779,841.841540409117,844.6347152910929,870.4974800065972,256245000
1597370400,854.28997803,860.32000732,848.38000488,850.73999023,842.1593421884343,844.7703880675131,870.3008880685217,304706000
1597629600,848.08001709,852.04998779,841.61999512,850.15002441,842.4447236963473,844.8899355417906,870.1003819624667,237511000
1597716000,850.15002441,851.05999756,845,846.42999268,842.5870547314778,844.9241590337508,869.8648557009496,227511000
1597802400,847.19000244,853.15002441,846.2199707,851.21002197,842.8950178471393,845.0638448767786,869.6792354648207,240147000
1597888800,851.21002197,856.98999023,847.44000244,848.21002197,843.0848394229558,845.1337599232946,869.4656114499469,285686000
1597975200,849.98999023,856.45001221,849.69000244,854.7800293,843.5025247757075,845.3481214649992,869.319486254425,286817000
1598234400,860.34997559,868.67999268,860.34997559,868.67999268,844.4017200580037,845.8666074919992,869.3131231342815,381518000
1598320800,870.91998291,877.57000732,870.91998291,874.11999512,845.4630870245036,846.4944605503991,869.3609527062787,399065000
1598407200,873.61999512,876.9699707,871.7800293,873.4699707,846.463332870057,847.0939163315014,869.40183845746,352377000
1598493600,872.38000488,875.71002197,871.92999268,874.71002197,847.472143195055,847.7076075679125,869.4546562038535,325718000
1598580000,878.78997803,885.85998535,877.70001221,878.97998047,848.5974230977316,848.4025491879589,869.5494355497852,398321000
1598839200,882.13000488,888.44000244,879.26000977,881.65002441,849.7778731445984,849.141381970671,869.6698394190411,352651000
1598925600,882.40002441,892.51000977,880.78997803,891.72998047,851.2761626919341,850.0877952706561,869.8893433100953,317000000
1599098400,898.25,904.32000732,896.26000977,903.9699707,853.1580844065079,851.2851769468638,870.2284540303929,370490000
1599184800,896.02001953,903.10998535,893.85998535,901.53997803,854.8860091787755,852.4019503042668,870.5400114831252,346439000
1599444000,903.84997559,905.79998779,888.25,888.25,856.0775802795334,853.1985736308387,870.7162302743379,434063000
1599530400,891.60998535,894.58001709,884.88000488,890.14001465,857.2940957927644,854.0194945423757,870.9095017606629,294021000
1599616800,883.67999268,892.40002441,881.57000732,889.32000732,858.4378783473086,854.8039503818785,871.0926908707061,318443000
1599703200,895.28997803,896.7800293,888.82000732,888.82000732,859.5229543820476,855.5598627582812,871.2690820791568,387237000
1599789600,888.82000732,890.97998047,884.66998291,888.9699707,860.5746335362602,856.3023096014305,871.4452103241402,309909000
1600048800,891.89001465,895.30999756,891.89001465,894.57000732,861.7887540285366,857.1527028840653,871.6753078066861,364432000
1600135200,896.60998535,898.73999023,894.65997314,896.26000977,863.0198703050174,858.0217541481971,871.9199317068186,381799000
1600221600,897.42999268,897.58001709,894.63000488,897.4699707,864.2502310334097,858.8983811826816,872.1741609505318,290434000
1600308000,897.4699707,899.40997314,890.92999268,894.03997803,865.3141505690022,859.6793055570665,872.3917312697305,395455000
1600394400,896.08001709,902.10998535,895.82000732,900.95001221,866.5868599133236,860.5964323715762,872.6758932691362,361844000
1600653600,904.5,909.7800293,904.5,907.94000244,868.0637578607049,861.64851170643,873.0267799275528,403435000
1600740000,905.90002441,909.69000244,902.4699707,906.19000244,869.4254094528226,862.6383226116204,873.3567622411094,401408000
1600826400,908.9699707,913.52001953,908.9699707,912.5,870.9637876866503,863.7463598869177,873.7462471939342,392507000
1600912800,910.5300293,914.51000977,907.32000732,908.58001709,872.3072244510557,864.7426633803195,874.092851869517,398464000
1600999200,910.7800293,911.29998779,905.55999756,908.27001953,873.5916099895894,865.7099379614235,874.4329231895217,361232000
1601258400,911.20001221,913.59997559,910.03997803,912.5,874.9811953471041,866.7497171178363,874.811700073208,420240000
1601344800,916.63000488,917.48999023,903.97998047,903.97998047,876.0168662443504,867.5770563034399,875.1019317189473,465359000
1601431200,904.34002686,907,900.44000244,905.21002197,877.0594789488379,868.4133444293635,875.40151470652,340686000
1601517600,910.13000488,914.09002686,909.13000488,914.09002686,878.3819985170936,869.428381816711,875.786475026455,352449000
1601604000,914.09002686,916.66998291,897.7199707,909.90997314,879.5079976107688,870.3279727350063,876.1260123211172,527158000
1601863200,913.77001953,915.54998779,910.96002197,914.67999268,880.7641402918129,871.3135731782284,876.5096340162304,456101000
1601949600,918.10998535,918.92999268,912.77001953,915.66998291,882.0107775281767,872.2992711722677,876.8992892291037,496132000
1602036000,913.61999512,923.57000732,912.69000244,919.7199707,883.3575344271704,873.3530644951062,877.3253656616499,523961000
1602122400,922.08001709,922.08001709,913.89001465,918.84002686,884.6247662997715,874.3638858809927,877.7384468676037,470304000
1602208800,919.47998047,924,917.70001221,924,886.0310246462083,875.4669106391929,878.19876082912,388133000
1602468000,930.7800293,933.13000488,923.2800293,925.83001709,887.4524172334866,876.5860907825441,878.672703677487,457229000
1602554400,926.76000977,930.96002197,923.7800293,929.85998535,888.9669732376478,877.7699551062653,879.1820298632831,359015000
1602640800,931.89001465,940.17999268,931.89001465,940.17999268,890.7960096463032,879.1568448301261,879.788974766932,474921000
1602727200,945.2800293,945.92999268,938.70001221,942.76000977,892.651866793578,880.5702484954567,880.4155522296492,470505000
1602813600,944.0300293,946.22998047,935.97998047,943.29998779,894.460728257736,881.964242702002,881.041268006369,443330000
1603072800,945.01000977,946.28997803,941.91998291,943.69000244,896.2189166213883,883.3359262517353,881.664638498246,389468000
1603159200,941,944.53997803,937.32000732,944.41998291,897.940383274553,884.69334973303,882.2890697859251,444328000
1603245600,947.15997314,948.20001221,939,939.0300293,899.4078706326047,885.9008315011849,882.8536564477567,412650000
1603332000,938.05999756,949.90002441,933.7800293,949.90002441,901.2111618389403,887.3230357880475,883.520784487182,365115000
1603418400,953.45001221,961.26000977,953.14001465,961.26000977,903.3557635507639,888.9660796543131,884.2943091168618,452492000
1603677600,967.52001953,970.15002441,950.79998779,950.79998779,905.0502001307366,890.3401665017728,884.9560571633607,428249000
1603764000,950.79998779,954.7199707,946.2800293,946.4699707,906.5294776510674,891.5874954839556,885.5681359050188,455852000
1603850400,942.82000732,946.90997314,921.04998779,921.04998779,907.0480672988864,892.2422175352011,885.9211891576057,456058000
1603936800,916.48999023,925.84002686,914.33001709,919.08001709,907.4777797914262,892.8386130808633,886.2511277439977,436133000
1604023200,925.40997314,926.32000732,911.20001221,925.4699707,908.1203580381609,893.5637543612886,886.641364987341,312753000
1604282400,926.09002686,933.67999268,924.14001465,933.67999268,909.0332021325123,894.4552263239266,887.1094110340341,297601000
1604368800,936.72998047,937.57000732,932.17999268,935.40997314,909.975229668494,895.3653318087282,887.5900136420537,318702000
1604455200,935.40997314,943.55999756,933.85998535,939.76000977,911.0389718149763,896.3518802078676,888.1091180811377,350872000
1604541600,940.32000732,945.51000977,937.75,937.75,911.9929371072986,897.2718384254705,888.6030572047084,304333000
1604628000,939.72998047,941.20001221,934.63000488,938.28997803,912.9321171402522,898.1833526389045,889.0974544268506,268232000
1604887200,942.15002441,951.98999023,942.15002441,951.98999023,914.3270411791718,899.3790556964843,889.7232508030014,393195000
1604973600,962.67999268,963.4699707,951.90002441,951.90002441,915.6689334374157,900.5461883345624,890.3419251672501,456747000
1605060000,954.46002197,956.65002441,947.60998535,952.2199707,916.9743276253652,901.6944946093499,890.9576271128497,376514000
1605146400,953.9699707,959.2800293,953.61999512,959.2800293,918.4852455423164,902.974173158031,891.6374520102343,343912000
1605232800,959.55999756,966.28997803,959.13000488,966.28997803,920.1925574168765,904.3811910440747,892.380263214411,457829000
1605492000,970.10998535,972.97998047,950.5,950.78997803,921.2853224387738,905.4124974215398,892.9614544066059,518930000
1605578400,955.52001953,968.90002441,953.2199707,968.90002441,922.9858475091747,906.8233313546167,893.7170620683312,400955000
1605664800,969.47998047,974.29998779,966.32000732,973.5300293,924.790996858847,908.3057024200697,894.5112209462583,478682000
1605751200,975.32000732,983.26000977,974.33001709,983.26000977,926.8791758913883,909.9713536945126,895.3942934718676,500119000
1605837600,984.71002197,990,980.7199707,990,929.1334910381245,911.7497680568567,896.3356437855804,501052000
1606096800,991.86999512,995.90002441,985.38000488,994.19000244,931.4569378739058,913.581773265371,897.3093189960721,489690000
1606183200,996.54998779,997.98999023,984.91998291,995.76000977,933.7534761559091,915.4079562988072,898.2889278594943,550068000
1606269600,1000.39001465,1002.30999756,996.79998779,999.94000244,936.1172806660552,917.2864462130559,899.3003813379073,475737000
1606356000,999.23999023,1005.9699707,994.90997314,1005.9699707,938.6120195958389,919.2571912016547,900.3617702867839,493558000
1606442400,1006.67999268,1010.2199707,1004,1010.2199707,941.1694464209875,921.2785863016179,901.4548867088059,446435000
1606701600,1011.82000732,1012.5,1002.60998535,1003.08001709,943.3805382305951,923.096395874693,902.466082035982,532930000
1606788000,988.71002197,1008.86999512,988.71002197,1008.86999512,945.7194474052167,925.002475857922,903.5248274398031,583308000
1606874400,1008.77001953,1015.85998535,1007.90997314,1014.32000732,948.1694674021733,926.9873098904127,904.627267040601,684525000
1606960800,1016.72998047,1020.34997559,1014.05999756,1019.79998779,950.7277002731671,929.0498138437368,905.7732642619881,518905000
1607047200,1019.79998779,1025.17004395,1018.66998291,1021.48999023,953.2549249144826,931.1040399856538,906.924674470625,553590000
1607306400,1024.33996582,1030.41003418,1022.14001465,1029.97998047,955.9951054700367,933.3012831075282,908.1491053760914,520339000
1607392800,1029.97998047,1032.57995605,1025.63000488,1029.26000977,958.6117091950354,935.4336992555832,909.3541890019014,527667000
1607479200,1029.26000977,1039.55004883,1029.26000977,1039.13000488,961.4873626123555,937.7380616027924,910.6454906524298,586052000
1607565600,1041.65002441,1044.09997559,1030.91003418,1030.91003418,963.9667437397713,939.8085498822859,911.8421527770822,626452000
1607652000,1033.18994141,1045.95996094,1030.06005859,1045.95996094,966.8950729254938,942.1674701280128,913.1766583309421,463771000
1607911200,1048.9699707,1064.08996582,1048.9699707,1064.08996582,970.3663191002976,944.8768589211682,914.678283281082,583589000
1607997600,1062.02001953,1067.44995117,1052.01000977,1055.27001953,973.3985941156441,947.3300402680311,916.0772060298275,675180000
1608084000,1058.33996582,1066.98999023,1057.20996094,1066.98999023,976.7411439768711,949.989150267186,917.5788257731128,591566000
1608170400,1065.84997559,1065.84997559,1051.42004395,1051.77001953,979.420746675197,952.2509473619152,918.9140615318878,667888000
1608256800,1055.75,1068.56005859,1055.75,1067.45996094,982.5650043275115,954.8111476636504,920.3921301827148,623638000
1608516000,1071.61999512,1081.59997559,1070.85998535,1081.07995605,986.0833954604575,957.6171211833471,921.9910140221903,713662000
1608602400,1081.84997559,1084.22998047,1077.06005859,1083.44995117,989.560772450084,960.4134062941616,923.5975706107257,756114000
1608688800,1087.89001465,1094.08996582,1077.92004395,1078.90002441,992.7514600200809,963.0464422522914,925.1428686584796,813170000
1608775200,1083.82995605,1084.76000977,1046.89001465,1067.52001953,995.4217657168638,965.3680773029072,926.559556726853,757319000
1608861600,1068.82995605,1084.42004395,1061.82995605,1084.42004395,998.6002756537615,968.0136765617315,928.1303078435012,652809000
1609120800,1094.36999512,1096.10998535,1083.90002441,1091.32995605,1001.9120499536272,970.7540383281374,929.7541849400833,723883000
1609207200,1090.48999023,1102.79003906,1087.93005371,1099.48999023,1005.3969763920691,973.61483725929,931.4430984255551,678818000
1609293600,1099.7800293,1108.82995605,1094.91003418,1097.54003906,1008.6878000587809,976.3687306326391,933.0958043025148,676979000
1609380000,1098.25,1105.32995605,1096.27001953,1103.86999512,1012.0871641681101,979.2020920656915,934.7950499822908,527819000
1609725600,1113.77001953,1126.43005371,1113.58996582,1120.4699707,1015.9579786871062,982.3413782575651,936.6425616312233,764036000
1609812000,1116.95996094,1134.44995117,1116.48999023,1132.55004883,1020.1219811922095,985.6793487147303,938.5918898620569,763428000
1609898400,1139.11999512,1152.84997559,1133.69995117,1143.20996094,1024.5179804689164,989.1800289864029,940.6278905693001,790452000
1609984800,1147.26000977,1156.48999023,1143.43994141,1156.48999023,1029.2312665318123,992.8980281251495,942.7757721579638,763740000
1610071200,1164.09997559,1176.32995605,1160.47998047,1167.68994141,1034.1762192060332,996.7822928648128,945.0137240908199,808314000
1610330400,1176.4699707,1186.44995117,1175,1184.89001465,1039.5588547576035,1000.9624644600392,947.4005528526028,845852000
1610416800,1190.38000488,1192.2800293,1179.23999023,1192.2800293,1045.013182419832,1005.2139659009272,949.8371645585471,719935000
1610503200,1197.31994629,1200.81994629,1183.18005371,1186.05004883,1050.0502133630523,1009.2325455215732,952.187541516472,819292000
1610589600,1189.47998047,1190.5,1178.83996582,1187.40002441,1054.955563757586,1013.191822830205,954.5279642318305,779343000
1610676000,1188.83996582,1197.73999023,1188.83996582,1194.19995117,1059.9285775937437,1017.2142256822004,956.9127601217625,783113000
1610935200,1198.79003906,1200.84997559,1190.32995605,1191.93994141,1064.64326915861,1021.0970193650404,959.2513390400535,747415000
1611021600,1189.91003418,1189.91003418,1117.17004395,1131,1067.0131524029455,1023.5393078235951,960.9602809401524,986187000
1611108000,1136.5,1142.47998047,1098.05004883,1134.68005371,1069.429827449626,1026.0091021766264,962.6888358930862,839301000
1611194400,1146.85998535,1164.20996094,1132.66003418,1164.20996094,1072.8148322171394,1029.080232371368,964.6940212169361,721920000
1611280800,1166.77001953,1175.7199707,1161.43005371,1166.7800293,1076.1707321129559,1032.140227858671,966.7048272675139,758316000
1611540000,1164.19995117,1172.18005371,1162.80004883,1166.05004883,1079.3807077099932,1035.116001658034,968.6883618104242,707236000
1611626400,1164.9699707,1164.9699707,1121.0300293,1136.11999512,1081.4071108317792,1037.3605348460778,970.3543482115145,782271000
1611712800,1122.41003418,1132.98999023,1088.85998535,1097.17004395,1081.9700727288584,1038.6896350483871,971.6161959303055,785703000
1611799200,1041.70996094,1052.16003418,1022.77001953,1023.94000244,1079.8975702185421,1038.3618654348675,972.1368308209492,767874000
1611885600,998.33001709,1076.10998535,998.33001709,1056.60998535,1079.0658707589514,1038.7673792107594,972.9773597217358,797386000
1612144800,1056.60998535,1074.52001953,1035.51000977,1035.51000977,1077.5103042950602,1038.6949932231869,973.5995751451015,634334000
1612231200,1036.94995117,1075.5300293,1029.35998535,1075.5300293,1077.4395801880937,1039.5135495804493,974.6138085197772,602616000
1612317600,1084.86999512,1113.23999023,1082.94995117,1111.29003906,1078.6485251478045,1041.108582679995,975.9737710127147,703175000
1612404000,1112.9699707,1117.88000488,1098.84997559,1112.18994141,1079.8464328714545,1042.6881684295506,977.3291557927872,523406000
1612490400,1114.79003906,1126.91003418,1112.18994141,1126.91003418,1081.527275775331,1044.5597654462272,978.8175227419138,529870000
1612749600,1127.06005859,1127.06005859,1075.09997559,1083.18005371,1081.586303558712,1045.417994074311,979.8559558858748,696600000
1612836000,1090.88000488,1114.93005371,1078.97998047,1114.93005371,1082.7771517784008,1046.9627065106597,981.1999767597466,519814000
1613527200,1127.45996094,1155.7800293,1127.45996094,1155.7800293,1085.3843974041722,1049.3808692393118,982.9370917103959,568032000
1613613600,1157.09997559,1174.38000488,1148.66003418,1174.38000488,1088.5628119568803,1052.158627809105,984.8419963190487,614819000
1613700000,1160.65002441,1178.18005371,1157.59997559,1173.5,1091.5962829584203,1054.8551027466804,986.7191903855258,578283000
1613959200,1173.56994629,1182.67004395,1169.11999512,1175.04003906,1094.5764171049052,1057.5258791091985,988.5930296758191,630037000
1614045600,1174.56994629,1184.31994629,1168.31994629,1177.64001465,1097.5429741600872,1060.1950821212163,990.4740942029255,598267000
1614132000,1184.31994629,1185.57995605,1154.35998535,1162.01000977,1099.8453682890126,1062.457636068967,992.1809192334437,602996000
1614218400,1169.9699707,1169.9699707,1155.73999023,1165.43005371,1102.1876784826193,1064.7459120165456,993.904791218285,510432000
1614304800,1148.88000488,1169.2800293,1148.88000488,1168.4699707,1104.5549032046686,1067.0508910984001,995.6417581783021,554463000
1614564000,1176.93005371,1186.81994629,1174.44995117,1186.17004395,1107.469729659859,1069.6979833839912,997.5375620168264,643381000
1614650400,1196.16003418,1196.16003418,1181.98999023,1186.60998535,1110.2961673630784,1072.2960278721248,999.4188796619326,577005000
1614736800,1184.72998047,1189.18005371,1180.25,1186.94995117,1113.03380249904,1074.8438928342998,1001.2848604729581,631672000
1614823200,1191.7800293,1191.90002441,1159.47998047,1168.52001953,1115.0154531072885,1076.9255845386488,1002.9488919063615,673450000
1614909600,1164.18994141,1169.56005859,1155.59997559,1168.68994141,1116.9323991180997,1078.9647924691233,1004.5980565780395,594835000
1615168800,1180.32995605,1181.25,1164.02001953,1168.27001953,1118.765885561382,1080.949353070476,1006.2266333238301,652703000
1615255200,1160.95996094,1166.42004395,1150.93994141,1161.9699707,1120.3088886020469,1082.749811240021,1007.7763182728468,641434000
1615341600,1163.85998535,1170.58996582,1154.89001465,1170.07995605,1122.086426725188,1084.6904811246873,1009.3912798427687,723922000
1615428000,1170.07995605,1183.72998047,1170.07995605,1181.72998047,1124.2165536446455,1086.846914443472,1011.1060927843331,629101000
1615514400,1185.20996094,1186.52001953,1178.14001465,1181.56005859,1126.2645359641224,1088.9516509800617,1012.8021521455835,624705000
1615773600,1183.89001465,1186.06005859,1178.80004883,1184.56005859,1128.3465189150465,1091.0762822602826,1014.5111860405528,676964000
1615860000,1184.91003418,1184.91003418,1171.76000977,1179.90002441,1130.1877155398663,1093.050143196943,1016.156846123831,683854000
1615946400,1178.64001465,1186.08996582,1176.26000977,1186.08996582,1132.1842244784425,1095.1176948107889,1017.8477229367281,701092000
1616032800,1196.59997559,1200.93994141,1191.93994141,1200.93994141,1134.6397857974266,1097.4693002907713,1019.6695360558651,628635000
1616119200,1195.4699707,1199.67004395,1191.95996094,1194.05004883,1136.761580905733,1099.6155391471987,1021.4046655362048,680901000
1616378400,1200.05004883,1200.20996094,1189.31005859,1194.43005371,1138.821169220171,1101.7225283597054,1023.1263111896753,700869000
1616464800,1190.2800293,1191.4699707,1177.09997559,1183.44995117,1140.4150542898078,1103.5386933110453,1024.721571288982,683720000
1616551200,1169.42004395,1174.19995117,1154.2199707,1161.81005859,1141.1791615862433,1104.8336125394665,1026.085635839241,750477000
1616637600,1164.41003418,1170.76000977,1154.43994141,1163.09997559,1141.9620478006632,1106.1284206072562,1027.4489626029301,690730000
1616724000,1162.70996094,1165.76000977,1137.90002441,1162.20996094,1142.6851875556395,1107.374677059095,1028.7898680590204,670464000
1616983200,1169.65002441,1175.77001953,1165.7800293,1175.68005371,1143.863575632581,1108.8925743180039,1030.2514619460949,660950000
1617069600,1179.64001465,1187.29003906,1172.84997559,1186.35998535,1145.38130455106,1110.6140723409371,1031.8047805869298,780731000
1617156000,1186.35998535,1196.44995117,1186.35998535,1191.43994141,1147.0262558674508,1112.410202764694,1033.3931901473584,703083000
1617242400,1194.58996582,1217.26000977,1192.82995605,1216.09997559,1149.4931744289704,1114.7144199385898,1035.2111681119618,672835000
1617328800,1225.76000977,1228.29003906,1221.06994629,1224.44995117,1152.1702021697215,1117.1529872992878,1037.0941410777134,661889000
1617588000,1245.2800293,1245.2800293,1228.18005371,1236.05004883,1155.165910979017,1119.7951442221924,1039.073801851368,693036000
1617674400,1233.36999512,1244.63000488,1231.14001465,1239.95996094,1158.1942699061951,1122.465473482588,1041.0726691059813,694064000
1617760800,1237.39001465,1242.38000488,1232.52001953,1242.38000488,1161.2009032981168,1125.130240846975,1043.0757271733844,727816000
1617847200,1242.38000488,1246.40002441,1232.26000977,1234.89001465,1163.8326572749697,1127.5693469314867,1044.9843270487736,664508000
1617933600,1231.51000977,1234.97998047,1227.59997559,1231.66003418,1166.2550635930065,1129.882473314787,1046.8417967714724,732818000
1618192800,1236.79003906,1252.44995117,1232.34997559,1252.44995117,1169.333452435042,1132.6061950449027,1048.887649054045,890313000
1618279200,1262.43994141,1268.02001953,1247.66003418,1248.32995605,1172.1547561355762,1135.1778341783493,1050.8721496211688,1027085000
1618365600,1240.90002441,1255.86999512,1233.01000977,1255.86999512,1175.1445860993056,1137.8598821992748,1052.911929178371,861955000
1618452000,1262.25,1265.86999512,1247.25,1247.25,1177.7197794529018,1140.2907737059577,1054.84564132585,806491000
1618538400,1245.06005859,1254.60998535,1227.14001465,1238.70996094,1179.8980002202982,1142.4778667556031,1056.6751370434038,986878000
1618797600,1243.57995605,1260.57995605,1233.77001953,1260.57995605,1182.7794986427875,1145.102357628812,1058.7040407151112,817130000
1618884000,1267.73999023,1286.31994629,1261.2800293,1268.2800293,1185.8330890234022,1147.839639221505,1060.7893739348613,843602000
1619056800,1264.31005859,1271.97998047,1227.81994629,1227.81994629,1187.3326196400665,1149.6169793785825,1062.4513696796885,770373000
1619143200,1227.18005371,1248.5300293,1216.15002441,1248.5300293,1189.5182414136355,1151.815047154614,1064.3028986311344,716519000
1619402400,1251.25,1251.25,1214.14001465,1215.77001953,1190.4558049177913,1153.236268762956,1065.8100341624665,744945000
1619488800,1213.83996582,1220.95996094,1204.14001465,1219.75,1191.5020261707273,1154.7143516793346,1067.341775116074,618170000
1619575200,1220.26000977,1230.91003418,1217.48999023,1229.55004883,1192.8608841228443,1156.3773671715717,1068.9557877898444,612697000
1619661600,1234.91003418,1239.39001465,1231.25,1239.39001465,1194.5226387845285,1158.2220926710922,1070.6516507436768,647160000
1620093600,1222.07995605,1242.80004883,1212.56005859,1242.19995117,1196.2253999411525,1160.0882673044014,1072.3585990066254,798494000
1620180000,1244.68994141,1265.93005371,1244.68994141,1256.43005371,1198.3755661471828,1162.2291958911924,1074.190155769843,744428000
1620266400,1255.42004395,1261.48999023,1246.64001465,1250.56994629,1200.2396511522834,1164.1923236778325,1075.9451785610884,730504000
1620352800,1245.47998047,1250.5,1231.92004395,1241.81005859,1201.7243085607734,1165.9171622314364,1077.5955753772964,783041000
1620612000,1239.95996094,1259.57995605,1236.84997559,1259.57995605,1203.7905816853886,1167.9985576496267,1079.4063652347363,773056000
1620698400,1265.10998535,1272.55004883,1256.04003906,1256.04003906,1205.6566337344818,1169.9550350143018,1081.1639142280226,770094000
1620784800,1251.9699707,1269.08996582,1249.18005371,1269.08996582,1207.9221098803932,1172.1580334766506,1083.0338251891367,700672000
1620871200,1262.97998047,1273.48999023,1261.98999023,1261.98999023,1209.853105607165,1174.1542991822807,1084.8144835477522,711521000
1620957600,1266.43005371,1271.44995117,1259.9699707,1266.35998535,1211.8712084551232,1176.2033144304523,1086.620906451257,730986000
1621216800,1272.55004883,1277.82995605,1258.5,1258.69995117,1213.5436635520832,1178.0365730246644,1088.333135751941,758292000
1621303200,1259.56994629,1262.2199707,1249.02001953,1252.68005371,1214.9413917720087,1179.6953170398942,1089.9684284679415,692481000
1621389600,1254.7800293,1262.70996094,1250.57995605,1262.48999023,1216.6395560026513,1181.535198666341,1091.6850609232854,694352000
1621476000,1264.61999512,1278.2199707,1255.7800293,1278.2199707,1218.8388565275566,1183.683749155978,1093.5411296772825,745212000
1621562400,1272.83996582,1289.0300293,1268.45996094,1283.93005371,1221.1635421412152,1185.9114448127339,1095.435546831837,698930000
1621821600,1287.5,1299.82995605,1287.35998535,1297.97998047,1223.9069863672432,1188.4018567162286,1097.4509143307241,715509000
1621908000,1299.18994141,1308.57995605,1297.22998047,1308.57995605,1226.9310209987702,1191.072481145868,1099.551700815493,679063000
1621994400,1308.04003906,1317.30004883,1304.68005371,1316.69995117,1230.1370542191712,1193.8642027019598,1101.712379923498,713069000
1622080800,1318.42004395,1319.67004395,1299.98999023,1303.56994629,1232.759657507415,1196.3021081150273,1103.7209129221696,732998000
1622167200,1307.79003906,1323.08996582,1300.06005859,1320.45996094,1235.891811201436,1199.061171511138,1105.877520365133,768850000
1622426400,1326.65002441,1328.05004883,1307.56005859,1328.05004883,1239.1831768310276,1201.9275910071126,1108.0881922901565,737175000
1622512800,1329.4699707,1346.33996582,1328.83996582,1337.7800293,1242.7044929906338,1204.9465340802878,1110.3736832056773,629421000
1622599200,1337.7800293,1344.97998047,1330.81994629,1340.7800293,1246.2071907159682,1207.9650561962815,1112.6662836643272,805242000
1622685600,1345.20996094,1366,1345.20996094,1364.2800293,1250.424077808255,1211.438722265253,1115.1699030238863,898882000
1622772000,1367.06005859,1374.05004883,1360.42004395,1374.05004883,1254.8392910590317,1215.0523073000252,1117.7458248727032,943329000
1623031200,1374.58996582,1375.73999023,1347.20996094,1358.7800293,1258.5514602819235,1218.2462566778024,1120.1441751655123,876693000
1623117600,1355.35998535,1364.47998047,1318.10998535,1319.88000488,1260.7417654461406,1220.504784415629,1122.1315963567013,924506000
1623204000,1323.52001953,1339.14001465,1312.07995605,1332.90002441,1263.3188461234213,1223.002456415504,1124.2287946457889,822293000
1623290400,1332.90002441,1336.70996094,1317.48999023,1323.57995605,1265.4710286207992,1225.237511962937,1126.2123882916019,723488000
1623376800,1326.79003906,1352.4699707,1322.07995605,1351.73999023,1268.552062963985,1228.0486781466495,1128.4564440322824,731262000
1623636000,1352.72998047,1368.5300293,1352.72998047,1361.7199707,1271.8794882402713,1231.0191513145019,1130.777474148379,775725000
1623722400,1361.57995605,1372.7199707,1356.58996582,1367.35998535,1275.2895059941902,1234.0489476264017,1133.1315289862061,730942000
1623808800,1363.84997559,1370.14001465,1350.72998047,1356.52001953,1278.1905957633262,1236.7705270020372,1135.3543000363932,769634000
1623895200,1341.06005859,1364.55004883,1337.48999023,1359.92004395,1281.109504627136,1239.5071829342141,1137.588785050459,768730000
1623981600,1366.18994141,1377.77001953,1363.52001953,1377.77001953,1284.5616658736667,1242.5796904141205,1139.978648080106,809466000
1624240800,1373.58996582,1381.73999023,1367.84997559,1372.63000488,1287.7069636953215,1245.469697402251,1142.2935869537368,768183000
1624327200,1380.83996582,1385.97998047,1375,1379.9699707,1291.0020710883457,1248.4585923644233,1144.6585260954907,746948000
1624413600,1383.15002441,1388.32995605,1372.06005859,1376.86999512,1294.0687826609048,1251.312179092325,1146.9690879763316,710771000
1624500000,1376.86999512,1384.70996094,1372.98999023,1379.7199707,1297.127753662301,1254.1656855724957,1149.2850171576615,591749000
1624586400,1382.10998535,1390.11999512,1372.80004883,1390.11999512,1300.4489051429332,1257.1868924513292,1151.6813850975852,598106000
1624845600,1397.95996094,1406.02001953,1390.56005859,1405.81005859,1304.2118034803284,1260.489629476633,1154.2100286149227,699512000
1624932000,1408.33996582,1416.33996582,1406.86999512,1410.04003906,1307.9913833224596,1263.8129719118187,1156.7556008581573,647389000
1625018400,1410.82995605,1419.60998535,1408.18005371,1408.55004883,1311.5827642334432,1267.0293513988895,1159.261018250912,595286000
1625104800,1412.15002441,1417.27001953,1402.18005371,1417.07995605,1315.3505210840344,1270.3638092800252,1161.826380816077,753564000
1625191200,1422.89001465,1424.2800293,1415.81994629,1420.27001953,1319.0976460285333,1273.6950583966914,1164.3979593107429,706827000
1625450400,1420.27001953,1421.52001953,1394.11999512,1411.13000488,1322.3845159875143,1276.7491683185426,1166.8530045402877,774452000
1625536800,1411.13000488,1418.98999023,1354.79003906,1354.79003906,1323.541856097246,1278.483409890575,1168.723024784265,773512000
1625623200,1354.79003906,1388.55004883,1334.57995605,1388.55004883,1325.8635772662728,1280.9293352003401,1170.9103583568592,733801000
1625709600,1388.55004883,1388.55004883,1363.92004395,1374.68005371,1327.6070228535489,1283.0126845005548,1172.9379175146018,528832000
1625796000,1374.68005371,1374.68005371,1335.90002441,1347.14001465,1328.304629703422,1284.4377362816535,1174.6712717149542,713991000
1626055200,1347.14001465,1347.14001465,1270.06005859,1296.30004883,1327.1616089579427,1284.7013432271724,1175.8815083031636,912737000
1626141600,1296.30004883,1307.72998047,1278.30004883,1297.54003906,1326.1036957473018,1284.986647579013,1177.0920409475102,500178000
1626228000,1297.54003906,1305.36999512,1264.68005371,1279.91003418,1324.4539221198982,1284.8738339479237,1178.1151055567886,547973000
1626314400,1279.91003418,1299.18005371,1270.77001953,1293.92004395,1323.3634264709733,1285.0748608368588,1179.2673935009998,419138000
1626400800,1293.92004395,1304.36999512,1293.92004395,1299.31005859,1322.5043776180814,1285.3911985647064,1180.4618478799948,415121000
1626660000,1299.31005859,1299.31005859,1237.79003906,1243.51000977,1319.6831501949357,1284.4605054803797,1181.0891927744228,731023000
1626746400,1243.51000977,1273.29003906,1225.52001953,1273.29003906,1318.026253368688,1284.2122728932602,1182.0066141304983,568602000
1626832800,1273.29003906,1284.32995605,1266.70996094,1270.79003906,1316.3392457148063,1283.9140010302988,1182.8900312939759,451952000
1626919200,1270.79003906,1294.16003418,1266.54003906,1293.67004395,1315.5296313660633,1284.1308019840699,1183.9923199771204,536412000
1627005600,1293.67004395,1295.63000488,1268.82995605,1268.82995605,1313.861785819061,1283.790783185535,1184.836475559935,582254000
1627264800,1268.82995605,1277.32995605,1254.56994629,1272.70996094,1312.392077787666,1283.5445426911897,1185.7108385985425,508547000
1627351200,1272.70996094,1288.34997559,1272.70996094,1276.93005371,1311.1255769277493,1283.3975540471633,1186.6184924802485,566746000
1627437600,1276.93005371,1281.17004395,1271.7800293,1277.06994629,1309.9093044049725,1283.2569405414486,1187.5185069460172,406887000
1627524000,1277.06994629,1293.59997559,1277.06994629,1293.59997559,1309.3268283758664,1283.4867857647498,1188.5740439474498,491061000
1627610400,1293.59997559,1311.9699707,1293.59997559,1310.05004883,1309.3526576777997,1284.0770804995332,1189.782760413943,644438000
1627869600,1310.05004883,1322.34997559,1304.48999023,1314.2199707,1309.5264902857355,1284.746922503988,1191.0209416108191,614534000
1627956000,1314.2199707,1332.43994141,1314.2199707,1332.43994141,1310.3448278258877,1285.806767368566,1192.4280958376767,647013000
1628042400,1332.43994141,1340.76000977,1328.40002441,1334.73999023,1311.2160836260346,1286.8941723210423,1193.844134587849,661800000
1628128800,1334.73999023,1346.61999512,1326.80004883,1345.55004883,1312.4422966690333,1288.1976362434636,1195.3536461723481,635468000
1628215200,1345.55004883,1351.84997559,1341.44995117,1341.44995117,1313.4782843297821,1289.3810210196089,1196.8073407494392,736161000
1628474400,1341.44995117,1361.11999512,1334.68994141,1359.85998535,1315.1347736519328,1290.9472202269508,1198.429755123574,688433000
1628560800,1359.85998535,1370.34997559,1358.11999512,1362.43005371,1316.823890796864,1292.535727637685,1200.0615988906031,716535000
1628647200,1362.43005371,1374.0300293,1357.79003906,1357.79003906,1318.2869675205473,1293.9858234470698,1201.631036106219,806773000
1628733600,1357.79003906,1365.01000977,1353.05004883,1353.05004883,1319.528506138742,1295.2983617889126,1203.1376929492417,741564000
1628820000,1353.05004883,1357.41003418,1336.73999023,1357.05004883,1320.8685612348584,1296.6706215009367,1204.6691591769109,744147000
1629079200,1357.05004883,1372.32995605,1357.05004883,1370.95996094,1322.6575397957563,1298.3214957106936,1206.3237940203246,827714000
1629165600,1370.95996094,1379.69995117,1359.10998535,1363.08996582,1324.1015550109078,1299.760795046456,1207.8836564262915,768611000
1629252000,1363.08996582,1370.5,1355.82995605,1360.93994141,1325.4172116680181,1301.1203316323126,1209.4066045355821,689777000
1629338400,1360.93994141,1374.84997559,1352.93994141,1374.84997559,1327.1826675223747,1302.7587681647058,1211.052807232641,728173000
1629424800,1374.84997559,1374.84997559,1317.52001953,1329.43005371,1327.26293131479,1303.3514633990455,1212.230690282167,1206468000
1629684000,1329.43005371,1329.43005371,1298.85998535,1298.85998535,1326.248540387476,1303.2516527757334,1213.0926733176677,795069000
1629770400,1298.85998535,1307.56005859,1289.16003418,1298.73999023,1325.266092167566,1303.1513936080505,1213.9448854262482,714266000
1629856800,1298.73999023,1310.16003418,1291.69995117,1309.55004883,1324.7048049055102,1303.293585946316,1214.8961805844945,522873000
1629943200,1309.55004883,1316.26000977,1295.77001953,1301.11999512,1323.8624902703134,1303.2452839279533,1215.754128987833,524292000
1630029600,1301.11999512,1313.19995117,1285.16003418,1313.19995117,1323.4816853024452,1303.4664987555543,1216.7237391587998,685056000
1630288800,1313.19995117,1329.61999512,1313.19995117,1328.14001465,1323.648054207715,1304.0147991087642,1217.8323588154287,676541000
1630375200,1328.14001465,1336.14001465,1325.68994141,1331.4699707,1323.9274083681537,1304.624914033014,1218.963081321743,733825000
1630461600,1331.4699707,1338.02001953,1328.13000488,1334.65002441,1324.3103589410769,1305.292138708058,1220.1141951833176,719956000
1630893600,1334.65002441,1348.35998535,1334.65002441,1346.39001465,1325.0989180735385,1306.2054248401012,1221.3706709989065,944405000
1630980000,1346.39001465,1353.66003418,1340.31994629,1341.90002441,1325.698957585555,1306.9986381638766,1222.569968047773,869379000
1631066400,1341.90002441,1344.48999023,1328.34997559,1333.60998535,1325.9814942914281,1307.5900014346794,1223.6748438418251,626075000
1631152800,1333.60998535,1345.58996582,1332.67004395,1343.97998047,1326.6242973692342,1308.3986676354643,1224.8719098779263,642567000
1631239200,1343.97998047,1350.43005371,1343.97998047,1345.31005859,1327.2916459842615,1309.2189207677873,1226.07029941735,598725000
1631498400,1345.31005859,1350.68994141,1340.5,1341.43005371,1327.7965891173237,1309.9347237220586,1227.2181576690182,775469000
1631584800,1341.43005371,1349.13000488,1336.83996582,1339.69995117,1328.2217091906336,1310.5961732209018,1228.3373794948986,730453000
1631671200,1339.69995117,1347.69995117,1334.9699707,1345.82995605,1328.8505751498967,1311.3791461726596,1229.506459858631,692093000
1631757600,1345.82995605,1353.11999512,1341.22998047,1345.86999512,1329.4584115774005,1312.1456094826005,1230.6643059806347,599771000
1631844000,1345.86999512,1356.44995117,1345.86999512,1352.64001465,1330.2863259728506,1313.045485152987,1231.877994624111,852781000
1632103200,1352.64001465,1365.92004395,1349.18005371,1350.47998047,1331.0075279191774,1313.8773628266986,1233.058113886259,895455000
1632189600,1350.47998047,1350.47998047,1324.81994629,1339.83996582,1331.322972129921,1314.454309559883,1234.1206198756495,859676000
1632276000,1339.83996582,1350.70996094,1336.63000488,1350.68005371,1332.0142964720667,1315.2593260965523,1235.2804152371853,779652000
1632362400,1350.68005371,1361.08996582,1350.43005371,1352.76000977,1332.7552148041357,1316.092674622629,1236.4493664265665,997614000
1632448800,1352.76000977,1356.9699707,1348.06994629,1351.17004395,1333.4128872736308,1316.8721717187927,1237.5908657054067,673104000
1632708000,1351.17004395,1354.38000488,1324.98999023,1324.98999023,1333.1120695220725,1317.0525676857085,1238.4605087355021,778442000
1632794400,1324.98999023,1341.81005859,1316.41003418,1339.31005859,1333.3334262744984,1317.5471785946927,1239.463986843507,623510000
1632880800,1339.31005859,1340.90002441,1328.17004395,1339.20996094,1333.543302512552,1318.0285737579218,1240.4564840981984,598501000
1632967200,1339.20996094,1348.89001465,1339.20996094,1342.06005859,1333.8474723724607,1318.5626067541903,1241.4674649389128,438294000
1633053600,1342.06005859,1344.06005859,1332.9699707,1334.89001465,1333.8847060252301,1318.9254380407638,1242.3970425479783,738174000
1633312800,1334.89001465,1347.48999023,1333.5300293,1339.54003906,1334.0866822050434,1319.3835402856357,1243.3636395281974,736080000
1633399200,1339.54003906,1354.63000488,1339.54003906,1354.63000488,1334.8203723005777,1320.1667950543995,1244.4707675416482,636267000
1633485600,1354.63000488,1362.81994629,1354.63000488,1362.81994629,1335.820357085914,1321.114642859635,1245.6483713102884,636998000
1633572000,1362.81994629,1367.64001465,1360.56994629,1365.98999023,1336.8978439839173,1322.1118728011988,1246.8458003542657,693029000
1633658400,1365.98999023,1373.18005371,1365.93005371,1372.72998047,1338.1775631441344,1323.2367196382834,1248.09837926089,632859000
1633917600,1372.72998047,1394.64001465,1372.72998047,1394.08996582,1340.1744346682724,1324.8112362200993,1249.551031863468,764352000
1634004000,1394.08996582,1400.7800293,1389.43005371,1394.80004883,1342.1253494597627,1326.366543166986,1250.9962957138814,742805000
1634090400,1394.80004883,1400.67004395,1389.60998535,1391.91003418,1343.9033739140568,1327.8230651894974,1252.3984224647882,645349000
1634176800,1391.91003418,1398.67004395,1388.89001465,1391.84997559,1345.6157525453405,1329.2458854206197,1253.786000107825,725511000
1634263200,1391.84997559,1399.0300293,1388,1392.69995117,1347.2973310676498,1330.655975770606,1255.1682284766027,784555000
1634522400,1392.69995117,1402.63000488,1390.88000488,1395.5300293,1349.019927433091,1332.0976214045925,1256.5648633106664,795915000
1634608800,1395.5300293,1399.66003418,1388.94995117,1395.32995605,1350.673857026552,1333.5027843967127,1257.9456105021025,639435000
1634695200,1395.32995605,1401.76000977,1376.15002441,1393.80004883,1352.2140781623893,1334.8427236063415,1259.2973959581013,845891000
1634781600,1393.80004883,1398.44995117,1384.77001953,1384.77001953,1353.3767903540897,1335.9522190713117,1260.5458797747372,709067000
1634868000,1384.77001953,1393.69995117,1384.77001953,1389.23999023,1354.6576189210866,1337.136391763727,1261.8264181872273,798130000
1635127200,1389.23999023,1395.7199707,1385.40002441,1385.40002441,1355.755561974262,1338.208916933644,1263.056006308847,899257000
1635213600,1385.40002441,1393.0300293,1377.56005859,1391.63000488,1357.0367920780384,1339.3960522213408,1264.3353495782117,747953000
1635300000,1391.63000488,1423.02001953,1391.63000488,1423.02001953,1359.3933359156085,1341.2543626059778,1265.9143015180305,936216000
1635386400,1423.02001953,1440.64001465,1420.42004395,1438.01000977,1362.2010742675511,1343.4044880985116,1267.6266966250153,865428000
1635472800,1438.01000977,1447.61999512,1432.18994141,1444.27001953,1365.1321080269242,1345.6459443525446,1269.384341629045,982013000
1635732000,1444.27001953,1451.81005859,1435.56994629,1438.9699707,1367.7691745509626,1347.7198116047102,1271.0717608237808,1132356000
1635818400,1438.9699707,1452.45996094,1438.82995605,1452.45996094,1370.7938454934283,1350.0473704788278,1272.87661853638,1009458000
1635904800,1452.45996094,1463.63000488,1440.67004395,1444.30004883,1373.419067041163,1352.1418744421871,1274.5823243104458,1505103000
1635991200,1444.30004883,1451.97998047,1435.83996582,1448.33996582,1376.0948134261216,1354.2796098061385,1276.3112560667598,929527000
1636077600,1448.33996582,1459.93005371,1444.51000977,1456.51000977,1378.9667847241174,1356.5513964720021,1278.1042784916676,874071000
1636336800,1456.51000977,1470.48999023,1456.51000977,1467.56994629,1382.1311833514703,1359.0184753568465,1279.9895090170241,1075457000
1636423200,1467.56994629,1474.19995117,1457.56994629,1461.5,1384.9657839460606,1361.2958425711388,1281.7955835541682,1030269000
1636509600,1461.5,1470.18994141,1457.97998047,1465.02001953,1387.8248637883441,1363.6008242813357,1283.6187122703457,985538000
1636596000,1465.02001953,1472.89001465,1449.18005371,1462.34997559,1390.4864749241176,1365.7952498659727,1285.3971328008895,1265480000
1636682400,1462.34997559,1474.97998047,1453.2199707,1473.36999512,1393.446600645399,1368.1857997605066,1287.2675095403831,955627000
1636941600,1473.36999512,1481.95996094,1466.01000977,1476.56994629,1396.4152915612776,1370.594336350051,1289.1511158762003,1174091000
1637028000,1476.56994629,1476.9699707,1459.07995605,1466.44995117,1398.9165294044462,1372.7244611238277,1290.9152833915614,1223765000
1637114400,1466.44995117,1477.04003906,1464.7800293,1475.84997559,1401.6641524825018,1375.016139223076,1292.7554295825905,860800000
1637200800,1475.84997559,1482.86999512,1469.82995605,1469.82995605,1404.0986454670553,1377.123112930341,1294.517365169331,1090650000
1637287200,1469.82995605,1481.5300293,1434.68994141,1452.34997559,1405.8219072571605,1378.7948209894446,1296.08783890486,1522741000
1637546400,1452.34997559,1466.45996094,1442.84997559,1447.25,1407.3014819979762,1380.3160471896792,1297.5919400102844,1269016000
1637632800,1447.25,1463.63000488,1438.41003418,1463.63000488,1409.3132149580485,1382.1674684716863,1299.2440600587393,880068000
1637719200,1463.63000488,1491.05004883,1463.63000488,1488.86999512,1412.154528535261,1384.5386357305379,1301.1308852832294,1116908000
1637805600,1488.86999512,1505.35998535,1488.86999512,1500.81005859,1415.3207974657876,1387.1224451274147,1303.117742729068,1014179000
1637892000,1500.81005859,1511.68005371,1488.82995605,1493.0300293,1418.0961271741523,1389.4759469979167,1305.007417222311,1060467000
1638151200,1493.0300293,1493.0300293,1464.82995605,1484.83996582,1420.4798356972183,1391.5951474161852,1306.7967958153229,1012517000
1638237600,1484.83996582,1503.08996582,1471.56994629,1478.43994141,1422.5498394726749,1393.5250317271589,1308.5046878112898,1084948000
1638324000,1478.43994141,1487.68005371,1471.30004883,1485.18994141,1424.7869859704365,1395.562029720111,1310.2627500361527,876732000
1638410400,1485.18994141,1493.83996582,1482.05004883,1482.05004883,1426.8320953582781,1397.4839857003308,1311.9720763923103,763955000
1638496800,1482.05004883,1491.19995117,1443.31994629,1443.31994629,1427.4209471772683,1398.5025626023235,1313.2790203713919,1096303000
1638756000,1443.31994629,1452.55004883,1400.86999512,1413.57995605,1426.9266260655802,1398.8376157900495,1314.2770396318756,1038157000
1638842400,1413.57995605,1446.77001953,1413.57995605,1446.77001953,1427.6353186893095,1399.902780317604,1315.5953777403147,755905000
1638928800,1446.77001953,1460.2800293,1446.77001953,1452.86999512,1428.5365571332627,1401.079829535435,1316.9612943311574,771027000
1639015200,1452.86999512,1467.97998047,1446.88000488,1467.97998047,1429.9452508238605,1402.566499556203,1318.4639678250762,665456000
1639101600,1467.97998047,1475.84997559,1461.7800293,1463.54003906,1431.145064689437,1403.921467100732,1319.9075108224386,798294000
1639360800,1463.54003906,1481.69995117,1463.54003906,1476.20996094,1432.7545252698144,1405.527878074938,1321.4627590823147,865576000
1639447200,1476.20996094,1485.14001465,1469.20996094,1476.02001953,1434.2997214933926,1407.0943701072727,1323.0006422708489,964113000
1639533600,1476.02001953,1481.67004395,1468.20996094,1475.5,1435.7711600114858,1408.614495216,1324.5180488154176,906078000
1639620000,1475.5,1482.31994629,1468.94995117,1476.60998535,1437.2296894878614,1410.1255061078666,1326.0314014177518,927544000
1639706400,1476.60998535,1487.72998047,1476.60998535,1479.79003906,1438.7497019725806,1411.6736068401362,1327.5613381107096,1114655000
1639965600,1479.79003906,1483.84997559,1468.88000488,1477.32995605,1440.1275681896313,1413.1326368225778,1329.0515731150806,963352000
1640052000,1477.32995605,1486.08996582,1472.43005371,1478.73999023,1441.5065832625016,1414.5905780094095,1330.5410101012988,902843000
1640138400,1478.73999023,1489.23999023,1471.83996582,1477.67004395,1442.7981354299122,1415.9923439192003,1332.0049805873555,1069405000
1640224800,1477.67004395,1481.20996094,1447.14001465,1456.95996094,1443.3039149124154,1416.9027354085513,1333.2483137251927,1360821000
1640311200,1456.95996094,1478.80004883,1456.31994629,1477.0300293,1444.5084189976862,1418.238897495028,1334.6789775617578,889478000
1640570400,1477.0300293,1490.11999512,1469.91003418,1488.88000488,1446.0931184934832,1419.8086998813606,1336.2133161420388,752108000
1640656800,1488.88000488,1499.77001953,1483.9699707,1494.39001465,1447.8180076419303,1421.4660624317748,1337.7872136396304,1002235000
1640743200,1494.39001465,1498.91003418,1485.81994629,1485.81994629,1449.1752197365042,1422.8961487397355,1339.2601761535645,843880000
1640829600,1490.95996094,1493.38000488,1484.81994629,1485.9699707,1450.4893179852006,1424.2977892277413,1340.7199751042754,747861000
1640916000,1485.9699707,1499.06994629,1485.9699707,1498.2800293,1452.1961291035864,1425.9418390071248,1342.2877368375662,875730000
1641261600,1508.55004883,1526.68994141,1507.18994141,1525.57995605,1454.8169800659582,1428.1560193858554,1344.1115400138092,891297000
1641348000,1525.57995605,1535.81994629,1522.5,1522.5,1457.2342307778883,1430.252552288392,1345.8865495659106,1058452000
1641434400,1522.5,1536.23999023,1518.18005371,1528.56994629,1459.781934903321,1432.4373832662056,1347.7042948069463,1133723000
1641520800,1534.09997559,1534.52001953,1524.95996094,1528.47998047,1462.2354365307024,1434.5716632040678,1349.5030578483697,1027120000
1641780000,1528.47998047,1536.44995117,1503.70996094,1503.70996094,1463.7166695453202,1436.1080698204219,1351.0374548940576,1381116000
1641866400,1503.70996094,1512.05004883,1488.40002441,1492.31005859,1464.7378620112015,1437.3570029041903,1352.443152443271,1251472000
1641952800,1489.10998535,1510.51000977,1464.48999023,1510.51000977,1466.3725815740158,1438.982625278986,1354.0159569937857,1130819000
1642039200,1510.51000977,1522.59997559,1495.13000488,1496.05004883,1467.4324911188723,1440.2507902467862,1355.4292315394198,995818000
1642125600,1496.05004883,1503.25,1476.68005371,1496.02001953,1468.4534742764126,1441.4901064530798,1356.828144852759,785613000
1642384800,1496.02001953,1503.85998535,1452.83996582,1452.83996582,1467.895848974398,1441.7423255501224,1357.7834863549206,987100000
1642471200,1452.83996582,1452.83996582,1424.65002441,1438.93994141,1466.8617094185265,1441.6800503470085,1358.5910132708916,739292000
1642557600,1438.93994141,1449.10998535,1434.45996094,1442.79003906,1466.002006905722,1441.7047167628527,1359.4288145225246,637631000
1642644000,1442.79003906,1469.07995605,1432.57995605,1465.30004883,1465.9769369744463,1442.229057475456,1360.482259640012,785762000
1642730400,1465.30004883,1477.22998047,1463.06005859,1472.89001465,1466.223832605716,1442.910412079335,1361.6007447644895,811346000
1642989600,1472.89001465,1472.89001465,1432.18005371,1439.70996094,1465.2769086176547,1442.8392909429053,1362.377950895589,828130000
1643076000,1439.70996094,1479.57995605,1424.35998535,1479.57995605,1465.7877317402385,1443.6557501675074,1363.5441400016032,751388000
1643162400,1479.57995605,1490.44995117,1478.41003418,1481.57995605,1466.3517397513015,1444.4985102982296,1364.718625733428,813176000
1643248800,1481.57995605,1486.39001465,1464.06005859,1470.76000977,1466.509177966255,1445.08209917538,1365.7737638830458,564596000
1643335200,1470.76000977,1484.47998047,1465.2199707,1478.95996094,1466.953848786746,1445.8349405479273,1366.899994699533,702682000
1644199200,1478.95996094,1505.68994141,1478.95996094,1497.66003418,1468.0504982650764,1446.9866092953066,1368.2010896197366,578172000
1644285600,1497.66003418,1503.32995605,1491.7800293,1500.98999023,1469.226908692395,1448.1866844271888,1369.5223722128735,734761000
1644372000,1500.98999023,1511.7199707,1499.5300293,1505.38000488,1470.5180906990952,1449.457647103918,1370.8741894533425,794738000
1644458400,1510.66003418,1512.88000488,1495.69995117,1506.79003906,1471.8135174262704,1450.7317002584975,1372.2265859668416,680250000
1644544800,1506.79003906,1508.54003906,1499.06005859,1501.70996094,1472.8812475517607,1451.8645504958643,1373.5149777576194,636284000
1644804000,1501.70996094,1501.70996094,1471.95996094,1471.95996094,1472.8483444584836,1452.3111151724006,1374.4945298290859,810716000
1644890400,1471.95996094,1495.56005859,1470.06005859,1492.75,1473.5591178706807,1453.2097570574583,1375.6712011740701,606423000
1644976800,1492.75,1499.5,1486.68005371,1492.09997559,1474.2212913606563,1454.0739841359593,1376.8296964418903,702522000
1645063200,1492.09997559,1507.98999023,1492.09997559,1507.98999023,1475.4273163202758,1455.2721176047157,1378.1347739920207,615794000
1645149600,1507.98999023,1507.98999023,1492.38000488,1504.83996582,1476.4777680881232,1456.373625342833,1379.3955221694134,697546000
1645408800,1504.83996582,1516.63000488,1500.9699707,1510.83996582,1477.7049894356903,1457.583988464548,1380.7034270813595,791919000
1645495200,1510.83996582,1510.83996582,1484.81005859,1503.4699707,1478.625167337987,1458.603676958669,1381.924984729306,908054000
1645581600,1503.4699707,1520.7800293,1503.4699707,1512.30004883,1479.8278416769874,1459.7969296669207,1383.2222490487159,694654000
1645668000,1512.30004883,1513.25,1473.76000977,1494.84997559,1480.364346459595,1460.575886242989,1384.3329726958927,1159943000
1645754400,1494.84997559,1512.05004883,1494.84997559,1498.89001465,1481.0259774663953,1461.4273113187005,1385.4728437601127,768010000
1646013600,1498.89001465,1502.35998535,1487.56994629,1490.13000488,1481.3511213025954,1462.0651489533961,1386.5142085473753,729794000
1646100000,1490.13000488,1501.72998047,1490.13000488,1498.7800293,1481.9735823025028,1462.8810351833206,1387.631281390685,842432000
1646186400,1499.36999512,1500.41003418,1479.55004883,1485.52001953,1482.1002407749133,1463.384123724358,1388.6052986856037,941554000
1646272800,1485.52001953,1505,1485.52001953,1505,1482.9180893186665,1464.3089209749278,1389.7634549175878,929212000
1646359200,1505,1509.18994141,1501.39001465,1505.32995605,1483.7185131304998,1465.2204995321515,1390.9133703517412,928921000
1646618400,1505.32995605,1505.32995605,1493.86999512,1499.05004883,1484.2660679769106,1465.972267294326,1391.989357202271,981721000
1646704800,1499.05004883,1499.05004883,1473.70996094,1473.70996094,1483.8890641541639,1466.1442160420077,1392.8024975379699,1037518000
1646791200,1473.70996094,1482.85998535,1462.80004883,1473.73999023,1483.526597228301,1466.313011023963,1393.6078457239603,930301000
1646877600,1473.73999023,1488.58996582,1473.73999023,1479.07995605,1483.3677886147902,1466.5967209134305,1394.4583144834235,649940000
1646964000,1479.07995605,1480.29003906,1458.88000488,1466.54003906,1482.766797559262,1466.5954613166875,1395.1755455737377,878192000
1647223200,1466.54003906,1466.54003906,1439.18994141,1446.25,1481.4626262178597,1466.1433399540945,1395.6837491003673,858565000
1647309600,1446.25,1453.06994629,1437.27001953,1452.73999023,1480.4368177897218,1465.8454877380034,1396.251472892702,675628000
1647396000,1452.73999023,1462.97998047,1452.73999023,1459.32995605,1479.6830012990174,1465.7006981449367,1396.879119491282,624218000
1647482400,1459.32995605,1467.73999023,1459.14001465,1461.33996582,1479.0278928890525,1465.6037929821603,1397.520520947289,717437000
1647568800,1461.33996582,1474.85998535,1461.33996582,1469.09997559,1478.6733244140864,1465.6814859290012,1398.2327543268184,795725000
1647828000,1474.7800293,1494.94995117,1474.38000488,1494.94995117,1479.254632512512,1466.3318962676901,1399.1951144944123,792157000
1647914400,1494.94995117,1507.70996094,1494.94995117,1503.7800293,1480.1305395406366,1467.1640770017414,1400.2357604128758,947697000
1648000800,1503.7800293,1513.90002441,1501.67004395,1502.33996582,1480.9237333363283,1467.9457634199248,1401.2517226557327,861130000
1648087200,1502.33996582,1505.39001465,1495.18005371,1498.26000977,1481.5428860661023,1468.6194133388153,1402.2169792439342,784913000
1648173600,1500.17004395,1503.29003906,1494.55004883,1498.5,1482.1484972780272,1469.2834263757306,1403.1750192514573,768936000
1648432800,1498.5,1498.5,1473.80004883,1483.18005371,1482.1853385791692,1469.5922403164923,1403.9710892460696,1065488000
1648519200,1483.18005371,1498.44995117,1483.18005371,1497.76000977,1482.7415768359845,1470.2181907487925,1404.90431233586,737942000
1648605600,1497.76000977,1503.89001465,1483.90002441,1490.51000977,1483.019020869342,1470.6691200603748,1405.7561103202793,901485000
1648692000,1490.51000977,1498.41003418,1488.27001953,1492.15002441,1483.3451281386513,1471.1464734903664,1406.6157512564955,684539000
1648778400,1492.15002441,1516.86999512,1484.13000488,1516.43994141,1484.5270857554851,1472.1529949996916,1407.708529267973,967673000
1649037600,1516.43994141,1530.94995117,1516.43994141,1524.69995117,1485.9618309488606,1473.3207051368095,1408.872623018242,779577000
1649124000,1524.69995117,1527.56994629,1519.2800293,1520.0300293,1487.178552318544,1474.3586901182136,1409.9786668618415,703529000
1649210400,1520.0300293,1523.75,1507.61999512,1522.90002441,1488.4543191789533,1475.437386435809,1411.1022624593356,944040000
1649296800,1522.90002441,1524.92004395,1502.34997559,1502.34997559,1488.950592622205,1476.0354439725688,1412.0101999034218,795134000
1649383200,1502.34997559,1507.72998047,1482,1482,1488.702357171412,1476.1679896620674,1412.7066158247808,763561000
1649728800,1482,1490.57995605,1455.25,1455.25,1487.5076301295758,1475.7031454473547,1413.1299330802556,680058000
1649815200,1455.25,1477.19995117,1448.52001953,1477.19995117,1487.1394987381623,1475.7364077967468,1413.767445698064,674791000
1649901600,1477.19995117,1484.33996582,1471.75,1472.11999512,1486.6030878946565,1475.6560430705968,1414.3480680803718,523370000
1649988000,1472.11999512,1478.94995117,1456.39001465,1458.56005859,1485.601551133776,1475.2761323043612,1414.7879883839503,659471000
1650247200,1458.56005859,1458.56005859,1425.06994629,1432.59997559,1483.7086377214982,1474.3277732662643,1414.965222087493,827689000
1650333600,1432.59997559,1442.04003906,1406.44995117,1406.44995117,1480.9493989160876,1472.8193772196807,1414.8804930236374,702352000
1650420000,1401.63000488,1410.64001465,1384.7199707,1384.7199707,1477.5126336226558,1470.8616126303546,1414.5803883238998,688325000
1650506400,1384.7199707,1392.32995605,1356.57995605,1370.20996094,1473.680395312561,1468.6249092594578,1414.1388915340103,810674000
1650592800,1370.20996094,1392.89001465,1352.43005371,1379.22998047,1470.3071662110408,1466.6383552863588,1413.7915391851147,834412000
1650852000,1379.22998047,1382.13000488,1298.38000488,1310.92004395,1464.6147689874322,1463.177948367773,1412.767942217601,762880000
1650938400,1310.92004395,1341.33996582,1261.40002441,1341.33996582,1460.2120974457382,1460.4704376444893,1412.0572160842917,727648000
1651024800,1341.33996582,1355.92004395,1314.81005859,1353.77001953,1456.4105946630332,1458.099317241945,1411.477243979274,519555000
1651111200,1353.77001953,1358.06994629,1344.09997559,1350.98999023,1452.645573076139,1455.719109975013,1410.875380757888,485123000
1651197600,1350.98999023,1369.31005859,1343.23999023,1366.80004883,1449.5796614959197,1453.743130838457,1410.4368202411927,598402000
1651629600,1366.10998535,1366.39001465,1348.68005371,1348.68005371,1445.976104074994,1451.408395791158,1409.8223250518276,528292000
1651716000,1348.68005371,1362.18005371,1331.41003418,1360.68005371,1442.9298165619587,1449.3922104115768,1409.3333472275308,531075000
1651802400,1360.68005371,1360.68005371,1328.13000488,1329.26000977,1438.870180605103,1446.722605952875,1408.5365976010878,564073000
1652061600,1329.26000977,1329.26000977,1265.54003906,1269.61999512,1432.8255311234923,1442.7869923788112,1407.1543428500322,673761000
1652148000,1269.61999512,1293.56005859,1232.56994629,1293.56005859,1427.8517642472962,1439.4708382946153,1406.0240514643604,665477000
1652234400,1293.56005859,1305.17004395,1277.91003418,1301.5300293,1423.340273713464,1436.4054869836239,1404.984309950287,418232000
1652320800,1301.5300293,1301.5300293,1238.05004883,1238.83996582,1416.7509770029833,1432.0151420688767,1403.3311323967519,557892000
1652407200,1238.83996582,1238.83996582,1180.59997559,1182.77001953,1408.394514236091,1426.4763615680129,1401.1364944577792,816986000
1652666400,1182.77001953,1215.95996094,1170.58996582,1171.94995117,1399.9500655551592,1420.8202191147236,1398.8560313404878,584389000
1652752800,1171.94995117,1228.36999512,1156.54003906,1228.36999512,1393.8222058967606,1416.5435474703963,1397.1596528706323,583956000
1652839200,1228.36999512,1249.83996582,1222.92004395,1240.76000977,1388.3556988922335,1412.6372466326097,1395.6034375163972,566364000
1652925600,1240.76000977,1246.66003418,1210.43005371,1241.64001465,1383.1158530264395,1408.8373081441073,1394.0714631595176,496733000
1653012000,1241.64001465,1252.95996094,1232.32995605,1240.70996094,1378.0299283090667,1405.1011448729048,1392.545478062806,504692000
1653271200,1240.70996094,1246.57995605,1207.98999023,1218.81005859,1372.3435043905286,1400.961342955507,1390.8167674212857,557426000
1653357600,1218.81005859,1233.38000488,1203.2800293,1233.38000488,1367.3805222651524,1397.2373132204957,1389.250232470626,528479000
1653444000,1233.38000488,1268.43005371,1233.38000488,1268.43005371,1363.8465769596112,1394.374929675818,1388.048041637187,655243000
1653530400,1268.43005371,1278.10998535,1261.55004883,1268.56994629,1360.4438401499822,1391.5792633783553,1386.8592048675632,541907000
1653616800,1268.56994629,1286.98999023,1268.56994629,1285.44995117,1357.7654869721257,1389.2208342181696,1385.85015756709,607222000
1653876000,1285.44995117,1296.2199707,1281.27001953,1293.92004395,1355.4852925784783,1387.103038878877,1384.9354300684124,587228000
1653962400,1293.92004395,1297.64001465,1280.43994141,1292.68005371,1353.2422483331754,1385.0047503195685,1384.0174661245476,591086000
1654048800,1292.68005371,1302.25,1286.01000977,1299.52001953,1351.3235973044907,1383.1050896353559,1383.1766955116666,573627000
1654135200,1299.52001953,1302.66003418,1283.31994629,1288.61999512,1349.0841829407589,1381.005420868348,1382.2358328212022,572549000
1654221600,1288.61999512,1292.7800293,1276.36999512,1287.97998047,1346.9018899953746,1378.9381888594958,1381.2979636435782,473813000
1654480800,1287.97998047,1302.14001465,1281.94995117,1290.01000977,1344.8700371301827,1376.9620071019515,1380.3896257940899,589885000
1654567200,1290.01000977,1291.34997559,1260.92004395,1291.34997559,1342.9586063608904,1375.059517512797,1379.5036591253925,670865000
1654653600,1291.34997559,1316.7800293,1291.34997559,1307.91003418,1341.7068716401443,1373.5673067720682,1378.7912847478265,584571000
1654740000,1307.91003418,1312.43994141,1300.84997559,1307.80004883,1340.4959136826392,1372.1058121511333,1378.0849042909326,465658000
1654826400,1307.80004883,1309.58996582,1284.07995605,1284.07995605,1338.481058052902,1370.1496820155526,1377.1495316716198,603294000
1655085600,1284.07995605,1284.07995605,1226.01000977,1227.04003906,1334.5010216602984,1366.9694677276514,1375.6559048794643,733452000
1655172000,1227.04003906,1239.35998535,1211.13000488,1230.31005859,1330.7799158363591,1363.9325919690368,1374.209677553201,560885000
1655258400,1230.31005859,1235.56005859,1195.18994141,1213.93005371,1326.6067064747035,1360.5992022299472,1372.6148554254078,688120000
1655344800,1213.93005371,1246.31994629,1213.93005371,1236.63000488,1323.3932528463213,1357.8443311777262,1371.2617723354037,561693000
1655431200,1236.63000488,1236.63000488,1191.92004395,1217.30004883,1319.6042098457383,1354.7211249033323,1369.7298148875889,738578000
1655690400,1218.36999512,1221.59997559,1180.40002441,1180.40002441,1314.632631794462,1350.8473226701472,1367.845936375374,669545000
1655776800,1180.40002441,1189.9699707,1162.93994141,1172.4699707,1309.5553938982312,1346.883381515255,1365.9018969159176,694932000
1655863200,1172.4699707,1185.85998535,1162.97998047,1169.27001953,1304.5452019565087,1342.9364179155828,1363.9453608225253,592476000
1655949600,1169.27001953,1188.88000488,1162.06005859,1188.88000488,1300.414302060919,1339.5129420703477,1362.2034169823012,440782000
1656036000,1188.88000488,1196.84997559,1185.47998047,1185.47998047,1296.3095048612433,1336.0899873681178,1360.4449748279499,478685000
1656295200,1185.47998047,1203.51000977,1185.47998047,1202.81994629,1292.9705920551276,1333.128430899715,1358.8765665837911,526955000
1656381600,1202.81994629,1221.73999023,1198.98999023,1218.09997559,1290.2966414670873,1330.5722430039436,1357.4758044843504,588386000
1656468000,1218.09997559,1219.57995605,1207.38000488,1218.08996582,1287.7178316225484,1328.0726368443004,1356.0888807165459,560589000
1656554400,1218.08996582,1220.51000977,1197.59997559,1197.59997559,1284.499336764243,1325.1732443719827,1354.511876685436,510217000
1656640800,1197.59997559,1202.41003418,1170.94995117,1198.90002441,1281.4422184658772,1322.367172817272,1352.9635000458793,534065000
1656900000,1206.4699707,1208.95996094,1192.63000488,1195.5300293,1278.3739259956674,1319.5485696279993,1351.3969978494029,442819000
1656986400,1195.5300293,1200.98999023,1181.29003906,1181.29003906,1274.9066443193935,1316.4761578375994,1349.7043912942845,612003000
1657072800,1181.29003906,1181.29003906,1147.63000488,1149.60998535,1270.4317636419153,1312.7680206712084,1347.713402180411,556463000
1657159200,1149.60998535,1166.47998047,1142.80004883,1166.47998047,1266.719199957204,1309.5171753334039,1345.9100845514517,411791000
1657245600,1166.47998047,1177.18005371,1164.22998047,1171.31005859,1263.311730622661,1306.4459060724394,1344.172770860293,476372000
1657504800,1171.31005859,1171.31005859,1144.55004883,1155.29003906,1259.4538130668516,1303.0868868054963,1342.2933406931259,538713000
1657591200,1155.29003906,1174.81994629,1153.55004883,1174.81994629,1256.4311749676783,1300.2365103495963,1340.6269387587663,525110000
1657677600,1173.45996094,1182.20996094,1170.92004395,1173.92004395,1253.484348859904,1297.4294777629386,1338.9681636860423,563998000
1657764000,1173.92004395,1182.17004395,1170.04003906,1182.17004395,1250.937409398836,1294.86815701154,1337.4079833901612,534742000
1657850400,1182.17004395,1189.66003418,1178.11999512,1179.25,1248.377144777449,1292.2988646335057,1335.834272112647,604014000
1658109600,1179.25,1184.93005371,1174.69995117,1176.48999023,1245.8097464007544,1289.7253340912055,1334.2487568700337,523728000
1658196000,1176.48999023,1180.45996094,1168.98999023,1178.32995605,1243.3997538882275,1287.2498812458452,1332.697326016103,532685000
1658282400,1178.32995605,1198.63000488,1178.32995605,1194.14001465,1241.6404774868622,1285.180773099271,1331.3186463010175,648003000
1658368800,1194.14001465,1201.91003418,1194.14001465,1198.4699707,1240.0986736730456,1283.253866379287,1329.996768931853,530311000
1658455200,1198.4699707,1202.68994141,1194.76000977,1194.76000977,1238.4794356765083,1281.287336232414,1328.6511295372077,477948000
1658714400,1191.43005371,1198.16003418,1184.31994629,1188.5,1236.6944558309187,1279.2253954272492,1327.2565909348475,437846000
1658800800,1188.5,1194.15002441,1184.43994141,1185.06994629,1234.8507233473144,1277.133052113088,1325.8417984508192,434802000
1658887200,1185.06994629,1191.04003906,1178.57995605,1191.04003906,1233.2860560513388,1275.2198740452416,1324.5004874121046,445143000
1658973600,1191.04003906,1214.0300293,1191.04003906,1208.11999512,1232.387268160934,1273.7287656246806,1323.342472563427,668855000
1659060000,1208.11999512,1217.83996582,1206.32995605,1206.32995605,1231.4566498712577,1272.2310143007987,1322.1781689165273,590318000
1659319200,1206.32995605,1231.34997559,1206.32995605,1231.34997559,1231.4528400754984,1271.322546773892,1321.2744057988505,708709000
1659405600,1231.34997559,1241.91003418,1224.10998535,1241.61999512,1231.8159527556593,1270.6624900704724,1320.481824598066,817689000
1659492000,1241.61999512,1250.19995117,1232.41003418,1249.76000977,1232.456811934743,1270.1979905082396,1319.7781249480354,789515000
1659578400,1249.76000977,1257.38000488,1247.38000488,1254.15002441,1233.231569523145,1269.8413690393897,1319.1251090222838,724749000
1659664800,1250.25,1253.75,1245.05004883,1252.73999023,1233.9282988341042,1269.4613383991812,1318.4645605765895,698640000
1659924000,1252.35998535,1258.83996582,1252.04003906,1256.75,1234.743359590029,1269.1788642125327,1317.8504853469717,699342000
1660010400,1256.75,1263.14001465,1252.83996582,1258.84997559,1235.6043101614566,1268.9493333542543,1317.2634155981461,721636000
1660096800,1258.84997559,1260.35998535,1253.89001465,1256.5,1236.3505847985475,1268.6726815019376,1316.658804497667,651757000
1660183200,1256.5,1268.0300293,1245.84997559,1252.06994629,1236.9119905660993,1268.3037318305612,1316.0161292916205,810554000
1660269600,1252.06994629,1262.32995605,1248.65002441,1262.32995605,1237.8197750476672,1268.1709812576598,1315.4819385130968,542036000
1660528800,1262.32995605,1274.23999023,1262.32995605,1274.19995117,1239.1190670520364,1268.304958366823,1315.071172469882,634199000
1660615200,1274.19995117,1275.93005371,1271.10998535,1274.68994141,1240.3894554219637,1268.4468468788937,1314.6693691757537,617720000
1660701600,1274.68994141,1280.60998535,1271.9699707,1275.2800293,1241.6355473461792,1268.5986953771405,1314.2774354456467,712253000
1660788000,1275.2800293,1283.15002441,1268.64001465,1273.66003418,1242.7792790188157,1268.7111695727597,1313.8732821992223,599083000
1660874400,1273.66003418,1280,1263.44995117,1269.18005371,1243.722163829215,1268.721589220254,1313.428573458036,607623000
1661133600,1269.18005371,1270.56994629,1255.82995605,1260.43005371,1244.3188741821002,1268.5373328755816,1312.9012250028316,619448000
1661220000,1260.43005371,1270.81005859,1253.44995117,1270.81005859,1245.2649879109538,1268.5878378914576,1312.4824074265844,564724000
1661306400,1270.81005859,1280.35998535,1270.81005859,1277.16003418,1246.404096706277,1268.778331142314,1312.1309410261208,601885000
1661392800,1277.16003418,1289.18005371,1277.16003418,1288.88000488,1247.9210934267671,1269.2250350031516,1311.899588427652,623966000
1661479200,1291.29003906,1295.11999512,1280.05004883,1282.56994629,1249.158552457597,1269.5215885873038,1311.6077511924514,668956000
1661738400,1282.56994629,1282.56994629,1249.17004395,1270.80004883,1249.9314630423255,1269.5499988149193,1311.2017044027752,845897000
1661824800,1270.80004883,1287.65002441,1270.80004883,1279.39001465,1250.983554171171,1269.7686658334767,1310.8851701763795,526096000
1661911200,1279.39001465,1285.29003906,1274.98999023,1280.51000977,1252.0380704425577,1270.0073623653993,1310.582929774326,499313000
1662343200,1280.51000977,1285.69995117,1275.34997559,1277.34997559,1252.9420670549664,1270.1705315481681,1310.2522536132878,524683000
1662429600,1279.57995605,1286.92004395,1277.40002441,1277.40002441,1253.815565531932,1270.3311869450977,1309.9253657605188,581455000
1662516000,1277.40002441,1277.40002441,1243.17004395,1243.17004395,1253.4353683325771,1269.727605989651,1309.2611337027026,852272000
1662602400,1243.17004395,1251.35998535,1234.59997559,1234.59997559,1252.762675734628,1268.9469919807698,1308.518236607054,599612000
1662688800,1234.59997559,1248.7800293,1228.54003906,1248.7800293,1252.6204383619627,1268.4988372545304,1307.9238265840982,586026000
1662948000,1248.7800293,1257.80004883,1248.7800293,1249.61999512,1252.5132796747498,1268.0793074293185,1307.3436889575896,410185000
1663034400,1249.61999512,1252.34997559,1243.86999512,1248.40002441,1252.3663777010088,1267.6419900288893,1306.757184832738,473969000
1663120800,1248.40002441,1248.40002441,1228.51000977,1240.77001953,1251.9522220520441,1267.044835128914,1306.100596123258,607856000
1663207200,1240.77001953,1250.93005371,1240.77001953,1245.66003418,1251.727501056614,1266.5696173300491,1305.4991974969569,429836000
1663293600,1245.66003418,1246.17004395,1230.36999512,1234.0300293,1251.095448493878,1265.846515373826,1304.788061494997,632371000
1663552800,1234.0300293,1234.0300293,1202.06994629,1205.43005371,1249.4645415373109,1264.503927336852,1303.799424601614,701958000
1663639200,1212.07995605,1218.93005371,1199.70996094,1218.93005371,1248.374024114907,1263.4911745895886,1302.9549532494586,473889000
1663725600,1218.93005371,1218.93005371,1204.68005371,1210.55004883,1247.0231678547316,1262.3147051282644,1302.0355014641905,391712000
1663812000,1210.55004883,1214.69995117,1196.64001465,1214.69995117,1245.8687672588483,1261.2565994847475,1301.166491013502,473555000
1663898400,1214.69995117,1216.58996582,1201.44995117,1203.2800293,1244.347740903175,1259.9682312584198,1300.1924963695867,485377000
1664157600,1203.2800293,1203.2800293,1159.11999512,1174.34997559,1241.8478207134187,1258.065603354677,1298.9403319837202,757086000
1664244000,1174.34997559,1180.75,1166.43994141,1166.54003906,1239.1582570829396,1256.0317019259064,1297.6229161337328,466621000
1664330400,1166.54003906,1166.54003906,1142.79003906,1143.61999512,1235.746176298549,1253.5336639968864,1296.0905487604618,527699000
1664416800,1143.61999512,1159.48999023,1126.06994629,1126.06994629,1231.829168083958,1250.7011369367333,1294.3988014721986,491471000
1664503200,1126.06994629,1135.4699707,1099.43994141,1132.10998535,1228.2677687006023,1248.0657780125837,1292.7839873814305,729667000
1664762400,1132.10998535,1132.10998535,1079.85998535,1086.43994141,1223.2024891545093,1244.4740927547484,1290.73081279465,554154000
1664848800,1086.43994141,1100.42004395,1069.73999023,1078.14001465,1218.021686493634,1240.7777799079763,1288.6154814698277,582819000
1664935200,1078.14001465,1110.20996094,1078.14001465,1104.26000977,1213.9587694677898,1237.744051682688,1286.7810986668444,451940000
1665021600,1104.26000977,1106.9699707,1072.56994629,1074.52001953,1208.9788141128688,1234.1168509681838,1284.6690481281694,545817000
1665108000,1074.52001953,1074.52001953,1022.38000488,1035.91003418,1202.7977862581236,1229.7122550395575,1282.1938340590334,877310000
1665367200,1035.91003418,1051.02001953,1012.94000244,1042.47998047,1197.0721503371192,1225.5515378269006,1279.8086215855108,692982000
1665453600,1042.47998047,1042.47998047,998.64001465,1006.20001221,1190.2552882611506,1220.6770594798584,1277.0861478603813,672103000
1665540000,1006.20001221,1039.43994141,1002.89001465,1034.81005859,1184.7036729157523,1216.546681682306,1274.6754405044571,616141000
1665626400,1034.81005859,1050.98999023,1025.04003906,1050.98999023,1179.928184248404,1212.8676440944769,1272.4497146310794,477334000
1665712800,1050.98999023,1068.11999512,1050.98999023,1061.84997559,1175.7111053677468,1209.5116959054885,1270.3541948396257,641480000
1665972000,1061.84997559,1061.84997559,1033.58996582,1051.57995605,1171.27785003497,1206.0021016864778,1268.1773367422165,497417000
1666058400,1051.57995605,1071.73999023,1051.57995605,1063.66003418,1167.4343566115783,1202.8389446307783,1266.1423387067716,514838000
1666144800,1063.66003418,1065.98999023,1052.29003906,1060.06994629,1163.5999133858077,1199.6663002232056,1264.0918671404356,400660000
1666231200,1056.14001465,1065.2800293,1048.20996094,1058.44995117,1159.844557592386,1196.5281591331343,1262.0456789218242,398325000
1666317600,1058.44995117,1059.08996582,1013.69000244,1019.82000732,1154.8436807969438,1192.6013113150645,1259.6354732342438,742096000
1666576800,1019.82000732,1023.51000977,977.40997314,986.15002441,1148.818907354553,1188.0135049393964,1256.9142249872364,654945000
1666663200,986.15002441,1011.39001465,962.45001221,997.70001221,1143.4218039565333,1183.7843162120764,1254.3349790889554,751178000
1666749600,997.70001221,1004.54998779,984.71002197,993.35998535,1138.0624532920142,1179.5526644151414,1251.7382129821,448275000
1666836000,993.35998535,1028.01000977,990.47998047,1028.01000977,1134.1320088805137,1176.1850498674717,1249.5120617063578,647723000
1666922400,1028.01000977,1044.56994629,1026.5300293,1027.35998535,1130.3187223258524,1172.877826211528,1247.3015932849016,654696000
1667181600,1028.23999023,1030.31994629,1005,1027.93994141,1126.6623372931433,1169.6569843270495,1245.1188902811712,662041000
1667268000,1027.93994141,1043.5300293,1027.39001465,1033.75,1123.3440395326738,1166.6368291197816,1243.0157172435477,613980000
1667354400,1033.75,1034.72998047,1018.64001465,1023.19000244,1119.7671096365068,1163.449121860231,1240.8283966982387,578232000
1667440800,1023.19000244,1023.95001221,1010.65002441,1019.80999756,1116.1972127766317,1160.2571413202259,1238.629208647112,442888000
1667527200,1008.22998047,1009.96002197,974.60998535,997.15002441,1111.9455274778234,1156.632538722221,1236.2264306945037,753114000
1667786400,997.15002441,997.15002441,969.60998535,975.19000244,1107.0614015836154,1152.6004823603937,1233.6290532989365,646845000
1667872800,975.19000244,981.85998535,956.9699707,981.65002441,1102.582423827415,1148.8015832948295,1231.121799280141,660723000
1667959200,981.65002441,994.78997803,977.92999268,985.59002686,1098.4041239357216,1145.1746598185,1228.6786970670053,583059000
1668045600,975.9699707,976.30999756,935.7800293,947.23999023,1093.005404874803,1140.7761116054223,1225.8783119243485,698764000
1668132000,947.23999023,966.70001221,947.23999023,954.5300293,1088.0598557471315,1136.6373097764128,1223.1783290126634,736494000
1668391200,954.5300293,954.5300293,923.5300293,941.03997803,1082.8091458286624,1132.2907024042704,1220.3709822367166,666060000
1668477600,941.03997803,941.03997803,900.16998291,911.90002441,1076.7052486351388,1127.3931317821755,1217.3016194722716,692337000
1668564000,911.90002441,945.41998291,873.7800293,942.90002441,1071.926490627098,1123.2932849516826,1214.5712553422986,1046754000
1668650400,942.90002441,972.88000488,942.90002441,969.26000977,1068.2598305964873,1119.8703232809785,1212.1303474261563,724461000
1668736800,969.26000977,971.77001953,939.72998047,969.33001709,1064.7266229712557,1116.5249831434012,1209.7144237412194,960582000
1668996000,969.33001709,973.19000244,956.77001953,960.65002441,1061.009601594068,1113.0610951715478,1207.2361710115556,597721000
1669082400,960.65002441,985.2800293,948.52001953,952.11999512,1057.120687077137,1109.4846262815133,1204.6977015996993,1050028000
1669168800,952.11999512,958.60998535,942.02001953,946,1053.1520911100965,1105.8516345863686,1202.1235951161202,542122000
1669255200,946,950.0300293,934.30999756,947.71002197,1049.3863029265217,1102.3373765282272,1199.592116776358,543144000
1669341600,947.71002197,971.46002197,947.71002197,971.46002197,1046.6032214637887,1099.4289908713777,1197.3221456837573,622497000
1669600800,971.46002197,1006.2199707,971.46002197,1005.69000244,1045.1420350700819,1097.3459022395693,1195.4153581887945,973788000
1669687200,1005.69000244,1032.16003418,998.55999756,1032.16003418,1044.6783921811505,1095.897327393801,1193.7909271041299,1184150000
1669773600,1032.16003418,1048.42004395,1021.53997803,1048.42004395,1044.8120226014664,1094.8422766506055,1192.344450654835,1143350000
1669860000,1048.42004395,1066.2800293,1035.61999512,1036.2800293,1044.5073085549855,1093.5408933761476,1190.791570840359,1344536000
1669946400,1036.2800293,1080.01000977,1030.81005859,1080.01000977,1045.7752621698073,1093.2402070737887,1189.6892667501068,1092311000
1670205600,1080.01000977,1099.44995117,1080.01000977,1093.67004395,1047.4857900905286,1093.2497590043713,1188.733851597867,1257541000
1670292000,1093.67004395,1093.67004395,1048.68994141,1048.68994141,1047.5287954947953,1092.2595408356076,1187.3403798547042,1481856000
1670378400,1048.68994141,1059.79003906,1034.92004395,1041.02001953,1047.2963392103384,1091.1208848065942,1185.8844558713738,920936000
1670464800,1041.02001953,1078.08996582,1041.02001953,1050.5300293,1047.411828142112,1090.2188657953366,1184.5376456567333,916988000
1670551200,1050.5300293,1061.20996094,1041.39001465,1051.81005859,1047.568907800965,1089.3653367463291,1183.2169731486065,788203000
1670810400,1051.81005859,1065.16003418,1032.06994629,1032.06994629,1047.0153734612877,1088.0921058472995,1181.7130226326005,909565000
1670896800,1032.06994629,1047.44995117,1026.30004883,1047.44995117,1047.0308940937416,1087.1889468544707,1180.3770716727736,798743000
1670983200,1047.44995117,1062.18005371,1046.43005371,1050.43005371,1047.1522926514651,1086.3720825623714,1179.084066518915,792044000
1671069600,1049.16003418,1062.60998535,1049.06005859,1055.31994629,1047.443994567127,1085.682035089652,1177.8525827355427,731119000
1671156000,1055.31994629,1064.79003906,1047.16003418,1052.47998047,1047.6238512065154,1084.9442116536595,1176.605094155786,881531000
1671415200,1052.47998047,1065.58996582,1038.40002441,1038.40002441,1047.2944288209255,1083.9098963815782,1175.2299193324448,988837000
1671501600,1038.40002441,1038.73999023,1010.08001709,1023.13000488,1046.4314136801781,1082.5592321259876,1173.7164873478432,1075424000
1671588000,1033.33996582,1033.83996582,1005.42999268,1018.88000488,1045.4474347944574,1081.1441381871878,1172.1758258307502,857327000
1671674400,1018.88000488,1033.18005371,1016.53997803,1022.60998535,1044.6318116000125,1079.8433792352503,1170.6876085125339,714221000
1671760800,1022.60998535,1027.33996582,1013.20001221,1020.34002686,1043.7642478592977,1078.5210825158003,1169.1916126751953,544113000
1672020000,1020.34002686,1021.89001465,985.21002197,985.21002197,1041.6730255061086,1076.4475033925603,1167.3609500811137,623487000
1672106400,985.21002197,1007.88000488,983.66998291,1004.57000732,1040.3479177137476,1074.8502257020589,1165.7411397053813,593357000
1672192800,1004.57000732,1020.52001953,998.9699707,1015.65997314,1039.4662054075422,1073.5348867562354,1164.2477947644322,590453000
1672279200,1015.65997314,1021.96002197,1009.28997803,1009.28997803,1038.3884830012014,1072.1072221178747,1162.705925941204,462660000
1672365600,1009.28997803,1017.98999023,1007.09002686,1007.09002686,1037.2706809961585,1070.6623955565885,1161.1575090349234,407135000
1672711200,1007.09002686,1043.90002441,1007.09002686,1043.90002441,1037.5074432609385,1070.0676761977754,1159.9907678943769,551326000
1672797600,1043.90002441,1052.59997559,1041.56005859,1046.34997559,1037.8232479869764,1069.5406161842693,1158.8600137420945,647731000
1672884000,1048.17004395,1058.14001465,1046.64001465,1055.81994629,1038.4659872120844,1069.2357124088412,1157.8347394390885,535053000
1672970400,1055.81994629,1065.57995605,1047.26000977,1051.43994141,1038.9293427191528,1068.8402508310892,1156.7760847323314,698499000
1673229600,1058.2800293,1062.11999512,1050.94995117,1054.20996094,1039.475079084183,1068.515133277954,1155.7555262866365,475204000
1673316000,1054.20996094,1057.43994141,1045.75,1053.34997559,1039.970611102248,1068.1781297737773,1154.7365655831875,546263000
1673402400,1053.34997559,1065.68994141,1053.34997559,1055.76000977,1040.534518197525,1067.9021715514712,1153.7517242318124,545184000
1673488800,1055.76000977,1060.9699707,1050.27001953,1056.39001465,1041.1007859279705,1067.6463458425496,1152.7829510021427,506467000
1673575200,1056.39001465,1066.39001465,1055.22998047,1060.17004395,1041.7818308573287,1067.480205800493,1151.8614295389373,670232000
1673834400,1060.17004395,1067.73999023,1057.86999512,1066.68005371,1042.671053102067,1067.4624246429264,1151.0138536600423,520791000
1673920800,1066.68005371,1088.29003906,1066.68005371,1088.29003906,1044.3003026005645,1067.9252605188615,1150.389736101833,673933000
1674007200,1088.29003906,1100.39001465,1088.29003906,1098.2800293,1046.2281499826872,1068.5998109362201,1149.8712315565413,604198000
1674093600,1098.2800293,1111.7199707,1094.45996094,1108.07995605,1048.4371430565197,1069.477147494304,1149.4553979694115,617714000
1674784800,1108.07995605,1124.30004883,1108.07995605,1117.09997559,1050.8893870755726,1070.5354325630974,1149.133453468124,604933000
1675044000,1117.09997559,1118.45996094,1102.56994629,1102.56994629,1052.7351213332306,1071.2473106459174,1148.6701349887396,798676000
1675130400,1102.56994629,1111.18005371,1088.25,1111.18005371,1054.8224403466866,1072.1347049362303,1148.2970993541253,748424000
1675216800,1111.18005371,1116.95996094,1075.9699707,1075.9699707,1055.5777092878764,1072.219933064314,1147.5774264321938,1029897000
1675303200,1075.9699707,1083.35998535,1070.81005859,1077.58996582,1056.3638613068808,1072.3392671255515,1146.8810337892864,634743000
1675389600,1077.58996582,1081.89001465,1070.45996094,1077.15002441,1057.1062242748494,1072.4461728429837,1146.1871928999403,563829000
1675648800,1077.15002441,1089.29003906,1067.23999023,1089.29003906,1058.255646231462,1072.8204809811396,1145.621052065712,527007000
1675735200,1089.29003906,1092.11999512,1065.18005371,1065.83996582,1058.5265147881955,1072.665358422003,1144.8272104115258,673207000
1675821600,1065.83996582,1079.51000977,1063.5,1072.2199707,1059.0155667850456,1072.6554609170696,1144.1047503148936,569318000
1675908000,1072.2199707,1075.19995117,1064.0300293,1064.0300293,1059.1946547320083,1072.4637846589126,1143.3079869217106,473849000
1675994400,1064.0300293,1066.2800293,1054.07995605,1055.30004883,1059.0555616640795,1072.082368307159,1142.4322860451762,463942000
1676253600,1055.30004883,1055.30004883,1031.69995117,1043.69995117,1058.5071470035766,1071.4516479263332,1141.4498747528858,681324000
1676340000,1043.69995117,1046.64001465,1032.76000977,1038.64001465,1057.7976065623775,1070.7225005201924,1140.42689107027,395733000
1676426400,1038.64001465,1051.89001465,1034.39001465,1048.19995117,1057.4548331555068,1070.2219994235215,1139.5092100762374,585763000
1676512800,1048.19995117,1058.29003906,1047.44995117,1058.29003906,1057.4846619378102,1069.9568447487766,1138.701059120852,475804000
1676599200,1058.29003906,1062.25,1053.26000977,1059.31005859,1057.5498546753884,1069.7202495008037,1137.911098916565,465080000
1676858400,1059.73999023,1088.01000977,1059.56005859,1086.68994141,1058.5905720587673,1070.0973537654525,1137.4014356577932,682287000
1676944800,1086.68994141,1095.09997559,1081.80004883,1082.22998047,1059.4348366448828,1070.3669676922202,1136.852465954432,720349000
1677031200,1082.22998047,1082.22998047,1054.2800293,1054.2800293,1059.2507363825655,1070.009480172393,1136.0308496693133,814014000
1677117600,1054.2800293,1054.47998047,1030.57995605,1053.66003418,1059.0510684467595,1069.6461591503398,1135.211239564942,720747000
1677204000,1053.66003418,1053.66003418,1034.66003418,1039.56005859,1058.3549609518752,1068.977579137888,1134.259486520415,430408000
1677463200,1039.56005859,1039.56005859,1017.54998779,1021.25,1057.0297837750225,1067.916966268157,1133.1350140177244,588607000
1677549600,1021.25,1034.35998535,1018.7199707,1024.68005371,1055.8744362727002,1066.956145989087,1132.0558601838168,432959000
1677636000,1024.68005371,1040.55004883,1013.36999512,1040.55004883,1055.3271367211753,1066.369343829996,1131.1453545982067,523621000
1677722400,1039,1043.80004883,1033.06994629,1037.60998535,1054.694381315062,1065.730246974885,1130.2146544066823,373164000
1677808800,1038.09997559,1041.81994629,1022.7800293,1024.77001953,1053.6256541084526,1064.8200196983319,1129.1654540596505,447722000
1678068000,1024.77001953,1042.43005371,1024.77001953,1027.18005371,1052.6811683799365,1063.9835760097023,1128.150673956669,421902000
1678154400,1027.18005371,1043.92004395,1027.18005371,1037.83996582,1052.1511254313673,1063.4026068943756,1127.2520599453587,473165000
1678240800,1037.83996582,1049.18005371,1027.80004883,1049.18005371,1052.0450157270327,1063.0865501569451,1126.4752240624198,510280000
1678327200,1049.18005371,1060.56005859,1049.18005371,1055.94995117,1052.1844777071387,1062.9279590683464,1125.77348005354,609044000
1678413600,1055.94995117,1055.94995117,1046.31005859,1053,1052.2136035033122,1062.7073377557165,1125.0493658241514,508592000
1678672800,1053,1055.57995605,1045.45996094,1052.80004883,1052.2345479792655,1062.4871757795895,1124.3304671475928,625072000
1678759200,1052.80004883,1052.80004883,1034.7199707,1040.13000488,1051.8022428685774,1061.9903497595985,1123.4926516026417,621186000
1678845600,1040.13000488,1062.55004883,1040.13000488,1062.18994141,1052.1732321021996,1061.9947851296074,1122.8826743867944,622856000
1678932000,1062.18994141,1062.18994141,1043.65002441,1047.40002441,1052.0027603989067,1061.670457113616,1122.1316032427467,532927000
1679018400,1047.40002441,1055.42004395,1043.54003906,1045.14001465,1051.7576623364457,1061.303113947758,1121.3655177841124,564932000
1679277600,1045.14001465,1045.14001465,1022.71002197,1023.09997559,1050.7341735240727,1060.4541553175857,1120.3877511951162,567363000
1679364000,1023.09997559,1036.15002441,1017.04998779,1032.43005371,1050.0804549592845,1059.8313975040837,1119.512550225115,474893000
1679450400,1032.43005371,1042.83996582,1032.43005371,1040.54003906,1049.7397258200242,1059.4027006497708,1118.7267540941189,458777000
1679536800,1040.54003906,1045.09997559,1030.93005371,1045.09997559,1049.5740204546662,1059.0848623151094,1117.9941493328838,431451000
1679623200,1045.09997559,1052.29003906,1044.02001953,1046.79003906,1049.4745925477139,1058.8116440205513,1117.2856507232034,579738000
1679882400,1047.7800293,1053.7800293,1041.98999023,1052.25,1049.5737142424384,1058.6658297089834,1116.638529820485,556948000
1679968800,1052.25,1059.82995605,1051.75,1054.29003906,1049.7421544144943,1058.5685899167838,1116.0181468278433,648103000
1680055200,1054.29003906,1056.32995605,1048.26000977,1056.32995605,1049.9774330443338,1058.518842497522,1115.424234481795,460964000
1680141600,1056.32995605,1066.22998047,1056.32995605,1059.43994141,1050.315379771679,1058.5393113622438,1114.8671768392896,633976000
1680228000,1059.43994141,1067.55004883,1059.43994141,1064.64001465,1050.8269738744762,1058.674882546416,1114.3674040811873,639934000
1680487200,1064.64001465,1079.2800293,1064.64001465,1079.2800293,1051.8431544253876,1059.1327746964957,1114.0182759739118,821311000
1680573600,1079.2800293,1082.20996094,1075.09997559,1078.44995117,1052.7933971662667,1059.5620452847959,1113.6643622942709,803886000
1680660000,1078.44995117,1080.85998535,1074.09997559,1080.85998535,1053.7957753156857,1060.0353328418005,1113.3379505833825,793746000
1680746400,1080.85998535,1084.52001953,1070.91003418,1070.91003418,1054.406998846554,1060.2769928715381,1112.915782260961,998757000
1680832800,1070.91003418,1072.93994141,1063.69995117,1069.70996094,1054.953533207034,1060.4866143841707,1112.4858735911007,646004000
1681092000,1073.85998535,1075.54003906,1063.44995117,1065.34997559,1055.3248347207114,1060.5946890776336,1112.016859680642,857460000
1681178400,1065.34997559,1070.56005859,1056.90002441,1069.45996094,1055.8296606571146,1060.7916951190196,1111.5934079518795,697781000
1681264800,1071.60998535,1072.69995117,1066.43005371,1069.44995117,1056.3160996040033,1060.9841008090414,1111.1740700734529,726164000
1681351200,1069.44995117,1070.95996094,1062.26000977,1064.30004883,1056.601240647789,1061.0577885428404,1110.7076619018762,673042000
1681437600,1064.30004883,1068.79003906,1052.89001465,1052.89001465,1056.4686968621536,1060.8762824563328,1110.1323619292207,786526000
1681696800,1052.89001465,1054.7199707,1049.10998535,1053.81005859,1056.373745495291,1060.719255259303,1109.5719410004722,453785000
1681783200,1053.81005859,1057.15002441,1050.89001465,1055.02001953,1056.3253981393877,1060.5926055764296,1109.0291358117113,539759000
1681869600,1055.02001953,1058.14001465,1047.4699707,1048.97998047,1056.0630617940524,1060.3345472407311,1108.4316317784603,569677000
1681956000,1048.97998047,1051.85998535,1045.84997559,1049.25,1055.8197381585505,1060.0882239687148,1107.8427598204657,373745000
1682042400,1049.25,1050.40002441,1041.26000977,1042.91003418,1055.3586773021736,1059.7064864178544,1107.1966630479237,553030000
1682301600,1042.91003418,1047.18005371,1038.35998535,1041.35998535,1054.8587240181675,1059.2987863941244,1106.5415717275464,556988000
1682388000,1045.86999512,1045.86999512,1032.48999023,1034.84997559,1054.1441258600187,1058.755479487366,1105.8282225122475,539589000
1682474400,1034.84997559,1040.80004883,1029.18994141,1040.80004883,1053.6675516803753,1058.3564699172023,1105.1811760079465,576777000
1682560800,1040.80004883,1044.25,1037.61999512,1039.63000488,1053.166210723219,1057.940326249709,1104.528925548962,511730000
1682647200,1043.17004395,1049.11999512,1042.04003906,1049.11999512,1053.021703023104,1057.744318891271,1103.9775929078778,613143000
1683165600,1049.11999512,1049.11999512,1038.18005371,1040.60998535,1052.5784273919217,1057.363555923687,1103.3470694495904,625808000
1683252000,1040.60998535,1043.2199707,1036.68994141,1040.31005859,1052.1402713632815,1056.9845893162717,1102.719835510689,547776000
1683511200,1040.31005859,1053.43994141,1040.31005859,1053.43994141,1052.1866881506644,1056.905819362799,1102.229488305707,655533000
1683597600,1055.42004395,1058.70996094,1052.68005371,1053.77001953,1052.2432356999263,1056.8361349220702,1101.7473045367944,564403000
1683684000,1055.61999512,1058.67004395,1053.33996582,1058.26000977,1052.4581204881433,1056.8677765853574,1101.3145951361298,717423000
1683770400,1058.26000977,1063.68994141,1056.7199707,1057.11999512,1052.6246160107096,1056.8733814416828,1100.8748478722878,708310000
1683856800,1057.11999512,1066.90002441,1053.9699707,1066.90002441,1053.13445202497,1057.0961957298675,1100.5367899273895,725827000
1684116000,1066.90002441,1076.31994629,1065.70996094,1065.70996094,1053.583577343364,1057.287612734537,1100.1902543155747,834497000
1684202400,1065.70996094,1069.27001953,1063.65002441,1065.91003418,1054.0238079446724,1057.4792220999918,1099.8491575978078,681377000
1684288800,1065.91003418,1069.94995117,1060.43994141,1060.43994141,1054.2529555684341,1057.5450158624365,1099.4570260934515,836833000
1684375200,1060.43994141,1073.41003418,1060.43994141,1068.31005859,1054.7549949620616,1057.78423903416,1099.1471060187903,649535000
1684461600,1068.31005859,1070.15002441,1058.56005859,1067.06994629,1055.194814652345,1057.9905880842898,1098.8279303000959,755489000
1684720800,1067.06994629,1070.64001465,1065.88000488,1070.64001465,1055.7464289379755,1058.2716864524168,1098.5474535274582,711106000
1684807200,1073.11999512,1073.95996094,1062.15002441,1065.84997559,1056.1072698898336,1058.4400928776965,1098.2221054882796,721987000
1684893600,1065.84997559,1069.60998535,1060.59997559,1061.79003906,1056.3102259316252,1058.514536126192,1097.8595973646152,794095000
1684980000,1061.79003906,1065.5,1057.91003418,1064.63000488,1056.6073608940671,1058.6504354318322,1097.5289546533254,669530000
1685066400,1064.63000488,1067.2800293,1063.76000977,1063.76000977,1056.862812639636,1058.763981528236,1097.1929452515012,640715000
1685325600,1063.76000977,1077.18005371,1063.76000977,1074.97998047,1057.5098543478634,1059.1243370602751,1096.9719207263122,844876000
1685412000,1074.97998047,1079.31005859,1071.01000977,1078.05004883,1058.2434327222254,1059.5449084329357,1096.7836433940106,922938000
1685498400,1078.05004883,1079.10998535,1071.38000488,1075.17004395,1058.8479545517887,1059.8921336666483,1096.5685827030254,924361000
1685584800,1075.17004395,1078.39001465,1071.60998535,1078.39001465,1059.545885269582,1060.3031976885006,1096.387701428866,856813000
1685671200,1084.18994141,1092.23999023,1083.35998535,1090.83996582,1060.6635310035253,1060.9817925358673,1096.332500079524,1037414000
1685930400,1090.83996582,1103.81005859,1090.83996582,1097.81994629,1061.9905458351852,1061.800418174848,1096.3473005393296,948361000
1686016800,1097.81994629,1108.31005859,1097.81994629,1108.31005859,1063.6448141478572,1062.833965739629,1096.4663329577443,842755000
1686103200,1108.31005859,1112.2800293,1104.26000977,1109.54003906,1065.283929323291,1063.8718784800817,1096.5964195856275,1000674000
1686189600,1109.54003906,1115.14001465,1101.31994629,1101.31994629,1066.5709299292448,1064.7040577647465,1096.6434198513425,1324883000
1686276000,1101.31994629,1107.5300293,1097.22998047,1107.5300293,1068.0337549067717,1065.6557460210854,1096.7517443234685,902209000
1686535200,1110.26000977,1116.02001953,1100.07995605,1116.02001953,1069.747550071887,1066.7749520990612,1096.943468454877,797975000
1686621600,1116.02001953,1122.45996094,1116.02001953,1122.45996094,1071.6301361743197,1068.0123967399709,1097.19736390249,943543000
1686708000,1122.45996094,1129.48999023,1117.42004395,1117.42004395,1073.265490023451,1069.1103444557493,1097.39858459948,928596000
1686794400,1117.42004395,1120.13000488,1112.10998535,1116.9699707,1074.8263643333278,1070.1738917056216,1097.5933247596843,716875000
1686880800,1116.9699707,1128.92004395,1112.51000977,1115.2199707,1076.2689931321374,1071.1749156832745,1097.768714271528,1166381000
1687140000,1115.2199707,1117.22998047,1104.72998047,1105.40002441,1077.3093871063468,1071.9354736549797,1097.8446477057416,811306000
1687226400,1105.40002441,1111.7199707,1102.57995605,1111.7199707,1078.538336520406,1072.8195735893134,1097.9827106211073,695590000
1687312800,1112.72998047,1118.45996094,1110.65002441,1118.45996094,1079.9641088211056,1073.8338044193288,1098.1864643556237,875892000
1687399200,1118.45996094,1127.54003906,1118.45996094,1125.30004883,1081.583249535709,1074.9774987395658,1098.4562512658165,919321000
1687485600,1125.30004883,1130.60998535,1122.61999512,1129.38000488,1083.2902765122908,1076.1864433204644,1098.7639503067537,906633000
1687744800,1129.38000488,1134,1119.94995117,1132.0300293,1085.0309819689946,1077.4274118977874,1099.0949560678805,1040389000
1687831200,1132.0300293,1136.48999023,1128.81994629,1134.32995605,1086.7916596147447,1078.6919128789477,1099.445553082628,721995000
1687917600,1134.32995605,1140.56005859,1131.85998535,1138.34997559,1088.6330280424324,1080.01764760586,1099.8326617642936,892136000
1688004000,1139.42004395,1140.43005371,1125.39001465,1125.39001465,1089.9457775641313,1081.025922429063,1100.0869637830567,906890000
1688090400,1125.39001465,1126.32995605,1120.01000977,1120.18005371,1091.0255731407694,1081.896014235306,1100.2868950261109,617526000
1688349600,1120.18005371,1128.34997559,1120.18005371,1125.5,1092.2568026714562,1082.8649916967436,1100.5377716925177,558384000
1688436000,1125.5,1132.11999512,1123.48999023,1132,1093.676202576047,1083.9568807701494,1100.8508286906022,701311000
1688522400,1132,1138.67004395,1132,1134.61999512,1095.1384808811881,1085.0827277557016,1101.1868402968648,807034000
1688608800,1134.61999512,1135.81005859,1122.34997559,1126.2199707,1096.2485340890028,1085.9968887100194,1101.4359261715229,921107000
1688695200,1126.2199707,1138.06994629,1122.93994141,1138.06994629,1097.742155953324,1087.1540677673524,1101.800443784642,798404000
1688954400,1138.06994629,1149.02001953,1138.06994629,1149.02001953,1099.5735082239196,1088.5288666954114,1102.2702903094714,879429000
1689040800,1149.02001953,1157.01000977,1149.02001953,1151.77001953,1101.4376693419938,1089.934225647291,1102.7628249285813,936910000
1689127200,1151.77001953,1157.43005371,1149.2800293,1154.19995117,1103.3220365501368,1091.362352881129,1103.2746371299884,788163000
1689213600,1154.19995117,1165.42004395,1154.19995117,1165.42004395,1105.5398225287033,1093.0080793493262,1103.892999386904,806744000
1689300000,1165.42004395,1169.83996582,1156.2800293,1168.40002441,1107.7848297387495,1094.68345590623,1104.5348603324073,1042751000
1689559200,1171.75,1174.89001465,1168.77001953,1173.13000488,1110.118585993794,1096.4267125500915,1105.2173990841247,914618000
1689645600,1173.13000488,1175.69995117,1170.04003906,1174.08996582,1112.4032781304443,1098.152562622756,1105.902698255626,837137000
1689732000,1174.08996582,1178.55004883,1172.97998047,1172.97998047,1114.5667317854284,1099.8153941304727,1106.5701338995502,896645000
1689818400,1172.97998047,1174.39001465,1166.61999512,1172.81005859,1116.6468505998773,1101.437497785129,1107.2292376278135,796609000
1689904800,1172.81005859,1185.90002441,1172.06994629,1185.90002441,1119.120178235953,1103.3144428212372,1108.0120315261438,988085000
1690164000,1185.90002441,1193.2199707,1183.39001465,1190.7199707,1121.6773136810975,1105.2567878852096,1108.834996095038,1043025000
1690250400,1190.7199707,1199.27001953,1190.7199707,1195.90002441,1124.3281247785583,1107.271082030205,1109.701314784739,1000328000
1690336800,1195.90002441,1200.83996582,1195.43994141,1200.83996582,1127.0606905300383,1109.350390558867,1110.608167033846,912296000
1690423200,1200.83996582,1203.68994141,1191.07995605,1197.32995605,1129.5703071557512,1111.3054920142256,1111.471070407141,1162286000
1690509600,1197.32995605,1207.67004395,1195.85998535,1207.67004395,1132.3595834698315,1113.4469265016874,1112.4282741239854,1111482000
1690768800,1207.67004395,1224.81005859,1207.67004395,1222.90002441,1135.5931706462661,1115.8792175663166,1113.527495519866,1204883000
1690855200,1222.90002441,1234.5,1217.56005859,1217.56005859,1138.5205595013995,1118.1387918112873,1114.562645401161,1280939000
1690941600,1217.56005859,1223.04003906,1213.18005371,1220.43005371,1141.445898580278,1120.411930964592,1115.61605244901,940810000
1691028000,1219.72998047,1222.34997559,1209.06005859,1210.94995117,1143.9281861727682,1122.4238869691567,1116.5646484561842,1032558000
1691114400,1210.94995117,1228.11999512,1210.94995117,1225.97998047,1146.8586073976694,1124.7251334913976,1117.653358227466,1126519000
1691373600,1233.09997559,1241.42004395,1230.38000488,1241.42004395,1150.2358015602526,1127.318353723811,1118.884867538138,1295576000
1691460000,1241.42004395,1246.2199707,1239.01000977,1242.22998047,1153.5213079498865,1129.8719454292818,1120.112182094674,1192875000
1691546400,1242.22998047,1242.22998047,1231.2800293,1233.98999023,1156.3951894598906,1132.1856797581868,1121.2452946134333,1092478000
1691632800,1233.98999023,1238.18994141,1220.60998535,1220.60998535,1158.6885750273946,1134.1506643268938,1122.2339980038469,1010945000
1691719200,1220.60998535,1232.20996094,1213.36999512,1232.20996094,1161.3143388099877,1136.329759807185,1123.3282861922662,1012421000
1691978400,1232.20996094,1239.60998535,1229.04003906,1236.83996582,1164.011682631774,1138.563319940803,1124.4577556412985,1106279000
1692064800,1236.83996582,1239.42004395,1230.57995605,1234.05004883,1166.5130528531392,1140.6852472494518,1125.5482262202906,912029000
1692151200,1234.05004883,1243.47998047,1234.05004883,1243.26000977,1169.25401560017,1142.964686416575,1126.7194877481484,930667000
1692237600,1242.57995605,1243.97998047,1233.47998047,1233.47998047,1171.5478000598068,1144.97613739554,1127.7817812080673,1111719000
1692324000,1233.47998047,1233.47998047,1177.73999023,1177.98999023,1171.7778782801709,1145.7097785696392,1128.2813653774397,1702046000
1692583200,1177.98999023,1188.16003418,1164.63000488,1179.76000977,1172.0629544048077,1146.4664503740917,1128.7935906947787,1078398000
1692669600,1179.76000977,1184.43005371,1149.13000488,1180.48999023,1172.363919969993,1147.2225290375563,1129.307982729955,1055664000
1692756000,1180.48999023,1193.79003906,1168.89001465,1172.56005859,1172.3709249207077,1147.7855852498328,1129.7383516439854,747179000
1692842400,1172.56005859,1189.98999023,1171.32995605,1189.39001465,1172.9787495538967,1148.7101281253922,1130.3319005296173,851535000
1692928800,1189.39001465,1192.58996582,1181.59997559,1183.36999512,1173.3498654669718,1149.480347391939,1130.8596427643474,893337000
1693188000,1183.36999512,1202.02001953,1183.36999512,1201.7199707,1174.3630835110084,1150.6412279098959,1131.5647206542544,882846000
1693274400,1201.7199707,1208.7800293,1197.56994629,1204.43005371,1175.4369038752582,1151.8365351498983,1132.289748843864,990936000
1693360800,1206.09997559,1213.52001953,1203.51000977,1213.16003418,1176.784158528999,1153.1992795727895,1133.0944282999449,911989000
1693447200,1213.16003418,1224.83996582,1213.16003418,1224.05004883,1178.4722260397489,1154.7737411118385,1133.9994593499953,945475000
1693879200,1224.05004883,1236.20996094,1224.05004883,1234.97998047,1180.4903601265435,1156.5561019864642,1135.004240654672,1087344000
1693965600,1234.97998047,1245.5,1229.89001465,1245.5,1182.812132979167,1158.5326330534317,1136.1037009466654,1131935000
1694052000,1245.5,1255.10998535,1240.81994629,1243.14001465,1184.9667001816968,1160.412797088911,1137.1687388939622,1127715000
1694138400,1243.14001465,1248.09997559,1240.15002441,1241.47998047,1186.9850316205648,1162.2142900529352,1138.2066616957138,1097934000
1694397600,1241.47998047,1251.36999512,1223.32995605,1223.63000488,1188.2937806655445,1163.5790837157588,1139.0566452099854,1393859000
1694484000,1223.63000488,1245.43994141,1220.84997559,1245.43994141,1190.3347149778465,1165.3982138867418,1140.115185470682,967868000
1694570400,1245.43994141,1250.60998535,1232.83996582,1238.39001465,1192.0509756804233,1167.0202539037032,1141.0930444674912,1263787000
1694656800,1238.39001465,1244.20996094,1223.0300293,1223.81005859,1193.1852286414796,1168.2822495633986,1141.916099334382,1227453000
1694743200,1223.81005859,1233.86999512,1220.27001953,1227.35998535,1194.405755666784,1169.5950881364342,1142.7662872549354,917362000
1695002400,1227.35998535,1227.35998535,1203.88000488,1211.81005859,1195.0273379140417,1170.533198590958,1143.4532899547867,844996000
1695088800,1211.81005859,1219.56994629,1199.84997559,1211.5,1195.6156472742546,1171.4435719556034,1144.130371646779,1004729000
1695175200,1211.5,1226.10998535,1209.45996094,1226.10998535,1196.7047307769599,1172.6583811421456,1144.9460891960648,878031000
1695261600,1226.10998535,1227.88000488,1211.65002441,1212.73999023,1197.2774186145684,1173.5490835663202,1145.6206553755069,963675000
1695348000,1212.73999023,1212.73999023,1174.56994629,1193.05004883,1197.1264411222623,1173.9824383499574,1146.0925896387357,1393431000
1695607200,1193.05004883,1195.61999512,1153.19995117,1153.19995117,1195.5576379096815,1173.520605301514,1146.1633096539722,1086893000
1695693600,1153.19995117,1163.52001953,1137.95996094,1137.95996094,1193.5005780179072,1172.730368760147,1146.0816842936342,1046590000
1695780000,1137.95996094,1153.84997559,1126.35998535,1153.84997559,1192.0844850740534,1172.310804467477,1146.1589807244438,860424000
1695866400,1153.84997559,1155.39001465,1136.98999023,1152.43005371,1190.66825538248,1171.8690100061997,1146.2213794606184,691112000
1695952800,1152.43005371,1163.88000488,1152.43005371,1154.15002441,1189.3640328477486,1171.4752547707285,1146.3002714501645,574812000
1696212000,1154.15002441,1161.47998047,1149.63000488,1155.25,1188.1456745317575,1171.1146935536012,1146.389323475536,518242000
1696298400,1155.25,1155.25,1117.2800293,1118.09997559,1185.6440424266948,1169.9365887099657,1146.1078374269237,991876000
1696384800,1118.09997559,1133.79003906,1106.40002441,1128.67004395,1183.609256766813,1169.0195543819664,1145.9343270440686,682486000
1696471200,1128.67004395,1133.11999512,1113.89001465,1113.89001465,1181.1192838340696,1167.7944534990338,1145.6154781645257,609007000
1696557600,1113.89001465,1129.13000488,1107.40002441,1128.54003906,1179.2414536635672,1166.9221331781664,1145.445573297814,621619000
1696816800,1128.54003906,1137.35998535,1127.0300293,1137.35998535,1177.7456869380826,1166.2651965597627,1145.365119686393,602616000
1696903200,1137.35998535,1150.33996582,1137.35998535,1143.68994141,1176.5294103120796,1165.7635242231013,1145.348451245832,671763000
1696989600,1143.68994141,1150.81005859,1138.2199707,1150.81005859,1175.610862036291,1165.43122498681,1145.4027955975153,543054000
1697076000,1150.81005859,1156.72998047,1148.10998535,1151.60998535,1174.7536878689236,1165.1240863282144,1145.4645586796296,647176000
1697162400,1151.60998535,1155.09997559,1138.98999023,1154.72998047,1174.0385554618192,1164.8931061980318,1145.5567519312751,621417000
1697421600,1154.72998047,1157.45996094,1140.64001465,1141.42004395,1172.8736086221113,1164.37148259252,1145.5155906578295,676192000
1697508000,1145.33996582,1147.89001465,1121.65002441,1121.65002441,1171.0441949002502,1163.4221168551305,1145.2781223369557,610500000
1697594400,1121.65002441,1125.27001953,1088.86999512,1103.40002441,1168.6283316684555,1162.088292578572,1144.8614248451452,1038176000
1697680800,1103.40002441,1104.0300293,1087.84997559,1087.84997559,1165.7433903799392,1160.4385522010482,1144.294146743104,649226000
1697767200,1087.84997559,1108.16003418,1073.72998047,1108.0300293,1163.6821989127986,1159.2739183588026,1143.9333097536203,658193000
1698026400,1108.0300293,1108.0300293,1086.54003906,1093.5300293,1161.1767642837701,1157.8129430463848,1143.4317845749772,563101000
1698112800,1093.5300293,1107.30004883,1088.17004395,1105.90002441,1159.202595002564,1156.659322632243,1143.058334225077,509041000
1698199200,1105.90002441,1111.39001465,1100.64001465,1101.66003418,1157.1475035446153,1155.437116222193,1142.646410841544,539258000
1698285600,1101.66003418,1101.66003418,1049.70996094,1055.44995117,1153.5154481026648,1153.2151792210332,1141.7787843771505,1177081000
1698372000,1055.44995117,1061.86999512,1037.45996094,1060.61999512,1150.1977533532838,1151.1575084632325,1140.9712342352882,692234000
1698631200,1054.0300293,1060.39001465,1042.40002441,1042.40002441,1146.3478344624523,1148.7406754842718,1139.9904261773252,533359000
1698717600,1042.40002441,1046.17004395,1025.0300293,1028.18994141,1142.127909710579,1146.0617702826214,1138.8779835428245,755535000
1698804000,1028.18994141,1039.66003418,1020.01000977,1039.66003418,1138.468342727344,1143.6972872581186,1137.8907402655825,679886000
1698890400,1039.66003418,1075.4699707,1039.66003418,1075.4699707,1136.2184008692245,1142.1811246679383,1137.2696380808504,772121000
1698976800,1075.4699707,1082.22998047,1071.10998535,1076.7800293,1134.0956018846093,1140.7277669930952,1136.6677514263147,756483000
1699236000,1076.7800293,1089.66003418,1076.7800293,1089.66003418,1132.5086173237305,1139.5929284861375,1136.200012946252,692792000
1699322400,1089.66003418,1089.89001465,1079.42004395,1080.29003906,1130.643668100026,1138.27508649889,1135.6436947981301,634514000
1699408800,1080.29003906,1113.43005371,1075.80004883,1113.43005371,1130.028896157525,1137.722974659137,1135.4226635435218,952577000
1699495200,1113.43005371,1124.7800293,1112.13000488,1113.89001465,1129.4525075322563,1137.1933533256006,1135.2084083306509,1052082000
1699581600,1113.89001465,1116.02001953,1101.22998047,1101.68005371,1128.4606341814615,1136.4041688896984,1134.8747928617886,1032797000
1699840800,1103.66003418,1107.91003418,1093.18994141,1100.06994629,1127.4466810424808,1135.5967417208162,1134.5284759804772,789437000
1699927200,1100.06994629,1115.59997559,1100.06994629,1109.72998047,1126.8139417363209,1135.0219248041315,1134.281724781368,822197000
1700013600,1109.72998047,1132.75,1109.72998047,1122.5,1126.6598723885952,1134.7436598084842,1134.1644936890161,937960000
1700100000,1122.5,1125.5300293,1114.9699707,1125.5300293,1126.6195208497168,1134.5389124638511,1134.0785786204688,687396000
1700186400,1125.5300293,1129.83996582,1096.16003418,1101.18994141,1125.7113215840127,1133.79782421821,1133.7513284989716,1255204000
1700445600,1101.18994141,1111.26000977,1085.31994629,1103.66003418,1124.923775605298,1133.1280955506943,1133.4519126351013,841469000
1700532000,1103.66003418,1112.77001953,1103.66003418,1110.45996094,1124.4072107958232,1132.6243592260123,1133.223136996344,712614000
1700618400,1110.45996094,1115.4699707,1103.26000977,1113.81994629,1124.0290942063295,1132.2064833829897,1133.0300704221515,946277000
1700704800,1113.81994629,1118.54003906,1088.48999023,1088.48999023,1122.7598404928892,1131.2350057573678,1132.5868855446176,1028271000
1700791200,1088.48999023,1095.60998535,1073.31005859,1095.60998535,1121.7902028092146,1130.443338637204,1132.2189561894472,958343000
1701050400,1095.60998535,1096.83996582,1085.68994141,1088.06005859,1120.5855548013856,1129.5014879694884,1131.7795641735324,595015000
1701136800,1088.06005859,1095.43005371,1076.44995117,1095.43005371,1119.6871440481218,1128.7443449859443,1131.4178775022535,681885000
1701223200,1095.43005371,1105.2800293,1095.43005371,1102.80004883,1119.0840335046175,1128.1678050713676,1131.1331229881018,614957000
1701309600,1101.75,1107.44995117,1094.13000488,1094.13000488,1118.1928181965955,1127.4114095115594,1130.7649327581705,723483000
1701396000,1094.13000488,1102.19995117,1090.07995605,1102.16003418,1117.6202187674314,1126.8502678375248,1130.4803069016714,603588000
1701655200,1102.16003418,1123.95996094,1102.16003418,1120.48999023,1117.7227106053804,1126.7089283351354,1130.3809007656348,1120648000
1701741600,1120.48999023,1124.10998535,1113.55004883,1115.9699707,1117.6601127516167,1126.4702848321324,1130.2375084266732,824656000
1701828000,1115.9699707,1126.43005371,1115.9699707,1126.43005371,1117.973324928702,1126.469390807196,1130.1996233051143,853960000
1701914400,1126.43005371,1129.82995605,1109.51000977,1121.48999023,1118.098920118034,1126.358737461036,1130.1129602894416,1334589000
1702000800,1121.48999023,1127.45996094,1119.43005371,1124.43994141,1118.3253851641755,1126.3160975487908,1130.0565123403924,819095000
1702260000,1124.43994141,1129.15002441,1120.31994629,1125.5,1118.581621408312,1126.2979620477065,1130.0111739091446,700590000
1702346400,1125.5,1129.77001953,1123.34997559,1127.63000488,1118.9047779608723,1126.3275629995353,1129.9874806849741,645624000
1702432800,1127.63000488,1131.20996094,1112.07995605,1114.19995117,1118.7367484326269,1126.0580605144346,1129.830390839054,844042000
1702519200,1114.19995117,1120.35998535,1107.85998535,1110.13000488,1118.4293647343188,1125.7041037225583,1129.6343670981678,681022000
1702605600,1110.13000488,1112.79003906,1102.30004883,1102.30004883,1117.853317737736,1125.1840136138348,1129.3623838318179,749829000
1702864800,1102.30004883,1103.73999023,1091.44995117,1091.88000488,1116.9256994213883,1124.4439245308608,1128.9894248372725,713158000
1702951200,1091.88000488,1096.30004883,1082.29003906,1096.30004883,1116.1890690431244,1123.8185050708416,1128.6641574143146,649907000
1703037600,1096.30004883,1102.27001953,1093.38000488,1100.76000977,1115.6380312119413,1123.3060940641562,1128.3865042039233,598210000
1703124000,1100.76000977,1102.43005371,1094.4699707,1102.43005371,1115.1663177297291,1122.842182056286,1128.1282310646802,521000000
1703210400,1102.43005371,1104.65002441,1099.31994629,1103.06005859,1114.7339513318816,1122.4025793125907,1127.8787965126933,558032000
1703469600,1103.06005859,1118.31005859,1103.06005859,1117.66003418,1114.838454290743,1122.2971894207553,1127.7771172855023,658538000
1703556000,1117.66003418,1123.10998535,1117.66003418,1122.25,1115.1031523517877,1122.2961407669607,1127.7221210936068,644742000
1703642400,1122.25,1126.4699707,1121.98999023,1121.98999023,1115.3491108474382,1122.2893374216949,1127.6650849656107,776800000
1703728800,1121.98999023,1130.57995605,1120.5,1128.93005371,1115.834144521101,1122.4369088947683,1127.6776717192863,716928000
1703815200,1128.93005371,1135.05004883,1128.93005371,1129.93005371,1116.337569849276,1122.6034232239956,1127.700083480388,710848000
1704160800,1129.93005371,1139.70996094,1128.68994141,1131.7199707,1116.8869413082305,1122.8060131679067,1127.7400823581952,842255000
1704247200,1131.7199707,1144.17004395,1128.31994629,1144.17004395,1117.8613378311509,1123.2807694075088,1127.9035645630888,719933000
1704333600,1145.48999023,1160.07995605,1144.31994629,1150.7199707,1119.0348604336098,1123.890529436231,1128.130593479874,1181355000
1704420000,1150.7199707,1155.83996582,1149.07995605,1154.68005371,1120.3079030506237,1124.574741086759,1128.394767213507,803268000
1704679200,1154.68005371,1162.56005859,1154.68005371,1160.18994141,1121.7322615634587,1125.3661899828312,1128.7111371060096,905408000
1704765600,1160.18994141,1162.82995605,1155.45996094,1158.58996582,1123.0486081440495,1126.104496112546,1129.0084388842583,870509000
1704852000,1158.58996582,1166.09997559,1155.93994141,1161.54003906,1124.4233021053335,1126.8919526224895,1129.3321363984448,992761000
1704938400,1161.54003906,1169.09997559,1157.43005371,1162.2199707,1125.7731831265717,1127.6770196908785,1129.6593785307987,860493000
1705024800,1162.2199707,1162.2199707,1146.75,1154.69995117,1126.8062819852655,1128.2775292793035,1129.908538457557,1086669000
1705284000,1154.69995117,1163.75,1154.11999512,1154.11999512,1127.7817717400774,1128.8518062979856,1130.1494484740986,617145000
1705370400,1154.11999512,1163.11999512,1147.70996094,1163.11999512,1129.0438511465031,1129.6133216051414,1130.4775136148537,611400000
1705456800,1161.94995117,1168.45996094,1160.44995117,1162.5300293,1130.2397860805565,1130.3448039983605,1130.7964441191834,769803000
1705543200,1162.5300293,1169.72998047,1162.5300293,1169.06005859,1131.6262243844653,1131.2051429892858,1131.1771766014801,596224000
1705629600,1171.5,1181.5,1171.4699707,1181.5,1133.4074306564487,1132.3228064784128,1131.6779012124107,662888000
1705888800,1181.5,1186.95996094,1175.54003906,1182.85998535,1135.1735933240755,1133.4458548977814,1132.1871756814414,889756000
1705975200,1182.85998535,1184.73999023,1173.7800293,1177.5,1136.6852507053584,1134.4248359000528,1132.638049555258,683712000
1706061600,1177.5,1180.30004883,1172,1172.9699707,1137.9811335623099,1135.2813944511627,1133.0393622034644,733190000
1706148000,1172.9699707,1173.82995605,1168.5,1170.36999512,1139.1378786179416,1136.0611411326925,1133.4108112872111,540538000
1706234400,1170.36999512,1176.76000977,1170.36999512,1175.67004395,1140.4425988083722,1136.941338973077,1133.8313011644527,575224000
1706493600,1175.67004395,1180.45996094,1174.88000488,1175.68994141,1141.701432472716,1137.802419027231,1134.247805047493,666530000
1706580000,1175.68994141,1179.92004395,1174.13000488,1179.65002441,1143.056739327619,1138.732365813515,1134.6995684242345,620146000
1706666400,1179.65002441,1182.5300293,1163.13000488,1164.31005859,1143.8157864441325,1139.3007589863257,1134.9942001671775,1120900000
1706752800,1164.31005859,1174.5,1162.44995117,1173.02001953,1144.8587947686278,1140.0500758872963,1135.3725665289967,670246000
1706839200,1173.02001953,1178.27001953,1169.69995117,1172.55004883,1145.8477681279626,1140.7722975082452,1135.7424917260216,914673000
1707098400,1172.55004883,1188.44995117,1172.55004883,1186.06005859,1147.2839213587497,1141.778692198951,1136.2431640331258,874804000
1707184800,1186.06005859,1190.92004395,1185.68005371,1188.47998047,1148.7552091841515,1142.8164986049742,1136.7629333509058,619772000
1707271200,1188.47998047,1199.52001953,1188.47998047,1198.5300293,1150.532881331146,1144.0545770648637,1137.3775313205485,685660000
1707962400,1203.07995605,1207.56005859,1198.81005859,1202.5,1152.3888498550336,1145.3533642412,1138.0255160835281,868724000
1708048800,1202.5,1210.25,1202.5,1209.69995117,1154.4356749019967,1146.7832883951735,1138.7386945421,822637000
1708308000,1209.69995117,1225.47998047,1209.69995117,1224.9699707,1156.9547568947826,1148.5207702241696,1139.5967171904372,1046431000
1708394400,1224.9699707,1230.4699707,1222.66003418,1230.06005859,1159.5656605267545,1150.3327544100769,1140.4968499406816,939948000
1708480800,1230.06005859,1234.2199707,1222.92004395,1230.04003906,1162.0826026172276,1152.1040274022973,1141.387826946844,988846000
1708567200,1230.04003906,1232.08996582,1226.15002441,1227.31005859,1164.4121546162553,1153.7752725398018,1142.2427745253829,840410000
1708653600,1227.31005859,1240.81005859,1211.55004883,1212,1166.1117205228177,1155.0691553722506,1142.936876271399,1394046000
1708912800,1212,1225.20996094,1210.52001953,1224.17004395,1168.1852320737885,1156.6047306739783,1143.7451664970565,889749000
1708999200,1224.17004395,1237.59997559,1224.17004395,1237.45996094,1170.659329533296,1158.401513568779,1144.6776520139017,986854000
1709085600,1237.45996094,1254.55004883,1236.31994629,1254.55004883,1173.6554266510354,1160.5381476856949,1145.770909693664,970756000
1709172000,1254.55004883,1264.39001465,1247.69995117,1252.72998047,1176.4795178588556,1162.5868550809016,1146.8351790546226,1091194000
1709258400,1256.7199707,1258.76000977,1247.86999512,1258.2800293,1179.4009646960394,1164.7133700635482,1147.9440830371636,961928000
1709517600,1258.2800293,1268.25,1256.54003906,1261.41003418,1182.3298600347523,1166.8621848216915,1149.0730974763958,1183086000
1709604000,1261.41003418,1269.97998047,1257.81005859,1269.97998047,1185.4602214788683,1169.1536913916539,1150.2761510385212,1011196000
1709690400,1269.97998047,1277.51000977,1256.30004883,1262.72998047,1188.2198557285517,1171.2331644822839,1151.395094614954,1062934000
1709776800,1262.72998047,1269.88000488,1260.23999023,1268.45996094,1191.0855737718177,1173.393759959122,1152.5599191555016,1017267000
1709863200,1268.45996094,1274.30004883,1247.34997559,1247.34997559,1193.0950166938956,1175.0372314175859,1153.503103796641,1346111000
1710122400,1247.34997559,1254.01000977,1233.48999023,1235.48999023,1194.6091228916137,1176.3806260578617,1154.3188937114007,975985000
1710208800,1235.48999023,1248.32995605,1233.14001465,1245,1196.408797074056,1177.9055010343536,1155.2211932764615,836220000
1710295200,1245,1270.51000977,1245,1270.51000977,1199.055268956054,1179.963379006257,1156.3683456793822,982228000
1710381600,1270.51000977,1276.41003418,1258.67004395,1264.26000977,1201.3840096994093,1181.8366374676734,1157.4418945758061,1057178000
1710468000,1264.26000977,1271.63000488,1252.35998535,1263.7800293,1203.6124389708589,1183.657601730614,1158.499985468584,1067614000
1710727200,1263.7800293,1269.90002441,1221.67004395,1243.56005859,1205.0391396715424,1184.9887674386005,1159.3463543553644,1708948000
1710813600,1246.54003906,1249.75,1238.92004395,1242.45996094,1206.3755975739873,1186.2659050719649,1160.173355415908,914652000
1710900000,1242.45996094,1261.55004883,1235.45996094,1260.07995605,1208.293610376702,1187.9062173159211,1161.1674509446054,915569000
1710986400,1260.07995605,1276.42004395,1260.07995605,1276.42004395,1210.726697290034,1189.8731912411229,1162.3142429148083,1251813000
1711072800,1276.42004395,1291.27001953,1276.38000488,1281.80004883,1213.2650312736043,1191.9160102986534,1163.5031564065018,1377677000
1711332000,1281.80004883,1286.83996582,1264.51000977,1267.85998535,1215.214851062047,1193.6036541886833,1164.5415328138997,1242487000
1711418400,1267.85998535,1282.5,1264.42004395,1282.20996094,1217.6075335576882,1195.5726832276014,1165.7123629445077,941695000
1711504800,1282.20996094,1286.7199707,1276.94995117,1283.08996582,1219.9461918527707,1197.5175117296546,1166.8802992915275,919283000
1711591200,1283.08996582,1293.90002441,1283.08996582,1290.18005371,1222.4545440619574,1199.5766793292178,1168.107162519572,1012175000
1711677600,1290.18005371,1293.04003906,1282.43994141,1284.08996582,1224.6558091247448,1201.4547523623462,1169.261220263855,922547000
1711936800,1284.08996582,1286.80004883,1274.08996582,1281.52001953,1226.6866737820753,1203.2339805216275,1170.3782232416277,971212000
1712023200,1281.52001953,1287.04003906,1268.47998047,1287.04003906,1228.8421511134297,1205.0963373780357,1171.5390373293726,1087684000
1712109600,1287.04003906,1288.98999023,1271.4699707,1271.4699707,1230.3645732415216,1206.5713070074128,1172.5333749748515,1077323000
1712196000,1271.4699707,1277.61999512,1265.11999512,1268.25,1231.7176241971815,1207.9419446294703,1173.4857792039575,980907000
1712282400,1268.25,1268.25,1253.56005859,1255.10998535,1232.553065666925,1208.9901233121486,1174.2979603596395,1075440000
1712541600,1255.10998535,1258.40002441,1246.86999512,1250.34997559,1233.1886695927492,1209.9092311405452,1175.0546968295935,876039000
1712628000,1252.40002441,1262.81994629,1247.69995117,1262.81994629,1234.246929474794,1211.085024810533,1175.927982893876,717434000
1712714400,1262.81994629,1268.7199707,1258.56005859,1258.56005859,1235.1152555146227,1212.140025561188,1176.7501926022953,702275000
1712800800,1258.56005859,1262.0300293,1248.10998535,1258.19995117,1235.9397089308861,1213.163579463606,1177.560637961178,686820000
1712887200,1258.19995117,1278.39001465,1258.19995117,1276.59997559,1237.3918613115688,1214.5732771553037,1178.546104007236,944445000
1713146400,1276.59997559,1281.81005859,1216.60998535,1216.60998535,1236.6496514557984,1214.618537337408,1178.9248490952236,1455863000
1713232800,1216.60998535,1222.44995117,1191.72998047,1215.68005371,1235.9007372505914,1214.6421265901324,1179.2905725242265,1355239000
1713319200,1215.68005371,1221.4699707,1193.01000977,1193.01000977,1234.368925554856,1214.1614128830183,1179.4270843376173,859252000
1713492000,1193.01000977,1193.01000977,1165.98999023,1174.84997559,1232.243248770397,1213.2878253876179,1179.3815409669942,1070536000
1713751200,1174.84997559,1193.88000488,1174.84997559,1190.2199707,1230.74241741074,1212.7752063945597,1179.4893860389643,708579000
1713837600,1190.2199707,1192.80004883,1169.60998535,1177.40002441,1228.8373319464279,1211.9890912393473,1179.4685963710144,778311000
1713924000,1177.40002441,1207.60998535,1177.40002441,1205.60998535,1228.0077838536984,1211.8473333306952,1179.7287096941884,820080000
1714010400,1205.60998535,1208.41003418,1200.20996094,1204.9699707,1227.1850048124948,1211.694503050013,1179.979866520117,569652000
1714096800,1204.9699707,1216.59997559,1198.72998047,1209.52001953,1226.554112480977,1211.6461811940128,1180.273798390862,620884000
1714615200,1212.13000488,1216.35998535,1206.2800293,1216.35998535,1226.1900365120134,1211.7509323974791,1180.6328649277689,570364000
1714701600,1216.35998535,1225.75,1216.35998535,1221.0300293,1226.0057505401558,1211.9571345508684,1181.0348267623185,643429000
1714960800,1221.0300293,1241.57995605,1221.0300293,1241.57995605,1226.5619721655073,1212.6154194730714,1181.6372658597084,864634000
1715047200,1241.57995605,1250.63000488,1240.08996582,1248.63000488,1227.3501161910249,1213.4157435932254,1182.3038602778206,707897000
1715133600,1248.63000488,1251.61999512,1234.76000977,1250.45996094,1228.1754677892025,1214.2389484231537,1182.982030433663,981803000
1715220000,1250.45996094,1256.80004883,1243.29003906,1248.64001465,1228.9063444628023,1215.0034165615282,1183.6353437094476,771553000
1715306400,1248.64001465,1252.5,1237.45996094,1244.69995117,1229.470401845202,1215.6633395528277,1184.242951743881,669111000
1715565600,1244.69995117,1249.19995117,1233.56005859,1240.18005371,1229.852889411802,1216.2081554229871,1184.7995398231458,741579000
1715652000,1240.18005371,1252.52001953,1240.18005371,1243.2800293,1230.3324301220948,1216.8097526202541,1185.381435240826,640494000
1715738400,1243.2800293,1257.92004395,1243.2800293,1254.39001465,1231.19162956952,1217.6448695542485,1186.0680877722607,880174000
1715824800,1254.39001465,1271.66003418,1254.39001465,1268.7800293,1232.5340724170371,1218.7812064374875,1186.8910921655715,885056000
1715911200,1268.7800293,1274.27001953,1266.31994629,1273.10998535,1233.983212164643,1219.9885126355434,1187.7489916002426,937043000
1716170400,1273.10998535,1285.18994141,1273.10998535,1277.57995605,1235.540238731977,1221.268322489198,1188.6428320425287,1161563000
1716256800,1277.57995605,1281.29003906,1267.29003906,1277.14001465,1237.0259450147637,1222.509915648327,1189.5234010236975,972160000
1716343200,1277.14001465,1283.06005859,1263.86999512,1266.91003418,1238.0932339135222,1223.4965849490309,1190.293417274009,1139092000
1716429600,1266.91003418,1281.0300293,1262.29003906,1281.0300293,1239.6266908916107,1224.775105934608,1191.196269134964,968130000
1716516000,1281.0300293,1285.06994629,1250.2800293,1261.93005371,1240.423239563696,1225.6007714407278,1191.9000878869545,1367781000
1716775200,1263.45996094,1267.68005371,1257.27001953,1267.68005371,1241.3966972117782,1226.5358666022673,1192.6541173976316,726704000
1716861600,1267.68005371,1281.72998047,1267.68005371,1281.72998047,1242.8371716138577,1227.7624024659947,1193.5404443933764,868584000
1716948000,1281.72998047,1285.63000488,1271.59997559,1272.64001465,1243.9015588651484,1228.7596827367504,1194.3275047939399,1072465000
1717034400,1272.64001465,1272.64001465,1251.80004883,1266.31994629,1244.7022155588932,1229.594355260156,1195.0438474953933,1050582000
1717120800,1266.31994629,1271.06994629,1261.43005371,1261.7199707,1245.3099925282183,1230.3082578254857,1195.7072915073793,771152000
1717380000,1261.7199707,1284.47998047,1261.7199707,1280,1246.5489213664962,1231.4125187626971,1196.5460249252162,1046925000
1717466400,1280,1289.31005859,1280,1283.52001953,1247.8693177294786,1232.5704632241927,1197.411437806856,935849000
1717552800,1283.52001953,1293.93005371,1283.52001953,1284.34997559,1249.1721983673542,1233.721119054544,1198.2764978843002,925055000
1717639200,1288.79003906,1292.02001953,1278.40002441,1283.56005859,1250.4003362324488,1234.8286510442208,1199.125090528138,893067000
1717725600,1283.56005859,1293.0300293,1283.13000488,1287.57995605,1251.7281797973615,1236.0009022665715,1200.0052384437784,698283000
1717984800,1287.57995605,1297.39001465,1287.43994141,1290.67004395,1253.1189606599557,1237.2157720817588,1200.9073758119994,858652000
1718071200,1290.67004395,1296.41003418,1279.4699707,1284.41003418,1254.2364989999573,1238.2645334617198,1201.7382480345666,993343000
1718157600,1284.41003418,1301.34997559,1281.70996094,1300.18994141,1255.8776933717445,1239.6406536383483,1202.717866874123,895255000
1718244000,1305.68994141,1306.01000977,1297.59997559,1301.51000977,1257.5074189573966,1241.0155282190517,1203.700873271097,891331000
1718330400,1301.51000977,1305.02001953,1279.91003418,1279.91003418,1258.307512358204,1241.8798505737395,1204.4591733796433,1110637000
1718589600,1279.91003418,1283.09997559,1272.54003906,1274.77001953,1258.895459042911,1242.610743217212,1205.1587837890995,900555000
1718676000,1274.77001953,1286.52001953,1274.77001953,1279.5,1259.631335505664,1243.4305044790517,1205.8984973832378,805289000
1718762400,1279.5,1284.14001465,1270.66003418,1279.79003906,1260.3512892040333,1244.2384941364062,1206.633736603902,1004876000
1718848800,1279.79003906,1286.54003906,1273.54003906,1282.30004883,1261.1351734763891,1245.0843064629305,1207.3866352330174,932545000
1718935200,1282.30004883,1288.06005859,1279.43994141,1282.02001953,1261.8810608354468,1245.9051000866432,1208.1292559722908,834752000
1719194400,1282.02001953,1284.83996582,1252.66003418,1254.11999512,1261.603879917038,1246.0876533096066,1208.586875267293,1247102000
1719280800,1254.11999512,1260.06994629,1250.25,1256.56005859,1261.4237434410725,1246.3203734269487,1209.0642203749817,835303000
1719367200,1256.56005859,1262.67004395,1247.55004883,1261.23999023,1261.4171808263914,1246.6519204670165,1209.5833822640864,878371000
1719453600,1261.23999023,1262.48999023,1255.11999512,1259.08996582,1261.3340660047345,1246.9283214748605,1210.0759850855382,596988000
1719540000,1259.08996582,1262.60998535,1240.15002441,1245.31994629,1260.7621331577798,1246.8925798040857,1210.426671266677,840428000
1719799200,1245.31994629,1254.56005859,1240.06994629,1254.56005859,1260.5406304946448,1247.0629682215504,1210.8658094489986,487191000
1719885600,1254.56005859,1270.4699707,1254.56005859,1269.79003906,1260.870966514836,1247.5680142401825,1211.4521201913965,528470000
1719972000,1269.79003906,1278.14001465,1268.22998047,1276.84997559,1261.4416454103775,1248.2187244924007,1212.1028451207358,589505000
1720058400,1276.84997559,1283.13000488,1274.57995605,1279.89001465,1262.100515740364,1248.9225309403473,1212.777344320032,523462000
1720144800,1279.89001465,1284.97998047,1276.93005371,1283.04003906,1262.8483558589223,1249.6806977874508,1213.4764756109769,616503000
1720404000,1283.04003906,1287.14001465,1277.68005371,1283.56005859,1263.5880595278893,1250.433572471952,1214.1738246953453,766898000
1720490400,1283.56005859,1294.15002441,1283.56005859,1293.70996094,1264.6638417211789,1251.3952699934641,1214.9652290360882,821808000
1720576800,1293.70996094,1297.95996094,1285.93994141,1285.93994141,1265.423702424351,1252.162929358276,1215.6714450796096,751002000
1720663200,1285.93994141,1293.31994629,1283.80004883,1283.80004883,1266.080000510267,1252.8659764576475,1216.34934163434,697233000
1720749600,1283.80004883,1288.67004395,1277.16003418,1280.75,1266.6039290634717,1253.4856214252554,1216.9901442051425,606308000
1721008800,1280.75,1286.36999512,1276.27001953,1279.81994629,1267.0759296787048,1254.070828644472,1217.615316365191,573511000
1721095200,1279.81994629,1291.4699707,1279.36999512,1281.18005371,1267.5796483941083,1254.6732558681504,1218.2478013138955,684257000
1721181600,1281.18005371,1290.76000977,1256.42004395,1268.66003418,1267.6182336007473,1254.9840731639692,1218.7494155712698,1225383000
1721268000,1268.66003418,1274.67004395,1256.20996094,1274.43994141,1267.8618660225063,1255.4164257916589,1219.3035501567297,739044000
1721354400,1274.43994141,1279.93994141,1260.68005371,1264.7800293,1267.751800425274,1255.624505869622,1219.7560524367623,791804000
1721613600,1264.7800293,1267.43005371,1245.02001953,1254.64001465,1267.2835223618713,1255.6026282869636,1220.1031565383864,923629000
1721700000,1254.64001465,1258.73999023,1231.81005859,1231.81005859,1266.0166129414474,1255.07390451592,1220.2196431259647,728381000
1721786400,1231.81005859,1242.40002441,1218.65002441,1238.4699707,1265.032804289967,1254.7049282088997,1220.401238425209,740263000
1721872800,1238.4699707,1238.4699707,1226.19995117,1233.18994141,1263.895559187111,1254.2268173911464,1220.528489201177,484409000
1721959200,1233.18994141,1242.10998535,1233.18994141,1242.10998535,1263.1175029786427,1253.9575544568986,1220.7432304563893,458792000
1722218400,1242.10998535,1249.68005371,1242.10998535,1246.59997559,1262.5275912861912,1253.7940527043008,1221.0005115024949,496865000
1722304800,1246.59997559,1248.72998047,1236.9699707,1245.06005859,1261.9037508327558,1253.5999639462052,1221.2399099809775,653073000
1722391200,1245.06005859,1255.77001953,1245.06005859,1251.51000977,1261.5325457948002,1253.5535205200674,1221.5411050037537,748847000
1722477600,1251.51000977,1257.84997559,1222.51000977,1226.95996094,1260.2978106214146,1252.9625525293993,1221.5950239682934,897261000
1722564000,1226.95996094,1236.59997559,1209.77001953,1236.59997559,1259.4514593702927,1252.5989397085239,1221.7443269695043,696663000
1722823200,1236.59997559,1236.59997559,1184.5300293,1188.06994629,1256.9021196174251,1251.164962077001,1221.4092585050316,1038093000
1722909600,1188.06994629,1213.34997559,1186.73999023,1210.2800293,1255.2370449632313,1250.25640801529,1221.2985199059765,688837000
1722996000,1210.2800293,1217.79003906,1205.10998535,1215.88000488,1253.83143638883,1249.4924879456169,1221.2446043335788,623845000
1723082400,1215.88000488,1219.9699707,1202.57995605,1208.31994629,1252.2060260281576,1248.577542575492,1221.1160007709561,758833000
1723168800,1208.31994629,1225.02001953,1208.31994629,1223.64001465,1251.1858113360804,1248.0233752882589,1221.1411153369168,586759000
1723428000,1223.64001465,1231.45996094,1221.16003418,1230.2800293,1250.4391762633632,1247.629078710742,1221.232049804211,551151000
1723514400,1229.81005859,1231.55004883,1223.01000977,1230.42004395,1249.7242072521717,1247.246655716059,1221.3234726315325,539116000
1723600800,1230.42004395,1236.51000977,1228.93005371,1230.35998535,1249.0326278985226,1246.871396374591,1221.41338818097,507178000
1723687200,1230.35998535,1231.68994141,1222.2800293,1223.56005859,1248.122893280361,1246.3533666460446,1221.4347480855374,497056000
1723773600,1223.56005859,1253.23999023,1223.56005859,1252.22998047,1248.2695749657053,1246.4839580643547,1221.7411683082685,965064000
1724032800,1252.22998047,1263.83996582,1252.22998047,1261.61999512,1248.7463756855016,1246.8203144433692,1222.1379725551515,698632000
1724119200,1261.61999512,1275.94995117,1261.61999512,1272.55004883,1249.5965068692337,1247.3920863186277,1222.6395852544038,810158000
1724205600,1272.55004883,1284.05004883,1268.91003418,1284.05004883,1250.8269905106897,1248.2067077077693,1223.2506346432156,836417000
1724292000,1284.05004883,1288.42004395,1280.42004395,1282.7800293,1251.9681704674508,1248.9750037431522,1223.8429669283578,687365000
1724378400,1282.7800293,1287.43005371,1276.43005371,1285.31994629,1253.1593053182562,1249.7826691330822,1224.454678165787,724872000
1724637600,1285.31994629,1290.44995117,1278.7199707,1280.02001953,1254.118616540104,1250.4546102530137,1225.0075671345853,775470000
1724724000,1280.02001953,1282.92004395,1274.69995117,1280.56005859,1255.0629537561717,1251.1236202160578,1225.5603282435943,660799000
1724810400,1280.56005859,1285.7199707,1276.90002441,1281.43994141,1256.0049890295227,1251.79731624259,1226.1163442950012,717618000
1724896800,1281.43994141,1288.19995117,1280.23999023,1281.4699707,1256.9144526606112,1252.4567085638657,1226.6671266472897,634089000
1724983200,1281.4699707,1286.83996582,1281.4699707,1283.86999512,1257.8771506055893,1253.1547815984466,1227.2363094181624,571596000
1725415200,1283.86999512,1283.86999512,1268.43005371,1275.80004883,1258.517254113604,1253.6580097591477,1227.7195307058423,648409343
1725501600,1275.80004883,1282.20996094,1266.05004883,1268.20996094,1258.8634222145467,1253.9813864520556,1228.1224205589185,665625986
1725588000,1268.20996094,1274.43994141,1262.93994141,1273.95996094,1259.4025843118843,1254.42535477401,1228.5785154880834,637094418
1725847200,1273.95996094,1273.95996094,1262.9699707,1267.72998047,1259.6999913175314,1254.7210131228098,1228.9680823038238,497552945
1725933600,1267.72998047,1271.82995605,1252.2199707,1255.22998047,1259.5403480729767,1254.732323508303,1229.2293947233877,690102153
1726020000,1255.22998047,1256.85998535,1244.79003906,1253.27001953,1259.3164077678705,1254.6998278643407,1229.4686049204684,583746472
1726106400,1253.27001953,1260.93005371,1253.27001953,1256.34997559,1259.210463761518,1254.7364978137998,1229.7360812455383,433675900
1726192800,1256.34997559,1256.34997559,1248.7800293,1251.70996094,1258.9425886607494,1254.6692414388265,1229.9547268146375,482055936
1726452000,1251.70996094,1255.42004395,1239.26000977,1239.26000977,1258.2396394146513,1254.326814068408,1230.0473166947904,608012444
1726538400,1239.26000977,1258.94995117,1238.68994141,1258.94995117,1258.265007691628,1254.4295504484435,1230.334905097529,632194532
1726624800,1258.94995117,1271.77001953,1257.93005371,1264.90002441,1258.5019725744269,1254.6622276475891,1230.6788366329763,799783535
1726711200,1264.90002441,1271.27001953,1264.81994629,1271.27001953,1258.9579742514115,1255.0312896894204,1231.082729000111,607580549
1726797600,1271.27001953,1283.30004883,1271.27001953,1272.04003906,1259.4251908517183,1255.4092618976556,1231.4902644235924,898259995
1727056800,1275.15002441,1276.98999023,1267.86999512,1268.47998047,1259.7485761952285,1255.6997223103745,1231.8583212996762,564217395
1727143200,1268.47998047,1276.98999023,1266.68005371,1276.98999023,1260.3643409821846,1256.172839375255,1232.3073926323161,817535117
1727229600,1276.98999023,1288.43994141,1276.98999023,1287.47998047,1261.332756678178,1256.868553621805,1232.8563736058254,992827530
1727316000,1290.0300293,1298.70996094,1289.15002441,1291.48999023,1262.4098007336002,1257.6379188797648,1233.4397926767126,956803250
1727402400,1295.0300293,1300.31005859,1287.20996094,1290.92004395,1263.4280237056144,1258.3775216591034,1234.0117354754518,950804402
1727661600,1290.92004395,1292.0300293,1283.92004395,1287.93994141,1264.303449337914,1259.0344643202345,1234.548334539477,748397879
1727748000,1287.93994141,1302.2199707,1287.93994141,1292.19995117,1265.299752974774,1259.7714751391181,1235.121982466149,982218319
1727834400,1292.19995117,1293.68994141,1285.14001465,1287.83996582,1266.1047605763893,1260.395219376471,1235.646539514446,771123993
1727920800,1287.83996582,1299.35998535,1276.51000977,1278.09997559,1266.5331611125896,1260.7886584034384,1236.068961763954,1043697915
1728007200,1278.90002441,1279.32995605,1270.59997559,1270.59997559,1266.6784044867827,1261.0066876742508,1236.4125539413276,610071050
1728266400,1270.59997559,1278.60998535,1264.65002441,1269.93005371,1266.7945348161834,1261.2049846972675,1236.7460614017125,542585281
1728352800,1269.93005371,1275.81994629,1266.93994141,1271.97998047,1266.9797293038198,1261.4444290477727,1237.0966476610984,678704686
1728439200,1273.95996094,1283.01000977,1273.04003906,1281.84997559,1267.5108095283263,1261.8978856376,1237.5419544066597,676888068
1728525600,1281.84997559,1294.32995605,1281.84997559,1286.35998535,1268.1839943791003,1262.441487853431,1238.0277059583348,720089936
1728612000,1286.35998535,1289.36999512,1283.56005859,1288.39001465,1268.9056379602039,1263.0181217822437,1238.5288234577542,531739469
1728871200,1288.39001465,1297.67004395,1286.13000488,1286.33996582,1269.5282925266251,1263.5363849830828,1239.0045562175776,795706807
1728957600,1287.81005859,1294.05004883,1279.81005859,1281.07995605,1269.9408519381743,1263.9262421179033,1239.4232169124275,712090690
1729044000,1279.85998535,1283.32995605,1276.40002441,1279.47998047,1270.2815351000252,1264.2718807479498,1239.8217916741944,536463680
1729130400,1279.47998047,1286.52001953,1271.81994629,1286.52001953,1270.8614809725243,1264.7662838319955,1240.2864506578342,685239360
1729216800,1291.16003418,1294.09997559,1285.45996094,1285.45996094,1271.382855257077,1265.2261433232845,1240.7359383223334,689070733
1729476000,1284.17004395,1287.70996094,1279.77001953,1279.77001953,1271.6823968382528,1265.5493405723228,1241.12433714032,622809008
1729562400,1280.20996094,1280.20996094,1265.43994141,1269.89001465,1271.6183831886724,1265.645799996271,1241.4105627871825,793916700
1729648800,1270.57995605,1273.20996094,1263.26000977,1270.90002441,1271.5927275180056,1265.7625605387984,1241.7039902660165,589858241
1729735200,1271.17004395,1274.10998535,1257.41003418,1257.41003418,1271.086202755934,1265.5769488419362,1241.8602693099367,673137040
1729821600,1257.41003418,1261.7199707,1251.75,1252.7199707,1270.4302658967936,1265.2912382165598,1241.9683260401862,569100886
1730080800,1252.7199707,1255.18005371,1250.93994141,1254.77001953,1269.8709713836938,1265.0574333568584,1242.0957060749106,482689840
1730167200,1258.0300293,1262.38000488,1257.43005371,1261.7800293,1269.582009166419,1264.9846021555948,1242.291569987598,875048711
1730253600,1261.7800293,1264.83996582,1255.06994629,1258.63000488,1269.1908661561897,1264.8433888828038,1242.4541414790647,536846200
1730340000,1258.63000488,1267.88000488,1255.55004883,1264.47998047,1269.0226202388258,1264.835313140297,1242.673304056089,614271168
1730426400,1264.47998047,1264.67004395,1254.32995605,1254.89001465,1268.5178843249391,1264.6143065071794,1242.794863365481,580509631
1730685600,1254.89001465,1256.95996094,1242.35998535,1244.70996094,1267.6676013469055,1264.1719877167977,1242.8139190627398,709673109
1730772000,1244.70996094,1248.9699707,1243.55004883,1245.76000977,1266.885187362016,1263.7628326513134,1242.8432333981355,416244646
1730858400,1251.2199707,1262.43994141,1250.56994629,1261.2800293,1266.6850031455156,1263.7076592435064,1243.0266841036266,566907624
1730944800,1261.2800293,1267.08996582,1259.75,1259.75,1266.4373244617473,1263.6197112603174,1243.1930852568244,499262878
1731031200,1259.75,1264.08996582,1250.77001953,1252.56005859,1265.9417078234706,1263.373941200977,1243.2862889715823,555502136
1731290400,1253.81005859,1253.86999512,1241.29003906,1250.31994629,1265.3837877687038,1263.0838524251776,1243.3562756115666,796476224
1731376800,1250.31994629,1257.02001953,1242.91003418,1244.81994629,1264.64936485875,1262.6779878443958,1243.3708394989142,600650740
1731463200,1244.81994629,1247.04003906,1234.61999512,1246.04003906,1263.9847460802232,1262.308255649187,1243.397398698527,660546839
1731549600,1246.04003906,1247.06994629,1231.68994141,1231.89001465,1262.838505672001,1261.632294738094,1243.2828973647108,692587426
1731636000,1229.35998535,1229.58996582,1217.0300293,1218.56994629,1261.2574856940723,1260.6753536614697,1243.036997354017,750565598
1731895200,1218.56994629,1225.38000488,1204.59997559,1217.11999512,1259.6811467449984,1259.7074568049925,1242.7791167347732,646131167
1731981600,1217.11999512,1221.40002441,1205.15002441,1205.15002441,1257.7336066616056,1258.4950694184372,1242.404697905671,511886835
1732068000,1205.15002441,1222.72998047,1197.98999023,1216.54003906,1256.2624078186911,1257.562735410472,1242.1473381161618,767460892
1732154400,1216.54003906,1228.55004883,1214.06005859,1228.32995605,1255.2648202555235,1256.9131180913505,1242.0098517274437,482145184
1732240800,1228.32995605,1233.42004395,1226.32995605,1228.09997559,1254.2946472317549,1256.2728260357649,1241.8714449997078,534437655
1732500000,1228.09997559,1236.56994629,1228.09997559,1234.69995117,1253.5948366581208,1255.7934288165256,1241.8000868521485,497810131
1732586400,1234.69995117,1246.82995605,1234.69995117,1242.13000488,1253.1853783803308,1255.4897971734918,1241.8033696185948,575094638
1732672800,1242.13000488,1245.33996582,1239.22998047,1241.9699707,1252.7848281060333,1255.189356585192,1241.8050273407978,428809652
1732759200,1246.36999512,1250.45996094,1240.91003418,1242.10998535,1252.4035837218892,1254.8987038910766,1241.8080617488495,477493690
1732845600,1242.51000977,1250.92004395,1241,1250.45996094,1252.334168622536,1254.8000651588304,1241.8941502980151,502807656
1733104800,1250.45996094,1258.05004883,1247.73999023,1251.20996094,1252.2940183481596,1254.7202850650785,1241.9868449312687,497420196
1733191200,1251.20996094,1253.82995605,1244.91003418,1249.82995605,1252.2060161232253,1254.6116110869657,1242.0648858379227,673402920
1733277600,1249.82995605,1249.82995605,1239.81994629,1240.41003418,1251.7847310538243,1254.296020489033,1242.0484196522718,575023618
1733364000,1241.81005859,1269.18005371,1238.48999023,1267.5300293,1252.347063134045,1254.5901095737213,1242.3019680069756,908386288
1733450400,1270.95996094,1276.09997559,1268.57995605,1270.14001465,1252.9825256881861,1254.9356630198608,1242.5789634959608,694787773
1733709600,1270.14001465,1277.68994141,1268.68994141,1273.83996582,1253.7274342643223,1255.3557586376417,1242.8900182454538,760998426
1733796000,1273.83996582,1277.31994629,1270.31994629,1272.06994629,1254.382523979525,1255.7271850299162,1243.1803657881856,631447613
1733882400,1273.22998047,1276.67004395,1264.15002441,1268.85998535,1254.8995761713277,1256.0190250370292,1243.4358843907908,627532824
1733968800,1268.85998535,1275.64001465,1265.98999023,1267.34997559,1255.344233293423,1256.2708239382064,1243.6738355470018,554063189
1734055200,1267.34997559,1267.34997559,1260.47998047,1262.56994629,1255.6022944718723,1256.410804434913,1243.8618565494196,478786146
1734314400,1262.56994629,1267.09997559,1258.65002441,1263.79003906,1255.8947139214483,1256.5747874265815,1244.0601469226592,538924657
1734400800,1263.79003906,1265.44995117,1260.59997559,1261.7199707,1256.1027588063967,1256.6891248326574,1244.2358665622348,502251132
1734487200,1261.7199707,1266.5300293,1261.48999023,1266,1256.4562317061682,1256.8960331697094,1244.452425103904,531459813
1734573600,1256.90002441,1259.76000977,1249.39001465,1254.67004395,1256.392439286305,1256.8465667426049,1244.554092953119,779407811
1734660000,1254.67004395,1259,1253.90002441,1257.5,1256.43199502608,1256.8610874816582,1244.6829079486104,568921102
1734919200,1257.5,1265.19995117,1257.5,1262.76000977,1256.6579955526486,1256.9921746436214,1244.8627796085248,494701647
1735005600,1262.76000977,1263.17004395,1253.7800293,1260.35998535,1256.7902094739825,1257.067014881541,1245.0169806606787,643161962
1735092000,1260.81005859,1283.08996582,1260.81005859,1274.04003906,1257.4062748163403,1257.4441931966178,1245.305767311418,810461231
1735178400,1275.68005371,1277.17004395,1271.98999023,1272.86999512,1257.9585505414711,1257.7869887949153,1245.5800382348866,595218520
1735264800,1272.86999512,1277.89001465,1272.22998047,1275.14001465,1258.572174259633,1258.172611591695,1245.874167353445,670323778
1735524000,1275.14001465,1275.14001465,1268.77001953,1272.02001953,1259.0524544478603,1258.4803317681017,1246.134325086545,527662697
1735610400,1272.25,1272.45996094,1266.7800293,1266.7800293,1259.3284392640082,1258.6647694910328,1246.3397549792162,480536340
1735783200,1266.7800293,1271.13000488,1263.25,1269.70996094,1259.6992078952937,1258.9102181898986,1246.57229434201,428135718
1735869600,1268.73999023,1269.01000977,1254.58996582,1254.58996582,1259.5167349640333,1258.8142125816787,1246.6520721676618,560468400
1736128800,1254.58996582,1260.36999512,1244.86999512,1246.34997559,1259.0464935578177,1258.537229537419,1246.6490662315657,565150232
1736215200,1249.18994141,1254.08996582,1243.06005859,1246.94995117,1258.6144741868243,1258.2797344625876,1246.65206011155,560054884
1736301600,1246.94995117,1251.02001953,1239.67004395,1251.02001953,1258.3432436633664,1258.1184074640857,1246.6955223943207,445750575
1736388000,1251.02001953,1253.26000977,1242.90002441,1245.77001953,1257.8941999443175,1257.8439988433283,1246.686313410596,336332868
1736474400,1245.77001953,1247.80004883,1230.47998047,1230.47998047,1256.9151206773777,1257.2359095461434,1246.525056366411,499266400
1736733600,1230.47998047,1235.65002441,1220.86999512,1235.65002441,1256.1556529535428,1256.7562232097846,1246.416847093213,519699252
1736820000,1235.65002441,1235.65002441,1226.69995117,1229.06994629,1255.1883062869877,1256.1409726115671,1246.2442411150714,374576392
1736906400,1229.06994629,1237.45996094,1229.06994629,1236.18005371,1254.5094401235237,1255.6973966359767,1246.1440999468618,466696448
1736992800,1236.18005371,1245.40002441,1235.56005859,1242.35998535,1254.0755310244692,1255.4010097185105,1246.106447065301,499935827
1737079200,1242.35998535,1249.10998535,1239.63000488,1249.10998535,1253.898190107524,1255.2612091769881,1246.1363330183824,432980446
1737338400,1249.10998535,1253.02001953,1247.5,1249.55004883,1253.7428993476124,1255.1342945026106,1246.1703003398911,440950915
1737424800,1249.55004883,1254.17004395,1243.07995605,1246.08996582,1253.4695802930548,1254.9333094207748,1246.1695009914345,495626989
1737511200,1246.08996582,1249.14001465,1242.5300293,1242.5300293,1253.0788820433029,1254.6576809736464,1246.1332873427634,508856937
1737597600,1245.58996582,1263.58996582,1244.77001953,1259.63000488,1253.312850716042,1254.7681770604543,1246.2675830396513,542464580
1737684000,1259.26000977,1265.38000488,1258.45996094,1265.05004883,1253.732036362969,1254.9966630997776,1246.4544732465204,536199693
1738548000,1265.05004883,1265.05004883,1249.7800293,1253.0300293,1253.7069646821487,1254.9529601264492,1246.5199016649628,547002900
1738634400,1256.91003418,1264.68005371,1255.43994141,1264.68005371,1254.0988607188576,1255.1691177616392,1246.7005996952616,660339392
1738720800,1264.68005371,1271.80004883,1264.68005371,1269.60998535,1254.6528294556842,1255.4900259302694,1246.9285537813785,587218702
1738807200,1269.60998535,1275.4699707,1268.2800293,1271.47998047,1255.253799134767,1255.8453582533746,1247.1728465842502,568691544
1738893600,1271.47998047,1279.34997559,1269.10998535,1275.19995117,1255.966161707454,1256.2754603181884,1247.451723246795,619048495
1739152800,1275.19995117,1275.19995117,1263.26000977,1263.26000977,1256.2266562811162,1256.4306725282286,1247.6090196301104,794937560
1739239200,1263.26000977,1268.44995117,1263.10998535,1268.44995117,1256.6632025271479,1256.697767609157,1247.8163920832437,628718950
1739325600,1268.44995117,1272.85998535,1266.58996582,1266.91003418,1257.029160800464,1256.9247068662867,1248.0063785717687,506158689
1739412000,1266.91003418,1270.67004395,1263.84997559,1270.34997559,1257.5049041858047,1257.2230461712581,1248.228702920209,512022462
1739498400,1270.34997559,1280.59997559,1270.34997559,1276.07995605,1258.1682988952402,1257.642088613008,1248.5058298170227,650490757
1739757600,1276.07995605,1278.48999023,1272.7199707,1272.7199707,1258.688001459696,1257.9771526593854,1248.7467665422264,852785091
1739844000,1272.7199707,1283.33996582,1272.18994141,1278.14001465,1259.3827162164926,1258.4252162591768,1249.039236672652,706786311
1739930400,1278.14001465,1288.56005859,1278.14001465,1288.56005859,1260.4247641584036,1259.094879422084,1249.4324786817797,814560000
1740016800,1288.56005859,1295.81994629,1288.56005859,1292.97998047,1261.5874504552464,1259.8478816675931,1249.8657871572843,770753400
1740103200,1292.97998047,1296.75,1290.97998047,1296.75,1262.8432557961305,1260.6679287416466,1250.332296737809,740533654
1740362400,1296.75,1304.56005859,1294.68994141,1304.56005859,1264.3331416101973,1261.6433094049435,1250.8718764577313,892357206
1740448800,1306.85998535,1309.9699707,1298.54003906,1303.16003418,1265.7198163448331,1262.5659032888336,1251.3921566340723,885781326
1740535200,1303.16003418,1306.48999023,1301.19995117,1302.95996094,1267.0498215089463,1263.463549014415,1251.9052691147283,758267415
1740621600,1307.31005859,1307.86999512,1296.43005371,1307.80004883,1268.5051867704124,1264.4488045658725,1252.4614360770693,892978700
1740708000,1307.80004883,1308.77001953,1300.66003418,1305.35998535,1269.8214295768262,1265.3579419166308,1252.987789801178,814810599
1740967200,1305.35998535,1309.77001953,1304.30004883,1309.36999512,1271.2338783462253,1266.3359875433723,1253.5488067695244,976076811
1741053600,1309.36999512,1313.20996094,1298.2800293,1311.91003418,1272.6865981974315,1267.3487441352975,1254.1295154999768,1059732318
1741140000,1311.91003418,1319.52001953,1304.70996094,1304.70996094,1273.8302897239519,1268.1789933976243,1254.6328035143054,979928986
1741226400,1304.70996094,1318.2199707,1304.70996094,1318.2199707,1275.4156354730965,1269.291015115455,1255.2655116455062,1064495152
1741312800,1318.2199707,1327.06994629,1318.2199707,1326.05004883,1277.2240073787002,1270.5523269757782,1255.9698353985857,957522914
1741572000,1326.05004883,1335.86999512,1326.05004883,1330.2800293,1279.118865304461,1271.8796092496498,1256.7092403130275,1022531601
1741658400,1330.2800293,1332.54003906,1315.92004395,1332.54003906,1281.0267643671589,1273.227618800991,1257.4637756239426,933335588
1741744800,1332.54003906,1342.91003418,1331.75,1334.41003418,1282.9333097176175,1274.5872280316355,1258.2294100374359,942052737
1741831200,1334.41003418,1340.91003418,1324.86999512,1326.27001953,1284.481049353774,1275.735734509377,1258.9064310274116,1068722034
1741917600,1326.27001953,1333.31994629,1324.30004883,1326.15002441,1285.9692270343535,1276.856052062724,1259.5755215088304,1023002500
1742176800,1330.61999512,1336.26000977,1329.05004883,1336.26000977,1287.7653264177695,1278.1761400117746,1260.3385512427724,971316343
1742263200,1336.26000977,1341.65002441,1330.9699707,1330.9699707,1289.3083494278492,1279.3493362492907,1261.0413514363765,903370731
1742349600,1330.9699707,1330.9699707,1320.84997559,1324.63000488,1290.5698371225687,1280.3555733299731,1261.6740743562136,949333600
1742436000,1324.63000488,1332.41003418,1316.10998535,1323.93005371,1291.7612734292627,1281.323895116196,1262.2935368373458,918932978
1742522400,1323.93005371,1325.2199707,1320.67004395,1321.88000488,1292.836942409646,1282.225141999836,1262.8864370168747,805377519
1742781600,1322.90002441,1330.31994629,1316.72998047,1330.31994629,1294.1756211196587,1283.2939154285064,1263.557417208647,926622180
1742868000,1330.31994629,1337.59997559,1329.81005859,1331.92004395,1295.5236362207422,1284.3744960623173,1264.237642350352,1017924219
1742954400,1331.92004395,1338.55004883,1323.68994141,1326.08996582,1296.6152908492872,1285.301506501377,1264.853088355025,834631560
1743040800,1326.08996582,1328.81994629,1323.01000977,1323.81005859,1297.5865325543127,1286.1572521033463,1265.439724874776,672325049
1743127200,1324.42004395,1325.33996582,1315.7199707,1317.45996094,1298.2962978538017,1286.852867855272,1265.9573391639822,739652036
1743386400,1317.45996094,1317.45996094,1304.09997559,1306.85998535,1298.6021438358086,1287.297470466266,1266.3643306683207,867812434
1743472800,1313.0300293,1317.45996094,1308.06005859,1317.32995605,1299.2709942720298,1287.9648590347936,1266.8714513188847,620033587
1743559200,1317.32995605,1324.45996094,1317.32995605,1317.82995605,1299.9338143355287,1288.6285278573537,1267.3785011172042,849307834
1743645600,1272.86999512,1277.90002441,1229.41003418,1229.83996582,1297.4304626028313,1287.3221153676348,1267.004983353053,1763077400
1743732000,1229.83996582,1229.83996582,1158.17004395,1210.67004395,1294.331876222373,1285.6187360027984,1266.444436692326,1985022240
1744077600,1210.67004395,1210.67004395,1130.97998047,1132.79003906,1288.5625248951453,1282.2225427374028,1265.1145421885217,1164342848
1744164000,1132.79003906,1141.34997559,1073.60998535,1094.30004883,1281.6245793213902,1278.0464873172384,1263.414895488437,1602499376
1744250400,1094.30004883,1168.40002441,1094.30004883,1168.33996582,1277.5787002677691,1275.6085646172999,1262.468876287756,369956058
1744336800,1168.33996582,1222.45996094,1168.33996582,1222.45996094,1275.610173863206,1274.4274845355822,1262.0707776275794,1734906206
1744596000,1235.01000977,1242.93994141,1226.06005859,1241.43994141,1274.3898084184486,1273.6944280216803,1261.8654956751657,1040796710
1744682400,1241.43994141,1246.20996094,1221.75,1227.79003906,1272.7255309413613,1272.6743304891986,1261.526436405363,1069972592
1744768800,1227.79003906,1233.83996582,1205.93005371,1210.30004883,1270.496049437384,1271.2882353412165,1261.0167211061057,818931324
1744855200,1210.30004883,1217.25,1197.5,1217.25,1268.5944048146202,1270.0873856669673,1260.581231343856,807718847
1744941600,1228.36999512,1234.67004395,1219.11999512,1219.11999512,1266.827461611241,1268.9547769881458,1260.1686817296882,1067201281
1745200800,1219.11999512,1222.77001953,1201.63000488,1207.06994629,1264.6932646354824,1267.579558528187,1259.6403361034227,880862750
1745287200,1207.06994629,1207.06994629,1136.97998047,1197.13000488,1262.2802910727867,1266.0140128915605,1259.018342757916,1702203585
1745373600,1197.13000488,1216.2800293,1197.13000488,1211,1260.4488521059013,1264.791479271748,1258.5405483026132,855208125
1745460000,1214.7800293,1224.66003418,1210.36999512,1223.34997559,1259.1238922303335,1263.870556967709,1258.1903933502488,798639130
1745546400,1223.34997559,1230.7199707,1220.67004395,1229.22998047,1258.0562525246073,1263.100766378871,1257.9022300380075,863018704
1745805600,1234.30004883,1234.30004883,1222.56005859,1226.80004883,1256.9399595355142,1262.2940837666738,1257.5927555981268,679789132
1745892000,1226.80004883,1229.09997559,1222.30004883,1226.30004883,1255.8456770103173,1261.4942163236367,1257.2813853815285,675957746
1746410400,1226.30004883,1241.51000977,1226.30004883,1240.05004883,1255.2815474324489,1261.0176792682225,1257.1099292964386,605745032
1746496800,1240.05004883,1251.02001953,1240.05004883,1241.94995117,1254.8054189945042,1260.593951977151,1256.9590837429416,780470840
1746583200,1241.94995117,1250.79003906,1240.19995117,1250.36999512,1254.6470109989862,1260.3667529358809,1256.8935206720666,761913980
1746669600,1250.36999512,1271.43994141,1250.36999512,1269.80004883,1255.1881909215224,1260.576381733528,1257.0219438378172,806212625
1746756000,1269.80004883,1279.60998535,1264.86999512,1267.30004883,1255.6207572753965,1260.725796557894,1257.124213539232,755734575
1747015200,1267.30004883,1283.85998535,1267.30004883,1283.26000977,1256.607873435918,1261.2265568514963,1257.38427121317,902868015
1747101600,1283.26000977,1293.69995117,1283.26000977,1293.43005371,1257.9229513028495,1261.9421901150185,1257.7429357156261,952540153
1747188000,1293.43005371,1310.56994629,1292.33996582,1309.72998047,1259.7732023445335,1263.0041410117958,1258.2602197430328,1072937152
1747274400,1309.72998047,1316.16003418,1301.60998535,1313.19995117,1261.6813005168715,1264.1196034597558,1258.806883737331,1116330449
1747360800,1313.19995117,1318.0300293,1299.55004883,1301.39001465,1263.099468878769,1264.947834819539,1259.2305964827306,905699978
1747620000,1301.39001465,1306.19995117,1291.66003418,1296.29003906,1264.2848463852415,1265.6443282471048,1259.5993471551412,908542374
1747706400,1296.29003906,1316.67004395,1296.29003906,1315.15002441,1266.1014598861257,1266.7444548285025,1260.1520902124034,952598877
1747792800,1315.15002441,1331.59997559,1313.13000488,1323.05004883,1268.1353380626927,1267.9956902507581,1260.7779405469068,1065425610
1747879200,1323.05004883,1331.93005371,1312.80004883,1313.83996582,1269.7676461968822,1269.0144519300745,1261.305920897883,1157120154
1747965600,1313.83996582,1320.06994629,1308.61999512,1314.45996094,1271.3638002948508,1270.024352130295,1261.8348168187001,717704039
1748224800,1314.45996094,1332.51000977,1288.85998535,1332.51000977,1273.5475934903918,1271.4129223000662,1262.5380525694593,1028135655
1748311200,1332.51000977,1339.81005859,1329.59997559,1339.81005859,1275.914110101092,1272.9328586620647,1263.3069282512556,1120862031
1748397600,1339.81005859,1348.05004883,1337.18005371,1341.86999512,1278.2696774231958,1274.4647950277968,1264.088650309651,964462230
1748484000,1341.86999512,1348.31005859,1335.61999512,1341.85998535,1280.5407598491531,1275.9624659238457,1264.8624944394057,926465288
1748570400,1341.85998535,1345.7800293,1328.68994141,1332.59997559,1282.4000175541833,1277.2210772497601,1265.5364992269738,984637069
1748829600,1332.59997559,1336.32995605,1322.94995117,1336.30004883,1284.3250186711766,1278.5339432848766,1266.2406141483968,963230642
1748916000,1336.30004883,1350.89001465,1336.30004883,1347.25,1286.5723394329202,1280.0609667674348,1267.0466776892088,1156455183
1749002400,1347.25,1351.14001465,1341.5300293,1345.73999023,1288.6854698185302,1281.5205006221586,1267.8296957244406,1044891033
1749088800,1345.73999023,1347.48999023,1336.10998535,1342.08996582,1290.5927732471541,1282.8664887376663,1268.5686038845954,819032665
1749175200,1342.08996582,1344.92004395,1325.44995117,1329.89001465,1291.9962461543987,1283.9114559801626,1269.1787671757934,1004950643
1749434400,1329.89001465,1331.56005859,1309.05004883,1310.56994629,1292.659592587813,1284.5038668759369,1269.590619704293,792635525
1749520800,1310.56994629,1323.60998535,1299.93994141,1316.22998047,1293.501392155034,1285.2088916224716,1270.0546929457428,784364904
1749607200,1316.22998047,1322.06994629,1306.25,1315.19995117,1294.2763406912827,1285.8753596124166,1270.5038994952379,606581422
1749693600,1315.19995117,1326.0300293,1308.63000488,1322.98999023,1295.3018281748084,1286.7001291816962,1271.0261491542901,861623995
1749780000,1322.98999023,1326.61999512,1304.11999512,1315.48999023,1296.022833962494,1287.3399038716584,1271.4685754336504,1209000926
1750039200,1315.48999023,1338.66003418,1307.36999512,1338.10998535,1297.5259465120478,1288.4681279045105,1272.131674039783,852095519
1750125600,1338.10998535,1353.01000977,1338.10998535,1347.68994141,1299.3175177584033,1289.7841682046326,1272.8834975957056,863906046
1750212000,1347.68994141,1353.98999023,1341.64001465,1346.82995605,1301.0143905545317,1291.051852378974,1273.6192832519673,850026973
1750298400,1346.82995605,1353.95996094,1342.07995605,1352.04003906,1302.8367351440127,1292.4071454163302,1274.399589279908,792964094
1750384800,1352.04003906,1356.7800293,1342.31005859,1349.34997559,1304.4979223027979,1293.6725416424117,1275.145364268068,852707930
1750644000,1349.34997559,1358.26000977,1338.48999023,1358.18005371,1306.4151412816266,1295.1060419105804,1275.9715800834106,854256586
1750730400,1358.18005371,1371.23999023,1355.5300293,1366.77001953,1308.5706726476399,1296.6985747465676,1276.8750471425806,971296357
1750816800,1366.77001953,1371.56994629,1364.08996582,1366.75,1310.648505767367,1298.2552730855327,1277.7693252804654,846134326
1750903200,1366.75,1372.73999023,1360.7800293,1365.67004395,1312.613560702461,1299.753379104743,1278.6439592970778,764791194
1750989600,1365.67004395,1373.2800293,1362.08996582,1371.43994141,1314.7145028705875,1301.3464138226377,1279.567302402679,722409416
1751248800,1371.43994141,1377.30004883,1371.43994141,1376.06994629,1316.905768706995,1303.0069367663568,1280.5275277149906,692605911
1751335200,1376.06994629,1382.16003418,1369.73999023,1377.83996582,1319.0819900324595,1304.669892967549,1281.4958106812096,815320356
1751421600,1377.83996582,1384.7199707,1372.27001953,1384.58996582,1321.4215605963002,1306.4458945864924,1282.521623170153,934750366
1751508000,1384.58996582,1392.39001465,1377.06005859,1381.95996094,1323.583646322861,1308.1239849499036,1283.5110593668678,1407953054
1751594400,1381.95996094,1388.04003906,1379.40002441,1386.9699707,1325.8474436220445,1309.8761179665723,1284.5405012706801,875891313
1751853600,1386.9699707,1402.31994629,1386.9699707,1402.06005859,1328.5693227280428,1311.9246499804262,1285.709850099728,1299239698
1751940000,1402.06005859,1415.65002441,1400.79003906,1415.45996094,1331.6725598070414,1314.2254346684167,1287.0008959787358,1220152771
1752026400,1415.45996094,1432.29003906,1415.45996094,1431.31994629,1335.2313950385756,1316.8275349266742,1288.436906429594,1498198458
1752112800,1431.31994629,1446.16003418,1431.31994629,1445.64001465,1339.174560024698,1319.6900344760813,1290.0011164616378,1129811003
1752199200,1445.64001465,1463.91003418,1445.64001465,1457.76000977,1343.4097546584587,1322.7582561492795,1291.670359181124,1272552920
1752458400,1457.76000977,1473.93005371,1447.7199707,1470.42004395,1347.9458364188708,1326.0396292115179,1293.44896300967,1349108498
1752544800,1470.42004395,1476.31994629,1460.16003418,1460.65002441,1351.9709859899826,1329.0309713270397,1295.1126551629072,1412050772
1752631200,1460.65002441,1475.4699707,1457.04003906,1475.4699707,1356.3816640153404,1332.2851713131054,1296.9072553175051,1354530837
1752717600,1475.4699707,1494.45996094,1475.4699707,1490.01000977,1361.1541049351497,1335.7901677232585,1298.8286757598185,1449083258
1752804000,1490.01000977,1501.19995117,1484.29003906,1497.2800293,1366.0157450910372,1339.3788313138527,1300.8033160935515,1492861391
1753063200,1497.2800293,1511.95996094,1481.36999512,1485.05004883,1370.2669702245717,1342.6159694808782,1302.6366169167998,1470955158
1753149600,1485.05004883,1509.54003906,1476.60998535,1509.54003906,1375.2410083972654,1346.3253932493033,1304.6953574356376,1289620334
1753236000,1509.54003906,1523.36999512,1507.14001465,1512.31005859,1380.1363316184345,1350.0139413679854,1306.7611753575716,1501534257
1753322400,1512.31005859,1525.31994629,1502.81994629,1521.02001953,1385.1678919009903,1353.8140764382524,1308.8931041553071,1474360221
1753408800,1521.02001953,1534.51000977,1519.79003906,1531.13000488,1390.3808245073835,1357.7544304036246,1311.104416600329,1454824673
1753668000,1531.13000488,1558.11999512,1531.13000488,1557.42004395,1396.3465109160484,1362.1914440379885,1313.5553183650022,1853327028
1753754400,1557.42004395,1566.73999023,1490.23999023,1493.41003418,1399.8130653183323,1365.107412707811,1315.3449175273406,2791813391
1753840800,1493.41003418,1512.15002441,1482.44995117,1507.63000488,1403.6636703026775,1368.2745814227485,1317.258201978611,1672266261
1753927200,1507.63000488,1528.66003418,1488.30004883,1502.52001953,1407.1942542036534,1371.2578133806874,1319.1016031482766,1696746080
1754013600,1502.52001953,1509.2199707,1479.97998047,1495.20996094,1410.33767230138,1374.0123055486722,1320.8539251163534,1447689904
1754272800,1495.20996094,1528.20996094,1491.10998535,1528.18994141,1414.5466819124022,1377.4384752344795,1322.9169700545986,1375118857
1754359200,1528.18994141,1584.97998047,1519.07995605,1547.15002441,1419.2825155730307,1381.2098429939356,1325.1481447248016,2804802252
1754445600,1547.15002441,1574.33996582,1547.15002441,1573.70996094,1424.7977814789938,1385.487623392737,1327.6213966274404,1367983355
1754532000,1573.70996094,1588.38000488,1567.7199707,1581.81005859,1430.4053628043869,1389.8503441748985,1330.1506370449783,1697279267
1754618400,1581.81005859,1592.52001953,1565.44995117,1584.94995117,1435.924812388873,1394.185890997012,1332.6859536034362,1861356190
1754877600,1584.94995117,1601.79003906,1584.94995117,1596.85998535,1441.6724971374847,1398.6897597604116,1335.3145509342478,1628743541
1754964000,1596.86,1608.34,1591.18,1608.22,1447.6206222397175,1403.3459873212912,1338.0300280393797,1682825173
1755050400,1608.22,1618.31,1585.54,1611.6,1453.477028588299,1407.9738542697069,1340.7521173126197,1980962734
1755136800,1611.6,1641.28,1611.6,1640.69,1460.1632061387168,1413.1453241748245,1343.7365738567728,1794979843
1755223200,1640.69,1666.54,1615.26,1630,1466.2288059194768,1417.9643169709395,1346.5849661567054,2098151686
1755482400,1630,1642.71,1625.61,1636.37,1472.3052771366383,1422.8177765938076,1349.4683993292754,1614827520
1755568800,1636.37,1665.48,1636.37,1654.2,1478.8015172389012,1427.9596037806118,1352.5005545598299,1944228483
1755655200,1654.2,1672.7,1614.6,1664.36,1485.4286059089404,1433.2129459188204,1355.603633618936,2423790291
1755741600,1664.36,1693.68,1664.36,1688,1492.6632985550498,1438.8748804539578,1358.9110601500909,1724976454
1755828000,1688,1691.71,1629.49,1645.47,1498.1206807495123,1443.4658831105364,1361.762392884916,2309574581
1756087200,1645.47,1661.47,1608.53,1614.03,1502.2602992941727,1447.2561968191912,1364.2725183288471,1535867585
1756173600,1614.03,1667.96,1601.65,1667.63,1508.1663600336665,1452.1533924454313,1367.2910007335352,1455877455
1756260000,1667.63,1696.6,1667.23,1672.78,1514.0454186038926,1457.056205946644,1370.330692268525,1571269167
1756346400,1672.78,1684.16,1659.68,1680.86,1520.0030822251822,1462.0296235922742,1373.4205361265495,1201741907
1756432800,1680.86,1694.42,1677.82,1682.21,1525.7961864314257,1466.9225208457792,1376.4930681053897,1527500177
1756864800,1682.21,1692.69,1670.39,1681.3,1531.3498940588747,1471.686464826984,1379.525972900361,1313787873
1756951200,1681.3,1696.29,1675.95,1696.29,1537.2406121282006,1476.6776544974955,1382.677853767024,1389400761
1757037600,1696.29,1711.49,1665.45,1666.97,1541.8738045521934,1480.90637328644,1385.5066313414816,1691106435
1757296800,1666.97,1667.36,1623.32,1624.53,1544.8258115324722,1484.09800943563,1387.8849733181833,1903759128
1757383200,1624.53,1637.32,1613.01,1637.32,1548.1291754063125,1487.5029425592827,1390.3669138821815,1115931459
1757469600,1637.32,1652.68,1629.29,1643.26,1551.526704856087,1490.9642105024097,1392.8832629977817,1009968837
1757556000,1643.26,1659.19,1605.76,1657.75,1555.3203939683697,1494.670561380134,1395.5187529182017,1272697892
1757642400,1657.75,1675.38,1653.79,1667.26,1559.318237040928,1498.5058822383533,1398.2226459239907,1125278910
1757901600,1667.26,1684.9,1665.61,1684.9,1563.803300003752,1502.6479737441675,1401.0751569098218,1246892584
1757988000,1684.9,1697.26,1675.87,1680.9,1567.9853250036178,1506.6091298831861,1403.859483706739,1331053265
1758074400,1680.9,1684.62,1662.63,1670.97,1571.6633491106315,1510.2615936635598,1406.517299789259,1071075641
1758160800,1670.97,1679.63,1645.58,1665.18,1575.0032294995376,1513.7042249154806,1409.091058000311,915097383
1758247200,1665.18,1671.94,1638.44,1658.62,1577.989542731697,1516.9245754729143,1411.573933045084,928130981
1758506400,1658.62,1666.43,1616.02,1634.45,1580.0059876341363,1519.5362515735162,1413.791605353093,1212578040
1758592800,1634.45,1643.59,1624.08,1635.26,1581.9793452186314,1522.1078904274382,1415.9952709714703,797298590
1758679200,1635.26,1657.48,1619.09,1657.46,1584.6750828893946,1525.115715084606,1418.397905091157,997699633
1758765600,1657.46,1668.21,1654.47,1666.09,1587.5827585004877,1528.2484769716148,1420.862503050449,995616178
1758852000,1666.09,1671.43,1652.65,1660.7,1590.1940885540416,1531.1918441500234,1423.248945806166,963920947
1759111200,1660.7,1674.84,1639.2,1666.48,1592.9185853913973,1534.1982476133562,1425.669155300632,934115529
1759197600,1666.48,1676.8,1645.97,1661.7,1595.3750644845618,1537.031619888615,1428.017720919531,1144254042
1759284000,1661.7,1671.07,1655.85,1665.05,1597.8634550386846,1539.8764727799792,1430.3762510596353,721205319
1759370400,1665.05,1679.73,1646.77,1652.71,1599.8222602158744,1542.3838844959796,1432.5885271684947,780240613
1759456800,1652.71,1656.58,1637.95,1645.82,1601.465036636736,1544.6824648405134,1434.7102333658231,860614979
1759716000,1645.82,1695.5,1643.23,1695.5,1604.8234281854238,1548.0339656218353,1437.3051564169095,1087229901
1759802400,1695.5,1713.15,1675.4,1685.3,1607.6975914645159,1551.08432194135,1439.7727668008208,879952862
1759888800,1685.3,1735.29,1680.87,1697.83,1610.9166060550688,1554.34533700932,1442.3405004644942,1067573888
1759975200,1697.83,1717.65,1697.83,1716.47,1614.6863701245306,1557.9481072980018,1445.0681571762902,1100211388
1760061600,1716.47,1747.57,1716.47,1747.55,1619.4314997629403,1562.1614826913794,1448.0779267566256,1073018812
1760320800,1747.55,1766.77,1704.63,1765.12,1624.6346604856924,1566.6716719649044,1451.2325742515845,1336018336
1760407200,1765.12,1794.58,1753.25,1761.06,1629.5069940397748,1570.9914125879066,1454.3154342092803,1561242583
1760493600,1761.06,1778.49,1747.51,1757.95,1634.09424425264,1575.146047863731,1457.3366736698845,1185723720
1760580000,1757.95,1768.45,1753.5,1766.85,1638.8355212436172,1579.4061356889813,1460.416408260234,1182838151
1760666400,1766.85,1777.35,1725.12,1731.19,1642.1338954849166,1582.7791104514483,1463.1106728546595,1272667165
1760925600,1731.19,1731.19,1635.08,1636.43,1641.9301849318838,1583.9713524414162,1464.8352432740162,1706752529
1761012000,1636.43,1677.11,1609.7,1663.43,1642.6980354700308,1585.7371001649403,1466.8113105051204,1583225086
1761098400,1663.43,1697.58,1628.37,1678.5,1643.976677060387,1587.7984979390528,1468.9176656244724,995952239
1761184800,1678.5,1698.01,1668.57,1687.06,1645.5153671653732,1590.0043090959628,1471.0882361157712,753330835
1761271200,1687.06,1691.69,1660.32,1683.18,1646.8605326237528,1592.0748800049414,1473.1986019255646,952237664
1761530400,1683.18,1697.16,1652.11,1652.54,1647.063370744333,1593.418549338165,1474.9830934486934,969567494
1761616800,1652.54,1680.77,1621.52,1680.5,1648.2575360748926,1595.3536926862057,1477.0280377924873,933868291
1761703200,1680.5,1702.23,1675.68,1685.83,1649.5994097865037,1597.364277293179,1479.1056692572388,898793311
1761789600,1685.83,1692.13,1661.38,1669.57,1650.3126451512715,1598.968848908886,1481.000836727316,796975929
1761876000,1669.57,1675.07,1626.79,1639.65,1649.931836395869,1599.8728744886885,1482.5794353668452,840551402
1762135200,1639.65,1652.48,1614.65,1617,1648.7556993817307,1600.2534772778288,1483.9169534228965,1012509317
1762221600,1617,1658.93,1600.56,1651.98,1648.8708529752403,1601.4029555605437,1485.5892225430666,1198941501
1762308000,1651.98,1662.96,1640.51,1654.89,1649.0858225118388,1602.591556548087,1487.2738073933845,662264216
1762394400,1654.89,1659.81,1638.12,1642.64,1648.8556145649875,1603.4815219581296,1488.819739658127,583918505
1762480800,1642.64,1644.43,1595.34,1599.1,1647.0786283305235,1603.3841548035045,1489.9170556814292,846874587
1762740000,1599.1,1609.49,1580.54,1580.54,1644.7022487472905,1602.8765069189822,1490.81877652042,734540553
1762826400,1580.54,1597.08,1578.42,1593.61,1642.8775255777443,1602.6705845430047,1491.8415747639979,664965441
1762912800,1593.61,1631.86,1593.61,1631.86,1642.4840425213963,1603.3192382198267,1493.2347929255502,757593285
1762999200,1631.86,1638.98,1618.77,1631.44,1642.0896124313465,1603.9441440371638,1494.6099691153456,699079110
1763085600,1631.44,1638.35,1623.03,1635.46,1641.8528405587983,1604.6444963918934,1496.011461959969,703761189
1763344800,1635.46,1654.42,1635.14,1654.42,1642.3016676816983,1605.7506186942958,1497.5876663185763,766684729
1763431200,1654.42,1660.41,1639.2,1659.92,1642.9308938359234,1606.9543827233115,1499.202913419884,773780984
1763517600,1659.92,1661.7,1643.04,1649,1643.1476476274975,1607.8887297739045,1500.693431694313,850211130
1763604000,1649,1660.55,1647.79,1655.99,1643.6063030693726,1608.95764689004,1502.2386711799418,681297713
1763690400,1655.99,1658.77,1635.1,1654.93,1644.010720816895,1609.979254736928,1503.757987884619,730536457
1763949600,1654.93,1674.29,1654.93,1667.98,1644.866766502006,1611.2681601872184,1505.3920377564139,576338821
1764036000,1667.98,1684.74,1655.83,1660.36,1645.4200962697914,1612.3590899608357,1506.934007529982,912467789
1764122400,1660.36,1682.17,1660.36,1680.36,1646.6679499744416,1613.8702212950393,1508.6596392958527,794535452
1764208800,1680.36,1695.34,1679.76,1684.32,1648.012666046783,1615.4357719329273,1510.407503581466,714132281
1764295200,1684.32,1696.14,1679.12,1690.99,1649.5475708308263,1617.1147547788623,1512.2043443418495,723199058
1764554400,1690.99,1713.77,1690.99,1701.67,1651.4090861582968,1618.993760228221,1514.0895747464083,633584277
1764640800,1701.67,1719.03,1690.36,1717.06,1653.7537616526433,1621.1730100009272,1516.1091809678371,693931626
1764727200,1717.06,1741.65,1714.9,1731.77,1656.5400558793347,1623.6307208897954,1518.255059764177,822614005
1764813600,1731.77,1741.71,1725.23,1737.24,1659.422196740787,1626.1553715366888,1520.4340143933891,902452640
1764900000,1737.24,1758.44,1736.62,1741.32,1662.347118285759,1628.71458550254,1522.6318848969374,658094888
1765159200,1741.32,1762.25,1741.32,1753.74,1665.6111497755533,1631.492928046928,1524.9314681317937,740943301
1765245600,1753.74,1772.21,1724.66,1747.17,1668.5239658549979,1634.0635296458852,1527.1427968070993,973849485
1765332000,1747.17,1749.91,1713,1718.98,1670.3259670744621,1635.950562320421,1529.051624699566,646716761
1765418400,1718.98,1718.98,1690.4,1698.9,1671.3464682503743,1637.3494387133007,1530.741658284645,599773370
1765504800,1698.9,1704.03,1675.15,1678.47,1671.6008800985753,1638.2632289641163,1532.2115920330564,287986841