Date,Open,High,Low,Close,Volume,time
2000-07-28,100.0,100.0,100.0,100.0,4000,964749600
2000-07-31,101.55000305,101.55000305,101.55000305,101.55000305,10000,965008800
2000-08-02,103.37999725,103.37999725,103.37999725,103.37999725,300,965181600
2000-08-04,105.19999695,105.19999695,105.19999695,105.19999695,4000,965354400
2000-08-07,106.91999817,106.91999817,106.91999817,106.91999817,13000,965613600
2000-08-09,108.63999939,108.63999939,108.63999939,108.63999939,16000,965786400
2000-08-11,110.36000061,110.36000061,110.36000061,110.36000061,14000,965959200
2000-08-14,112.08000183,112.08000183,112.08000183,112.08000183,12000,966218400
2000-08-16,113.80000305,113.80000305,113.80000305,113.80000305,23000,966391200
2000-08-18,115.51999664,115.51999664,115.51999664,115.51999664,10000,966564000
2000-08-21,117.23999786,117.23999786,117.23999786,117.23999786,36000,966823200
2000-08-23,118.95999908,118.95999908,118.95999908,118.95999908,111000,966996000
2000-08-25,118.83999634,118.83999634,118.83999634,118.83999634,95000,967168800
2000-08-28,117.0,117.0,117.0,117.0,98000,967428000
2000-08-30,115.15000153,115.15000153,115.15000153,115.15000153,127000,967600800
2000-09-01,113.37000275,113.37000275,113.37000275,113.37000275,97000,967773600
2000-09-06,112.51000214,112.51000214,112.51000214,112.51000214,61000,968205600
2000-09-08,112.38999939,112.38999939,112.38999939,112.38999939,50000,968378400
2000-09-11,114.11000061,114.11000061,114.11000061,114.11000061,31000,968637600
2000-09-13,116.08000183,116.08000183,116.08000183,116.08000183,18000,968810400
2000-09-15,118.04000092,118.04000092,118.04000092,118.04000092,46000,968983200
2000-09-18,118.19000244,118.19000244,118.19000244,118.19000244,65000,969242400
2000-09-20,118.20999908,118.20999908,118.20999908,118.20999908,42000,969415200
2000-09-22,118.76000214,118.76000214,118.76000214,118.76000214,67000,969588000
2000-09-25,118.98000336,118.98000336,118.98000336,118.98000336,57000,969847200
2000-09-27,119.69000244,119.69000244,119.69000244,119.69000244,57000,970020000
2000-09-29,120.70999908,120.70999908,120.70999908,120.70999908,53000,970192800
2000-10-02,120.91999817,120.91999817,120.91999817,120.91999817,49000,970452000
2000-10-04,121.13999939,121.13999939,121.13999939,121.13999939,58000,970624800
2000-10-06,122.20999908,122.20999908,122.20999908,122.20999908,40000,970797600
2000-10-09,124.33000183,124.33000183,124.33000183,124.33000183,26000,971056800
2000-10-11,126.44999695,126.44999695,126.44999695,126.44999695,53000,971229600
2000-10-13,128.57000732,128.57000732,128.57000732,128.57000732,52000,971402400
2000-10-16,130.71000671,130.71000671,130.71000671,130.71000671,27000,971661600
2000-10-18,132.8500061,132.8500061,132.8500061,132.8500061,26000,971834400
2000-10-20,135.03999329,135.03999329,135.03999329,135.03999329,66000,972007200
2000-10-23,136.55000305,136.55000305,136.55000305,136.55000305,39000,972266400
2000-10-25,137.08000183,137.08000183,137.08000183,137.08000183,45000,972439200
2000-10-27,139.57000732,139.57000732,139.57000732,139.57000732,88000,972612000
2000-10-30,140.83999634,140.83999634,140.83999634,140.83999634,101000,972871200
2000-11-01,143.33000183,143.33000183,143.33000183,143.33000183,96000,973044000
2000-11-03,145.83000183,145.83000183,145.83000183,145.83000183,79000,973216800
2000-11-06,148.57000732,148.57000732,148.57000732,148.57000732,55000,973476000
2000-11-08,151.32000732,151.32000732,151.32000732,151.32000732,29000,973648800
2000-11-10,154.08000183,154.08000183,154.08000183,154.08000183,57000,973821600
2000-11-13,156.83999634,156.83999634,156.83999634,156.83999634,22000,974080800
2000-11-15,159.6000061,159.6000061,159.6000061,159.6000061,13000,974253600
2000-11-17,162.36000061,162.36000061,162.36000061,162.36000061,35000,974426400
2000-11-20,165.69999695,165.69999695,165.69999695,165.69999695,64000,974685600
2000-11-22,165.52000427,165.52000427,165.52000427,165.52000427,137000,974858400
2000-11-24,166.16999817,166.16999817,166.16999817,166.16999817,117000,975031200
2000-11-27,165.6000061,165.6000061,165.6000061,165.6000061,90000,975290400
2000-11-29,168.72999573,168.72999573,168.72999573,168.72999573,77000,975463200
2000-12-01,171.86999512,171.86999512,171.86999512,171.86999512,43000,975636000
2000-12-04,175.0,175.0,175.0,175.0,29000,975895200
2000-12-06,178.13000488,178.13000488,178.13000488,178.13000488,60000,976068000
2000-12-08,181.25999451,181.25999451,181.25999451,181.25999451,188000,976240800
2000-12-11,189.94000244,189.94000244,189.94000244,189.94000244,125000,976500000
2000-12-13,184.47999573,184.47999573,184.47999573,184.47999573,106000,976672800
2000-12-15,187.61999512,187.61999512,187.61999512,187.61999512,49000,976845600
2000-12-18,191.11000061,191.11000061,191.11000061,191.11000061,82000,977104800
2000-12-20,194.8500061,194.8500061,194.8500061,194.8500061,39000,977277600
2000-12-22,198.58000183,198.58000183,198.58000183,198.58000183,61000,977450400
2000-12-25,202.32000732,202.32000732,202.32000732,202.32000732,21000,977709600
2000-12-27,203.08999634,203.08999634,203.08999634,203.08999634,41000,977882400
2000-12-29,206.83000183,206.83000183,206.83000183,206.83000183,60000,978055200
2001-01-03,210.55999756,210.55999756,210.55999756,210.55999756,44000,978487200
2001-01-05,214.32000732,214.32000732,214.32000732,214.32000732,50000,978660000
2001-01-08,218.11999512,218.11999512,218.11999512,218.11999512,72000,978919200
2001-01-10,222.1499939,222.1499939,222.1499939,222.1499939,184000,979092000
2001-01-12,225.66999817,225.66999817,225.66999817,225.66999817,224000,979264800
2001-01-15,228.3500061,228.3500061,228.3500061,228.3500061,123000,979524000
2001-01-17,232.67999268,232.67999268,232.67999268,232.67999268,88000,979696800
2001-01-19,236.97000122,236.97000122,236.97000122,236.97000122,43000,979869600
2001-01-29,241.36000061,241.36000061,241.36000061,241.36000061,9000,980733600
2001-01-31,245.80000305,245.80000305,245.80000305,245.80000305,7000,980906400
2001-02-02,250.22999573,250.22999573,250.22999573,250.22999573,25000,981079200
2001-02-05,254.96000671,254.96000671,254.96000671,254.96000671,3000,981338400
2001-02-07,259.92999268,259.92999268,259.92999268,259.92999268,9000,981511200
2001-02-09,260.1499939,260.1499939,260.1499939,260.1499939,315000,981684000
2001-02-12,256.17999268,256.17999268,256.17999268,256.17999268,131000,981943200
2001-02-14,252.21000671,252.21000671,252.21000671,252.21000671,78000,982116000
2001-02-16,248.97999573,248.97999573,248.97999573,248.97999573,44000,982288800
2001-02-19,245.99000549,245.99000549,245.99000549,245.99000549,35000,982548000
2001-02-21,246.75,246.75,246.75,246.75,240000,982720800
2001-02-23,251.22000122,251.22000122,251.22000122,251.22000122,155000,982893600
2001-02-26,255.61000061,255.61000061,255.61000061,255.61000061,97000,983152800
2001-02-28,252.3999939,252.3999939,252.3999939,252.3999939,293000,983325600
2001-03-02,253.63999939,253.63999939,253.63999939,253.63999939,208000,983498400
2001-03-05,250.72999573,250.72999573,250.72999573,250.72999573,166000,983757600
2001-03-07,248.05000305,248.05000305,248.05000305,248.05000305,203000,983930400
2001-03-09,252.61000061,252.61000061,252.61000061,252.61000061,118000,984103200
2001-03-12,255.99000549,255.99000549,255.99000549,255.99000549,122000,984362400
2001-03-14,257.70001221,257.70001221,257.70001221,257.70001221,144000,984535200
2001-03-16,258.51998901,258.51998901,258.51998901,258.51998901,102000,984708000
2001-03-19,260.29000854,260.29000854,260.29000854,260.29000854,180000,984967200
2001-03-21,261.10998535,261.10998535,261.10998535,261.10998535,84000,985140000
2001-03-23,259.6000061,259.6000061,259.6000061,259.6000061,135000,985312800
2001-03-26,260.10998535,260.10998535,260.10998535,260.10998535,76000,985572000
2001-03-28,264.70001221,264.70001221,264.70001221,264.70001221,89000,985744800
2001-03-30,269.29998779,269.29998779,269.29998779,269.29998779,44000,985917600
2001-04-02,274.42999268,274.42999268,274.42999268,274.42999268,140000,986176800
2001-04-04,279.55999756,279.55999756,279.55999756,279.55999756,57000,986349600
2001-04-06,284.69000244,284.69000244,284.69000244,284.69000244,33000,986522400
2001-04-09,289.82000732,289.82000732,289.82000732,289.82000732,147000,986781600
2001-04-11,295.08999634,295.08999634,295.08999634,295.08999634,98000,986954400
2001-04-13,300.35998535,300.35998535,300.35998535,300.35998535,68000,987127200
2001-04-16,306.16000366,306.16000366,306.16000366,306.16000366,44000,987386400
2001-04-18,311.95999146,311.95999146,311.95999146,311.95999146,61000,987559200
2001-04-20,317.76000977,317.76000977,317.76000977,317.76000977,123000,987732000
2001-04-23,313.73999023,313.73999023,313.73999023,313.73999023,322000,987991200
2001-04-25,315.26998901,315.26998901,315.26998901,315.26998901,417000,988164000
2001-04-27,321.07000732,321.07000732,321.07000732,321.07000732,50000,988336800
2001-05-02,327.13000488,327.13000488,327.13000488,327.13000488,44000,988768800
2001-05-04,332.0,332.0,332.0,332.0,115000,988941600
2001-05-07,338.3500061,338.3500061,338.3500061,338.3500061,65000,989200800
2001-05-09,344.47000122,344.47000122,344.47000122,344.47000122,161000,989373600
2001-05-11,351.05999756,351.05999756,351.05999756,351.05999756,26000,989546400
2001-05-14,357.6499939,357.6499939,357.6499939,357.6499939,60000,989805600
2001-05-16,364.26998901,364.26998901,364.26998901,364.26998901,25000,989978400
2001-05-18,370.8999939,370.8999939,370.8999939,370.8999939,56000,990151200
2001-05-21,377.42999268,377.42999268,377.42999268,377.42999268,52000,990410400
2001-05-23,384.16000366,384.16000366,384.16000366,384.16000366,230000,990583200
2001-05-25,390.88000488,390.88000488,390.88000488,390.88000488,84000,990756000
2001-05-28,397.5,397.5,397.5,397.5,132000,991015200
2001-05-30,404.26000977,404.26000977,404.26000977,404.26000977,14000,991188000
2001-06-01,411.02999878,411.02999878,411.02999878,411.02999878,16000,991360800
2001-06-04,417.79000854,417.79000854,417.79000854,417.79000854,22000,991620000
2001-06-06,424.55999756,424.55999756,424.55999756,424.55999756,25000,991792800
2001-06-08,426.57998657,426.57998657,426.57998657,426.57998657,193000,991965600
2001-06-11,428.01998901,428.01998901,428.01998901,428.01998901,425000,992224800
2001-06-13,456.17999268,456.17999268,456.17999268,456.17999268,122000,992397600
2001-06-15,486.33999634,486.33999634,486.33999634,486.33999634,74000,992570400
2001-06-18,518.61999512,518.61999512,518.61999512,518.61999512,210000,992829600
2001-06-20,553.55999756,553.55999756,553.55999756,553.55999756,141000,993002400
2001-06-22,563.0,563.0,563.0,563.0,544000,993175200
2001-06-25,571.03997803,571.03997803,571.03997803,571.03997803,268000,993434400
2001-06-27,531.92999268,531.92999268,531.92999268,531.92999268,80000,993607200
2001-06-29,500.27999878,500.27999878,500.27999878,500.27999878,120000,993780000
2001-07-02,491.17001343,491.17001343,491.17001343,491.17001343,181000,994039200
2001-07-04,512.79998779,512.79998779,512.79998779,512.79998779,268000,994212000
2001-07-06,502.92999268,502.92999268,502.92999268,502.92999268,224000,994384800
2001-07-09,470.82998657,470.82998657,470.82998657,470.82998657,109000,994644000
2001-07-11,436.13000488,436.13000488,436.13000488,436.13000488,93000,994816800
2001-07-13,416.45999146,416.45999146,416.45999146,416.45999146,169000,994989600
2001-07-16,411.42999268,411.42999268,411.42999268,411.42999268,122000,995248800
2001-07-18,438.11999512,438.11999512,438.11999512,438.11999512,99000,995421600
2001-07-20,466.67001343,466.67001343,466.67001343,466.67001343,76000,995594400
2001-07-23,438.32998657,438.32998657,438.32998657,438.32998657,275000,995853600
2001-07-25,450.86999512,450.86999512,450.86999512,450.86999512,142000,996026400
2001-07-27,445.36999512,445.36999512,445.36999512,445.36999512,97000,996199200
2001-07-30,422.45999146,422.45999146,422.45999146,422.45999146,100000,996458400
2001-08-01,395.63000488,395.63000488,395.63000488,395.63000488,121000,996631200
2001-08-03,371.76000977,371.76000977,371.76000977,371.76000977,64000,996804000
2001-08-06,350.69000244,350.69000244,350.69000244,350.69000244,76000,997063200
2001-08-08,373.63000488,373.63000488,373.63000488,373.63000488,261000,997236000
2001-08-10,394.17999268,394.17999268,394.17999268,394.17999268,213000,997408800
2001-08-13,368.33999634,368.33999634,368.33999634,368.33999634,129000,997668000
2001-08-15,344.30999756,344.30999756,344.30999756,344.30999756,72000,997840800
2001-08-17,321.82998657,321.82998657,321.82998657,321.82998657,185000,998013600
2001-08-20,302.25,302.25,302.25,302.25,201000,998272800
2001-08-22,320.98001099,320.98001099,320.98001099,320.98001099,167000,998445600
2001-08-24,300.02999878,300.02999878,300.02999878,300.02999878,154000,998618400
2001-08-27,279.6499939,279.6499939,279.6499939,279.6499939,55000,998877600
2001-08-29,261.3500061,261.3500061,261.3500061,261.3500061,121000,999050400
2001-08-31,277.3999939,277.3999939,277.3999939,277.3999939,297000,999223200
2001-09-05,296.42999268,296.42999268,296.42999268,296.42999268,91000,999655200
2001-09-07,307.76000977,307.76000977,307.76000977,307.76000977,246000,999828000
2001-09-10,286.54998779,286.54998779,286.54998779,286.54998779,266000,1000087200
2001-09-12,284.67999268,284.67999268,284.67999268,284.67999268,197000,1000260000
2001-09-14,274.64001465,274.64001465,274.64001465,274.64001465,155000,1000432800
2001-09-17,266.08999634,266.08999634,266.08999634,266.08999634,135000,1000692000
2001-09-19,273.36999512,273.36999512,273.36999512,273.36999512,158000,1000864800
2001-09-21,272.02999878,272.02999878,272.02999878,272.02999878,113000,1001037600
2001-09-24,259.75,259.75,259.75,259.75,151000,1001296800
2001-09-26,249.72000122,249.72000122,249.72000122,249.72000122,134000,1001469600
2001-09-28,244.46000671,244.46000671,244.46000671,244.46000671,141000,1001642400
2001-10-01,229.05999756,229.05999756,229.05999756,229.05999756,142000,1001901600
2001-10-03,214.28999329,214.28999329,214.28999329,214.28999329,102000,1002074400
2001-10-05,203.11999512,203.11999512,203.11999512,203.11999512,212000,1002247200
2001-10-08,217.1000061,217.1000061,217.1000061,217.1000061,299000,1002506400
2001-10-10,221.17999268,221.17999268,221.17999268,221.17999268,156000,1002679200
2001-10-12,225.27000427,225.27000427,225.27000427,225.27000427,1000,1002852000
2001-10-15,229.3500061,229.3500061,229.3500061,229.3500061,989000,1003111200
2001-10-17,233.47999573,233.47999573,233.47999573,233.47999573,11000,1003284000
2001-10-19,237.61999512,237.61999512,237.61999512,237.61999512,9000,1003456800
2001-10-22,242.00999451,242.00999451,242.00999451,242.00999451,18000,1003716000
2001-10-24,246.41000366,246.41000366,246.41000366,246.41000366,54000,1003888800
2001-10-26,250.8500061,250.8500061,250.8500061,250.8500061,23000,1004061600
2001-10-29,255.55000305,255.55000305,255.55000305,255.55000305,408000,1004320800
2001-10-31,260.29000854,260.29000854,260.29000854,260.29000854,53000,1004493600
2001-11-02,265.02999878,265.02999878,265.02999878,265.02999878,66000,1004666400
2001-11-05,269.76998901,269.76998901,269.76998901,269.76998901,70000,1004925600
2001-11-07,274.89001465,274.89001465,274.89001465,274.89001465,25000,1005098400
2001-11-09,280.02999878,280.02999878,280.02999878,280.02999878,22000,1005271200
2001-11-12,285.05999756,285.05999756,285.05999756,285.05999756,25000,1005530400
2001-11-14,290.51000977,290.51000977,290.51000977,290.51000977,33000,1005703200
2001-11-16,295.97000122,295.97000122,295.97000122,295.97000122,24000,1005876000
2001-11-19,301.08999634,301.08999634,301.08999634,301.08999634,54000,1006135200
2001-11-21,296.10998535,296.10998535,296.10998535,296.10998535,301000,1006308000
2001-11-23,292.17001343,292.17001343,292.17001343,292.17001343,185000,1006480800
2001-11-26,296.8999939,296.8999939,296.8999939,296.8999939,278000,1006740000
2001-11-28,293.02999878,293.02999878,293.02999878,293.02999878,156000,1006912800
2001-11-30,288.51998901,288.51998901,288.51998901,288.51998901,42000,1007085600
2001-12-03,283.01998901,283.01998901,283.01998901,283.01998901,28000,1007344800
2001-12-05,279.1499939,279.1499939,279.1499939,279.1499939,18000,1007517600
2001-12-07,275.48999023,275.48999023,275.48999023,275.48999023,73000,1007690400
2001-12-10,271.61999512,271.61999512,271.61999512,271.61999512,149000,1007949600
2001-12-12,267.82998657,267.82998657,267.82998657,267.82998657,79000,1008122400
2001-12-14,263.04000854,263.04000854,263.04000854,263.04000854,47000,1008295200
2001-12-17,259.07998657,259.07998657,259.07998657,259.07998657,27000,1008554400
2001-12-19,247.25999451,247.25999451,247.25999451,247.25999451,86000,1008727200
2001-12-21,250.94999695,250.94999695,250.94999695,250.94999695,363000,1008900000
2001-12-24,248.05000305,248.05000305,248.05000305,248.05000305,175000,1009159200
2001-12-26,242.75,242.75,242.75,242.75,146000,1009332000
2001-12-28,239.27000427,239.27000427,239.27000427,239.27000427,73000,1009504800
2001-12-31,235.3999939,235.3999939,235.3999939,235.3999939,44000,1009764000
2002-01-02,231.69999695,231.69999695,231.69999695,231.69999695,64000,1009936800
2002-01-04,227.78999329,227.78999329,227.78999329,227.78999329,41000,1010109600
2002-01-07,225.94999695,225.94999695,225.94999695,225.94999695,284000,1010368800
2002-01-09,222.8999939,222.8999939,222.8999939,222.8999939,189000,1010541600
2002-01-11,219.22000122,219.22000122,219.22000122,219.22000122,79000,1010714400
2002-01-14,214.16000366,214.16000366,214.16000366,214.16000366,52000,1010973600
2002-01-16,210.67999268,210.67999268,210.67999268,210.67999268,32000,1011146400
2002-01-18,206.78999329,206.78999329,206.78999329,206.78999329,31000,1011319200
2002-01-21,203.27000427,203.27000427,203.27000427,203.27000427,80000,1011578400
2002-01-23,206.00999451,206.00999451,206.00999451,206.00999451,325000,1011751200
2002-01-25,209.02000427,209.02000427,209.02000427,209.02000427,164000,1011924000
2002-01-28,210.75999451,210.75999451,210.75999451,210.75999451,122000,1012183200
2002-01-30,207.55000305,207.55000305,207.55000305,207.55000305,549000,1012356000
2002-02-01,204.47999573,204.47999573,204.47999573,204.47999573,278000,1012528800
2002-02-04,203.77000427,203.77000427,203.77000427,203.77000427,271000,1012788000
2002-02-06,205.36999512,205.36999512,205.36999512,205.36999512,183000,1012960800
2002-02-08,205.19999695,205.19999695,205.19999695,205.19999695,287000,1013133600
2002-02-15,205.19999695,205.19999695,205.19999695,205.19999695,287000,1013738400
2002-02-18,202.88999939,202.88999939,202.88999939,202.88999939,59000,1013997600
2002-02-20,199.52000427,199.52000427,199.52000427,199.52000427,92000,1014170400
2002-02-22,196.58000183,196.58000183,196.58000183,196.58000183,124000,1014343200
2002-02-25,193.78999329,193.78999329,193.78999329,193.78999329,182000,1014602400
2002-02-27,191.1000061,191.1000061,191.1000061,191.1000061,85000,1014775200
2002-03-01,193.58999634,193.58999634,193.58999634,193.58999634,454000,1014948000
2002-03-04,190.97999573,190.97999573,190.97999573,190.97999573,210000,1015207200
2002-03-05,188.22000122,188.22000122,188.22000122,188.22000122,137000,1015293600
2002-03-06,185.74000549,185.74000549,185.74000549,185.74000549,151000,1015380000
2002-03-07,183.19999695,183.19999695,183.19999695,183.19999695,173000,1015466400
2002-03-08,181.19999695,181.19999695,181.19999695,181.19999695,181000,1015552800
2002-03-11,180.72999573,180.72999573,180.72999573,180.72999573,348000,1015812000
2002-03-12,182.91999817,182.91999817,182.91999817,182.91999817,149000,1015898400
2002-03-13,185.66000366,185.66000366,185.66000366,185.66000366,79000,1015984800
2002-03-14,188.97000122,188.97000122,188.97000122,188.97000122,97000,1016071200
2002-03-15,192.38999939,192.38999939,192.38999939,192.38999939,195000,1016157600
2002-03-18,190.30000305,190.30000305,190.30000305,190.30000305,414000,1016416800
2002-03-19,187.05999756,187.05999756,187.05999756,187.05999756,151000,1016503200
2002-03-20,189.05000305,189.05000305,189.05000305,189.05000305,386000,1016589600
2002-03-21,189.25999451,189.25999451,189.25999451,189.25999451,129000,1016676000
2002-03-22,187.66999817,187.66999817,187.66999817,187.66999817,136000,1016762400
2002-03-25,188.71000671,188.71000671,188.71000671,188.71000671,97000,1017021600
2002-03-26,191.97000122,191.97000122,191.97000122,191.97000122,117000,1017108000
2002-03-27,195.11000061,195.11000061,195.11000061,195.11000061,127000,1017194400
2002-03-28,197.88999939,197.88999939,197.88999939,197.88999939,138000,1017280800
2002-03-29,200.1499939,200.1499939,200.1499939,200.1499939,118000,1017367200
2002-04-01,203.13999939,203.13999939,203.13999939,203.13999939,144000,1017626400
2002-04-02,203.22000122,203.22000122,203.22000122,203.22000122,175000,1017712800
2002-04-03,202.16000366,202.16000366,202.16000366,202.16000366,360000,1017799200
2002-04-04,201.38000488,201.38000488,201.38000488,201.38000488,208000,1017885600
2002-04-05,198.77000427,198.77000427,198.77000427,198.77000427,114000,1017972000
2002-04-08,198.52000427,198.52000427,198.52000427,198.52000427,148000,1018231200
2002-04-09,200.47999573,200.47999573,200.47999573,200.47999573,140000,1018317600
2002-04-10,200.8500061,200.8500061,200.8500061,200.8500061,128000,1018404000
2002-04-11,200.36000061,200.36000061,200.36000061,200.36000061,146000,1018490400
2002-04-12,199.69000244,199.69000244,199.69000244,199.69000244,108000,1018576800
2002-04-15,200.3999939,200.3999939,200.3999939,200.3999939,106000,1018836000
2002-04-16,198.44000244,198.44000244,198.44000244,198.44000244,116000,1018922400
2002-04-17,197.11999512,197.11999512,197.11999512,197.11999512,100000,1019008800
2002-04-18,199.30999756,199.30999756,199.30999756,199.30999756,160000,1019095200
2002-04-19,201.42999268,201.42999268,201.42999268,201.42999268,166000,1019181600
2002-04-22,201.13999939,201.13999939,201.13999939,201.13999939,149000,1019440800
2002-04-23,202.80999756,202.80999756,202.80999756,202.80999756,239000,1019527200
2002-04-24,205.6499939,205.6499939,205.6499939,205.6499939,206000,1019613600
2002-04-25,207.05999756,207.05999756,207.05999756,207.05999756,945000,1019700000
2002-04-26,208.47999573,208.47999573,208.47999573,208.47999573,235000,1019786400
2002-04-29,208.47999573,208.47999573,208.47999573,208.47999573,281000,1020045600
2002-05-02,209.52000427,209.52000427,209.52000427,209.52000427,401000,1020304800
2002-05-03,212.94999695,212.94999695,212.94999695,212.94999695,275000,1020391200
2002-05-06,214.22999573,214.22999573,214.22999573,214.22999573,284000,1020650400
2002-05-07,210.42999268,210.42999268,210.42999268,210.42999268,240000,1020736800
2002-05-08,207.05000305,207.05000305,207.05000305,207.05000305,255000,1020823200
2002-05-09,208.8500061,208.8500061,208.8500061,208.8500061,186000,1020909600
2002-05-10,211.88000488,211.88000488,211.88000488,211.88000488,216000,1020996000
2002-05-13,209.61999512,209.61999512,209.61999512,209.61999512,282000,1021255200
2002-05-14,209.88000488,209.88000488,209.88000488,209.88000488,209000,1021341600
2002-05-15,209.82000732,209.82000732,209.82000732,209.82000732,247000,1021428000
2002-05-16,209.08000183,209.08000183,209.08000183,209.08000183,233000,1021514400
2002-05-17,209.78999329,209.78999329,209.78999329,209.78999329,505000,1021600800
2002-05-20,208.13999939,208.13999939,208.13999939,208.13999939,174000,1021860000
2002-05-21,208.92999268,208.92999268,208.92999268,208.92999268,179000,1021946400
2002-05-22,209.66000366,209.66000366,209.66000366,209.66000366,164000,1022032800
2002-05-23,208.92999268,208.92999268,208.92999268,208.92999268,135000,1022119200
2002-05-24,208.03999329,208.03999329,208.03999329,208.03999329,203000,1022205600
2002-05-27,206.30000305,206.30000305,206.30000305,206.30000305,196000,1022464800
2002-05-28,205.02000427,205.02000427,205.02000427,205.02000427,247000,1022551200
2002-05-29,203.6499939,203.6499939,203.6499939,203.6499939,181000,1022637600
2002-05-30,203.77000427,203.77000427,203.77000427,203.77000427,159000,1022724000
2002-05-31,207.11999512,207.11999512,207.11999512,207.11999512,220000,1022810400
2002-06-03,207.80999756,207.80999756,207.80999756,207.80999756,132000,1023069600
2002-06-04,205.67999268,205.67999268,205.67999268,205.67999268,94000,1023156000
2002-06-05,205.47999573,205.47999573,205.47999573,205.47999573,74000,1023242400
2002-06-06,205.07000732,205.07000732,205.07000732,205.07000732,85000,1023328800
2002-06-07,203.05999756,203.05999756,203.05999756,203.05999756,85000,1023415200
2002-06-10,204.88000488,204.88000488,204.88000488,204.88000488,89000,1023674400
2002-06-11,203.52999878,203.52999878,203.52999878,203.52999878,86000,1023760800
2002-06-12,203.78999329,203.78999329,203.78999329,203.78999329,109000,1023847200
2002-06-13,202.3500061,202.3500061,202.3500061,202.3500061,66000,1023933600
2002-06-14,200.75,200.75,200.75,200.75,117000,1024020000
2002-06-17,197.77000427,197.77000427,197.77000427,197.77000427,118000,1024279200
2002-06-18,195.58999634,195.58999634,195.58999634,195.58999634,72000,1024365600
2002-06-19,192.13000488,192.13000488,192.13000488,192.13000488,151000,1024452000
2002-06-20,193.32000732,193.32000732,193.32000732,193.32000732,189000,1024538400
2002-06-21,196.88999939,196.88999939,196.88999939,196.88999939,44000,1024624800
2002-06-24,200.5,200.5,200.5,200.5,38000,1024884000
2002-06-25,202.3999939,202.3999939,202.3999939,202.3999939,146000,1024970400
2002-06-26,200.5,200.5,200.5,200.5,201000,1025056800
2002-06-27,199.61000061,199.61000061,199.61000061,199.61000061,130000,1025143200
2002-06-28,202.05999756,202.05999756,202.05999756,202.05999756,141000,1025229600
2002-07-01,200.25999451,200.25999451,200.25999451,200.25999451,144000,1025488800
2002-07-02,199.94000244,199.94000244,199.94000244,199.94000244,155000,1025575200
2002-07-03,199.61000061,199.61000061,199.61000061,199.61000061,152000,1025661600
2002-07-04,199.69999695,199.69999695,199.69999695,199.69999695,138000,1025748000
2002-07-05,200.5,200.5,200.5,200.5,190000,1025834400
2002-07-08,200.19000244,200.19000244,200.19000244,200.19000244,169000,1026093600
2002-07-09,199.0,199.0,199.0,199.0,200000,1026180000
2002-07-10,197.27000427,197.27000427,197.27000427,197.27000427,257000,1026266400
2002-07-11,197.25,197.25,197.25,197.25,178000,1026352800
2002-07-12,198.16999817,198.16999817,198.16999817,198.16999817,134000,1026439200
2002-07-15,197.36999512,197.36999512,197.36999512,197.36999512,383000,1026698400
2002-07-16,196.8500061,196.8500061,196.8500061,196.8500061,136000,1026784800
2002-07-17,194.30000305,194.30000305,194.30000305,194.30000305,150000,1026871200
2002-07-18,192.41999817,192.41999817,192.41999817,192.41999817,126000,1026957600
2002-07-19,191.25,191.25,191.25,191.25,126000,1027044000
2002-07-22,193.36000061,193.36000061,193.36000061,193.36000061,434000,1027303200
2002-07-23,196.8500061,196.8500061,196.8500061,196.8500061,154000,1027389600
2002-07-24,197.41999817,197.41999817,197.41999817,197.41999817,304000,1027476000
2002-07-25,194.49000549,194.49000549,194.49000549,194.49000549,216000,1027562400
2002-07-26,195.78999329,195.78999329,195.78999329,195.78999329,117000,1027648800
2002-07-29,195.16000366,195.16000366,195.16000366,195.16000366,132000,1027908000
2002-07-30,196.94000244,196.94000244,196.94000244,196.94000244,106000,1027994400
2002-07-31,197.57000732,197.57000732,197.57000732,197.57000732,289000,1028080800
2002-08-01,197.11999512,197.11999512,197.11999512,197.11999512,75000,1028167200
2002-08-02,195.05999756,195.05999756,195.05999756,195.05999756,202000,1028253600
2002-08-05,193.66999817,193.66999817,193.66999817,193.66999817,155000,1028512800
2002-08-06,194.33999634,194.33999634,194.33999634,194.33999634,117000,1028599200
2002-08-07,194.05999756,194.05999756,194.05999756,194.05999756,107000,1028685600
2002-08-08,193.38999939,193.38999939,193.38999939,193.38999939,110000,1028772000
2002-08-09,192.49000549,192.49000549,192.49000549,192.49000549,151000,1028858400
2002-08-12,191.52999878,191.52999878,191.52999878,191.52999878,116000,1029117600
2002-08-13,189.77999878,189.77999878,189.77999878,189.77999878,159000,1029204000
2002-08-14,188.72999573,188.72999573,188.72999573,188.72999573,139000,1029290400
2002-08-15,189.55000305,189.55000305,189.55000305,189.55000305,185000,1029376800
2002-08-16,191.66999817,191.66999817,191.66999817,191.66999817,105000,1029463200
2002-08-19,192.66999817,192.66999817,192.66999817,192.66999817,136000,1029722400
2002-08-20,190.96000671,190.96000671,190.96000671,190.96000671,110000,1029808800
2002-08-21,190.8999939,190.8999939,190.8999939,190.8999939,184000,1029895200
2002-08-22,190.94999695,190.94999695,190.94999695,190.94999695,180000,1029981600
2002-08-23,190.21000671,190.21000671,190.21000671,190.21000671,169000,1030068000
2002-08-26,189.97000122,189.97000122,189.97000122,189.97000122,134000,1030327200
2002-08-27,189.32000732,189.32000732,189.32000732,189.32000732,138000,1030413600
2002-08-28,190.53999329,190.53999329,190.53999329,190.53999329,125000,1030500000
2002-08-29,191.27999878,191.27999878,191.27999878,191.27999878,170000,1030586400
2002-08-30,191.66000366,191.66000366,191.66000366,191.66000366,182000,1030672800
2002-09-03,191.42999268,191.42999268,191.42999268,191.42999268,88000,1031018400
2002-09-04,190.58999634,190.58999634,190.58999634,190.58999634,172000,1031104800
2002-09-05,190.53999329,190.53999329,190.53999329,190.53999329,117000,1031191200
2002-09-06,190.44999695,190.44999695,190.44999695,190.44999695,92000,1031277600
2002-09-09,190.21000671,190.21000671,190.21000671,190.21000671,113000,1031536800
2002-09-10,189.86000061,189.86000061,189.86000061,189.86000061,95000,1031623200
2002-09-11,189.3999939,189.3999939,189.3999939,189.3999939,202000,1031709600
2002-09-12,189.13999939,189.13999939,189.13999939,189.13999939,156000,1031796000
2002-09-13,188.72000122,188.72000122,188.72000122,188.72000122,127000,1031882400
2002-09-16,188.66000366,188.66000366,188.66000366,188.66000366,184000,1032141600
2002-09-17,186.86999512,186.86999512,186.86999512,186.86999512,152000,1032228000
2002-09-18,185.0,185.0,185.0,185.0,129000,1032314400
2002-09-19,184.69000244,184.69000244,184.69000244,184.69000244,121000,1032400800
2002-09-20,183.83000183,183.83000183,183.83000183,183.83000183,158000,1032487200
2002-09-23,182.33000183,182.33000183,182.33000183,182.33000183,148000,1032746400
2002-09-24,179.92999268,179.92999268,179.92999268,179.92999268,117000,1032832800
2002-09-25,181.66000366,181.66000366,181.66000366,181.66000366,144000,1032919200
2002-09-26,183.66999817,183.66999817,183.66999817,183.66999817,177000,1033005600
2002-09-27,182.61999512,182.61999512,182.61999512,182.61999512,123000,1033092000
2002-09-30,182.13000488,182.13000488,182.13000488,182.13000488,86000,1033351200
2002-10-01,182.97000122,182.97000122,182.97000122,182.97000122,77000,1033437600
2002-10-02,182.83999634,182.83999634,182.83999634,182.83999634,68000,1033524000
2002-10-03,183.3999939,183.3999939,183.3999939,183.3999939,108000,1033610400
2002-10-04,182.49000549,182.49000549,182.49000549,182.49000549,72000,1033696800
2002-10-07,181.71000671,181.71000671,181.71000671,181.71000671,121000,1033956000
2002-10-08,180.02000427,180.02000427,180.02000427,180.02000427,141000,1034042400
2002-10-09,178.8500061,178.8500061,178.8500061,178.8500061,134000,1034128800
2002-10-10,179.1000061,179.1000061,179.1000061,179.1000061,539000,1034215200
2002-10-11,179.33000183,179.33000183,179.33000183,179.33000183,36000,1034301600
2002-10-14,180.1000061,180.1000061,180.1000061,180.1000061,109000,1034560800
2002-10-15,180.63000488,180.63000488,180.63000488,180.63000488,132000,1034647200
2002-10-16,180.13000488,180.13000488,180.13000488,180.13000488,73000,1034733600
2002-10-17,179.66000366,179.66000366,179.66000366,179.66000366,91000,1034820000
2002-10-18,178.63999939,178.63999939,178.63999939,178.63999939,160000,1034906400
2002-10-21,178.66000366,178.66000366,178.66000366,178.66000366,87000,1035165600
2002-10-22,179.38999939,179.38999939,179.38999939,179.38999939,102000,1035252000
2002-10-23,179.1000061,179.1000061,179.1000061,179.1000061,72000,1035338400
2002-10-24,178.94000244,178.94000244,178.94000244,178.94000244,91000,1035424800
2002-10-25,178.80999756,178.80999756,178.80999756,178.80999756,69000,1035511200
2002-10-28,178.80000305,178.80000305,178.80000305,178.80000305,105000,1035770400
2002-10-29,177.91999817,177.91999817,177.91999817,177.91999817,101000,1035856800
2002-10-30,177.61000061,177.61000061,177.61000061,177.61000061,56000,1035943200
2002-10-31,177.61000061,177.61000061,177.61000061,177.61000061,54000,1036029600
2002-11-01,177.3500061,177.3500061,177.3500061,177.3500061,78000,1036116000
2002-11-04,176.57000732,176.57000732,176.57000732,176.57000732,387000,1036375200
2002-11-05,175.02000427,175.02000427,175.02000427,175.02000427,288000,1036461600
2002-11-06,174.83999634,174.83999634,174.83999634,174.83999634,57000,1036548000
2002-11-07,174.61999512,174.61999512,174.61999512,174.61999512,97000,1036634400
2002-11-08,174.88000488,174.88000488,174.88000488,174.88000488,65000,1036720800
2002-11-11,175.19000244,175.19000244,175.19000244,175.19000244,60000,1036980000
2002-11-12,175.27000427,175.27000427,175.27000427,175.27000427,58000,1037066400
2002-11-13,175.63000488,175.63000488,175.63000488,175.63000488,65000,1037152800
2002-11-14,175.41999817,175.41999817,175.41999817,175.41999817,92000,1037239200
2002-11-15,175.77000427,175.77000427,175.77000427,175.77000427,91000,1037325600
2002-11-18,175.72999573,175.72999573,175.72999573,175.72999573,76000,1037584800
2002-11-19,175.53999329,175.53999329,175.53999329,175.53999329,74000,1037671200
2002-11-20,176.08000183,176.08000183,176.08000183,176.08000183,51000,1037757600
2002-11-21,176.47000122,176.47000122,176.47000122,176.47000122,104000,1037844000
2002-11-22,175.24000549,175.24000549,175.24000549,175.24000549,64000,1037930400
2002-11-25,176.47000122,176.47000122,176.47000122,176.47000122,55000,1038189600
2002-11-26,176.5,176.5,176.5,176.5,99000,1038276000
2002-11-27,176.44000244,176.44000244,176.44000244,176.44000244,80000,1038362400
2002-11-28,177.25,177.25,177.25,177.25,89000,1038448800
2002-11-29,177.86999512,177.86999512,177.86999512,177.86999512,109000,1038535200
2002-12-02,179.27000427,179.27000427,179.27000427,179.27000427,236000,1038794400
2002-12-03,183.55999756,183.55999756,183.55999756,183.55999756,90000,1038880800
2002-12-04,187.21000671,187.21000671,187.21000671,187.21000671,192000,1038967200
2002-12-05,186.83000183,186.83000183,186.83000183,186.83000183,236000,1039053600
2002-12-06,184.55000305,184.55000305,184.55000305,184.55000305,279000,1039140000
2002-12-09,183.61999512,183.61999512,183.61999512,183.61999512,125000,1039399200
2002-12-10,184.75,184.75,184.75,184.75,74000,1039485600
2002-12-11,184.33999634,184.33999634,184.33999634,184.33999634,103000,1039572000
2002-12-12,183.69000244,183.69000244,183.69000244,183.69000244,68000,1039658400
2002-12-13,184.1499939,184.1499939,184.1499939,184.1499939,101000,1039744800
2002-12-16,184.74000549,184.74000549,184.74000549,184.74000549,107000,1040004000
2002-12-17,185.36999512,185.36999512,185.36999512,185.36999512,208000,1040090400
2002-12-18,185.96000671,185.96000671,185.96000671,185.96000671,170000,1040176800
2002-12-19,186.17999268,186.17999268,186.17999268,186.17999268,140000,1040263200
2002-12-20,184.94000244,184.94000244,184.94000244,184.94000244,116000,1040349600
2002-12-23,184.22999573,184.22999573,184.22999573,184.22999573,148000,1040608800
2002-12-24,184.17999268,184.17999268,184.17999268,184.17999268,148000,1040695200
2002-12-25,184.13999939,184.13999939,184.13999939,184.13999939,113000,1040781600
2002-12-26,183.77999878,183.77999878,183.77999878,183.77999878,107000,1040868000
2002-12-27,183.05000305,183.05000305,183.05000305,183.05000305,81000,1040954400
2002-12-30,182.6499939,182.6499939,182.6499939,182.6499939,124000,1041213600
2002-12-31,183.33000183,183.33000183,183.33000183,183.33000183,66000,1041300000
2003-01-02,183.41000366,183.41000366,183.41000366,183.41000366,30000,1041472800
2003-01-03,182.38999939,182.38999939,182.38999939,182.38999939,58000,1041559200
2003-01-06,181.75999451,181.75999451,181.75999451,181.75999451,52000,1041818400
2003-01-07,180.63000488,180.63000488,180.63000488,180.63000488,77000,1041904800
2003-01-08,179.78999329,179.78999329,179.78999329,179.78999329,43000,1041991200
2003-01-09,178.92999268,178.92999268,178.92999268,178.92999268,57000,1042077600
2003-01-10,178.66999817,178.66999817,178.66999817,178.66999817,62000,1042164000
2003-01-13,178.02999878,178.02999878,178.02999878,178.02999878,80000,1042423200
2003-01-14,177.30999756,177.30999756,177.30999756,177.30999756,39000,1042509600
2003-01-15,176.42999268,176.42999268,176.42999268,176.42999268,73000,1042596000
2003-01-16,173.11000061,173.11000061,173.11000061,173.11000061,194000,1042682400
2003-01-17,173.05000305,173.05000305,173.05000305,173.05000305,63000,1042768800
2003-01-20,171.3999939,171.3999939,171.3999939,171.3999939,66000,1043028000
2003-01-21,171.36000061,171.36000061,171.36000061,171.36000061,71000,1043114400
2003-01-22,170.55000305,170.55000305,170.55000305,170.55000305,93000,1043200800
2003-01-23,172.02999878,172.02999878,172.02999878,172.02999878,87000,1043287200
2003-01-24,172.66000366,172.66000366,172.66000366,172.66000366,67000,1043373600
2003-01-27,172.30000305,172.30000305,172.30000305,172.30000305,316000,1043632800
2003-01-28,172.38000488,172.38000488,172.38000488,172.38000488,89000,1043719200
2003-01-29,172.38000488,172.38000488,172.38000488,172.38000488,99000,1043805600
2003-01-30,172.38000488,172.38000488,172.38000488,172.38000488,150000,1043892000
2003-02-06,172.38000488,172.38000488,172.38000488,172.38000488,97000,1044496800
2003-02-07,172.38000488,172.38000488,172.38000488,172.38000488,84000,1044583200
2003-02-10,170.94000244,170.94000244,170.94000244,170.94000244,97000,1044842400
2003-02-11,167.58999634,167.58999634,167.58999634,167.58999634,142000,1044928800
2003-02-12,163.91000366,163.91000366,163.91000366,163.91000366,195000,1045015200
2003-02-13,167.07000732,167.07000732,167.07000732,167.07000732,100000,1045101600
2003-02-14,168.72999573,168.72999573,168.72999573,168.72999573,85000,1045188000
2003-02-17,168.49000549,168.49000549,168.49000549,168.49000549,78000,1045447200
2003-02-18,167.22999573,167.22999573,167.22999573,167.22999573,73000,1045533600
2003-02-19,166.30999756,166.30999756,166.30999756,166.30999756,107000,1045620000
2003-02-20,165.99000549,165.99000549,165.99000549,165.99000549,83000,1045706400
2003-02-21,164.61999512,164.61999512,164.61999512,164.61999512,103000,1045792800
2003-02-24,165.47999573,165.47999573,165.47999573,165.47999573,90000,1046052000
2003-02-25,165.28999329,165.28999329,165.28999329,165.28999329,101000,1046138400
2003-02-26,164.71000671,164.71000671,164.71000671,164.71000671,45000,1046224800
2003-02-27,164.69000244,164.69000244,164.69000244,164.69000244,73000,1046311200
2003-02-28,164.61000061,164.61000061,164.61000061,164.61000061,80000,1046397600
2003-03-03,165.58000183,165.58000183,165.58000183,165.58000183,101000,1046656800
2003-03-04,164.91000366,164.91000366,164.91000366,164.91000366,98000,1046743200
2003-03-05,164.33999634,164.33999634,164.33999634,164.33999634,102000,1046829600
2003-03-06,164.27999878,164.27999878,164.27999878,164.27999878,131000,1046916000
2003-03-07,164.02000427,164.02000427,164.02000427,164.02000427,77000,1047002400
2003-03-10,163.57000732,163.57000732,163.57000732,163.57000732,83000,1047261600
2003-03-11,162.86000061,162.86000061,162.86000061,162.86000061,78000,1047348000
2003-03-12,162.11000061,162.11000061,162.11000061,162.11000061,154000,1047434400
2003-03-13,161.63000488,161.63000488,161.63000488,161.63000488,141000,1047520800
2003-03-14,161.30000305,161.30000305,161.30000305,161.30000305,65000,1047607200
2003-03-17,160.69999695,160.69999695,160.69999695,160.69999695,89000,1047866400
2003-03-18,157.83000183,157.83000183,157.83000183,157.83000183,92000,1047952800
2003-03-19,157.94999695,157.94999695,157.94999695,157.94999695,80000,1048039200
2003-03-20,156.13999939,156.13999939,156.13999939,156.13999939,92000,1048125600
2003-03-21,155.24000549,155.24000549,155.24000549,155.24000549,176000,1048212000
2003-03-24,153.94000244,153.94000244,153.94000244,153.94000244,120000,1048471200
2003-03-25,153.07000732,153.07000732,153.07000732,153.07000732,299000,1048557600
2003-03-26,152.36000061,152.36000061,152.36000061,152.36000061,136000,1048644000
2003-03-27,151.96000671,151.96000671,151.96000671,151.96000671,123000,1048730400
2003-03-28,150.52999878,150.52999878,150.52999878,150.52999878,147000,1048816800
2003-03-31,145.41000366,145.41000366,145.41000366,145.41000366,122000,1049076000
2003-04-01,139.63999939,139.63999939,139.63999939,139.63999939,231000,1049162400
2003-04-02,144.92999268,144.92999268,144.92999268,144.92999268,243000,1049248800
2003-04-03,149.17999268,149.17999268,149.17999268,149.17999268,250000,1049335200
2003-04-04,150.22000122,150.22000122,150.22000122,150.22000122,267000,1049421600
2003-04-07,149.38999939,149.38999939,149.38999939,149.38999939,122000,1049680800
2003-04-08,147.13999939,147.13999939,147.13999939,147.13999939,95000,1049767200
2003-04-09,146.49000549,146.49000549,146.49000549,146.49000549,85000,1049853600
2003-04-10,147.66000366,147.66000366,147.66000366,147.66000366,166000,1049940000
2003-04-11,149.27000427,149.27000427,149.27000427,149.27000427,133000,1050026400
2003-04-14,149.02000427,149.02000427,149.02000427,149.02000427,107000,1050285600
2003-04-15,148.69000244,148.69000244,148.69000244,148.69000244,112000,1050372000
2003-04-16,148.77999878,148.77999878,148.77999878,148.77999878,126000,1050458400
2003-04-17,150.66999817,150.66999817,150.66999817,150.66999817,233000,1050544800
2003-04-18,152.16999817,152.16999817,152.16999817,152.16999817,113000,1050631200
2003-04-21,151.97000122,151.97000122,151.97000122,151.97000122,190000,1050890400
2003-04-22,151.96000671,151.96000671,151.96000671,151.96000671,378000,1050976800
2003-04-23,152.58000183,152.58000183,152.58000183,152.58000183,114000,1051063200
2003-04-24,152.97999573,152.97999573,152.97999573,152.97999573,96000,1051149600
2003-04-25,152.96000671,152.96000671,152.96000671,152.96000671,182000,1051236000
2003-04-28,152.75,152.75,152.75,152.75,129000,1051495200
2003-04-29,152.53999329,152.53999329,152.53999329,152.53999329,103000,1051581600
2003-05-05,152.21000671,152.21000671,152.21000671,152.21000671,318000,1052100000
2003-05-06,153.28999329,153.28999329,153.28999329,153.28999329,110000,1052186400
2003-05-07,154.82000732,154.82000732,154.82000732,154.82000732,182000,1052272800
2003-05-08,155.91999817,155.91999817,155.91999817,155.91999817,170000,1052359200
2003-05-09,156.57000732,156.57000732,156.57000732,156.57000732,135000,1052445600
2003-05-12,157.88999939,157.88999939,157.88999939,157.88999939,180000,1052704800
2003-05-13,158.53999329,158.53999329,158.53999329,158.53999329,183000,1052791200
2003-05-14,157.3999939,157.3999939,157.3999939,157.3999939,211000,1052877600
2003-05-15,155.66999817,155.66999817,155.66999817,155.66999817,192000,1052964000
2003-05-16,155.80000305,155.80000305,155.80000305,155.80000305,217000,1053050400
2003-05-19,154.17999268,154.17999268,154.17999268,154.17999268,115000,1053309600
2003-05-20,153.8999939,154.17999268,153.8999939,154.17999268,102000,1053396000
2003-05-21,154.3999939,154.3999939,153.36000061,153.36000061,91000,1053482400
2003-05-22,152.91999817,153.17999268,152.91999817,153.17999268,119000,1053568800
2003-05-23,153.32000732,153.32000732,152.91999817,152.91999817,115000,1053655200
2003-05-26,153.33000183,153.33000183,152.77999878,152.77999878,132000,1053914400
2003-05-27,152.80999756,152.80999756,152.55999756,152.55999756,139000,1054000800
2003-05-28,153.03999329,153.03999329,152.74000549,152.74000549,105000,1054087200
2003-05-29,152.74000549,152.74000549,152.32000732,152.32000732,136000,1054173600
2003-05-30,152.47999573,152.47999573,152.24000549,152.24000549,131000,1054260000
2003-06-02,151.44999695,151.66000366,151.44999695,151.66000366,107000,1054519200
2003-06-03,151.69000244,151.69000244,151.6000061,151.6000061,108000,1054605600
2003-06-04,151.63000488,151.63000488,151.61000061,151.61000061,37000,1054692000
2003-06-05,150.78999329,151.69000244,150.78999329,151.69000244,81000,1054778400
2003-06-06,151.47000122,151.82000732,151.47000122,151.82000732,116000,1054864800
2003-06-09,152.49000549,152.49000549,152.3500061,152.3500061,85000,1055124000
2003-06-10,152.19999695,152.22999573,152.19999695,152.22999573,132000,1055210400
2003-06-11,152.21000671,152.25,152.21000671,152.25,128000,1055296800
2003-06-12,152.42999268,152.42999268,152.3999939,152.3999939,88000,1055383200
2003-06-13,152.58999634,152.58999634,152.19999695,152.19999695,70000,1055469600
2003-06-16,151.99000549,151.99000549,151.97000122,151.97000122,309000,1055728800
2003-06-17,151.86999512,151.86999512,151.66999817,151.66999817,202000,1055815200
2003-06-18,151.61999512,151.72999573,151.61999512,151.72999573,152000,1055901600
2003-06-19,151.97000122,152.02000427,151.97000122,152.02000427,110000,1055988000
2003-06-20,152.42999268,152.42999268,152.42999268,152.42999268,126000,1056074400
2003-06-23,152.24000549,152.24000549,151.58999634,151.58999634,172000,1056333600
2003-06-24,151.80000305,152.00999451,151.80000305,152.00999451,41000,1056420000
2003-06-25,152.21000671,152.63999939,152.21000671,152.63999939,42000,1056506400
2003-06-26,152.3999939,152.3999939,151.88000488,151.88000488,118000,1056592800
2003-06-27,152.16999817,152.16999817,152.0,152.0,77000,1056679200
2003-06-30,151.71000671,152.27000427,151.71000671,152.27000427,671000,1056938400
2003-07-01,152.28999329,152.61999512,152.28999329,152.61999512,95000,1057024800
2003-07-02,154.13999939,154.13999939,151.67999268,151.67999268,252000,1057111200
2003-07-03,151.55999756,151.83999634,151.55999756,151.83999634,57000,1057197600
2003-07-04,152.1499939,152.17999268,152.1499939,152.17999268,40000,1057284000
2003-07-07,152.08000183,152.17999268,152.08000183,152.17999268,113000,1057543200
2003-07-08,151.83999634,152.25999451,151.83999634,152.25999451,55000,1057629600
2003-07-09,152.22000122,152.22000122,151.1000061,151.1000061,55000,1057716000
2003-07-10,151.33000183,151.33000183,151.19999695,151.19999695,60000,1057802400
2003-07-11,151.66000366,151.66000366,151.22000122,151.22000122,43000,1057888800
2003-07-14,151.47999573,151.47999573,150.80999756,150.80999756,26000,1058148000
2003-07-15,150.6000061,150.6000061,150.58999634,150.58999634,94000,1058234400
2003-07-16,150.75999451,150.75999451,150.67999268,150.67999268,47000,1058320800
2003-07-17,150.6499939,150.6499939,150.27000427,150.27000427,49000,1058407200
2003-07-18,150.75,150.75,150.33999634,150.33999634,48000,1058493600
2003-07-21,150.11999512,150.11999512,149.92999268,149.92999268,43000,1058752800
2003-07-22,149.74000549,149.74000549,149.19999695,149.19999695,46000,1058839200
2003-07-23,149.27999878,149.63000488,149.27999878,149.63000488,36000,1058925600
2003-07-24,150.07000732,150.07000732,149.86999512,149.86999512,23000,1059012000
2003-07-25,149.91999817,149.91999817,149.28999329,149.28999329,24000,1059098400
2003-07-28,148.77999878,148.80000305,148.77999878,148.80000305,53000,1059357600
2003-07-29,148.69000244,148.69000244,148.02000427,148.02000427,543000,1059444000
2003-07-30,147.91000366,147.91000366,147.27000427,147.27000427,76000,1059530400
2003-07-31,147.13000488,147.13000488,146.32000732,146.32000732,728000,1059616800
2003-08-01,144.99000549,144.99000549,144.88999939,144.88999939,50000,1059703200
2003-08-04,144.55000305,144.55000305,143.88999939,143.88999939,122000,1059962400
2003-08-05,143.19999695,143.42999268,143.19999695,143.42999268,564000,1060048800
2003-08-06,143.16999817,143.16999817,142.66000366,142.66000366,48000,1060135200
2003-08-07,142.16000366,142.16000366,142.11999512,142.11999512,126000,1060221600
2003-08-08,141.55000305,141.55000305,140.96000671,140.96000671,81000,1060308000
2003-08-11,141.25999451,141.66000366,141.25999451,141.66000366,45000,1060567200
2003-08-12,141.80000305,141.8999939,141.80000305,141.8999939,70000,1060653600
2003-08-13,140.99000549,141.88999939,140.99000549,141.88999939,88000,1060740000
2003-08-14,141.92999268,142.72999573,141.92999268,142.72999573,46000,1060826400
2003-08-15,143.49000549,143.49000549,142.8999939,142.8999939,85000,1060912800
2003-08-18,143.25,143.25,143.0,143.0,127000,1061172000
2003-08-19,142.8999939,142.8999939,142.86999512,142.86999512,39000,1061258400
2003-08-20,142.63000488,142.63000488,142.25,142.25,63000,1061344800
2003-08-21,142.16000366,142.46000671,142.16000366,142.46000671,57000,1061431200
2003-08-22,142.55999756,142.55999756,142.1000061,142.1000061,76000,1061517600
2003-08-25,142.00999451,142.25999451,142.00999451,142.25999451,941000,1061776800
2003-08-26,142.42999268,142.42999268,142.24000549,142.24000549,234000,1061863200
2003-08-27,142.82000732,142.82000732,142.67999268,142.67999268,117000,1061949600
2003-08-28,142.32000732,142.32000732,142.1000061,142.1000061,66000,1062036000
2003-08-29,142.11000061,142.71000671,142.11000061,142.71000671,242000,1062122400
2003-09-03,142.50999451,142.50999451,142.11000061,142.11000061,135000,1062554400
2003-09-04,142.25,142.25,142.05000305,142.05000305,61000,1062640800
2003-09-05,141.96000671,141.96000671,141.80000305,141.80000305,76000,1062727200
2003-09-08,141.80000305,141.80000305,141.50999451,141.50999451,65000,1062986400
2003-09-09,141.44000244,141.72999573,141.44000244,141.72999573,74000,1063072800
2003-09-10,141.61000061,141.61000061,141.5,141.5,113000,1063159200
2003-09-11,141.3999939,141.3999939,141.3999939,141.3999939,47000,1063245600
2003-09-12,140.52999878,140.91000366,140.52999878,140.91000366,51000,1063332000
2003-09-15,140.61999512,140.61999512,140.17999268,140.17999268,303000,1063591200
2003-09-16,140.0,140.05999756,140.0,140.05999756,198000,1063677600
2003-09-17,139.94999695,140.33000183,139.94999695,140.33000183,235000,1063764000
2003-09-18,140.27000427,140.27000427,140.25999451,140.25999451,24000,1063850400
2003-09-19,140.13999939,140.13999939,139.88999939,139.88999939,148000,1063936800
2003-09-22,139.8500061,139.97000122,139.8500061,139.97000122,388000,1064196000
2003-09-23,139.86000061,140.0,139.86000061,140.0,48000,1064282400
2003-09-24,140.19000244,140.19000244,139.88000488,139.88000488,71000,1064368800
2003-09-25,141.80000305,141.80000305,141.53999329,141.53999329,76000,1064455200
2003-09-26,141.25,141.25,139.92999268,139.92999268,76000,1064541600
2003-09-29,140.07000732,140.07000732,139.27000427,139.27000427,35000,1064800800
2003-09-30,139.22000122,139.32000732,139.22000122,139.32000732,582000,1064887200
2003-10-01,139.30999756,139.30999756,139.19000244,139.19000244,51000,1064973600
2003-10-02,139.05999756,139.05999756,138.91999817,138.91999817,51000,1065060000
2003-10-03,138.94000244,138.94000244,138.63000488,138.63000488,746000,1065146400
2003-10-06,137.61000061,138.5,137.61000061,138.5,609000,1065405600
2003-10-07,137.52000427,138.22000122,137.52000427,138.22000122,49000,1065492000
2003-10-08,136.71000671,137.25,136.71000671,137.25,27000,1065578400
2003-10-09,137.32000732,137.32000732,136.94999695,136.94999695,51000,1065664800
2003-10-10,136.72000122,136.72000122,136.57000732,136.57000732,1085000,1065751200
2003-10-13,136.52000427,136.52000427,136.11999512,136.11999512,747000,1066010400
2003-10-14,135.94000244,135.94000244,135.61000061,135.61000061,430000,1066096800
2003-10-15,135.72999573,135.72999573,135.49000549,135.49000549,85000,1066183200
2003-10-16,135.41000366,135.41000366,134.82000732,134.82000732,389000,1066269600
2003-10-17,134.13999939,134.46000671,134.13999939,134.46000671,54000,1066356000
2003-10-20,134.19999695,134.19999695,134.08999634,134.08999634,756000,1066615200
2003-10-21,134.05999756,134.05999756,133.69000244,133.69000244,59000,1066701600
2003-10-22,133.1499939,133.1499939,132.72000122,132.72000122,156000,1066788000
2003-10-23,132.44999695,132.44999695,131.16999817,131.16999817,272000,1066874400
2003-10-24,130.91000366,130.91000366,130.8999939,130.8999939,102000,1066960800
2003-10-27,131.13999939,131.44000244,131.13999939,131.44000244,705000,1067220000
2003-10-28,131.44000244,132.44000244,131.44000244,132.44000244,567000,1067306400
2003-10-29,133.27000427,133.27000427,133.22000122,133.22000122,32000,1067392800
2003-10-30,133.97000122,134.1000061,133.97000122,134.1000061,81000,1067479200
2003-10-31,135.0,136.21000671,135.0,136.21000671,80000,1067565600
2003-11-03,136.63999939,136.63999939,135.77999878,135.77999878,112000,1067824800
2003-11-04,135.97000122,135.97000122,135.69999695,135.69999695,168000,1067911200
2003-11-05,135.5,135.97000122,135.5,135.97000122,38000,1067997600
2003-11-06,136.11999512,136.72999573,136.11999512,136.72999573,51000,1068084000
2003-11-07,136.63000488,137.33000183,136.63000488,137.33000183,103000,1068170400
2003-11-10,137.5,138.19000244,137.5,138.19000244,111000,1068429600
2003-11-11,138.71000671,140.19000244,138.71000671,140.19000244,85000,1068516000
2003-11-12,141.36000061,143.78999329,141.36000061,143.78999329,652000,1068602400
2003-11-13,147.88000488,149.58999634,147.88000488,149.58999634,237000,1068688800
2003-11-14,156.02999878,156.02999878,155.72999573,155.72999573,727000,1068775200
2003-11-17,158.16999817,158.16999817,154.66999817,154.66999817,869000,1069034400
2003-11-18,148.75999451,150.08999634,148.75999451,150.08999634,2018000,1069120800
2003-11-19,148.53999329,152.05999756,148.53999329,152.05999756,196000,1069207200
2003-11-20,153.3500061,155.30999756,153.3500061,155.30999756,269000,1069293600
2003-11-21,158.02000427,159.97999573,158.02000427,159.97999573,359000,1069380000
2003-11-24,163.08999634,163.30999756,163.08999634,163.30999756,505000,1069639200
2003-11-25,166.03999329,166.03999329,165.3999939,165.3999939,742000,1069725600
2003-11-26,163.55000305,163.55000305,161.61000061,161.61000061,359000,1069812000
2003-11-27,161.67999268,162.91999817,161.67999268,162.91999817,258000,1069898400
2003-11-28,164.5,164.5,163.86999512,163.86999512,242000,1069984800
2003-12-01,164.75,164.86000061,164.75,164.86000061,744000,1070244000
2003-12-02,164.66000366,164.66000366,164.49000549,164.49000549,267000,1070330400
2003-12-03,164.21000671,164.21000671,164.05999756,164.05999756,233000,1070416800
2003-12-04,164.11000061,164.11000061,163.6000061,163.6000061,941000,1070503200
2003-12-05,163.69000244,163.69000244,162.47000122,162.47000122,743000,1070589600
2003-12-08,161.63000488,161.63000488,161.00999451,161.00999451,712000,1070848800
2003-12-09,161.13999939,161.8500061,161.13999939,161.8500061,1754000,1070935200
2003-12-10,162.13999939,162.13999939,161.74000549,161.74000549,143000,1071021600
2003-12-11,161.75,161.83999634,161.75,161.83999634,162000,1071108000
2003-12-12,161.71000671,162.13999939,161.71000671,162.13999939,352000,1071194400
2003-12-15,162.74000549,163.61000061,162.74000549,163.61000061,225000,1071453600
2003-12-16,165.66999817,166.13999939,165.66999817,166.13999939,315000,1071540000
2003-12-17,169.72000122,169.72000122,168.74000549,168.74000549,507000,1071626400
2003-12-18,170.36000061,170.36000061,168.69000244,168.69000244,251000,1071712800
2003-12-19,167.69000244,167.92999268,167.69000244,167.92999268,2724000,1071799200
2003-12-22,168.5,168.5,167.11000061,167.11000061,1560000,1072058400
2003-12-23,166.55000305,166.55000305,166.47000122,166.47000122,428000,1072144800
2003-12-24,166.77999878,166.77999878,166.41999817,166.41999817,412000,1072231200
2003-12-25,166.57000732,166.57000732,166.47999573,166.47999573,632000,1072317600
2003-12-26,166.5,166.5,166.02999878,166.02999878,93000,1072404000
2003-12-29,165.97999573,165.97999573,165.57000732,165.57000732,136000,1072663200
2003-12-30,165.82000732,166.05999756,165.82000732,166.05999756,336000,1072749600
2003-12-31,166.32000732,166.94000244,166.32000732,166.94000244,381000,1072836000
2004-01-05,167.69000244,169.16000366,167.69000244,169.16000366,241000,1073268000
2004-01-06,170.77999878,170.77999878,170.25999451,170.25999451,282000,1073354400
2004-01-07,170.83999634,171.16999817,170.83999634,171.16999817,169000,1073440800
2004-01-08,171.78999329,171.78999329,171.6000061,171.6000061,469000,1073527200
2004-01-09,171.44000244,173.27000427,171.44000244,173.27000427,463000,1073613600
2004-01-12,173.46000671,174.13000488,173.46000671,174.13000488,176000,1073872800
2004-01-13,174.6499939,175.16999817,174.6499939,175.16999817,277000,1073959200
2004-01-14,178.72000122,178.72000122,176.3500061,176.3500061,563000,1074045600
2004-01-15,176.16000366,177.58999634,176.16000366,177.58999634,1331000,1074132000
2004-01-16,180.22999573,183.17999268,180.22999573,183.17999268,1079000,1074218400
2004-01-27,190.88000488,191.86999512,190.88000488,191.86999512,1013000,1075168800
2004-01-28,200.72999573,200.80000305,200.72999573,200.80000305,184000,1075255200
2004-01-29,210.46000671,210.46000671,210.46000671,210.46000671,566000,1075341600
2004-01-30,217.69999695,217.69999695,214.32000732,214.32000732,4187000,1075428000
2004-02-02,213.25999451,213.25999451,207.13999939,207.13999939,736000,1075687200
2004-02-03,200.69000244,200.69000244,199.55999756,199.55999756,860000,1075773600
2004-02-04,200.02999878,208.25999451,200.02999878,208.25999451,675000,1075860000
2004-02-05,217.8500061,217.8500061,215.33000183,215.33000183,1232000,1075946400
2004-02-06,215.3500061,215.3500061,213.41999817,213.41999817,513000,1076032800
2004-02-09,212.69999695,212.69999695,212.55000305,212.55000305,1311000,1076292000
2004-02-10,212.49000549,213.0,212.49000549,213.0,572000,1076378400
2004-02-11,212.77000427,212.80999756,212.77000427,212.80999756,504000,1076464800
2004-02-12,212.99000549,213.75999451,212.99000549,213.75999451,589000,1076551200
2004-02-13,215.8500061,217.1000061,215.8500061,217.1000061,1502000,1076637600
2004-02-16,219.53999329,219.53999329,218.22000122,218.22000122,523000,1076896800
2004-02-17,214.19999695,219.05999756,214.19999695,219.05999756,1219000,1076983200
2004-02-18,220.30999756,221.99000549,220.30999756,221.99000549,717000,1077069600
2004-02-19,225.55999756,227.66999817,225.55999756,227.66999817,1136000,1077156000
2004-02-20,233.83000183,235.30000305,233.83000183,235.30000305,2168000,1077242400
2004-02-23,244.3500061,246.3500061,244.3500061,246.3500061,3116000,1077501600
2004-02-24,256.36999512,256.36999512,255.0,255.0,2290000,1077588000
2004-02-25,262.04000854,262.04000854,255.11000061,255.11000061,1993000,1077674400
2004-02-26,252.52999878,252.52999878,250.63999939,250.63999939,1925000,1077760800
2004-02-27,250.16999817,260.6000061,250.16999817,260.6000061,1444000,1077847200
2004-03-01,271.44000244,271.45001221,271.44000244,271.45001221,1273000,1078106400
2004-03-02,275.83999634,275.83999634,273.42999268,273.42999268,2256000,1078192800
2004-03-03,269.77999878,269.85998535,269.77999878,269.85998535,1047000,1078279200
2004-03-04,268.23999023,268.23999023,265.02999878,265.02999878,990000,1078365600
2004-03-05,264.17999268,267.52999878,264.17999268,267.52999878,960000,1078452000
2004-03-08,266.20999146,266.20999146,264.80999756,264.80999756,572000,1078711200
2004-03-09,259.29000854,259.29000854,256.32000732,256.32000732,777000,1078797600
2004-03-10,247.78999329,255.47000122,247.78999329,255.47000122,1517000,1078884000
2004-03-11,258.61999512,261.22000122,258.61999512,261.22000122,1353000,1078970400
2004-03-12,263.13000488,263.13000488,262.88000488,262.88000488,580000,1079056800
2004-03-15,262.42001343,264.51000977,262.42001343,264.51000977,1055000,1079316000
2004-03-16,263.57998657,263.57998657,263.1000061,263.1000061,1435000,1079402400
2004-03-17,264.01998901,264.01998901,260.70999146,260.70999146,544000,1079488800
2004-03-18,258.79000854,261.54000854,258.79000854,261.54000854,2082000,1079575200
2004-03-19,261.79000854,261.91000366,261.79000854,261.91000366,463000,1079661600
2004-03-22,263.30999756,263.30999756,261.47000122,261.47000122,666000,1079920800
2004-03-23,259.22000122,259.22000122,257.41000366,257.41000366,1203000,1080007200
2004-03-24,255.80000305,257.32998657,255.80000305,257.32998657,1085000,1080093600
2004-03-25,259.23001099,264.91000366,259.23001099,264.91000366,926000,1080180000
2004-03-26,269.60998535,272.29998779,269.60998535,272.29998779,1182000,1080266400
2004-03-29,278.25,278.25,275.66000366,275.66000366,1324000,1080525600
2004-03-30,274.42001343,274.42001343,273.27999878,273.27999878,750000,1080612000
2004-03-31,272.92001343,277.44000244,272.92001343,277.44000244,800000,1080698400
2004-04-01,280.52999878,280.52999878,279.70999146,279.70999146,906000,1080784800
2004-04-02,274.66000366,274.66000366,272.89001465,272.89001465,292000,1080871200
2004-04-05,270.63000488,270.69000244,270.63000488,270.69000244,510000,1081130400
2004-04-06,271.42999268,271.42999268,271.29998779,271.29998779,1128000,1081216800
2004-04-07,272.02999878,272.02999878,269.47000122,269.47000122,556000,1081303200
2004-04-08,267.26000977,267.26000977,262.47000122,262.47000122,1159000,1081389600
2004-04-09,263.3999939,263.3999939,259.6499939,259.6499939,402000,1081476000
2004-04-12,258.51998901,258.51998901,254.41000366,254.41000366,520000,1081735200
2004-04-13,251.83999634,251.83999634,250.52000427,250.52000427,2495000,1081821600
2004-04-14,250.44999695,251.24000549,250.44999695,251.24000549,398000,1081908000
2004-04-15,253.47000122,256.04998779,253.47000122,256.04998779,347000,1081994400
2004-04-16,259.67001343,259.67001343,259.42999268,259.42999268,1307000,1082080800
2004-04-19,258.61999512,258.61999512,255.38000488,255.38000488,860000,1082340000
2004-04-20,252.77999878,254.82000732,252.77999878,254.82000732,1265000,1082426400
2004-04-21,257.8500061,257.8500061,256.3999939,256.3999939,288000,1082512800
2004-04-22,258.89001465,258.89001465,258.39001465,258.39001465,290000,1082599200
2004-04-23,258.8500061,259.76000977,258.8500061,259.76000977,1487000,1082685600
2004-04-26,259.75,260.52999878,259.75,260.52999878,2331000,1082944800
2004-04-27,261.39001465,261.39001465,261.13000488,261.13000488,228000,1083031200
2004-04-28,261.79998779,262.20999146,261.79998779,262.20999146,175000,1083117600
2004-04-29,263.70001221,264.42999268,263.70001221,264.42999268,3609000,1083204000
2004-05-04,265.02999878,265.6000061,265.02999878,265.6000061,600000,1083636000
2004-05-05,265.51998901,265.51998901,264.13000488,264.13000488,186000,1083722400
2004-05-06,263.13000488,263.13000488,261.67999268,261.67999268,325000,1083808800
2004-05-07,261.02999878,261.32000732,261.02999878,261.32000732,1170000,1083895200
2004-05-10,260.27999878,260.27999878,258.20999146,258.20999146,425000,1084154400
2004-05-11,256.16000366,256.91000366,256.16000366,256.91000366,536000,1084240800
2004-05-12,257.69000244,262.6499939,257.69000244,262.6499939,615000,1084327200
2004-05-13,264.94000244,264.94000244,263.63000488,263.63000488,674000,1084413600
2004-05-14,262.82000732,262.82000732,261.48999023,261.48999023,1180000,1084500000
2004-05-17,260.86999512,260.86999512,260.23001099,260.23001099,478000,1084759200
2004-05-18,262.20999146,262.20999146,260.79000854,260.79000854,86000,1084845600
2004-05-19,260.79000854,261.29998779,260.79000854,261.29998779,777000,1084932000
2004-05-20,261.57998657,261.57998657,261.57998657,261.57998657,1658000,1085018400
2004-05-21,261.54000854,261.54000854,261.13000488,261.13000488,648000,1085104800
2004-05-24,262.32998657,262.32998657,261.97000122,261.97000122,2491000,1085364000
2004-05-25,261.32000732,261.32000732,258.30999756,258.30999756,1825000,1085450400
2004-05-26,254.94000244,254.94000244,253.97999573,253.97999573,179000,1085536800
2004-05-27,252.92999268,252.92999268,251.16000366,251.16000366,3548000,1085623200
2004-05-28,251.38999939,251.46000671,251.38999939,251.46000671,1235000,1085709600
2004-05-31,252.22999573,252.22999573,251.99000549,251.99000549,1836000,1085968800
2004-06-01,252.63999939,252.63999939,252.50999451,252.50999451,157000,1086055200
2004-06-02,252.02999878,252.11999512,252.02999878,252.11999512,703000,1086141600
2004-06-03,252.69000244,252.69000244,250.99000549,250.99000549,637000,1086228000
2004-06-04,250.72999573,250.72999573,248.99000549,248.99000549,2645000,1086314400
2004-06-07,248.94999695,248.94999695,247.36999512,247.36999512,644000,1086573600
2004-06-08,244.75999451,245.03999329,244.75999451,245.03999329,1449000,1086660000
2004-06-09,245.50999451,246.63999939,245.50999451,246.63999939,832000,1086746400
2004-06-10,246.97000122,247.41000366,246.97000122,247.41000366,125000,1086832800
2004-06-11,248.27000427,248.44000244,248.27000427,248.44000244,1600000,1086919200
2004-06-14,251.8999939,254.25999451,251.8999939,254.25999451,1369000,1087178400
2004-06-15,256.10998535,256.10998535,253.53999329,253.53999329,1251000,1087264800
2004-06-16,252.36999512,252.36999512,251.99000549,251.99000549,368000,1087351200
2004-06-17,251.47000122,251.47000122,249.27999878,249.27999878,1055000,1087437600
2004-06-18,249.55999756,249.55999756,249.28999329,249.28999329,1160000,1087524000
2004-06-21,249.32000732,249.94999695,249.32000732,249.94999695,934000,1087783200
2004-06-22,248.8999939,249.25999451,248.8999939,249.25999451,1040000,1087869600
2004-06-23,248.8999939,249.3999939,248.8999939,249.3999939,731000,1087956000
2004-06-24,249.63000488,250.0,249.63000488,250.0,187000,1088042400
2004-06-25,249.69000244,249.82000732,249.69000244,249.82000732,455000,1088128800
2004-06-28,249.36999512,249.38000488,249.36999512,249.38000488,878000,1088388000
2004-06-29,248.61999512,248.61999512,248.03999329,248.03999329,148000,1088474400
2004-06-30,248.44999695,249.69999695,248.44999695,249.69999695,596000,1088560800
2004-07-01,249.41999817,249.41999817,248.55000305,248.55000305,180000,1088647200
2004-07-02,248.66999817,248.66999817,248.13000488,248.13000488,374000,1088733600
2004-07-05,247.92999268,247.92999268,247.61000061,247.61000061,875000,1088992800
2004-07-06,247.49000549,247.49000549,247.27000427,247.27000427,632000,1089079200
2004-07-07,247.36999512,247.36999512,247.0,247.0,578000,1089165600
2004-07-08,246.55000305,246.55000305,246.47000122,246.47000122,430000,1089252000
2004-07-09,246.83999634,246.83999634,246.32000732,246.32000732,135000,1089338400
2004-07-12,245.80000305,245.80000305,245.50999451,245.50999451,231000,1089597600
2004-07-13,246.11000061,246.11000061,244.63000488,244.63000488,1169000,1089684000
2004-07-14,244.61000061,244.61000061,243.47999573,243.47999573,808000,1089770400
2004-07-15,242.32000732,242.32000732,242.24000549,242.24000549,1287000,1089856800
2004-07-16,242.72000122,245.57000732,242.72000122,245.57000732,180000,1089943200
2004-07-19,244.16999817,244.16999817,243.08000183,243.08000183,210000,1090202400
2004-07-20,242.25999451,244.24000549,242.25999451,244.24000549,645000,1090288800
2004-07-21,243.72000122,244.02000427,243.72000122,244.02000427,132000,1090375200
2004-07-22,244.17999268,244.17999268,244.13000488,244.13000488,99000,1090461600
2004-07-23,244.03999329,244.03999329,243.55000305,243.55000305,1122000,1090548000
2004-07-26,242.86999512,242.86999512,241.83999634,241.83999634,1352000,1090807200
2004-07-27,241.77999878,241.77999878,240.94000244,240.94000244,203000,1090893600
2004-07-28,240.16999817,240.30999756,240.16999817,240.30999756,666000,1090980000
2004-07-29,238.32000732,238.32000732,235.30000305,235.30000305,255000,1091066400
2004-07-30,235.36000061,238.44000244,235.36000061,238.44000244,291000,1091152800
2004-08-02,238.41000366,238.41000366,237.16000366,237.16000366,131000,1091412000
2004-08-03,236.05000305,236.05000305,234.05000305,234.05000305,1202000,1091498400
2004-08-04,232.38999939,232.38999939,231.50999451,231.50999451,417000,1091584800
2004-08-05,228.83999634,228.83999634,228.63999939,228.63999939,224000,1091671200
2004-08-06,226.55000305,226.55000305,224.13999939,224.13999939,373000,1091757600
2004-08-09,215.58999634,215.58999634,213.74000549,213.74000549,496000,1092016800
2004-08-10,209.41000366,222.46000671,209.41000366,222.46000671,355000,1092103200
2004-08-11,228.16999817,228.16999817,227.22000122,227.22000122,637000,1092189600
2004-08-12,227.08000183,227.08000183,224.47999573,224.47999573,927000,1092276000
2004-08-13,222.69999695,223.19999695,222.69999695,223.19999695,1988000,1092362400
2004-08-16,221.13000488,221.13000488,221.0,221.0,405000,1092621600
2004-08-17,220.22999573,222.19000244,220.22999573,222.19000244,125000,1092708000
2004-08-18,222.61999512,223.61000061,222.61999512,223.61000061,1460000,1092794400
2004-08-19,224.3500061,226.92999268,224.3500061,226.92999268,168000,1092880800
2004-08-20,228.19999695,229.16000366,228.19999695,229.16000366,949000,1092967200
2004-08-23,232.86000061,237.30000305,232.86000061,237.30000305,885000,1093226400
2004-08-24,238.46000671,238.46000671,231.8500061,231.8500061,3288000,1093312800
2004-08-25,232.02000427,232.02000427,231.74000549,231.74000549,371000,1093399200
2004-08-26,231.16999817,232.71000671,231.16999817,232.71000671,2257000,1093485600
2004-08-27,233.66999817,233.91000366,233.66999817,233.91000366,1742000,1093572000
2004-08-30,233.46000671,233.46000671,232.47999573,232.47999573,2574000,1093831200
2004-08-31,232.27999878,232.38000488,232.27999878,232.38000488,445000,1093917600
2004-09-01,231.88999939,231.88999939,231.50999451,231.50999451,624000,1094004000
2004-09-06,231.32000732,231.32000732,231.00999451,231.00999451,3658000,1094436000
2004-09-07,231.02999878,231.02999878,230.82000732,230.82000732,513000,1094522400
2004-09-08,229.88999939,229.97999573,229.88999939,229.97999573,567000,1094608800
2004-09-09,230.36000061,230.36000061,230.19999695,230.19999695,983000,1094695200
2004-09-10,230.55000305,231.13000488,230.55000305,231.13000488,2038000,1094781600
2004-09-13,231.67999268,231.67999268,231.41999817,231.41999817,1042000,1095040800
2004-09-14,231.44999695,231.6000061,231.44999695,231.6000061,2194000,1095127200
2004-09-15,232.02999878,232.02999878,231.97000122,231.97000122,1060000,1095213600
2004-09-16,231.94999695,231.94999695,231.94000244,231.94000244,662000,1095300000
2004-09-17,231.0,231.25,231.0,231.25,570000,1095386400
2004-09-20,231.02000427,231.02000427,230.8500061,230.8500061,153000,1095645600
2004-09-21,230.75999451,231.11999512,230.75999451,231.11999512,1033000,1095732000
2004-09-22,230.36999512,230.36999512,230.33000183,230.33000183,580000,1095818400
2004-09-23,230.44999695,230.44999695,230.17999268,230.17999268,1129000,1095904800
2004-09-24,229.88999939,230.58000183,229.88999939,230.58000183,3269000,1095991200
2004-09-27,231.05999756,231.05999756,230.86000061,230.86000061,1009000,1096250400
2004-09-28,231.61000061,231.91000366,231.61000061,231.91000366,213000,1096336800
2004-09-29,232.3999939,232.66999817,232.3999939,232.66999817,205000,1096423200
2004-09-30,233.32000732,233.32000732,233.19000244,233.19000244,735000,1096509600
2004-10-01,233.22000122,233.22000122,232.57000732,232.57000732,111000,1096596000
2004-10-04,232.52000427,232.6000061,232.52000427,232.6000061,1341000,1096855200
2004-10-05,232.44999695,233.00999451,232.44999695,233.00999451,2737000,1096941600
2004-10-06,233.07000732,233.27000427,233.07000732,233.27000427,558000,1097028000
2004-10-07,233.13999939,233.3500061,233.13999939,233.3500061,345000,1097114400
2004-10-08,232.44000244,232.53999329,232.44000244,232.53999329,403000,1097200800
2004-10-11,231.11999512,231.11999512,230.75,230.75,1026000,1097460000
2004-10-12,230.27999878,230.88999939,230.27999878,230.88999939,258000,1097546400
2004-10-13,231.0,231.47999573,231.0,231.47999573,229000,1097632800
2004-10-14,231.36999512,231.80999756,231.36999512,231.80999756,390000,1097719200
2004-10-15,231.61000061,232.16000366,231.61000061,232.16000366,323000,1097805600
2004-10-18,233.75999451,233.75999451,233.6000061,233.6000061,240000,1098064800
2004-10-19,234.86999512,235.69000244,234.86999512,235.69000244,1843000,1098151200
2004-10-20,236.05000305,236.05000305,235.97000122,235.97000122,581000,1098237600
2004-10-21,234.75999451,234.75999451,234.30000305,234.30000305,857000,1098324000
2004-10-22,233.75999451,233.75999451,232.8500061,232.8500061,111000,1098410400
2004-10-25,233.19999695,233.55000305,233.19999695,233.55000305,2117000,1098669600
2004-10-26,234.11999512,234.11999512,233.55999756,233.55999756,1488000,1098756000
2004-10-27,233.78999329,234.27999878,233.78999329,234.27999878,212000,1098842400
2004-10-28,234.57000732,234.57000732,232.97000122,232.97000122,992000,1098928800
2004-10-29,231.80000305,232.58999634,231.80000305,232.58999634,1788000,1099015200
2004-11-01,232.57000732,232.57000732,232.30000305,232.30000305,487000,1099274400
2004-11-02,232.44999695,232.66999817,232.44999695,232.66999817,2192000,1099360800
2004-11-03,232.3999939,232.3999939,231.67999268,231.67999268,327000,1099447200
2004-11-04,231.30000305,231.30000305,231.05999756,231.05999756,363000,1099533600
2004-11-05,230.83999634,230.83999634,230.55000305,230.55000305,2535000,1099620000
2004-11-08,229.91999817,230.11000061,229.91999817,230.11000061,500000,1099879200
2004-11-09,229.47000122,229.47000122,228.96000671,228.96000671,2703000,1099965600
2004-11-10,228.46000671,228.75,228.46000671,228.75,798000,1100052000
2004-11-11,228.8500061,228.8500061,228.16000366,228.16000366,334000,1100138400
2004-11-12,227.00999451,227.00999451,226.99000549,226.99000549,1043000,1100224800
2004-11-15,226.88999939,226.88999939,226.6499939,226.6499939,2008000,1100484000
2004-11-16,226.72000122,226.72000122,226.07000732,226.07000732,4475000,1100570400
2004-11-17,226.17999268,226.17999268,225.75999451,225.75999451,599000,1100656800
2004-11-18,225.47999573,225.6499939,225.47999573,225.6499939,383000,1100743200
2004-11-19,224.13999939,224.72000122,224.13999939,224.72000122,367000,1100829600
2004-11-22,224.82000732,224.82000732,223.8500061,223.8500061,1087000,1101088800
2004-11-23,223.63000488,223.63000488,222.61999512,222.61999512,324000,1101175200
2004-11-24,222.24000549,222.24000549,221.88999939,221.88999939,223000,1101261600
2004-11-25,221.32000732,221.33000183,221.32000732,221.33000183,696000,1101348000
2004-11-26,221.05999756,221.69000244,221.05999756,221.69000244,979000,1101434400
2004-11-29,222.11999512,224.47000122,222.11999512,224.47000122,1741000,1101693600
2004-11-30,228.41000366,229.55999756,228.41000366,229.55999756,2273000,1101780000
2004-12-01,233.50999451,233.50999451,232.08000183,232.08000183,495000,1101866400
2004-12-02,230.66999817,230.66999817,227.69000244,227.69000244,162000,1101952800
2004-12-03,228.1499939,229.03999329,228.1499939,229.03999329,471000,1102039200
2004-12-06,229.58999634,229.58999634,228.92999268,228.92999268,1257000,1102298400
2004-12-07,229.58999634,229.80999756,229.58999634,229.80999756,1649000,1102384800
2004-12-08,229.55000305,229.66000366,229.55000305,229.66000366,512000,1102471200
2004-12-09,230.11000061,230.11000061,229.58999634,229.58999634,2002000,1102557600
2004-12-10,229.63000488,230.11000061,229.63000488,230.1000061,811000,1102644000
2004-12-13,231.02000427,231.02000427,230.71000671,230.71000671,3001000,1102903200
2004-12-14,230.71000671,230.72000122,230.71000671,230.72000122,911000,1102989600
2004-12-15,231.52999878,232.05999756,231.52999878,232.05999756,498000,1103076000
2004-12-16,232.17999268,232.57000732,232.17999268,232.57000732,741000,1103162400
2004-12-17,233.55999756,233.92999268,233.55999756,233.92999268,435000,1103248800
2004-12-20,234.11999512,234.32000732,234.11999512,234.32000732,1791000,1103508000
2004-12-21,234.00999451,234.00999451,233.58999634,233.58999634,1191000,1103594400
2004-12-22,234.41000366,235.44999695,234.41000366,235.44999695,430000,1103680800
2004-12-23,237.1499939,237.1499939,236.8999939,236.8999939,2101000,1103767200
2004-12-24,239.27999878,240.24000549,239.27999878,240.24000549,2594000,1103853600
2004-12-27,240.49000549,240.49000549,239.88999939,239.88999939,507000,1104112800
2004-12-28,240.5,240.5,239.49000549,239.49000549,4132000,1104199200
2004-12-29,237.6499939,237.6499939,237.55999756,237.55999756,328000,1104285600
2004-12-30,237.02999878,237.50999451,237.02999878,237.50999451,930000,1104372000
2004-12-31,237.58999634,239.28999329,237.58999634,239.28999329,375000,1104458400
2005-01-04,238.38999939,238.38999939,237.22999573,237.22999573,1468000,1104804000
2005-01-05,236.92999268,236.92999268,236.72000122,236.72000122,2106000,1104890400
2005-01-06,236.05999756,236.05999756,235.52999878,235.52999878,409000,1104976800
2005-01-07,235.16999817,235.38000488,235.16999817,235.38000488,368000,1105063200
2005-01-10,234.57000732,234.57000732,233.97000122,233.97000122,311000,1105322400
2005-01-11,235.00999451,235.00999451,234.72000122,234.72000122,300000,1105408800
2005-01-12,234.6499939,234.83000183,234.6499939,234.83000183,161000,1105495200
2005-01-13,235.33999634,235.33999634,234.47000122,234.47000122,221000,1105581600
2005-01-14,234.6000061,235.8500061,234.6000061,235.8500061,1122000,1105668000
2005-01-17,236.05000305,236.07000732,236.05000305,236.07000732,2838000,1105927200
2005-01-18,236.32000732,236.32000732,235.33000183,235.33000183,1401000,1106013600
2005-01-19,234.1499939,234.61000061,234.1499939,234.61000061,221000,1106100000
2005-01-20,234.75,234.75,234.58999634,234.58999634,206000,1106186400
2005-01-21,235.75,236.07000732,235.75,236.07000732,524000,1106272800
2005-01-24,235.97999573,235.97999573,234.69999695,234.69999695,1227000,1106532000
2005-01-25,234.47000122,234.58000183,234.47000122,234.58000183,1605000,1106618400
2005-01-26,234.72000122,234.91000366,234.72000122,234.91000366,154000,1106704800
2005-01-27,234.27999878,234.27999878,233.75999451,233.75999451,1074000,1106791200
2005-01-28,234.03999329,234.17999268,234.03999329,234.17999268,1043000,1106877600
2005-01-31,233.21000671,233.32000732,233.21000671,233.32000732,172000,1107136800
2005-02-01,232.92999268,232.92999268,232.41000366,232.41000366,149000,1107223200
2005-02-02,232.91000366,232.91000366,232.8500061,232.8500061,688000,1107309600
2005-02-03,233.30999756,233.36000061,233.30999756,233.36000061,1108000,1107396000
2005-02-04,233.67999268,236.02000427,233.67999268,236.02000427,123000,1107482400
2005-02-14,235.77999878,235.77999878,235.27999878,235.27999878,94000,1108346400
2005-02-15,235.33000183,235.36000061,235.33000183,235.36000061,102000,1108432800
2005-02-16,234.27999878,234.49000549,234.27999878,234.49000549,1732000,1108519200
2005-02-17,234.63999939,234.63999939,234.02000427,234.02000427,527000,1108605600
2005-02-18,234.41000366,234.41000366,233.61999512,233.61999512,142000,1108692000
2005-02-21,233.72000122,233.72000122,233.13000488,233.13000488,690000,1108951200
2005-02-22,233.91999817,233.91999817,233.02999878,233.02999878,1695000,1109037600
2005-02-23,233.17999268,234.1499939,233.17999268,234.1499939,1187000,1109124000
2005-02-24,234.08999634,234.38000488,234.08999634,234.38000488,133000,1109210400
2005-02-25,234.88000488,235.13999939,234.88000488,235.13999939,655000,1109296800
2005-02-28,235.21000671,235.21000671,235.1000061,235.1000061,207000,1109556000
2005-03-01,235.96000671,235.96000671,235.80999756,235.80999756,165000,1109642400
2005-03-02,236.74000549,236.74000549,236.41000366,236.41000366,3180000,1109728800
2005-03-03,236.77000427,237.61999512,236.77000427,237.61999512,2254000,1109815200
2005-03-04,237.91999817,237.91999817,237.77999878,237.77999878,2413000,1109901600
2005-03-07,237.91999817,238.11000061,237.91999817,238.11000061,623000,1110160800
2005-03-08,238.13000488,238.13000488,237.55000305,237.55000305,1006000,1110247200
2005-03-09,236.86000061,237.19000244,236.86000061,237.19000244,980000,1110333600
2005-03-10,236.88999939,236.88999939,236.80999756,236.80999756,1991000,1110420000
2005-03-11,237.11999512,237.11999512,237.00999451,237.00999451,356000,1110506400
2005-03-14,237.16000366,237.16000366,236.66999817,236.66999817,328000,1110765600
2005-03-15,237.52000427,237.96000671,237.52000427,237.96000671,527000,1110852000
2005-03-16,238.11999512,238.47000122,238.11999512,238.47000122,1569000,1110938400
2005-03-17,238.17999268,238.17999268,237.86999512,237.86999512,1672000,1111024800
2005-03-18,238.0,238.38999939,238.0,238.38999939,314000,1111111200
2005-03-21,238.11000061,241.86000061,238.11000061,241.86000061,527000,1111370400
2005-03-22,241.97000122,241.97000122,241.53999329,241.53999329,2418000,1111456800
2005-03-23,242.83999634,244.24000549,242.83999634,244.24000549,717000,1111543200
2005-03-24,247.22999573,250.63999939,247.22999573,250.63999939,1799000,1111629600
2005-03-25,252.63999939,252.63999939,248.42999268,248.42999268,734000,1111716000
2005-03-28,246.53999329,246.53999329,244.83999634,244.83999634,819000,1111975200
2005-03-29,243.96000671,244.22000122,243.96000671,244.22000122,458000,1112061600
2005-03-30,245.19999695,245.19999695,245.16999817,245.16999817,1436000,1112148000
2005-03-31,245.08999634,246.50999451,245.08999634,246.50999451,592000,1112234400
2005-04-01,247.05000305,247.05000305,245.55000305,245.55000305,773000,1112320800
2005-04-04,247.0,247.0,245.67999268,245.67999268,1324000,1112580000
2005-04-05,246.08000183,246.08000183,245.55999756,245.55999756,734000,1112666400
2005-04-06,247.41999817,247.41999817,244.97999573,244.97999573,551000,1112752800
2005-04-07,244.92999268,245.21000671,244.92999268,245.21000671,839000,1112839200
2005-04-08,246.41999817,246.41999817,245.88000488,245.88000488,1632000,1112925600
2005-04-11,245.80999756,246.13000488,245.80999756,246.13000488,851000,1113184800
2005-04-12,248.78999329,248.78999329,248.08000183,248.08000183,1429000,1113271200
2005-04-13,245.82000732,246.25,245.82000732,246.25,1128000,1113357600
2005-04-14,246.02000427,246.02000427,245.94999695,245.94999695,1333000,1113444000
2005-04-15,246.3999939,246.83000183,246.3999939,246.83000183,893000,1113530400
2005-04-18,246.75,246.75,245.44000244,245.44000244,2650000,1113789600
2005-04-19,245.36999512,245.36999512,244.86999512,244.86999512,523000,1113876000
2005-04-20,247.44999695,247.44999695,246.77000427,246.77000427,4727000,1113962400
2005-04-21,245.82000732,245.82000732,245.58000183,245.58000183,752000,1114048800
2005-04-22,246.05999756,246.05999756,245.63000488,245.63000488,300000,1114135200
2005-04-25,246.36999512,246.36999512,245.69000244,245.69000244,2127000,1114394400
2005-04-26,247.19999695,247.19999695,246.6499939,246.6499939,1337000,1114480800
2005-04-27,247.17999268,247.17999268,246.42999268,246.42999268,746000,1114567200
2005-04-28,244.94999695,245.66999817,244.94999695,245.66999817,1152000,1114653600
2005-04-29,246.02999878,246.25,246.02999878,246.25,207000,1114740000
2005-05-04,245.55999756,245.55999756,244.02999878,244.02999878,1049000,1115172000
2005-05-05,244.03999329,244.71000671,244.03999329,244.71000671,923000,1115258400
2005-05-06,245.16999817,245.24000549,245.16999817,245.24000549,185000,1115344800
2005-05-09,245.22999573,245.22999573,244.47999573,244.47999573,341000,1115604000
2005-05-10,244.42999268,244.42999268,244.13999939,244.13999939,230000,1115690400
2005-05-11,243.5,243.5,243.1000061,243.1000061,558000,1115776800
2005-05-12,242.69000244,242.80999756,242.69000244,242.80999756,232000,1115863200
2005-05-13,243.05000305,243.36000061,243.05000305,243.36000061,649000,1115949600
2005-05-16,243.58000183,243.58000183,242.44999695,242.44999695,864000,1116208800
2005-05-17,242.02000427,242.02000427,241.52999878,241.52999878,859000,1116295200
2005-05-18,241.66999817,241.66999817,241.38999939,241.38999939,1156000,1116381600
2005-05-19,241.78999329,242.47999573,241.78999329,242.47999573,251000,1116468000
2005-05-20,242.69000244,243.69000244,242.69000244,243.69000244,446000,1116554400
2005-05-23,243.55000305,243.55000305,243.38999939,243.38999939,1472000,1116813600
2005-05-24,243.72000122,243.72000122,243.72000122,243.72000122,1494000,1116900000
2005-05-25,242.8500061,243.19000244,242.8500061,243.19000244,2254000,1116986400
2005-05-26,243.13999939,243.24000549,243.13999939,243.24000549,1571000,1117072800
2005-05-27,243.19999695,244.13000488,243.19999695,244.13000488,537000,1117159200
2005-05-30,243.27000427,244.55999756,243.27000427,244.55999756,1979000,1117418400
2005-05-31,243.74000549,244.24000549,243.74000549,244.24000549,670000,1117504800
2005-06-01,244.1000061,244.72999573,244.1000061,244.72999573,1732000,1117591200
2005-06-02,245.17999268,245.17999268,244.88000488,244.88000488,3362000,1117677600
2005-06-03,245.25999451,245.38000488,245.25999451,245.38000488,175000,1117764000
2005-06-06,245.66999817,245.75999451,245.66999817,245.75999451,1099000,1118023200
2005-06-07,247.1000061,247.1000061,246.66999817,246.66999817,622000,1118109600
2005-06-08,247.11999512,247.21000671,247.11999512,247.21000671,1253000,1118196000
2005-06-09,247.19999695,247.19999695,247.05999756,247.05999756,917000,1118282400
2005-06-10,246.46000671,246.58999634,246.46000671,246.58999634,817000,1118368800
2005-06-13,246.57000732,246.57000732,245.83000183,245.83000183,1335000,1118628000
2005-06-14,245.46000671,245.72999573,245.46000671,245.72999573,461000,1118714400
2005-06-15,246.05000305,246.07000732,246.05000305,246.07000732,2348000,1118800800
2005-06-16,246.17999268,246.28999329,246.17999268,246.28999329,832000,1118887200
2005-06-17,246.44999695,246.55999756,246.44999695,246.55999756,933000,1118973600
2005-06-20,247.30999756,247.30999756,246.41999817,246.41999817,292000,1119232800
2005-06-21,246.91999817,246.91999817,246.55999756,246.55999756,3142000,1119319200
2005-06-22,247.41999817,247.41999817,246.75999451,246.75999451,472000,1119405600
2005-06-23,247.30000305,247.30000305,247.0,247.0,645000,1119492000
2005-06-24,247.71000671,247.71000671,246.77999878,246.77999878,269000,1119578400
2005-06-27,245.94000244,245.99000549,245.94000244,245.99000549,1829000,1119837600
2005-06-28,245.30999756,245.30999756,245.02000427,245.02000427,1017000,1119924000
2005-06-29,244.83000183,246.44000244,244.83000183,246.44000244,1161000,1120010400
2005-06-30,247.44999695,247.44999695,246.80999756,246.80999756,579000,1120096800
2005-07-01,246.83000183,246.83000183,246.50999451,246.50999451,853000,1120183200
2005-07-04,246.91999817,247.77000427,246.91999817,247.77000427,864000,1120442400
2005-07-05,247.80999756,247.88999939,247.80999756,247.88999939,261000,1120528800
2005-07-06,247.52000427,247.52000427,247.1000061,247.1000061,370000,1120615200
2005-07-07,247.3999939,247.3999939,246.77999878,246.77999878,893000,1120701600
2005-07-08,247.30999756,248.32000732,247.30999756,248.32000732,781000,1120788000
2005-07-11,248.69999695,249.52999878,248.69999695,249.52999878,1848000,1121047200
2005-07-12,249.50999451,249.50999451,249.49000549,249.49000549,780000,1121133600
2005-07-13,249.42999268,249.80999756,249.42999268,249.80999756,2171000,1121220000
2005-07-14,249.75999451,249.75999451,248.66999817,248.66999817,2201000,1121306400
2005-07-15,248.78999329,248.94000244,248.78999329,248.94000244,1437000,1121392800
2005-07-18,249.1000061,249.1000061,248.78999329,248.78999329,1343000,1121652000
2005-07-19,248.38000488,248.38000488,248.32000732,248.32000732,1576000,1121738400
2005-07-20,248.1499939,248.1499939,248.0,248.0,2560000,1121824800
2005-07-21,247.58999634,247.58999634,246.53999329,246.53999329,2141000,1121911200
2005-07-22,245.77000427,245.77000427,245.77000427,245.77000427,550000,1121997600
2005-07-25,246.30999756,246.30999756,246.30999756,246.30999756,1834000,1122256800
2005-07-26,245.94999695,245.94999695,245.94999695,245.94999695,579000,1122343200
2005-07-27,244.24000549,244.24000549,244.24000549,244.24000549,2105000,1122429600
2005-07-28,243.66999817,243.66999817,243.66999817,243.66999817,708000,1122516000
2005-07-29,245.52999878,245.52999878,245.52999878,245.52999878,801000,1122602400
2005-08-01,245.47999573,245.47999573,245.47999573,245.47999573,2688000,1122861600
2005-08-02,246.52999878,246.52999878,246.52999878,246.52999878,1030000,1122948000
2005-08-03,247.96000671,247.96000671,247.96000671,247.96000671,417000,1123034400
2005-08-04,253.50999451,253.50999451,253.50999451,253.50999451,762000,1123120800
2005-08-05,250.92999268,250.92999268,250.92999268,250.92999268,1118000,1123207200
2005-08-08,250.27000427,250.27000427,248.86999512,248.86999512,969000,1123466400
2005-08-09,249.58000183,249.58000183,249.30999756,249.30999756,908000,1123552800
2005-08-10,249.0,249.03999329,249.0,249.03999329,742000,1123639200
2005-08-11,249.21000671,249.21000671,248.99000549,248.99000549,1548000,1123725600
2005-08-12,248.88999939,249.22999573,248.88999939,249.22999573,304000,1123812000
2005-08-15,249.08999634,249.08999634,248.24000549,248.24000549,957000,1124071200
2005-08-16,247.8999939,247.8999939,247.52999878,247.52999878,1420000,1124157600
2005-08-17,247.46000671,247.46000671,247.33000183,247.33000183,1717000,1124244000
2005-08-18,247.30000305,247.3500061,247.30000305,247.3500061,1742000,1124330400
2005-08-19,247.47000122,247.83999634,247.47000122,247.83999634,433000,1124416800
2005-08-22,247.82000732,247.91000366,247.82000732,247.91000366,1874000,1124676000
2005-08-23,247.88999939,248.19000244,247.88999939,248.19000244,1195000,1124762400
2005-08-24,247.97999573,248.41000366,247.97999573,248.41000366,1583000,1124848800
2005-08-25,248.63999939,249.07000732,248.63999939,249.07000732,794000,1124935200
2005-08-26,249.38000488,249.74000549,249.38000488,249.74000549,2766000,1125021600
2005-08-29,251.05000305,253.69999695,251.05000305,253.69999695,1059000,1125280800
2005-08-30,255.91999817,255.94000244,255.91999817,255.94000244,885000,1125367200
2005-08-31,256.23001099,256.23001099,254.5,254.5,1521000,1125453600
2005-09-01,255.02000427,255.02000427,254.94999695,254.94999695,366000,1125540000
2005-09-05,254.55999756,255.55000305,254.55999756,255.55000305,6658000,1125885600
2005-09-06,255.67999268,257.57998657,255.67999268,257.57998657,504000,1125972000
2005-09-07,258.73001099,259.57000732,258.73001099,259.57000732,4252000,1126058400
2005-09-08,262.26998901,262.26998901,260.60998535,260.60998535,1366000,1126144800
2005-09-09,260.45001221,260.45001221,259.95999146,259.95999146,1740000,1126231200
2005-09-12,262.8999939,262.8999939,262.17999268,262.17999268,3012000,1126490400
2005-09-13,263.41000366,264.08999634,263.41000366,264.08999634,1094000,1126576800
2005-09-14,264.51000977,264.51000977,264.02999878,264.02999878,3063000,1126663200
2005-09-15,265.02999878,265.48999023,265.02999878,265.48999023,1749000,1126749600
2005-09-16,268.19000244,268.19000244,268.07998657,268.07998657,875000,1126836000
2005-09-19,270.07000732,274.80999756,270.07000732,274.80999756,1880000,1127095200
2005-09-20,284.54998779,285.98999023,284.54998779,285.98999023,2411000,1127181600
2005-09-21,288.45999146,288.45999146,276.60998535,276.60998535,1738000,1127268000
2005-09-22,277.77999878,280.3999939,277.77999878,280.3999939,2775000,1127354400
2005-09-23,281.27999878,281.27999878,278.3500061,278.3500061,962000,1127440800
2005-09-26,278.83999634,278.83999634,277.54000854,277.54000854,4086000,1127700000
2005-09-27,277.17999268,277.17999268,276.48999023,276.48999023,2207000,1127786400
2005-09-28,275.61999512,275.63000488,275.61999512,275.63000488,2183000,1127872800
2005-09-29,275.97000122,275.97000122,275.95001221,275.95001221,763000,1127959200
2005-09-30,289.17999268,289.32998657,289.17999268,289.32998657,1506000,1128045600
2005-10-03,289.95001221,289.95001221,286.0,286.0,1642000,1128304800
2005-10-04,285.54998779,285.54998779,283.85998535,283.85998535,1605000,1128391200
2005-10-05,285.01000977,286.33999634,285.01000977,286.33999634,1374000,1128477600
2005-10-06,286.95999146,288.14001465,286.95999146,288.14001465,1578000,1128564000
2005-10-07,289.67999268,291.29998779,289.67999268,291.29998779,3130000,1128650400
2005-10-10,292.45001221,292.45001221,292.10998535,292.10998535,1959000,1128909600
2005-10-11,291.98001099,291.98001099,291.33999634,291.33999634,2436000,1128996000
2005-10-12,291.88000488,292.3500061,291.88000488,292.3500061,3014000,1129082400
2005-10-13,296.58999634,298.73999023,296.58999634,298.73999023,2781000,1129168800
2005-10-14,302.70001221,304.1000061,302.70001221,304.1000061,1896000,1129255200
2005-10-17,310.01000977,310.20001221,310.01000977,310.20001221,3345000,1129514400
2005-10-18,311.39001465,311.39001465,307.08999634,307.08999634,2543000,1129600800
2005-10-19,305.19000244,306.45999146,305.19000244,306.45999146,4041000,1129687200
2005-10-20,307.70999146,307.70999146,307.04998779,307.04998779,3235000,1129773600
2005-10-21,307.26998901,307.26998901,306.72000122,306.72000122,2306000,1129860000
2005-10-24,306.57000732,306.8999939,306.57000732,306.8999939,7043000,1130119200
2005-10-25,306.27999878,306.27999878,305.10998535,305.10998535,2705000,1130205600
2005-10-26,302.14001465,302.14001465,300.52999878,300.52999878,2366000,1130292000
2005-10-27,297.95001221,300.98001099,297.95001221,300.98001099,1485000,1130378400
2005-10-28,305.3999939,305.3999939,305.38000488,305.38000488,2284000,1130464800
2005-10-31,307.30999756,307.3999939,307.30999756,307.3999939,2721000,1130724000
2005-11-01,310.33999634,310.51000977,310.33999634,310.51000977,1585000,1130810400
2005-11-02,314.6000061,315.55999756,314.6000061,315.55999756,2553000,1130896800
2005-11-03,321.98999023,322.51998901,321.98999023,322.51998901,1807000,1130983200
2005-11-04,325.25,325.25,321.1499939,321.1499939,1149000,1131069600
2005-11-07,321.51998901,322.58999634,321.51998901,322.58999634,1763000,1131328800
2005-11-08,322.80999756,322.80999756,321.3500061,321.3500061,3918000,1131415200
2005-11-09,321.32000732,321.32000732,320.55999756,320.55999756,1654000,1131501600
2005-11-10,320.80999756,320.80999756,319.13000488,319.13000488,5402000,1131588000
2005-11-11,318.51998901,318.51998901,317.73001099,317.73001099,852000,1131674400
2005-11-14,317.76998901,317.82998657,317.76998901,317.82998657,2844000,1131933600
2005-11-15,318.47000122,318.47000122,317.05999756,317.05999756,1177000,1132020000
2005-11-16,316.16000366,316.16000366,315.8999939,315.8999939,562000,1132106400
2005-11-17,314.8500061,314.8500061,313.91000366,313.91000366,1104000,1132192800
2005-11-18,312.57998657,312.57998657,312.5,312.5,739000,1132279200
2005-11-21,312.72000122,312.72000122,311.79998779,311.79998779,2482000,1132538400
2005-11-22,310.83999634,310.83999634,308.52999878,308.52999878,1113000,1132624800
2005-11-23,307.77999878,307.77999878,305.5,305.5,2872000,1132711200
2005-11-24,301.82000732,301.82000732,301.77999878,301.77999878,1590000,1132797600
2005-11-25,306.52999878,309.47000122,306.52999878,309.47000122,1063000,1132884000
2005-11-28,310.42001343,310.42001343,308.17999268,308.17999268,1764000,1133143200
2005-11-29,306.19000244,307.76998901,306.19000244,307.76998901,870000,1133229600
2005-11-30,309.16000366,311.32998657,309.16000366,311.32998657,1143000,1133316000
2005-12-01,311.22000122,312.08999634,311.22000122,312.08999634,886000,1133402400
2005-12-02,313.01000977,313.01000977,312.42999268,312.42999268,616000,1133488800
2005-12-05,312.52999878,312.85998535,312.52999878,312.85998535,795000,1133748000
2005-12-06,312.42999268,312.42999268,312.29000854,312.29000854,434000,1133834400
2005-12-07,312.3999939,312.3999939,312.30999756,312.30999756,2646000,1133920800
2005-12-08,312.82998657,313.08999634,312.82998657,313.08999634,3371000,1134007200
2005-12-09,314.23999023,315.79000854,314.23999023,315.79000854,1504000,1134093600
2005-12-12,317.75,317.75,316.88000488,316.88000488,805000,1134352800
2005-12-13,316.79998779,316.79998779,316.73001099,316.73001099,778000,1134439200
2005-12-14,316.54998779,316.54998779,314.94000244,314.94000244,4322000,1134525600
2005-12-15,315.47000122,315.47000122,314.07998657,314.07998657,867000,1134612000
2005-12-16,314.57000732,314.57000732,314.48999023,314.48999023,557000,1134698400
2005-12-19,314.22000122,314.22000122,311.6000061,311.6000061,924000,1134957600
2005-12-20,313.66000366,314.22000122,311.82998657,311.82998657,1086000,1135044000
2005-12-21,310.67999268,310.67999268,310.64001465,310.64001465,3809000,1135130400
2005-12-22,308.42999268,309.95999146,308.42999268,309.95999146,2275000,1135216800
2005-12-23,309.67001343,309.67001343,309.14001465,309.14001465,2098000,1135303200
2005-12-26,309.55999756,309.55999756,309.26000977,309.26000977,837000,1135562400
2005-12-27,309.70001221,309.70001221,308.42001343,308.42001343,1465000,1135648800
2005-12-28,307.58999634,307.58999634,307.32000732,307.32000732,1273000,1135735200
2005-12-29,306.6000061,308.79998779,306.6000061,308.79998779,3172000,1135821600
2005-12-30,310.45999146,310.45999146,307.5,307.5,730000,1135908000
2006-01-03,306.85998535,306.85998535,305.27999878,305.27999878,322000,1136253600
2006-01-04,305.29998779,305.29998779,305.08999634,305.08999634,2085000,1136340000
2006-01-05,305.58999634,306.70999146,305.58999634,306.70999146,1091000,1136426400
2006-01-06,307.47000122,307.5,307.47000122,307.5,4001000,1136512800
2006-01-09,307.76000977,307.76000977,306.30999756,306.30999756,2753000,1136772000
2006-01-10,306.75,306.75,306.3500061,306.3500061,1588000,1136858400
2006-01-11,305.82000732,305.82000732,304.95999146,304.95999146,1162000,1136944800
2006-01-12,304.29998779,304.29998779,304.23001099,304.23001099,1238000,1137031200
2006-01-13,305.82000732,306.82998657,305.82000732,306.82998657,2630000,1137117600
2006-01-17,307.79000854,308.94000244,307.79000854,308.94000244,2625000,1137463200
2006-01-18,309.8999939,310.38000488,309.8999939,310.38000488,2633000,1137549600
2006-01-19,310.64001465,310.64001465,310.51998901,310.51998901,4952000,1137636000
2006-01-20,316.64001465,316.64001465,313.38000488,313.38000488,713000,1137722400
2006-01-23,313.48999023,313.48999023,308.30999756,308.30999756,2678000,1137981600
2006-01-24,308.20999146,308.20999146,306.83999634,306.83999634,1518000,1138068000
2006-01-25,307.05999756,310.85998535,307.05999756,310.85998535,1555000,1138154400
2006-01-26,312.92001343,313.29998779,312.92001343,313.29998779,690000,1138240800
2006-01-27,312.29000854,312.32000732,312.29000854,312.32000732,375000,1138327200
2006-02-06,314.02999878,314.02999878,313.14001465,313.14001465,1393000,1139191200
2006-02-07,317.42999268,318.95001221,317.42999268,318.95001221,1332000,1139277600
2006-02-08,324.27999878,325.0,324.27999878,325.0,4258000,1139364000
2006-02-09,325.29998779,325.54000854,325.29998779,325.54000854,4808000,1139450400
2006-02-10,322.57000732,325.17001343,322.57000732,325.17001343,2450000,1139536800
2006-02-13,324.69000244,324.69000244,324.45999146,324.45999146,3716000,1139796000
2006-02-14,324.60998535,325.58999634,324.60998535,325.58999634,2530000,1139882400
2006-02-15,327.1000061,327.67001343,327.1000061,327.67001343,1409000,1139968800
2006-02-16,330.79998779,331.05999756,330.79998779,331.05999756,2247000,1140055200
2006-02-17,335.26998901,339.82998657,335.26998901,339.82998657,1546000,1140141600
2006-02-20,351.45001221,353.95999146,351.45001221,353.95999146,1754000,1140400800
2006-02-21,366.72000122,366.72000122,366.45999146,366.45999146,2110000,1140487200
2006-02-22,373.27999878,373.27999878,364.44000244,364.44000244,2246000,1140573600
2006-02-23,367.91000366,368.92999268,367.91000366,368.92999268,1638000,1140660000
2006-02-24,373.30999756,373.5,373.30999756,373.5,1801000,1140746400
2006-02-27,377.3999939,379.57000732,377.3999939,379.57000732,2128000,1141005600
2006-02-28,383.19000244,390.6499939,383.19000244,390.6499939,2629000,1141092000
2006-03-01,402.1499939,402.1499939,401.8999939,401.8999939,1981000,1141178400
2006-03-02,409.76998901,412.82000732,409.76998901,412.82000732,3814000,1141264800
2006-03-03,415.55999756,415.55999756,397.95001221,397.95001221,4124000,1141351200
2006-03-06,401.35998535,409.76000977,401.35998535,409.76000977,2421000,1141610400
2006-03-07,413.04998779,413.32998657,413.04998779,413.32998657,2760000,1141696800
2006-03-08,412.98001099,412.98001099,409.27999878,409.27999878,2020000,1141783200
2006-03-09,413.20001221,413.20001221,412.11999512,412.11999512,10370000,1141869600
2006-03-10,415.45001221,415.45001221,414.35998535,414.35998535,1768000,1141956000
2006-03-13,422.97000122,424.45999146,422.97000122,424.45999146,9423000,1142215200
2006-03-14,431.1000061,432.20999146,431.1000061,432.20999146,3634000,1142301600
2006-03-15,435.41000366,435.41000366,427.58999634,427.58999634,6650000,1142388000
2006-03-16,434.55999756,434.55999756,432.85998535,432.85998535,4457000,1142474400
2006-03-17,436.58999634,443.19000244,436.58999634,443.19000244,3665000,1142560800
2006-03-20,450.1499939,453.48001099,450.1499939,453.48001099,7114000,1142820000
2006-03-21,461.55999756,462.69000244,461.55999756,462.69000244,2471000,1142906400
2006-03-22,468.73001099,468.73001099,459.35998535,459.35998535,4268000,1142992800
2006-03-23,460.20999146,460.20999146,459.42001343,459.42001343,3666000,1143079200
2006-03-24,457.94000244,457.94000244,456.05999756,456.05999756,2248000,1143165600
2006-03-27,460.45999146,463.0,460.45999146,463.0,4494000,1143424800
2006-03-28,467.6000061,467.6000061,466.47000122,466.47000122,2784000,1143511200
2006-03-29,471.41000366,474.79000854,471.41000366,474.79000854,2475000,1143597600
2006-03-30,492.07998657,493.41000366,492.07998657,493.41000366,4158000,1143684000
2006-03-31,507.1000061,507.1000061,503.55999756,503.55999756,2240000,1143770400
2006-04-03,520.5300293,523.32000732,520.5300293,523.32000732,5222000,1144029600
2006-04-04,536.29998779,536.29998779,505.42001343,505.42001343,5592000,1144116000
2006-04-05,517.5,521.11999512,517.5,521.11999512,5024000,1144202400
2006-04-06,533.86999512,533.86999512,532.69000244,532.69000244,6482000,1144288800
2006-04-07,540.94000244,544.71002197,540.94000244,544.71002197,4483000,1144375200
2006-04-10,551.26000977,551.26000977,540.35998535,540.35998535,6223000,1144634400
2006-04-11,536.48999023,536.48999023,528.63000488,528.63000488,5606000,1144720800
2006-04-12,534.29998779,539.22998047,534.29998779,539.22998047,4080000,1144807200
2006-04-13,546.80999756,551.59997559,546.80999756,551.59997559,8831000,1144893600
2006-04-14,558.38000488,558.38000488,555.15002441,555.15002441,4149000,1144980000
2006-04-17,561.32000732,561.32000732,561.09002686,561.09002686,6161000,1145239200
2006-04-18,569.16998291,570.94000244,569.16998291,570.94000244,2528000,1145325600
2006-04-19,576.10998535,576.10998535,571.15997314,571.15997314,4304000,1145412000
2006-04-20,571.63000488,571.63000488,569.78997803,569.78997803,6163000,1145498400
2006-04-21,587.46002197,591.39001465,587.46002197,591.39001465,4004000,1145584800
2006-04-24,612.79998779,615.14001465,612.79998779,615.14001465,4221000,1145844000
2006-04-25,638.85998535,638.85998535,632.69000244,632.69000244,5464000,1145930400
2006-04-26,625.2800293,625.2800293,621.5300293,621.5300293,4274000,1146016800
2006-04-27,617.4699707,617.4699707,594.02001953,594.02001953,8291000,1146103200
2006-04-28,584.08001709,595.47998047,584.08001709,595.47998047,4499000,1146189600
2006-05-03,611.7199707,612.10998535,611.7199707,612.10998535,4733000,1146621600
2006-05-04,609.52001953,609.52001953,601.34002686,601.34002686,4263000,1146708000
2006-05-05,602.59002686,602.59002686,593.89001465,593.89001465,5489000,1146794400
2006-05-08,586.46002197,586.46002197,574.25,574.25,3245000,1147053600
2006-05-09,547.33001709,547.33001709,546.40002441,546.40002441,3678000,1147140000
2006-05-10,521.11999512,521.11999512,520.82000732,520.82000732,5273000,1147226400
2006-05-11,535.4699707,542.95001221,535.4699707,542.95001221,6005000,1147312800
2006-05-12,567.69000244,567.69000244,566.76000977,566.76000977,3506000,1147399200
2006-05-15,590.03997803,590.25,590.03997803,590.25,6709000,1147658400
2006-05-16,577.19000244,577.19000244,564.52001953,564.52001953,3951000,1147744800
2006-05-17,576.25,576.25,575.53997803,575.53997803,8072000,1147831200
2006-05-18,568.80999756,568.80999756,566.10998535,566.10998535,5891000,1147917600
2006-05-19,557.2800293,562.33001709,557.2800293,562.33001709,3289000,1148004000
2006-05-22,558.15002441,558.15002441,553.36999512,553.36999512,4907000,1148263200
2006-05-23,540.55999756,540.55999756,538.59997559,538.59997559,2842000,1148349600
2006-05-24,546.21002197,559.54998779,546.21002197,559.54998779,4075000,1148436000
2006-05-25,551.57000732,551.57000732,543.40997314,543.40997314,5343000,1148522400
2006-05-26,543.66998291,545.39001465,543.66998291,545.39001465,1576000,1148608800
2006-05-29,540.55999756,540.55999756,537.29998779,537.29998779,2756000,1148868000
2006-05-30,526.15002441,526.15002441,526.01000977,526.01000977,2226000,1148954400
2006-05-31,531.2199707,538.90997314,531.2199707,538.90997314,4004000,1149040800
2006-06-01,538.54998779,538.54998779,535.17999268,535.17999268,3590000,1149127200
2006-06-02,538.36999512,540.22998047,538.36999512,540.22998047,1593000,1149213600
2006-06-05,548.90997314,551.26000977,548.90997314,551.26000977,2223000,1149472800
2006-06-06,557.34997559,557.34997559,551.78997803,551.78997803,2254000,1149559200
2006-06-07,546.20001221,546.20001221,544.54998779,544.54998779,2161000,1149645600
2006-06-08,544.40997314,548.19000244,544.40997314,548.19000244,2807000,1149732000
2006-06-09,549.60998535,549.60998535,548.78997803,548.78997803,1915000,1149818400
2006-06-12,546.95001221,546.95001221,545.97998047,545.97998047,3361000,1150077600
2006-06-13,546.20001221,546.20001221,543.90002441,543.90002441,1637000,1150164000
2006-06-14,543.5300293,543.5300293,540.96002197,540.96002197,3513000,1150250400
2006-06-15,539.08001709,539.08001709,537.47998047,537.47998047,4017000,1150336800
2006-06-16,529.30999756,529.30999756,523.63000488,523.70001221,1915000,1150423200
2006-06-19,522.33001709,522.54998779,519.4699707,519.4699707,1870000,1150682400
2006-06-20,517.09997559,517.09997559,505.94000244,505.94000244,1203000,1150768800
2006-06-21,495.08999634,495.08999634,487.85998535,487.85998535,4816000,1150855200
2006-06-22,502.82000732,510.1499939,502.82000732,510.1499939,5409000,1150941600
2006-06-23,516.59002686,516.59002686,505.79998779,510.61999512,2005000,1151028000
2006-06-26,504.10998535,506.58999634,502.94000244,502.94000244,3225000,1151287200
2006-06-27,498.54000854,501.55999756,497.79000854,501.55999756,7058000,1151373600
2006-06-28,502.51000977,506.45999146,502.51000977,506.45999146,3389000,1151460000
2006-06-29,506.30999756,512.28997803,506.26998901,512.28997803,1578000,1151546400
2006-06-30,513.16998291,515.59002686,509.23001099,515.59002686,2536000,1151632800
2006-07-03,509.77999878,510.26000977,507.30999756,507.30999756,2056000,1151892000
2006-07-04,503.57000732,503.57000732,500.48999023,500.48999023,1648000,1151978400
2006-07-05,497.95001221,500.04998779,497.95001221,499.79998779,1859000,1152064800
2006-07-06,498.07000732,505.26000977,498.07000732,505.26000977,897000,1152151200
2006-07-07,506.17999268,508.30999756,506.17999268,508.30999756,1276000,1152237600
2006-07-10,509.1000061,509.1000061,504.98001099,504.98001099,1131000,1152496800
2006-07-11,505.76998901,506.54000854,504.0,504.0,1826000,1152583200
2006-07-12,504.79998779,504.79998779,502.07998657,502.07998657,2038000,1152669600
2006-07-13,506.45001221,509.1499939,506.45001221,509.1499939,10427000,1152756000
2006-07-14,511.98999023,511.98999023,506.1000061,506.1000061,2072000,1152842400
2006-07-17,498.22000122,498.22000122,494.30999756,494.30999756,3010000,1153101600
2006-07-18,489.23001099,489.23001099,484.13000488,484.13000488,2520000,1153188000
2006-07-19,477.13000488,477.13000488,466.19000244,466.19000244,3232000,1153274400
2006-07-20,458.54000854,485.57000732,458.54000854,485.57000732,7329000,1153360800
2006-07-21,482.45001221,482.45001221,472.85998535,472.85998535,2101000,1153447200
2006-07-24,466.6000061,466.6000061,460.67999268,460.67999268,3214000,1153706400
2006-07-25,449.94000244,449.94000244,439.66000366,439.66000366,3221000,1153792800
2006-07-26,431.05999756,438.07000732,431.05999756,434.23999023,2872000,1153879200
2006-07-27,435.13000488,441.26998901,435.13000488,441.26998901,5882000,1153965600
2006-07-28,445.1000061,445.1000061,439.57000732,439.57000732,3232000,1154052000
2006-07-31,431.47000122,431.47000122,422.41000366,422.41000366,6102000,1154311200
2006-08-01,409.67001343,409.67001343,404.86999512,404.86999512,3191000,1154397600
2006-08-02,388.82000732,399.79998779,388.82000732,399.79998779,4267000,1154484000
2006-08-03,411.85998535,417.73001099,411.85998535,417.73001099,3215000,1154570400
2006-08-04,436.11999512,436.11999512,435.5,435.5,2004000,1154656800
2006-08-07,439.95001221,439.95001221,423.48999023,423.48999023,4042000,1154916000
2006-08-08,426.01998901,434.30999756,426.01998901,433.3999939,2187000,1155002400
2006-08-09,430.97000122,433.85998535,430.25,430.25,3982000,1155088800
2006-08-10,429.17999268,432.3999939,429.17999268,432.3999939,2653000,1155175200
2006-08-11,436.67999268,443.45001221,436.67999268,443.45001221,3711000,1155261600
2006-08-14,458.97000122,464.54998779,458.97000122,464.54998779,7798000,1155520800
2006-08-15,468.26000977,468.26000977,460.07000732,460.33999634,4301000,1155607200
2006-08-16,467.94000244,476.23999023,467.94000244,476.23999023,6510000,1155693600
2006-08-17,488.77999878,488.77999878,483.32000732,483.32000732,6261000,1155780000
2006-08-18,486.0,486.0,482.30999756,482.30999756,4117000,1155866400
2006-08-21,485.17999268,485.17999268,482.19000244,482.19000244,9758000,1156125600
2006-08-22,474.54998779,474.54998779,470.11999512,470.11999512,3866000,1156212000
2006-08-23,466.97000122,478.39001465,466.97000122,478.39001465,4680000,1156298400
2006-08-24,480.75,481.20001221,479.02999878,479.02999878,4494000,1156384800
2006-08-25,478.1000061,478.1000061,476.89001465,477.42999268,1705000,1156471200
2006-08-28,477.45001221,483.05999756,477.45001221,483.05999756,8550000,1156730400
2006-08-29,485.61999512,488.63000488,485.61999512,488.63000488,4592000,1156816800
2006-08-30,492.95001221,493.25,492.76998901,492.76998901,3584000,1156903200
2006-08-31,492.52999878,492.52999878,490.23001099,491.17999268,5198000,1156989600
2006-09-01,494.75,498.20999146,494.75,498.20999146,4948000,1157076000
2006-09-05,509.86999512,515.65997314,509.86999512,515.65997314,8026000,1157421600
2006-09-06,526.86999512,526.86999512,517.60998535,517.60998535,4555000,1157508000
2006-09-07,514.77001953,514.77001953,511.20999146,511.20999146,5161000,1157594400
2006-09-08,511.45001221,513.03997803,511.20999146,513.03997803,3250000,1157680800
2006-09-11,514.86999512,514.86999512,511.54998779,511.54998779,2757000,1157940000
2006-09-12,506.10998535,506.10998535,500.82000732,500.82000732,4105000,1158026400
2006-09-13,500.42001343,511.14001465,500.42001343,510.66000366,4371000,1158112800
2006-09-14,508.97000122,508.97000122,505.17001343,505.17001343,4002000,1158199200
2006-09-15,508.29000854,509.32000732,508.26998901,509.32000732,2730000,1158285600
2006-09-18,511.1000061,511.1000061,509.0,510.07998657,4976000,1158544800
2006-09-19,514.0300293,515.08001709,514.0300293,515.08001709,7632000,1158631200
2006-09-20,519.53997803,519.53997803,514.47998047,514.47998047,4874000,1158717600
2006-09-21,515.80999756,515.80999756,513.32000732,513.36999512,2678000,1158804000
2006-09-22,511.60998535,513.75,511.60998535,513.75,3738000,1158890400
2006-09-25,514.51000977,515.09002686,514.25,515.09002686,2252000,1159149600
2006-09-26,516.80999756,520.04998779,516.80999756,520.04998779,5012000,1159236000
2006-09-27,522.21002197,522.21002197,520.41998291,520.41998291,4174000,1159322400
2006-09-28,522.17999268,527.73999023,522.17999268,527.73999023,10770000,1159408800
2006-09-29,531.88000488,531.88000488,526.72998047,526.72998047,5198000,1159495200
2006-10-02,529.57000732,531.67999268,529.57000732,531.67999268,8315000,1159754400
2006-10-03,538.09002686,538.09002686,536.4699707,537.86999512,3276000,1159840800
2006-10-04,545.54998779,545.54998779,541.90997314,541.90997314,4290000,1159927200
2006-10-05,542.82000732,542.82000732,534.72998047,534.72998047,5023000,1160013600
2006-10-06,532.92999268,536.47998047,532.92999268,536.47998047,4285000,1160100000
2006-10-09,537.52001953,537.52001953,535.13000488,535.13000488,4831000,1160359200
2006-10-10,531.9699707,531.9699707,527.17999268,527.17999268,3441000,1160445600
2006-10-11,524.72998047,525.0,524.66998291,524.66998291,3371000,1160532000
2006-10-12,527.15997314,527.15997314,525.2199707,525.2199707,6784000,1160618400
2006-10-13,524.97998047,526.11999512,524.97998047,525.92999268,2243000,1160704800
2006-10-16,527.01000977,527.01000977,526.34002686,526.34002686,7749000,1160964000
2006-10-17,523.2800293,523.2800293,518.71002197,518.71002197,3264000,1161050400
2006-10-18,517.92999268,518.58001709,517.88000488,518.58001709,5657000,1161136800
2006-10-19,522.69000244,524.59002686,522.48999023,524.59002686,7273000,1161223200
2006-10-20,527.90997314,528.41998291,527.90997314,528.41998291,5783000,1161309600
2006-10-23,526.04998779,526.04998779,525.91998291,525.91998291,5814000,1161568800
2006-10-24,526.08001709,526.08001709,525.75,525.75,4213000,1161655200
2006-10-25,525.02001953,525.39001465,524.25,524.25,2995000,1161741600
2006-10-26,524.59002686,524.98999023,524.34997559,524.98999023,4661000,1161828000
2006-10-27,520.71002197,521.22998047,520.71002197,521.03997803,3349000,1161914400
2006-10-30,518.01000977,518.01000977,512.40002441,512.40002441,1887000,1162173600
2006-10-31,505.23001099,511.54000854,505.23001099,511.54000854,4293000,1162260000
2006-11-01,516.79998779,521.38000488,516.79998779,521.38000488,3042000,1162346400
2006-11-02,523.09997559,523.09997559,516.95001221,516.95001221,2682000,1162432800
2006-11-03,514.10998535,514.10998535,513.73999023,513.73999023,1195000,1162519200
2006-11-06,513.89001465,517.10998535,513.89001465,517.10998535,6305000,1162778400
2006-11-07,519.73999023,520.47998047,519.73999023,520.0300293,2461000,1162864800
2006-11-08,524.2800293,525.98999023,524.2800293,525.98999023,4484000,1162951200
2006-11-09,530.14001465,531.69000244,530.14001465,531.69000244,2681000,1163037600
2006-11-10,537.42999268,537.42999268,530.80999756,530.80999756,6617000,1163124000
2006-11-13,534.03997803,537.2800293,534.03997803,537.2800293,7177000,1163383200
2006-11-14,549.44000244,555.77001953,549.44000244,555.77001953,6459000,1163469600
2006-11-15,570.63000488,570.63000488,563.09002686,563.09002686,7485000,1163556000
2006-11-16,556.41998291,559.83001709,556.41998291,559.83001709,10515000,1163642400
2006-11-17,563.11999512,573.78997803,563.11999512,573.78997803,7179000,1163728800
2006-11-20,590.07000732,590.07000732,584.26000977,584.26000977,7574000,1163988000
2006-11-21,596.22998047,599.01000977,596.22998047,598.2199707,7160000,1164074400
2006-11-22,609.46002197,610.15997314,607.92999268,610.15997314,5326000,1164160800
2006-11-23,632.5300293,637.20001221,632.5300293,636.95001221,9421000,1164247200
2006-11-24,666.03997803,666.26000977,665.5300293,665.5300293,9539000,1164333600
2006-11-27,687.7199707,687.7199707,640.15002441,640.15002441,8581000,1164592800
2006-11-28,635.63000488,647.08001709,635.63000488,638.0,5419000,1164679200
2006-11-29,612.15997314,616.58001709,612.15997314,616.58001709,5600000,1164765600
2006-11-30,616.77001953,633.04998779,616.77001953,633.04998779,8413000,1164852000
2006-12-01,637.07000732,637.07000732,631.28997803,631.28997803,3426000,1164938400
2006-12-04,638.89001465,640.73999023,638.89001465,640.65002441,4646000,1165197600
2006-12-05,644.26000977,644.59997559,642.94000244,644.59997559,4395000,1165284000
2006-12-06,651.17999268,655.13000488,651.17999268,655.13000488,6045000,1165370400
2006-12-07,670.13000488,677.14001465,670.13000488,677.14001465,14046000,1165456800
2006-12-08,696.11999512,696.11999512,696.11999512,696.11999512,1951000,1165543200
2006-12-11,721.59997559,724.28997803,721.59997559,723.84002686,12579000,1165802400
2006-12-12,748.58001709,748.58001709,716.64001465,716.64001465,14486000,1165888800
2006-12-13,740.28997803,740.57000732,738.80999756,740.57000732,8938000,1165975200
2006-12-14,766.59002686,766.59002686,757.16998291,757.16998291,9687000,1166061600
2006-12-15,773.4699707,775.55999756,773.4699707,775.55999756,8398000,1166148000
2006-12-18,790.17999268,790.17999268,779.29998779,779.57000732,14812000,1166407200
2006-12-19,795.67999268,799.30999756,795.67999268,799.30999756,9286000,1166493600
2006-12-20,815.97998047,815.97998047,809.85998535,809.85998535,9096000,1166580000
2006-12-21,809.34002686,809.34002686,778.88000488,778.88000488,11032000,1166666400
2006-12-22,744.66998291,744.66998291,744.15002441,744.15002441,8424000,1166752800
2006-12-25,717.67999268,734.65997314,717.67999268,734.65997314,9760000,1167012000
2006-12-26,723.97998047,747.82000732,723.97998047,747.82000732,9592000,1167098400
2006-12-27,762.33001709,762.33001709,754.35998535,754.63000488,9369000,1167184800
2006-12-28,757.05999756,758.86999512,753.80999756,753.80999756,10480000,1167271200
2006-12-29,748.35998535,751.77001953,748.35998535,751.77001953,5286000,1167357600
2007-01-02,751.03997803,751.03997803,741.27001953,741.27001953,6348000,1167703200
2007-01-03,745.13000488,757.71002197,745.13000488,757.71002197,5928000,1167789600
2007-01-04,784.45001221,788.82000732,784.45001221,788.82000732,10797000,1167876000
2007-01-05,818.03997803,818.03997803,816.51000977,816.51000977,11077000,1167962400
2007-01-08,840.2199707,840.2199707,825.10998535,825.10998535,11614000,1168221600
2007-01-09,845.26000977,845.26000977,840.89001465,844.90997314,11760000,1168308000
2007-01-10,864.75,866.7199707,864.75,865.71002197,9064000,1168394400
2007-01-11,886.83001709,886.83001709,885.42999268,885.42999268,12046000,1168480800
2007-01-12,914.40997314,914.78997803,913.67999268,914.78997803,12068000,1168567200
2007-01-15,941.72998047,947.15002441,941.72998047,947.15002441,12413000,1168826400
2007-01-16,985.5300293,985.5300293,983.5,983.59997559,9362000,1168912800
2007-01-17,1012.70001221,1012.70001221,964.96002197,964.96002197,13285000,1168999200
2007-01-18,946.84002686,983.09002686,946.84002686,983.09002686,15228000,1169085600
2007-01-19,1024.0,1024.0,1022.9699707,1023.04998779,9721000,1169172000
2007-01-22,1044.26000977,1044.26000977,1027.69995117,1027.69995117,14460000,1169431200
2007-01-23,1040.06005859,1040.69995117,1039.60998535,1040.69995117,9305000,1169517600
2007-01-24,1049.81994629,1049.81994629,1016.39001465,1016.39001465,11757000,1169604000
2007-01-25,991.65002441,991.65002441,988.85998535,988.85998535,14374000,1169690400
2007-01-26,966.59997559,974.76000977,966.59997559,974.76000977,14237000,1169776800
2007-01-29,976.51000977,995.54998779,976.51000977,995.54998779,10633000,1170036000
2007-01-30,1021.28997803,1023.9699707,1021.28997803,1022.40002441,9914000,1170122400
2007-01-31,1044.06994629,1044.06994629,1041.32995605,1041.32995605,10423000,1170208800
2007-02-01,1066.32995605,1066.32995605,1049.31994629,1049.31994629,14954000,1170295200
2007-02-02,1074.55004883,1074.55004883,1074.55004883,1074.55004883,8615000,1170381600
2007-02-05,1091.02001953,1091.02001953,1058.70996094,1058.70996094,15673000,1170640800
2007-02-06,1058.56994629,1091.38000488,1058.56994629,1091.38000488,10479000,1170727200
2007-02-07,1084.32995605,1095.75,1083.98999023,1095.75,9568000,1170813600
2007-02-08,1058.73999023,1058.73999023,1052.85998535,1052.85998535,10290000,1170900000
2007-02-09,1010.9699707,1030.90002441,1010.38000488,1030.90002441,9986000,1170986400
2007-02-12,1041.43005371,1054.26000977,1041.43005371,1054.26000977,12229000,1171245600
2007-02-13,1081.79003906,1081.79003906,1074.06005859,1074.45996094,8319000,1171332000
2007-02-14,1077.97998047,1077.97998047,1073.18994141,1073.18994141,12005000,1171418400
2007-02-15,1071.5,1083.25,1071.5,1083.25,6848000,1171504800
2007-02-26,1121.18005371,1129.02001953,1121.18005371,1129.02001953,10222000,1172455200
2007-02-27,1174.09997559,1174.09997559,1167.35998535,1167.35998535,10246000,1172541600
2007-02-28,1159.67004395,1159.67004395,1135.84997559,1137.68994141,15495000,1172628000
2007-03-01,1147.51000977,1147.51000977,1123.06994629,1123.06994629,10623000,1172714400
2007-03-02,1130.61999512,1147.66003418,1130.61999512,1147.66003418,19247000,1172800800
2007-03-05,1165.05004883,1165.05004883,1158.90002441,1158.90002441,10527000,1173060000
2007-03-06,1139.76000977,1139.76000977,1132.94995117,1133.31005859,10264000,1173146400
2007-03-07,1139.30004883,1139.30004883,1132.22998047,1132.22998047,10980000,1173232800
2007-03-08,1140.47998047,1141.58996582,1138.67004395,1141.58996582,10730000,1173319200
2007-03-09,1168.67004395,1168.67004395,1155.68005371,1155.68005371,13219000,1173405600
2007-03-12,1179.31994629,1179.31994629,1170.67004395,1170.67004395,17533000,1173664800
2007-03-13,1178.67004395,1178.67004395,1154.11999512,1158.27001953,16748000,1173751200
2007-03-14,1135.20996094,1135.20996094,1114.20996094,1114.20996094,15941000,1173837600
2007-03-15,1072.79003906,1072.79003906,1065.52001953,1065.52001953,11641000,1173924000
2007-03-16,1089.23999023,1109.76000977,1089.23999023,1109.76000977,12851000,1174010400
2007-03-19,1152.06005859,1152.06005859,1133.33996582,1133.33996582,16380000,1174269600
2007-03-20,1133.77001953,1133.77001953,1117.25,1117.25,12201000,1174356000
2007-03-21,1116.79003906,1116.79003906,1111.63000488,1111.63000488,12967000,1174442400
2007-03-22,1107.85998535,1107.85998535,1099.81994629,1099.81994629,12170000,1174528800
2007-03-23,1096.94995117,1096.94995117,1090.56005859,1090.56005859,8265000,1174615200
2007-03-26,1085.45996094,1085.45996094,1070.72998047,1072.16003418,9967000,1174874400
2007-03-27,1050.27001953,1050.27001953,1034.23999023,1034.23999023,7304000,1174960800
2007-03-28,999.34997559,1031.79003906,999.34997559,1031.79003906,9310000,1175047200
2007-03-29,1050.17004395,1068.70996094,1050.17004395,1068.70996094,10182000,1175133600
2007-03-30,1091.22998047,1091.22998047,1071.32995605,1071.32995605,12097000,1175220000
2007-04-02,1059.18005371,1061.75,1055.09997559,1055.09997559,7756000,1175479200
2007-04-03,1030.92004395,1030.92004395,1027.43005371,1027.5300293,6941000,1175565600
2007-04-04,1030.68994141,1050.90002441,1030.68994141,1050.90002441,9133000,1175652000
2007-04-05,1058.5300293,1058.5300293,1048.97998047,1048.97998047,8464000,1175738400
2007-04-06,1033.77001953,1033.92004395,1032.64001465,1033.92004395,7972000,1175824800
2007-04-09,1041.29003906,1041.35998535,1039.97998047,1041.35998535,6016000,1176084000
2007-04-10,1044.90002441,1044.90002441,1039.67004395,1039.67004395,6141000,1176170400
2007-04-11,1037.16003418,1037.25,1034.68005371,1034.68005371,4261000,1176256800
2007-04-12,1031.20996094,1031.20996094,1027.57995605,1027.57995605,4626000,1176343200
2007-04-13,1026.40002441,1026.40002441,1012.97998047,1012.97998047,6686000,1176429600
2007-04-16,998.14001465,998.14001465,983.0,983.0,5509000,1176688800
2007-04-17,968.96002197,968.96002197,965.7199707,965.7199707,6683000,1176775200
2007-04-18,979.85998535,1001.11999512,979.85998535,1001.11999512,4306000,1176861600
2007-04-19,1015.09997559,1015.09997559,998.09002686,998.09002686,8987000,1176948000
2007-04-20,981.95001221,981.95001221,968.88000488,968.88000488,5094000,1177034400
2007-04-23,940.58001709,940.58001709,931.17999268,931.17999268,5747000,1177293600
2007-04-24,907.4699707,907.65002441,905.5300293,905.5300293,6026000,1177380000
2007-04-25,903.94000244,923.89001465,903.94000244,923.89001465,8357000,1177466400
2007-05-02,933.29998779,935.47998047,933.29998779,935.47998047,7688000,1178071200
2007-05-03,939.02001953,941.0300293,937.46002197,937.46002197,5412000,1178157600
2007-05-04,941.14001465,947.19000244,941.14001465,947.19000244,4474000,1178244000
2007-05-07,969.47998047,983.61999512,969.47998047,983.61999512,5754000,1178503200
2007-05-08,1017.23999023,1017.23999023,1015.42999268,1015.42999268,9927000,1178589600
2007-05-09,1029.66003418,1029.66003418,1019.96002197,1019.96002197,8323000,1178676000
2007-05-10,1026.45996094,1026.45996094,1020.03997803,1020.03997803,7989000,1178762400
2007-05-11,1022.34997559,1039.63000488,1022.34997559,1039.63000488,9645000,1178848800
2007-05-14,1061.89001465,1066.04003906,1060.51000977,1066.04003906,6610000,1179108000
2007-05-15,1069.15002441,1069.15002441,1054.68994141,1054.68994141,8498000,1179194400
2007-05-16,1051.61999512,1051.61999512,1040.98999023,1040.98999023,8756000,1179280800
2007-05-17,1039.27001953,1059.79003906,1039.27001953,1059.79003906,11249000,1179367200
2007-05-18,1063.32995605,1066.56005859,1063.32995605,1066.56005859,6510000,1179453600
2007-05-21,1077.61999512,1085.41003418,1077.61999512,1085.41003418,7905000,1179712800
2007-05-22,1102.69995117,1107.52001953,1102.69995117,1107.52001953,11783000,1179799200
2007-05-23,1127.75,1127.75,1113.18994141,1113.18994141,10851000,1179885600
2007-05-24,1101.79003906,1101.79003906,1085.30004883,1085.30004883,8451000,1179972000
2007-05-25,1073.52001953,1089.59997559,1073.52001953,1089.59997559,9135000,1180058400
2007-05-28,1113.23999023,1113.23999023,1098.64001465,1098.64001465,7183000,1180317600
2007-05-29,1102.81994629,1102.81994629,1093.77001953,1093.77001953,7103000,1180404000
2007-05-30,1080.95996094,1080.95996094,1075.55004883,1077.88000488,5326000,1180490400
2007-05-31,1087.55004883,1087.55004883,1081.47998047,1081.47998047,6024000,1180576800
2007-06-01,1085.93005371,1085.93005371,1077.35998535,1077.35998535,5593000,1180663200
2007-06-04,1074.18005371,1074.18005371,1062.09997559,1062.09997559,7579000,1180922400
2007-06-05,1051.68005371,1051.68005371,1039.66003418,1039.66003418,8164000,1181008800
2007-06-06,1040.44995117,1045.29003906,1038.90002441,1045.29003906,7048000,1181095200
2007-06-07,1057.54003906,1060.56005859,1057.54003906,1060.02001953,12735000,1181181600
2007-06-08,1067.13000488,1067.13000488,1054.7800293,1057.35998535,8583000,1181268000
2007-06-11,1042.08996582,1042.08996582,1037.29003906,1040.75,7114000,1181527200
2007-06-12,1034.88000488,1036.54003906,1034.88000488,1036.54003906,10783000,1181613600
2007-06-13,1035.9699707,1038.80004883,1033.70996094,1038.80004883,9075000,1181700000
2007-06-14,1044.02001953,1044.02001953,1041.68005371,1042.79003906,7805000,1181786400
2007-06-15,1050.63000488,1050.63000488,1048.18994141,1048.18994141,5690000,1181872800
2007-06-18,1046.42004395,1046.61999512,1043.98999023,1043.98999023,10580000,1182132000
2007-06-19,1047.94995117,1049.86999512,1047.94995117,1049.57995605,8662000,1182218400
2007-06-20,1050.88000488,1050.88000488,1045.2800293,1045.2800293,7215000,1182304800
2007-06-21,1043.95996094,1043.95996094,1034.43005371,1034.43005371,5685000,1182391200
2007-06-22,1031.26000977,1037.44995117,1031.26000977,1033.68994141,6791000,1182477600
2007-06-25,1047.9699707,1047.9699707,1044.39001465,1044.39001465,7441000,1182736800
2007-06-26,1064.15002441,1064.15002441,1054.38000488,1055.69995117,7486000,1182823200
2007-06-27,1057.07995605,1057.07995605,1032.95996094,1032.95996094,9286000,1182909600
2007-06-28,1024.30004883,1024.61999512,1024.04003906,1024.04003906,8673000,1182996000
2007-06-29,1020.64001465,1024.68005371,1020.64001465,1024.68005371,7829000,1183082400
2007-07-02,1015.71002197,1015.71002197,994.16998291,994.16998291,7621000,1183341600
2007-07-03,976.10998535,977.29998779,975.40002441,977.29998779,7179000,1183428000
2007-07-04,996.14001465,1013.55999756,996.14001465,1013.55999756,6861000,1183514400
2007-07-05,1013.95001221,1013.95001221,1012.58001709,1012.82000732,8646000,1183600800
2007-07-06,1008.35998535,1010.5300293,1005.95001221,1010.5300293,5982000,1183687200
2007-07-09,1004.39001465,1010.27001953,1004.39001465,1010.27001953,7115000,1183946400
2007-07-10,1015.15002441,1023.03997803,1015.15002441,1023.03997803,5505000,1184032800
2007-07-11,1032.43005371,1032.70996094,1029.84997559,1029.84997559,5728000,1184119200
2007-07-12,1025.7199707,1025.7199707,1017.67999268,1017.67999268,6317000,1184205600
2007-07-13,1010.71002197,1015.72998047,1010.71002197,1015.72998047,6277000,1184292000
2007-07-16,1005.15997314,1005.15997314,995.83001709,995.83001709,6168000,1184551200
2007-07-17,995.85998535,1001.04998779,995.85998535,1000.33001709,6379000,1184637600
2007-07-18,998.75,998.75,994.72998047,994.72998047,4922000,1184724000
2007-07-19,990.84002686,990.84002686,984.42999268,984.42999268,6026000,1184810400
2007-07-20,980.34997559,982.16998291,980.34997559,981.30999756,4973000,1184896800
2007-07-23,981.10998535,981.64001465,979.22998047,979.22998047,5599000,1185156000
2007-07-24,982.16998291,983.5300293,982.16998291,982.42999268,7414000,1185242400
2007-07-25,975.08001709,975.08001709,970.54998779,972.55999756,5478000,1185328800
2007-07-26,965.91998291,965.91998291,956.13000488,956.13000488,7609000,1185415200
2007-07-27,946.0300293,946.0300293,939.94000244,940.35998535,5219000,1185501600
2007-07-30,928.69000244,928.69000244,925.44000244,925.44000244,3296000,1185760800
2007-07-31,905.08001709,907.95001221,903.40997314,907.95001221,6578000,1185847200
2007-08-01,905.34002686,924.17999268,905.34002686,923.14001465,6791000,1185933600
2007-08-02,926.66998291,926.66998291,911.17999268,911.17999268,6597000,1186020000
2007-08-03,895.2199707,895.2199707,892.88000488,892.88000488,5900000,1186106400
2007-08-06,892.40997314,892.40997314,883.90002441,883.90002441,4233000,1186365600
2007-08-07,890.75,898.26000977,890.75,896.90997314,4162000,1186452000
2007-08-08,901.5300293,910.04998779,901.5300293,910.04998779,4836000,1186538400
2007-08-09,923.15002441,938.21002197,923.15002441,938.21002197,8625000,1186624800
2007-08-10,942.33001709,942.33001709,929.36999512,935.67999268,7598000,1186711200
2007-08-13,916.0,916.0,909.15002441,909.15002441,5330000,1186970400
2007-08-14,912.82000732,923.15002441,912.82000732,923.15002441,5183000,1187056800
2007-08-15,918.16998291,918.16998291,914.44000244,915.34002686,3694000,1187143200
2007-08-16,904.66998291,904.66998291,900.26000977,900.26000977,6136000,1187229600
2007-08-17,886.91998291,889.51000977,886.91998291,887.92999268,4378000,1187316000
2007-08-20,875.86999512,890.02001953,875.86999512,890.02001953,7939000,1187575200
2007-08-21,897.0300293,897.35998535,895.7199707,895.7199707,7379000,1187661600
2007-08-22,898.61999512,898.61999512,892.07000732,892.07000732,6263000,1187748000
2007-08-23,891.5,891.5,887.61999512,887.61999512,9025000,1187834400
2007-08-24,897.05999756,905.47998047,897.05999756,905.47998047,8008000,1187920800
2007-08-27,911.01000977,911.01000977,908.27001953,909.07000732,8893000,1188180000
2007-08-28,904.75,904.75,901.5,902.58001709,5244000,1188266400
2007-08-29,895.53997803,901.16998291,894.66998291,901.16998291,6642000,1188352800
2007-08-30,901.26000977,904.97998047,901.26000977,903.94000244,5352000,1188439200
2007-08-31,904.57000732,910.07000732,904.57000732,908.36999512,7846000,1188525600
2007-09-04,919.86999512,929.84997559,919.86999512,929.84997559,8270000,1188871200
2007-09-05,938.76000977,938.76000977,925.57000732,925.57000732,8953000,1188957600
2007-09-06,926.10998535,928.35998535,925.98999023,928.35998535,7336000,1189044000
2007-09-07,929.5300293,934.13000488,929.5300293,934.13000488,6763000,1189130400
2007-09-10,933.02001953,933.02001953,927.14001465,927.14001465,7749000,1189389600
2007-09-11,925.2800293,925.2800293,920.47998047,920.47998047,13476000,1189476000
2007-09-12,922.65997314,923.83001709,921.19000244,921.19000244,7110000,1189562400
2007-09-13,920.54998779,921.30999756,920.54998779,921.30999756,9380000,1189648800
2007-09-14,924.14001465,930.46002197,924.14001465,930.46002197,5455000,1189735200
2007-09-17,932.38000488,934.73999023,932.38000488,934.73999023,11292000,1189994400
2007-09-18,933.7800293,935.16998291,933.7800293,935.16998291,7646000,1190080800
2007-09-19,942.52001953,946.2199707,942.52001953,946.2199707,9225000,1190167200
2007-09-20,960.55999756,963.60998535,960.55999756,963.60998535,11029000,1190253600
2007-09-21,965.20001221,965.20001221,958.66998291,958.66998291,11378000,1190340000
2007-09-24,967.89001465,975.82000732,967.89001465,975.82000732,12055000,1190599200
2007-09-25,1005.78997803,1009.88000488,1005.5,1009.88000488,15508000,1190685600
2007-09-26,1029.72998047,1029.72998047,1015.39001465,1015.90997314,16588000,1190772000
2007-09-27,1012.26000977,1014.09002686,1009.83001709,1014.09002686,13025000,1190858400
2007-09-28,1030.77001953,1046.85998535,1030.77001953,1046.85998535,15064000,1190944800
2007-10-01,1072.7199707,1084.39001465,1072.7199707,1084.39001465,21248000,1191204000
2007-10-02,1096.9699707,1099.47998047,1092.30004883,1099.47998047,17807000,1191290400
2007-10-03,1099.33996582,1106.59997559,1099.22998047,1106.59997559,14939000,1191376800
2007-10-04,1107.80004883,1107.80004883,1087.76000977,1087.76000977,16978000,1191463200
2007-10-05,1086.92004395,1086.92004395,1081.63000488,1081.63000488,16629000,1191549600
2007-10-08,1084.57995605,1088.10998535,1084.57995605,1084.86999512,14130000,1191808800
2007-10-09,1093.06994629,1097.35998535,1093.06994629,1097.35998535,14878000,1191895200
2007-10-10,1110.7800293,1110.7800293,1104.67004395,1104.67004395,14297000,1191981600
2007-10-11,1107.05004883,1107.05004883,1099.31005859,1099.31005859,12785000,1192068000
2007-10-12,1097.57995605,1104.60998535,1097.57995605,1104.60998535,16228000,1192154400
2007-10-15,1104.42004395,1105.20996094,1103.93994141,1105.20996094,13095000,1192413600
2007-10-16,1106.67004395,1106.67004395,1103.79003906,1103.88000488,15472000,1192500000
2007-10-17,1106.20996094,1106.7199707,1101.29003906,1101.29003906,13672000,1192586400
2007-10-18,1094.93005371,1094.93005371,1088.68005371,1088.68005371,15477000,1192672800
2007-10-19,1078.20996094,1097.06994629,1078.20996094,1097.06994629,12487000,1192759200
2007-10-22,1091.76000977,1091.76000977,1085.73999023,1085.73999023,10914000,1193018400
2007-10-23,1079.06005859,1079.06005859,1075.29003906,1075.29003906,13136000,1193104800
2007-10-24,1079.59997559,1096.19995117,1079.59997559,1096.19995117,12779000,1193191200
2007-10-25,1103.08996582,1103.08996582,1095.5300293,1095.5300293,16931000,1193277600
2007-10-26,1095.2800293,1095.2800293,1092.47998047,1092.47998047,12474000,1193364000
2007-10-29,1074.86999512,1074.86999512,1064.19995117,1064.19995117,17289000,1193623200
2007-10-30,1068.31005859,1071.15002441,1068.31005859,1069.7800293,12163000,1193709600
2007-10-31,1065.68005371,1068.80004883,1065.08996582,1065.08996582,12789000,1193796000
2007-11-01,1074.45996094,1075.92004395,1074.45996094,1075.92004395,14462000,1193882400
2007-11-02,1074.68005371,1074.68005371,1066.63000488,1066.63000488,11291000,1193968800
2007-11-05,1045.31005859,1047.65002441,1045.31005859,1047.15002441,14741000,1194228000
2007-11-06,1036.56994629,1036.56994629,1031.70996094,1031.70996094,13186000,1194314400
2007-11-07,1026.05004883,1031.19995117,1026.05004883,1031.19995117,14924000,1194400800
2007-11-08,1031.94995117,1031.94995117,1026.4699707,1026.4699707,13624000,1194487200
2007-11-09,1012.42999268,1018.28997803,1011.09002686,1018.28997803,12986000,1194573600
2007-11-12,1012.5,1012.5,1006.11999512,1006.11999512,13952000,1194832800
2007-11-13,999.38000488,999.38000488,973.59002686,973.59002686,13573000,1194919200
2007-11-14,986.90997314,1007.94000244,986.90997314,993.75,20067000,1195005600
2007-11-15,1007.05999756,1007.05999756,1001.2800293,1002.71002197,14426000,1195092000
2007-11-16,996.07000732,998.2199707,996.07000732,998.2199707,11748000,1195178400
2007-11-19,996.47998047,998.75,996.40997314,998.75,8502000,1195437600
2007-11-20,984.29998779,984.90997314,983.52001953,983.52001953,8474000,1195524000
2007-11-21,963.55999756,971.78997803,963.55999756,971.48999023,10557000,1195610400
2007-11-22,977.57000732,980.02001953,977.16998291,977.16998291,8848000,1195696800
2007-11-23,979.10998535,979.10998535,974.44000244,975.91998291,8977000,1195783200
2007-11-26,982.17999268,991.38000488,982.17999268,991.38000488,12750000,1196042400
2007-11-27,998.7199707,998.7199707,988.08001709,988.08001709,10243000,1196128800
2007-11-28,988.59002686,988.59002686,984.57000732,984.57000732,9218000,1196215200
2007-11-29,984.85998535,984.85998535,980.09002686,980.09002686,8959000,1196301600
2007-11-30,973.19000244,974.39001465,972.34997559,972.34997559,10182000,1196388000
2007-12-03,977.85998535,987.96002197,977.85998535,987.96002197,9964000,1196647200
2007-12-04,990.51000977,990.51000977,988.90997314,988.90997314,10725000,1196733600
2007-12-05,981.95001221,981.95001221,976.21002197,976.21002197,8372000,1196820000
2007-12-06,973.65002441,974.46002197,971.66998291,974.46002197,7395000,1196906400
2007-12-07,970.15002441,976.19000244,970.15002441,974.63000488,8968000,1196992800
2007-12-10,966.7199707,966.7199707,958.47998047,958.47998047,10421000,1197252000
2007-12-11,948.90997314,948.90997314,941.03997803,941.03997803,8633000,1197338400
2007-12-12,936.20001221,952.23999023,936.20001221,946.32000732,9433000,1197424800
2007-12-13,941.76000977,941.76000977,930.35998535,930.35998535,6851000,1197511200
2007-12-14,924.10998535,926.09997559,922.09002686,922.09002686,8358000,1197597600
2007-12-17,918.60998535,918.60998535,911.15002441,911.15002441,7969000,1197856800
2007-12-18,911.41998291,919.59997559,911.41998291,919.59997559,7871000,1197943200
2007-12-19,932.59002686,946.7800293,932.59002686,946.7800293,10304000,1198029600
2007-12-20,949.15002441,949.15002441,930.45001221,930.45001221,9024000,1198116000
2007-12-21,930.36999512,935.07000732,930.36999512,935.07000732,8377000,1198202400
2007-12-24,933.65997314,933.65997314,930.85998535,930.85998535,7315000,1198461600
2007-12-25,925.10998535,925.10998535,918.42999268,918.42999268,7539000,1198548000
2007-12-26,917.30999756,924.36999512,917.30999756,924.36999512,8585000,1198634400
2007-12-27,923.08001709,923.08001709,921.75,921.75,7980000,1198720800
2007-12-28,920.7199707,927.02001953,920.7199707,927.02001953,5903000,1198807200
2008-01-02,925.65997314,926.01000977,921.07000732,921.07000732,6469000,1199239200
2008-01-03,913.55999756,915.46002197,908.25,908.25,8890000,1199325600
2008-01-04,904.83001709,905.38000488,903.09002686,903.09002686,8130000,1199412000
2008-01-07,899.5300293,899.5300293,884.0300293,887.08001709,9241000,1199671200
2008-01-08,892.67999268,899.2199707,892.67999268,893.73999023,9685000,1199757600
2008-01-09,888.69000244,889.11999512,878.40997314,878.40997314,8308000,1199844000
2008-01-10,858.07000732,858.55999756,849.69000244,850.07000732,12591000,1199930400
2008-01-11,860.52001953,867.5,860.13000488,860.77001953,7574000,1200016800
2008-01-14,859.28997803,859.28997803,841.0,841.0,10676000,1200276000
2008-01-15,819.03997803,820.20001221,807.7199707,808.83001709,10684000,1200362400
2008-01-16,836.42999268,846.07000732,835.20001221,846.07000732,14173000,1200448800
2008-01-17,861.7800293,861.7800293,830.73999023,833.80999756,11571000,1200535200
2008-01-18,831.08001709,847.04998779,828.2199707,847.04998779,7372000,1200621600
2008-01-21,839.30999756,839.36999512,833.88000488,833.88000488,9727000,1200880800
2008-01-22,808.46002197,813.01000977,807.73999023,807.73999023,12750000,1200967200
2008-01-23,785.77001953,787.11999512,775.29998779,776.67999268,11314000,1201053600
2008-01-24,785.91998291,790.52001953,764.13000488,764.13000488,12854000,1201140000
2008-01-25,763.65997314,778.82000732,762.98999023,776.03997803,7888000,1201226400
2008-01-28,781.91998291,785.07000732,775.90002441,785.07000732,7589000,1201485600
2008-01-29,787.29998779,811.60998535,786.41998291,811.60998535,9962000,1201572000
2008-01-30,844.95001221,848.88000488,843.09997559,843.09997559,13928000,1201658400
2008-01-31,831.73999023,844.10998535,826.0300293,844.10998535,17333000,1201744800
2008-02-01,854.15002441,859.61999512,852.32000732,859.61999512,15355000,1201831200
2008-02-12,857.02001953,857.02001953,840.5,841.22998047,6564000,1202781600
2008-02-13,830.53997803,830.77001953,817.85998535,817.85998535,8112000,1202868000
2008-02-14,824.34002686,832.65997314,823.46002197,823.46002197,9040000,1202954400
2008-02-15,821.0,821.0300293,813.89001465,816.0300293,5835000,1203040800
2008-02-18,784.79998779,786.45001221,780.7800293,782.57000732,14527000,1203300000
2008-02-19,764.41998291,780.90997314,764.16998291,776.78997803,14491000,1203386400
2008-02-20,775.29998779,775.92999268,744.91998291,744.91998291,12808000,1203472800
2008-02-21,711.7800293,712.27001953,710.16998291,710.45001221,20132000,1203559200
2008-02-22,678.32000732,687.09997559,677.78997803,687.09997559,16378000,1203645600
2008-02-25,706.0,715.25,706.0,715.03997803,23913000,1203904800
2008-02-26,714.85998535,714.85998535,692.83001709,692.90997314,13421000,1203991200
2008-02-27,681.45001221,704.66998291,681.34997559,686.48999023,11095000,1204077600
2008-02-28,687.75,688.70001221,677.79998779,678.11999512,10955000,1204164000
2008-02-29,670.48999023,672.15002441,661.75,663.29998779,12885000,1204250400
2008-03-03,646.08001709,646.30999756,634.2199707,635.23999023,12253000,1204509600
2008-03-04,608.04998779,608.88000488,606.09997559,608.88000488,21832000,1204596000
2008-03-05,581.19000244,583.45001221,580.40002441,583.45001221,12207000,1204682400
2008-03-06,609.77001953,611.26000977,609.77001953,611.16998291,28050000,1204768800
2008-03-07,638.22998047,640.14001465,638.0300293,640.14001465,10081000,1204855200
2008-03-10,667.63000488,669.23999023,657.5300293,658.28997803,27313000,1205114400
2008-03-11,642.86999512,643.67999268,638.71002197,638.71002197,19400000,1205200800
2008-03-12,632.08001709,654.4699707,632.08001709,643.90002441,16312000,1205287200
2008-03-13,655.17999268,655.17999268,644.65997314,647.59997559,15006000,1205373600
2008-03-14,640.03997803,643.91998291,640.03997803,643.79998779,12415000,1205460000
2008-03-17,623.22998047,624.30999756,615.71002197,615.71002197,17875000,1205719200
2008-03-18,588.63000488,589.57000732,588.16998291,588.26000977,9694000,1205805600
2008-03-19,584.5300293,592.17999268,573.45001221,573.45001221,27940000,1205892000
2008-03-20,568.32000732,576.40997314,564.82000732,564.82000732,15175000,1205978400
2008-03-21,553.04998779,553.69000244,545.67999268,545.67999268,14588000,1206064800
2008-03-24,524.7199707,525.23999023,521.07000732,521.07000732,10076000,1206324000
2008-03-25,497.25,497.39001465,496.64001465,496.64001465,9444000,1206410400
2008-03-26,495.01998901,504.77999878,494.3999939,504.67001343,20174000,1206496800
2008-03-27,507.79000854,508.79000854,507.79000854,508.75,7421000,1206583200
2008-03-28,512.19000244,512.73999023,512.19000244,512.70001221,3700000,1206669600
2008-03-31,516.59002686,516.84997559,516.58001709,516.84997559,4838000,1206928800
2008-04-01,520.5300293,520.98999023,520.5300293,520.98999023,2898000,1207015200
2008-04-02,524.38000488,525.10998535,524.38000488,525.10998535,3142000,1207101600
2008-04-03,528.46002197,529.22998047,528.46002197,529.22998047,9643000,1207188000
2008-04-04,531.55999756,533.0,531.55999756,533.0,1577000,1207274400
2008-04-07,541.41998291,542.33001709,541.36999512,542.33001709,7548000,1207533600
2008-04-08,550.67999268,550.67999268,544.28997803,548.55999756,26850000,1207620000
2008-04-09,552.41998291,552.41998291,550.0300293,552.04998779,11032000,1207706400
2008-04-10,549.16998291,549.16998291,543.88000488,545.72998047,10099000,1207792800
2008-04-11,537.71002197,539.01000977,536.9699707,539.01000977,9264000,1207879200
2008-04-16,530.90002441,531.72998047,530.03997803,531.38000488,6432000,1208311200
2008-04-17,523.52001953,537.58001709,523.45001221,537.58001709,14090000,1208397600
2008-04-18,540.08001709,540.08001709,534.51000977,537.30999756,10844000,1208484000
2008-04-21,534.61999512,534.91998291,532.52001953,534.91998291,7716000,1208743200
2008-04-22,530.26000977,530.61999512,528.59997559,530.61999512,5337000,1208829600
2008-04-23,523.59997559,523.59997559,521.82000732,521.95001221,7455000,1208916000
2008-04-24,515.14001465,518.41998291,515.02001953,518.41998291,7521000,1209002400
2008-04-25,514.36999512,515.88000488,513.92999268,515.88000488,7326000,1209088800
2008-04-28,514.78997803,519.61999512,514.44000244,519.41998291,9767000,1209348000
2008-04-29,523.85998535,524.07000732,520.40997314,522.35998535,10160000,1209434400
2008-05-05,523.28997803,523.75,521.2800293,521.2800293,6243000,1209952800
2008-05-06,518.21002197,518.34997559,516.21002197,518.34997559,7403000,1210039200
2008-05-07,514.65997314,515.26000977,510.94000244,515.26000977,6748000,1210125600
2008-05-08,507.30999756,507.94000244,506.42999268,507.94000244,5432000,1210212000
2008-05-09,499.58999634,500.32998657,499.42001343,500.32998657,3507000,1210298400
2008-05-12,492.95001221,493.26998901,492.04000854,492.04000854,2761000,1210557600
2008-05-13,484.76998901,484.76998901,483.92001343,483.92001343,1340000,1210644000
2008-05-14,477.29000854,477.29000854,475.5,475.5,1934000,1210730400
2008-05-15,468.55999756,468.55999756,466.67001343,466.67001343,2664000,1210816800
2008-05-16,459.61999512,461.95999146,459.36999512,460.04000854,9140000,1210903200
2008-05-19,453.92999268,455.67001343,453.45001221,455.67001343,6613000,1211162400
2008-05-20,450.02999878,450.38000488,448.94000244,449.23999023,6326000,1211248800
2008-05-21,442.47000122,442.47000122,441.52999878,441.75,5222000,1211335200
2008-05-22,435.64001465,435.73001099,434.75,434.75,8126000,1211421600
2008-05-23,427.83999634,428.20001221,427.52999878,428.04998779,4953000,1211508000
2008-05-26,422.48001099,422.48001099,420.51000977,420.51000977,5156000,1211767200
2008-05-30,413.98999023,414.14001465,413.76998901,414.1000061,4724000,1212112800
2008-06-02,408.20001221,408.20001221,407.32000732,407.94000244,10180000,1212372000
2008-06-03,402.39001465,402.39001465,401.14001465,401.20001221,4992000,1212458400
2008-06-04,395.54000854,395.66000366,394.63000488,395.66000366,8992000,1212544800
2008-06-05,390.85998535,390.98001099,390.05999756,390.07998657,5493000,1212631200
2008-06-06,385.17999268,385.20001221,384.04998779,384.23999023,3182000,1212717600
2008-06-09,380.23001099,380.23001099,379.11999512,379.11999512,3009000,1212976800
2008-06-10,374.32998657,374.52999878,373.0,373.0,3513000,1213063200
2008-06-11,368.05999756,371.73001099,367.45999146,370.45001221,12808000,1213149600
2008-06-12,368.17001343,370.54998779,368.1000061,370.54998779,7675000,1213236000
2008-06-13,370.82998657,373.97000122,370.82998657,372.67999268,12319000,1213322400
2008-06-16,376.23001099,378.67999268,376.23001099,378.20001221,17343000,1213581600
2008-06-17,384.17001343,384.72000122,384.07998657,384.70999146,9680000,1213668000
2008-06-18,389.01000977,389.01000977,380.08999634,382.07000732,24173000,1213754400
2008-06-19,372.79998779,373.26998901,371.94000244,373.26998901,7459000,1213840800
2008-06-20,364.70999146,366.04000854,364.32000732,366.01998901,7874000,1213927200
2008-06-23,367.07998657,369.69000244,367.0,368.95001221,10364000,1214186400
2008-06-24,373.0,375.97000122,372.89001465,375.97000122,7355000,1214272800
2008-06-25,382.35998535,383.77999878,382.13000488,383.77999878,9308000,1214359200
2008-06-26,392.69000244,392.69000244,382.32000732,386.48001099,15348000,1214445600
2008-06-27,385.20999146,392.77999878,383.47000122,392.60998535,10808000,1214532000
2008-06-30,395.26998901,399.3999939,394.97000122,399.3999939,7969000,1214791200
2008-07-01,406.45999146,409.82998657,406.44000244,409.60998535,9276000,1214877600
2008-07-02,417.77999878,420.04000854,417.20999146,419.29000854,16878000,1214964000
2008-07-03,428.79998779,430.13000488,428.51000977,430.04998779,10777000,1215050400
2008-07-04,441.42999268,441.5,439.67999268,439.67999268,11910000,1215136800
2008-07-07,448.48999023,448.48999023,431.72000122,435.89001465,26279000,1215396000
2008-07-08,427.3500061,436.70999146,426.48999023,436.70999146,17109000,1215482400
2008-07-09,439.20999146,440.76000977,438.72000122,439.54998779,17010000,1215568800
2008-07-10,444.26000977,446.6000061,443.95001221,446.6000061,14312000,1215655200
2008-07-11,453.70001221,456.64001465,453.70001221,456.64001465,13583000,1215741600
2008-07-14,466.30999756,467.94000244,465.39001465,467.94000244,10067000,1216000800
2008-07-15,479.61999512,479.79998779,478.70999146,479.79998779,11981000,1216087200
2008-07-16,486.73999023,486.73999023,476.51998901,486.52999878,38665000,1216173600
2008-07-17,492.60998535,493.17001343,489.82998657,489.82998657,16080000,1216260000
2008-07-18,480.08999634,487.3999939,480.08999634,483.04998779,27678000,1216346400
2008-07-21,472.95001221,473.45001221,470.10998535,470.82000732,16146000,1216605600
2008-07-22,461.30999756,461.30999756,457.88000488,457.88000488,2558000,1216692000
2008-07-23,451.17001343,451.17001343,445.58999634,445.58999634,2023000,1216778400
2008-07-24,435.73001099,440.98999023,434.01000977,435.79000854,23975000,1216864800
2008-07-25,428.04000854,429.45999146,427.3999939,429.45999146,9229000,1216951200
2008-07-28,426.23001099,434.64001465,425.94000244,434.64001465,16584000,1217210400
2008-07-29,443.45001221,445.11999512,443.45001221,444.3999939,15815000,1217296800
2008-07-30,448.39001465,448.80999756,442.82998657,448.26998901,21127000,1217383200
2008-07-31,447.42001343,451.35998535,444.94000244,451.35998535,14075000,1217469600
2008-08-01,447.36999512,449.85998535,446.48001099,447.10998535,12388000,1217556000
2008-08-04,439.48999023,440.51998901,438.17001343,439.41000366,12543000,1217815200
2008-08-05,429.77999878,430.26000977,428.63000488,430.26000977,10521000,1217901600
2008-08-06,431.42999268,437.45001221,431.42999268,437.45001221,16667000,1217988000
2008-08-07,446.8500061,446.86999512,438.82998657,438.82998657,17697000,1218074400
2008-08-08,441.79000854,444.29000854,438.82000732,444.27999878,14906000,1218160800
2008-08-11,454.86999512,455.07998657,454.04000854,454.79998779,15722000,1218420000
2008-08-12,464.08999634,464.61999512,456.26998901,459.89001465,23086000,1218506400
2008-08-13,460.27999878,465.17001343,457.30999756,464.01000977,21829000,1218592800
2008-08-14,470.14001465,476.55999756,469.64001465,476.5,20704000,1218679200
2008-08-15,488.80999756,489.17999268,488.69000244,488.94000244,10620000,1218765600
2008-08-18,504.14001465,508.48001099,503.6499939,508.04998779,18830000,1219024800
2008-08-19,504.14001465,511.52999878,503.6499939,511.52999878,34277000,1219111200
2008-08-20,497.75,514.95001221,497.75,508.47000122,32386000,1219197600
2008-08-21,512.53997803,525.97998047,510.69000244,525.97998047,25484000,1219284000
2008-08-22,535.98999023,536.60998535,526.97998047,526.97998047,23324000,1219370400
2008-08-25,544.75,548.7199707,542.89001465,548.25,22654000,1219629600
2008-08-26,568.35998535,569.53997803,561.66998291,561.66998291,20199000,1219716000
2008-08-27,568.90997314,575.71002197,561.84997559,561.84997559,33645000,1219802400
2008-08-28,549.84002686,551.29998779,547.45001221,547.69000244,37141000,1219888800
2008-08-29,533.09997559,539.09997559,531.36999512,539.09997559,33188000,1219975200
2008-09-03,552.59997559,559.34002686,552.59997559,555.14001465,17639000,1220407200
2008-09-04,556.60998535,558.61999512,549.71002197,558.55999756,31508000,1220493600
2008-09-05,551.34997559,553.36999512,546.65997314,546.65997314,22719000,1220580000
2008-09-08,527.84002686,536.09997559,526.0300293,532.71002197,36500000,1220839200
2008-09-09,532.89001465,542.96002197,525.48999023,525.48999023,30075000,1220925600
2008-09-10,530.01000977,530.25,508.69000244,514.45001221,28599000,1221012000
2008-09-11,499.02999878,500.14001465,496.83999634,497.01000977,17122000,1221098400
2008-09-12,477.35998535,479.45001221,475.14001465,476.0,15284000,1221184800
2008-09-15,470.38000488,493.16000366,470.38000488,476.76000977,32648000,1221444000
2008-09-16,466.16000366,466.16000366,455.95001221,455.95001221,17086000,1221530400
2008-09-17,436.23999023,438.79000854,436.23999023,437.23999023,14452000,1221616800
2008-09-18,417.23999023,419.27999878,416.88000488,419.27999878,12916000,1221703200
2008-09-19,434.14001465,439.1499939,434.14001465,439.05999756,25528000,1221789600
2008-09-22,459.64001465,459.86999512,459.57000732,459.85998535,14329000,1222048800
2008-09-23,455.61999512,474.63000488,452.76000977,465.86999512,39624000,1222135200
2008-09-24,461.19000244,465.61999512,454.54998779,455.04998779,14389000,1222221600
2008-09-25,459.05999756,470.42999268,459.05999756,470.42999268,18078000,1222308000
2008-09-26,490.26000977,490.26000977,475.6000061,483.80999756,22351000,1222394400
2008-09-29,476.72000122,487.23999023,472.42001343,479.0,18940000,1222653600
2008-09-30,457.26000977,457.26000977,456.57998657,456.70001221,4734000,1222740000
2008-10-01,463.26000977,464.35998535,448.02999878,454.41000366,19831000,1222826400
2008-10-02,466.10998535,466.92999268,454.17001343,460.25,15661000,1222912800
2008-10-03,449.44000244,456.55999756,449.44000244,452.14001465,12305000,1222999200
2008-10-06,436.70001221,437.36999512,432.11999512,433.70999146,14835000,1223258400
2008-10-07,413.63000488,415.11999512,413.63000488,414.23999023,10699000,1223344800
2008-10-08,397.20001221,402.36999512,396.88000488,401.32998657,17175000,1223431200
2008-10-09,389.98001099,410.01000977,389.98001099,397.67999268,21421000,1223517600
2008-10-10,379.1000061,381.8999939,378.66000366,379.05999756,16481000,1223604000
2008-10-13,377.76998901,381.07000732,371.3999939,371.67001343,13693000,1223863200
2008-10-14,381.94000244,389.32998657,381.94000244,389.32998657,9132000,1223949600
2008-10-15,399.85998535,399.85998535,388.29000854,397.1499939,26619000,1224036000
2008-10-16,380.44000244,388.42001343,380.44000244,384.60998535,18398000,1224122400
2008-10-17,385.76998901,386.05999756,382.02999878,382.51000977,11687000,1224208800
2008-10-20,377.20001221,377.98999023,370.75,370.79998779,12888000,1224468000
2008-10-21,379.52999878,379.94000244,373.55999756,379.94000244,16994000,1224554400
2008-10-22,369.88000488,374.91000366,369.88000488,374.91000366,13235000,1224640800
2008-10-23,361.20999146,363.17001343,359.47000122,360.42999268,13528000,1224727200
2008-10-24,346.51000977,348.25,345.10998535,345.10998535,13177000,1224813600
2008-10-27,329.42999268,330.36999512,329.04000854,329.27999878,14722000,1225072800
2008-10-28,313.63000488,322.79998779,313.63000488,322.79998779,18204000,1225159200
2008-10-29,336.75,336.95001221,328.70001221,331.61999512,23317000,1225245600
2008-10-30,330.29000854,337.14001465,328.20001221,336.57000732,17556000,1225332000
2008-10-31,343.22000122,347.04998779,342.66000366,347.04998779,14577000,1225418400
2008-11-03,347.73001099,351.1000061,343.73999023,348.64001465,17832000,1225677600
2008-11-04,349.04000854,363.1499939,348.57000732,361.44000244,19519000,1225764000
2008-11-05,377.79000854,377.82998657,376.98999023,377.82998657,16298000,1225850400
2008-11-06,371.57998657,388.26998901,369.54998779,379.51000977,30349000,1225936800
2008-11-07,366.25,371.6499939,364.98999023,365.97000122,17341000,1226023200
2008-11-10,368.38000488,372.26998901,365.73001099,366.0,17056000,1226282400
2008-11-11,355.5,356.54000854,351.35998535,351.70999146,15957000,1226368800
2008-11-12,339.01000977,342.32998657,338.72000122,342.32998657,14907000,1226455200
2008-11-13,334.51000977,347.57000732,334.51000977,346.23999023,16181000,1226541600
2008-11-14,357.75,357.75,351.72000122,352.07000732,14139000,1226628000
2008-11-17,346.89001465,348.92999268,345.04998779,345.04998779,10763000,1226887200
2008-11-18,338.60998535,342.0,338.45999146,340.69000244,12104000,1226973600
2008-11-19,342.92999268,342.92999268,336.89001465,336.89001465,10008000,1227060000
2008-11-20,326.55999756,328.64001465,324.8999939,325.73999023,15719000,1227146400
2008-11-21,315.5,322.3500061,315.23001099,318.95999146,17623000,1227232800
2008-11-24,322.79000854,322.79000854,317.92999268,317.92999268,13276000,1227492000
2008-11-25,320.14001465,320.32998657,317.64001465,320.32998657,11341000,1227578400
2008-11-26,318.19000244,318.20001221,311.73999023,311.73999023,11984000,1227664800
2008-11-27,308.57000732,309.58999634,303.54000854,303.54000854,13269000,1227751200
2008-11-28,311.35998535,314.73999023,311.35998535,314.73999023,12986000,1227837600
2008-12-01,313.32998657,317.36999512,310.02999878,314.70999146,11219000,1228096800
2008-12-02,305.95001221,307.92999268,305.86999512,307.45001221,8809000,1228183200
2008-12-03,307.8999939,308.11999512,304.27999878,306.22000122,8915000,1228269600
2008-12-04,306.44000244,310.8500061,306.44000244,308.6000061,10802000,1228356000
2008-12-05,303.82998657,303.91000366,298.79998779,299.67999268,10280000,1228442400
2008-12-08,291.82998657,292.35998535,287.8999939,288.69000244,14456000,1228701600
2008-12-09,285.55999756,293.29998779,285.52999878,293.29998779,9374000,1228788000
2008-12-10,290.04998779,290.22000122,286.8500061,286.8500061,9963000,1228874400
2008-12-11,285.55999756,289.48001099,284.05999756,288.92999268,7697000,1228960800
2008-12-12,295.51000977,299.54000854,295.25,299.54000854,12386000,1229047200
2008-12-15,308.01998901,308.27999878,303.67999268,308.27999878,10441000,1229306400
2008-12-16,305.6499939,305.6499939,296.20999146,296.42001343,12462000,1229392800
2008-12-17,295.04000854,301.76998901,293.08999634,301.01998901,15397000,1229479200
2008-12-18,301.33999634,305.55999756,300.27999878,305.55999756,12234000,1229565600
2008-12-19,305.42999268,309.92999268,305.42999268,307.26000977,15594000,1229652000
2008-12-22,314.35998535,314.76000977,310.04998779,310.04998779,16034000,1229911200
2008-12-23,303.79000854,304.67001343,301.73999023,303.92999268,20277000,1229997600
2008-12-24,298.77999878,304.04998779,298.66000366,304.04998779,12202000,1230084000
2008-12-25,304.29000854,304.36999512,301.92999268,302.19000244,9323000,1230170400
2008-12-26,300.91000366,304.45999146,300.45999146,304.45999146,10199000,1230256800
2008-12-29,306.45001221,308.55999756,306.45001221,308.55999756,8527000,1230516000
2008-12-30,310.60998535,316.32000732,310.29000854,316.32000732,15493000,1230602400
2008-12-31,318.82000732,318.82000732,314.36999512,315.61999512,15718000,1230688800
2009-01-02,312.48999023,313.33999634,312.17999268,313.33999634,5631000,1230861600
2009-01-05,308.76998901,311.91000366,308.25,311.91000366,7922000,1231120800
2009-01-06,312.91000366,315.01998901,312.88000488,314.04000854,12969000,1231207200
2009-01-07,320.3999939,322.58999634,319.29000854,319.57998657,14749000,1231293600
2009-01-08,315.92001343,318.79000854,313.04000854,314.1499939,14936000,1231380000
2009-01-09,313.75,313.82000732,312.11999512,313.3999939,8480000,1231466400
2009-01-12,311.23999023,312.6499939,310.32998657,312.17999268,6519000,1231725600
2009-01-13,308.57000732,309.16000366,306.92001343,307.13000488,8641000,1231812000
2009-01-14,306.14001465,310.32998657,306.14001465,307.98001099,8683000,1231898400
2009-01-15,304.30999756,305.54000854,304.01000977,304.01000977,6367000,1231984800
2009-01-16,305.72000122,307.1000061,305.04000854,306.11999512,7610000,1232071200
2009-01-19,305.89001465,306.38000488,304.52999878,304.98001099,4746000,1232330400
2009-01-20,303.10998535,303.52999878,302.73999023,302.85998535,5285000,1232416800
2009-01-21,300.92001343,301.97000122,300.01998901,300.04000854,5234000,1232503200
2009-01-22,300.67999268,302.29000854,300.67999268,301.11999512,4669000,1232589600
2009-01-23,300.38000488,303.20999146,300.38000488,303.20999146,4619000,1232676000
2009-02-02,301.11999512,301.29998779,297.51998901,297.51998901,5355000,1233540000
2009-02-03,291.6000061,292.17999268,288.69000244,288.69000244,8201000,1233626400
2009-02-04,286.82998657,290.98999023,286.10998535,286.10998535,5681000,1233712800
2009-02-05,284.33999634,284.33999634,277.80999756,277.80999756,7580000,1233799200
2009-02-06,279.73999023,281.63000488,277.05999756,281.63000488,7480000,1233885600
2009-02-09,285.54998779,287.82998657,284.29000854,287.57000732,5771000,1234144800
2009-02-10,282.82000732,283.1499939,281.6000061,282.01998901,6781000,1234231200
2009-02-11,275.05999756,276.70999146,274.82998657,276.22000122,7744000,1234317600
2009-02-12,275.36999512,277.82998657,275.36999512,276.08999634,8389000,1234404000
2009-02-13,274.20999146,275.29000854,274.20999146,274.51000977,5616000,1234490400
2009-02-16,274.85998535,274.91000366,272.07000732,272.30999756,5570000,1234749600
2009-02-17,268.76000977,269.29998779,263.07000732,263.07000732,11432000,1234836000
2009-02-18,255.17999268,256.73999023,254.19999695,255.08999634,11313000,1234922400
2009-02-19,257.30999756,258.20999146,253.36999512,254.8500061,9553000,1235008800
2009-02-20,252.41999817,252.57000732,250.53999329,252.57000732,8078000,1235095200
2009-02-23,247.03999329,247.63999939,243.80999756,244.02000427,11349000,1235354400
2009-02-24,236.57000732,236.69999695,234.66000366,235.5,11575000,1235440800
2009-02-25,241.8999939,244.46000671,241.44999695,244.33000183,10043000,1235527200
2009-02-26,241.77999878,242.75999451,237.88000488,242.52999878,13563000,1235613600
2009-02-27,239.75,246.05999756,239.69000244,245.74000549,11333000,1235700000
2009-03-02,244.22999573,247.74000549,244.22999573,247.66000366,8967000,1235959200
2009-03-03,241.78999329,242.50999451,240.96000671,241.46000671,10103000,1236045600
2009-03-04,243.07000732,245.36999512,242.91999817,244.36000061,7871000,1236132000
2009-03-05,249.69000244,249.69000244,246.67999268,246.67999268,8668000,1236218400
2009-03-06,244.6000061,245.69999695,243.75999451,245.69999695,7897000,1236304800
2009-03-09,246.99000549,247.8500061,246.52000427,247.8500061,10551000,1236564000
2009-03-10,249.71000671,251.88000488,248.0,251.88000488,12787000,1236650400
2009-03-11,258.42001343,258.42001343,255.8500061,255.8500061,17790000,1236736800
2009-03-12,251.86999512,254.41999817,249.75999451,251.00999451,19718000,1236823200
2009-03-13,252.55000305,253.22999573,251.44000244,251.44000244,12865000,1236909600
2009-03-16,252.67999268,254.55999756,252.44999695,254.55999756,12268000,1237168800
2009-03-17,257.6000061,263.20001221,257.6000061,263.20001221,21997000,1237255200
2009-03-18,273.29000854,273.39001465,272.42001343,273.39001465,28922000,1237341600
2009-03-19,272.92001343,276.80999756,267.04000854,267.04000854,32727000,1237428000
2009-03-20,264.76000977,269.8999939,264.76000977,266.61999512,16704000,1237514400
2009-03-23,264.85998535,265.10998535,260.16000366,260.16000366,17349000,1237773600
2009-03-24,271.17001343,271.35998535,269.51998901,270.61999512,24721000,1237860000
2009-03-25,270.02999878,278.29000854,269.64001465,277.63000488,28353000,1237946400
2009-03-26,285.25,286.25,283.26998901,286.25,26991000,1238032800
2009-03-27,292.64001465,292.8500061,287.41000366,287.41000366,35641000,1238119200
2009-03-30,281.6000061,287.08999634,281.05999756,282.38000488,26275000,1238378400
2009-03-31,278.52999878,280.67001343,276.58999634,280.67001343,22958000,1238464800
2009-04-01,282.07000732,289.51998901,282.07000732,289.51998901,22184000,1238551200
2009-04-02,293.95001221,297.29998779,292.38000488,297.29998779,29419000,1238637600
2009-04-03,306.60998535,310.27999878,306.60998535,310.27999878,42344000,1238724000
2009-04-07,313.72000122,322.35998535,309.82000732,322.35998535,49335000,1239069600
2009-04-08,316.6499939,328.45001221,313.39001465,313.76000977,55233000,1239156000
2009-04-09,316.73001099,316.73001099,309.97000122,311.72000122,35579000,1239242400
2009-04-10,323.73001099,325.89001465,323.73001099,325.04998779,30441000,1239328800
2009-04-13,334.42999268,340.01000977,334.42999268,340.01000977,27902000,1239588000
2009-04-14,344.19000244,347.76998901,339.17999268,347.07000732,53580000,1239674400
2009-04-15,344.08999634,347.80999756,338.57000732,339.29000854,62249000,1239760800
2009-04-16,346.19000244,346.19000244,339.70999146,343.88000488,45420000,1239847200
2009-04-17,341.19000244,341.19000244,329.29000854,334.14001465,68401000,1239933600
2009-04-20,319.20999146,319.61999512,318.8500061,318.89001465,18210000,1240192800
2009-04-21,309.83999634,312.76998901,305.0,312.76998901,27131000,1240279200
2009-04-22,313.86999512,323.88000488,313.86999512,321.85998535,54037000,1240365600
2009-04-23,320.48999023,324.89001465,315.20001221,315.20001221,29046000,1240452000
2009-04-24,308.61999512,309.8999939,304.48999023,309.8999939,28909000,1240538400
2009-04-27,315.60998535,316.76000977,311.11999512,313.69000244,21540000,1240797600
2009-04-28,311.1000061,315.70999146,310.44000244,315.70999146,22096000,1240884000
2009-04-29,315.67001343,321.63000488,315.44000244,321.63000488,25852000,1240970400
2009-05-04,336.30999756,336.64001465,336.30999756,336.64001465,14327000,1241402400
2009-05-05,352.48999023,352.55999756,351.14001465,351.32000732,27646000,1241488800
2009-05-06,356.07998657,357.51000977,348.82998657,350.14001465,78911000,1241575200
2009-05-07,357.98999023,364.45001221,357.98999023,363.8500061,42057000,1241661600
2009-05-08,363.92001343,370.67999268,363.92001343,366.22000122,49227000,1241748000
2009-05-11,371.32998657,376.92001343,370.35998535,372.95001221,43655000,1242007200
2009-05-12,374.10998535,382.04998779,371.11999512,381.97000122,45742000,1242093600
2009-05-13,382.66000366,386.29998779,378.25,378.25,52426000,1242180000
2009-05-14,372.48999023,376.75,368.05999756,376.75,52842000,1242266400
2009-05-15,379.36999512,390.16000366,379.36999512,390.16000366,52785000,1242352800
2009-05-18,390.35998535,395.44000244,390.35998535,390.8500061,50624000,1242612000
2009-05-19,399.64001465,404.3500061,399.32000732,400.8999939,53880000,1242698400
2009-05-20,402.36999512,412.20999146,402.36999512,410.38000488,60804000,1242784800
2009-05-21,410.8999939,416.8999939,410.8999939,412.51000977,63699000,1242871200
2009-05-22,408.26000977,410.33999634,400.92999268,404.57998657,71466000,1242957600
2009-05-25,409.45001221,422.05999756,409.45001221,421.75,45667000,1243216800
2009-05-26,425.07998657,429.92001343,423.95999146,425.02999878,54676000,1243303200
2009-05-27,426.51000977,431.39001465,423.20001221,425.17001343,59289000,1243389600
2009-05-28,421.88000488,421.8999939,414.67999268,415.45001221,57828000,1243476000
2009-05-29,419.42999268,420.29998779,409.0,411.64001465,48050000,1243562400
2009-06-01,418.75,427.63000488,418.44000244,426.42999268,42481000,1243821600
2009-06-02,436.04000854,446.07998657,436.04000854,440.55999756,52800000,1243908000
2009-06-03,443.22000122,447.32998657,442.54998779,444.79000854,57554000,1243994400
2009-06-04,446.17999268,458.42999268,446.17999268,458.19000244,60645000,1244080800
2009-06-05,464.66000366,479.16000366,464.66000366,478.72000122,47091000,1244167200
2009-06-08,488.98001099,501.48999023,488.98001099,501.48999023,32668000,1244426400
2009-06-09,503.6499939,514.72998047,503.6499939,512.46002197,78247000,1244512800
2009-06-10,509.10998535,510.26000977,494.6000061,497.51000977,101775000,1244599200
2009-06-11,499.67999268,514.38000488,499.67999268,511.26998901,64245000,1244685600
2009-06-12,520.2800293,525.2199707,509.05999756,509.58999634,66355000,1244772000
2009-06-15,506.0,506.0,487.26998901,493.51998901,75629000,1245031200
2009-06-16,477.51998901,477.51998901,471.07000732,471.97000122,46310000,1245117600
2009-06-17,465.32000732,472.47000122,455.77999878,472.47000122,68649000,1245204000
2009-06-18,476.55999756,487.60998535,474.69000244,479.26998901,57232000,1245290400
2009-06-19,485.82000732,486.86999512,472.10998535,475.22000122,50362000,1245376800
2009-06-22,458.35998535,458.47000122,458.10998535,458.10998535,41624000,1245636000
2009-06-23,442.45999146,442.45999146,437.44000244,438.54998779,31954000,1245722400
2009-06-24,440.70001221,457.48999023,440.70001221,456.22000122,52651000,1245808800
2009-06-25,471.36999512,471.36999512,453.27999878,453.76000977,52744000,1245895200
2009-06-26,453.42001343,461.36999512,453.30999756,461.36999512,39118000,1245981600
2009-06-29,461.98999023,465.98999023,459.69000244,460.42001343,28874000,1246240800
2009-06-30,462.51000977,462.51000977,447.6499939,448.29000854,40279000,1246327200
2009-07-01,439.57998657,439.57998657,429.45999146,430.0,45214000,1246413600
2009-07-02,427.89001465,436.91000366,422.3500061,433.79000854,43037000,1246500000
2009-07-03,425.10998535,435.44000244,425.10998535,435.44000244,28625000,1246586400
2009-07-06,442.3999939,454.26998901,442.29000854,454.26998901,33623000,1246845600
2009-07-07,450.48001099,455.3999939,446.92999268,447.63000488,47811000,1246932000
2009-07-08,442.98999023,448.95999146,440.23001099,446.79000854,32750000,1247018400
2009-07-09,450.11999512,452.07998657,445.42999268,446.3999939,27364000,1247104800
2009-07-10,445.82000732,445.98001099,437.32998657,438.82998657,34190000,1247191200
2009-07-13,435.82998657,435.82998657,426.67001343,426.67001343,29897000,1247450400
2009-07-14,425.08999634,425.47000122,415.80999756,418.54998779,33263000,1247536800
2009-07-15,424.1000061,430.77999878,424.1000061,427.04998779,23305000,1247623200
2009-07-16,438.07000732,440.42999268,432.22000122,433.47000122,30059000,1247709600
2009-07-17,431.94000244,431.94000244,427.75,428.67001343,25583000,1247796000
2009-07-20,415.29000854,415.30999756,411.39001465,412.88000488,28743000,1248055200
2009-07-21,412.97000122,418.22000122,412.23001099,416.42999268,26244000,1248141600
2009-07-22,423.3999939,423.3999939,419.07998657,419.48001099,20855000,1248228000
2009-07-23,417.6499939,434.20001221,417.20999146,434.20001221,25761000,1248314400
2009-07-24,444.95999146,454.70999146,444.95999146,454.70999146,28538000,1248400800
2009-07-27,462.25,470.19000244,460.22000122,469.70999146,62328000,1248660000
2009-07-28,467.33999634,472.57998657,462.67999268,462.98001099,61307000,1248746400
2009-07-29,464.39001465,470.23001099,458.04000854,458.04000854,36279000,1248832800
2009-07-30,451.79998779,455.23001099,444.95001221,451.91000366,31547000,1248919200
2009-07-31,457.54998779,466.76000977,457.54998779,466.76000977,38509000,1249005600
2009-08-03,466.82000732,473.25,465.35998535,467.92999268,35106000,1249264800
2009-08-04,475.08999634,477.60998535,472.64001465,476.58999634,46177000,1249351200
2009-08-05,474.38000488,481.29000854,472.32998657,481.29000854,42205000,1249437600
2009-08-06,481.60998535,490.98999023,481.26998901,481.44000244,60747000,1249524000
2009-08-07,480.42001343,483.45999146,478.64001465,480.6499939,42234000,1249610400
2009-08-10,485.92001343,492.32998657,483.67999268,491.20001221,48041000,1249869600
2009-08-11,490.95999146,494.67999268,490.45999146,494.17001343,50876000,1249956000
2009-08-12,498.76000977,501.57000732,496.79998779,497.16000366,64868000,1250042400
2009-08-13,501.98999023,506.6000061,501.98999023,503.57998657,70353000,1250128800
2009-08-14,503.70001221,509.26998901,502.6499939,506.98999023,57908000,1250215200
2009-08-17,505.48999023,508.51000977,500.07998657,500.07998657,45756000,1250474400
2009-08-18,496.79000854,501.63000488,495.45999146,499.69000244,48152000,1250560800
2009-08-19,505.0,508.45999146,503.35998535,508.45999146,46799000,1250647200
2009-08-20,513.84002686,515.23999023,510.3999939,513.90002441,62035000,1250733600
2009-08-21,522.10998535,530.45001221,519.16998291,519.16998291,84118000,1250820000
2009-08-24,522.15002441,528.84002686,522.15002441,528.20001221,58259000,1251079200
2009-08-25,532.01000977,532.90997314,527.03997803,528.84997559,69580000,1251165600
2009-08-26,529.9699707,532.73999023,525.95001221,525.95001221,55524000,1251252000
2009-08-27,527.13000488,529.66998291,523.17999268,527.03997803,49976000,1251338400
2009-08-28,533.60998535,536.5300293,530.65997314,536.5300293,58222000,1251424800
2009-08-31,541.89001465,547.38000488,541.89001465,546.7800293,75092000,1251684000
2009-09-01,545.04998779,549.59002686,542.40997314,547.69000244,73199000,1251770400
2009-09-03,541.0,548.38000488,539.4699707,540.80999756,68054000,1251943200
2009-09-04,543.01000977,544.30999756,528.48999023,528.48999023,78740000,1252029600
2009-09-07,528.15997314,528.15997314,513.48999023,524.51000977,60731000,1252288800
2009-09-08,529.96002197,538.59002686,529.76000977,537.80999756,49013000,1252375200
2009-09-09,539.90002441,542.0,536.10998535,536.10998535,57251000,1252461600
2009-09-10,535.52001953,541.90002441,535.39001465,540.19000244,52978000,1252548000
2009-09-11,548.98999023,549.61999512,547.84002686,547.98999023,62999000,1252634400
2009-09-14,551.70001221,559.71002197,551.70001221,556.59002686,65460000,1252893600
2009-09-15,558.42999268,562.22998047,553.29998779,556.75,72347000,1252980000
2009-09-16,560.46002197,562.48999023,556.97998047,556.97998047,68354000,1253066400
2009-09-17,559.34997559,564.22998047,553.20001221,561.19000244,76595000,1253152800
2009-09-18,561.65997314,571.01000977,561.65997314,571.01000977,65821000,1253239200
2009-09-21,578.32000732,581.01000977,577.96002197,577.9699707,69185000,1253498400
2009-09-22,578.64001465,585.51000977,577.86999512,582.84997559,75326000,1253584800
2009-09-23,587.40002441,594.32000732,582.10998535,582.10998535,91823000,1253671200
2009-09-24,576.83001709,583.64001465,572.15997314,574.7800293,72765000,1253757600
2009-09-25,574.09997559,582.84002686,574.09997559,582.84002686,77639000,1253844000
2009-09-28,585.83001709,590.90997314,582.02001953,582.02001953,75626000,1254103200
2009-09-29,582.08001709,587.86999512,581.22998047,582.59002686,85020000,1254189600
2009-09-30,583.15997314,586.26000977,578.32000732,580.90002441,75116000,1254276000
2009-10-01,581.79998779,581.79998779,568.98999023,568.98999023,65332000,1254362400
2009-10-02,552.9699707,556.15997314,544.32000732,549.72998047,77262000,1254448800
2009-10-05,553.21002197,556.54998779,543.20001221,549.0,49972000,1254708000
2009-10-06,554.08001709,557.08001709,550.48999023,552.0300293,44408000,1254794400
2009-10-07,560.78997803,569.58001709,560.2199707,566.41998291,47369000,1254880800
2009-10-08,570.46002197,571.84002686,566.03997803,571.84002686,52421000,1254967200
2009-10-09,575.39001465,582.52001953,575.39001465,581.98999023,70093000,1255053600
2009-10-12,588.67999268,595.69000244,587.10998535,594.29998779,76230000,1255312800
2009-10-13,594.20001221,597.40002441,589.48999023,589.89001465,85582000,1255399200
2009-10-14,590.84002686,605.65002441,590.84002686,605.65002441,85907000,1255485600
2009-10-15,612.02001953,626.10998535,612.02001953,617.38000488,107209000,1255572000
2009-10-16,616.44000244,619.52001953,609.53997803,609.53997803,123420000,1255658400
2009-10-19,609.0300293,612.01000977,605.79998779,607.10998535,90072000,1255917600
2009-10-20,615.27001953,617.08001709,613.61999512,616.58001709,91277000,1256004000
2009-10-21,617.14001465,622.26000977,614.72998047,618.47998047,93970000,1256090400
2009-10-22,619.5300293,625.02001953,619.04998779,624.09997559,98256000,1256176800
2009-10-23,626.14001465,633.21002197,615.67999268,615.67999268,137061000,1256263200
2009-10-26,615.58001709,623.71002197,608.26000977,609.34002686,86895000,1256522400
2009-10-27,602.60998535,602.60998535,590.71002197,596.7800293,95583000,1256608800
2009-10-28,602.9699707,604.82000732,596.34002686,599.85998535,70537000,1256695200
2009-10-29,588.22998047,588.22998047,575.72998047,581.48999023,86783000,1256781600
2009-10-30,590.84997559,594.72998047,583.75,587.11999512,67727000,1256868000
2009-11-02,565.84997559,565.84997559,559.97998047,561.71002197,64747000,1257127200
2009-11-03,557.04998779,557.04998779,539.46002197,539.65002441,64647000,1257213600
2009-11-04,537.82000732,550.28997803,533.22998047,537.5300293,60281000,1257300000
2009-11-05,545.59002686,556.57000732,542.30999756,555.53997803,57330000,1257386400
2009-11-06,565.70001221,569.71002197,554.88000488,554.88000488,61061000,1257472800
2009-11-09,544.90997314,547.2800293,534.09002686,534.09002686,47712000,1257732000
2009-11-10,534.7800293,535.71002197,520.0,524.40002441,52487000,1257818400
2009-11-11,526.28997803,537.59002686,523.04998779,537.59002686,43956000,1257904800
2009-11-12,541.35998535,550.7800293,540.58001709,545.97998047,49998000,1257991200
2009-11-13,540.64001465,549.2199707,536.90002441,548.21002197,48500000,1258077600
2009-11-16,550.9699707,554.53997803,545.70001221,545.70001221,47989000,1258336800
2009-11-17,549.17999268,550.13000488,543.60998535,547.08001709,50979000,1258423200
2009-11-18,547.16998291,553.83001709,543.96002197,553.83001709,51773000,1258509600
2009-11-19,556.7199707,562.64001465,553.09997559,560.04998779,62588000,1258596000
2009-11-20,558.48999023,562.2800293,554.21002197,555.84002686,53204000,1258682400
2009-11-23,551.91998291,553.40002441,537.28997803,537.28997803,50338000,1258941600
2009-11-24,535.59002686,538.78997803,526.92999268,527.13000488,45876000,1259028000
2009-11-25,519.73999023,519.73999023,503.23999023,503.41000366,66960000,1259114400
2009-11-26,495.6000061,495.6000061,479.38000488,482.6000061,40270000,1259200800
2009-11-27,464.72000122,503.13000488,461.48001099,490.61999512,68756000,1259287200
2009-11-30,494.11999512,506.66000366,494.11999512,504.11999512,38531000,1259546400
2009-12-01,513.41998291,518.32000732,512.15002441,514.91998291,43289000,1259632800
2009-12-02,507.47000122,514.83001709,499.14001465,499.14001465,53487000,1259719200
2009-12-03,494.60998535,502.14001465,485.58999634,494.79998779,42459000,1259805600
2009-12-04,499.86999512,499.98001099,493.41000366,494.95999146,34841000,1259892000
2009-12-07,495.42999268,498.60998535,491.55999756,498.60998535,27771000,1260151200
2009-12-08,494.64001465,495.95001221,485.55999756,488.47000122,33726000,1260237600
2009-12-09,473.30999756,474.57998657,468.3999939,470.63000488,46175000,1260324000
2009-12-10,474.54998779,474.54998779,458.6499939,458.72000122,38058000,1260410400
2009-12-11,450.6000061,452.51998901,442.60998535,444.16000366,39319000,1260496800
2009-12-14,449.25,460.79998779,447.89001465,458.39001465,45702000,1260756000
2009-12-15,458.44000244,463.42001343,454.83999634,459.44000244,29644000,1260842400
2009-12-16,452.17001343,452.17001343,440.20001221,442.1000061,37042000,1260928800
2009-12-17,432.42001343,436.41000366,427.05999756,434.86999512,39943000,1261015200
2009-12-18,440.88000488,449.54998779,440.88000488,443.33999634,53777000,1261101600
2009-12-21,457.07998657,460.98999023,452.54998779,460.98999023,35199000,1261360800
2009-12-22,468.02999878,470.92999268,462.86999512,465.23999023,48113000,1261447200
2009-12-23,464.13000488,471.3500061,463.32998657,470.75,41079000,1261533600
2009-12-24,469.20999146,479.13000488,464.39001465,479.13000488,51977000,1261620000
2009-12-25,487.92001343,495.76000977,487.19000244,495.07998657,53658000,1261706400
2009-12-28,490.67999268,499.01998901,485.76000977,492.57000732,50081000,1261965600
2009-12-29,487.55999756,493.67001343,483.76000977,484.45001221,71784000,1262052000
2009-12-30,484.25,495.35998535,483.07000732,495.35998535,56437000,1262138400
2009-12-31,502.83999634,504.83999634,494.76998901,494.76998901,70456000,1262224800
2010-01-04,501.73999023,517.04998779,501.73999023,517.04998779,44915000,1262570400
2010-01-05,529.22998047,539.39001465,529.22998047,532.5300293,70051000,1262656800
2010-01-06,529.4699707,538.84002686,526.36999512,534.46002197,67364000,1262743200
2010-01-07,536.7800293,540.77001953,530.67999268,533.34002686,75684000,1262829600
2010-01-08,540.95001221,544.48999023,520.90002441,520.90002441,84715000,1262916000
2010-01-11,522.7800293,524.05999756,512.15002441,515.05999756,44776000,1263175200
2010-01-12,511.23999023,516.75,498.30999756,498.30999756,52738000,1263261600
2010-01-13,495.72000122,508.60998535,485.75,508.60998535,55048000,1263348000
2010-01-14,516.44000244,517.7199707,509.25,512.33001709,36055000,1263434400
2010-01-15,509.19000244,512.63000488,503.29000854,505.42001343,37130000,1263520800
2010-01-18,499.07998657,499.23999023,487.13000488,487.13000488,41419000,1263780000
2010-01-19,489.83999634,498.1000061,489.76998901,495.51000977,33635000,1263866400
2010-01-20,498.73001099,499.1499939,489.5,489.5,35904000,1263952800
2010-01-21,481.97000122,489.47000122,477.79998779,478.42001343,41822000,1264039200
2010-01-22,474.1000061,481.69000244,471.8500061,477.58999634,30076000,1264125600
2010-01-25,476.75,481.04000854,476.75,480.91000366,21334000,1264384800
2010-01-26,490.11999512,497.8999939,490.11999512,497.8999939,33762000,1264471200
2010-01-27,496.85998535,498.20001221,486.41000366,486.41000366,33819000,1264557600
2010-01-28,484.67001343,487.80999756,481.47000122,481.76000977,23073000,1264644000
2010-01-29,481.48999023,484.1499939,477.10998535,481.95999146,26562000,1264730400
2010-02-01,482.92999268,486.95001221,481.83999634,486.95001221,23138000,1264989600
2010-02-02,489.61999512,490.85998535,486.23999023,487.92999268,27408000,1265076000
2010-02-03,490.32000732,495.8500061,490.11999512,495.48001099,26569000,1265162400
2010-02-04,496.25,504.3500061,496.01998901,503.82998657,36959000,1265248800
2010-02-05,495.67001343,501.05999756,491.04998779,493.04000854,33688000,1265335200
2010-02-08,488.85998535,491.6499939,487.72000122,491.20001221,21676000,1265594400
2010-02-09,486.97000122,488.76998901,482.38000488,482.89001465,25213000,1265680800
2010-02-10,486.85998535,491.17001343,486.85998535,490.91000366,19694000,1265767200
2010-02-11,492.98999023,499.97000122,491.85998535,499.94000244,21908000,1265853600
2010-02-12,505.33999634,508.72000122,504.77999878,507.0,23327000,1265940000
2010-02-22,513.19000244,513.19000244,507.92999268,510.01998901,21165000,1266804000
2010-02-23,504.51998901,504.51998901,496.29000854,496.29000854,27078000,1266890400
2010-02-24,492.89001465,494.8500061,490.20999146,494.58999634,27433000,1266976800
2010-02-25,497.5,500.23999023,493.73001099,494.98999023,28382000,1267063200
2010-02-26,494.30999756,496.91000366,491.97000122,496.91000366,39283000,1267149600
2010-03-01,502.57000732,505.33999634,502.42999268,503.01000977,35077000,1267408800
2010-03-02,503.98001099,505.58999634,500.07998657,501.0,43300000,1267495200
2010-03-03,505.04000854,507.32000732,501.95999146,507.32000732,37832000,1267581600
2010-03-04,510.92999268,516.77001953,510.92999268,511.91000366,50963000,1267668000
2010-03-05,512.7199707,514.4699707,509.60998535,513.39001465,45560000,1267754400
2010-03-08,517.0,522.83001709,517.0,521.11999512,55969000,1268013600
2010-03-09,520.75,527.29998779,520.13000488,527.27001953,62409000,1268100000
2010-03-10,526.2800293,529.63000488,522.80999756,525.66998291,57896000,1268186400
2010-03-11,526.92999268,529.5300293,524.36999512,524.64001465,52454000,1268272800
2010-03-12,528.90002441,531.51000977,526.70001221,531.51000977,55971000,1268359200
2010-03-15,538.01000977,538.01000977,531.54998779,531.85998535,56567000,1268618400
2010-03-16,526.05999756,529.54998779,516.08001709,516.08001709,67291000,1268704800
2010-03-17,519.90002441,520.14001465,510.8500061,510.8500061,51315000,1268791200
2010-03-18,515.23999023,519.72998047,510.47000122,519.72998047,46311000,1268877600
2010-03-19,520.14001465,521.2199707,515.98999023,515.98999023,54358000,1268964000
2010-03-22,515.71002197,517.78997803,511.57998657,511.57998657,42563000,1269223200
2010-03-23,512.21002197,513.07000732,506.52999878,506.52999878,45894000,1269309600
2010-03-24,511.04998779,512.86999512,508.75,512.11999512,46053000,1269396000
2010-03-25,507.8500061,508.82998657,502.16000366,503.39001465,52073000,1269482400
2010-03-26,505.51000977,506.3999939,501.64001465,505.29998779,63115000,1269568800
2010-03-29,506.70001221,509.1499939,504.04998779,505.67001343,37747000,1269828000
2010-03-30,504.70999146,506.29000854,500.72000122,500.72000122,59878000,1269914400
2010-03-31,501.8500061,504.0,499.23999023,499.23999023,52761000,1270000800
2010-04-01,500.30999756,508.91000366,499.98999023,508.17999268,53669000,1270087200
2010-04-02,510.38000488,513.09997559,508.54000854,510.48001099,43467000,1270173600
2010-04-05,514.16998291,516.27001953,513.45001221,514.78997803,44731000,1270432800
2010-04-06,517.47998047,520.30999756,515.33001709,515.33001709,68801000,1270519200
2010-04-07,516.21002197,517.26000977,512.53997803,515.82000732,51478000,1270605600
2010-04-08,515.7199707,519.40002441,514.73999023,515.92999268,55890000,1270692000
2010-04-09,517.05999756,519.60998535,516.40002441,517.41998291,63626000,1270778400
2010-04-12,522.11999512,523.15997314,519.5,519.92999268,54416000,1271037600
2010-04-13,521.03997803,523.22998047,517.97998047,517.97998047,53749000,1271124000
2010-04-14,518.57000732,518.73999023,515.80999756,516.21002197,45148000,1271210400
2010-04-15,521.01000977,521.48999023,518.39001465,521.48999023,53710000,1271296800
2010-04-16,523.7199707,523.98999023,521.5300293,522.0300293,63134000,1271383200
2010-04-19,521.34997559,521.69000244,516.73999023,516.73999023,61099000,1271642400
2010-04-20,517.35998535,519.7199707,515.20001221,515.20001221,58670000,1271728800
2010-04-21,517.53997803,520.20001221,517.53997803,519.70001221,56681000,1271815200
2010-04-22,521.90002441,534.5300293,521.90002441,529.30999756,79844000,1271901600
2010-04-26,531.69000244,535.40997314,531.21002197,531.21002197,69629000,1272247200
2010-04-27,532.58001709,536.22998047,531.57000732,535.7199707,57598000,1272333600
2010-04-28,536.08001709,539.83001709,536.08001709,539.20001221,60976000,1272420000
2010-04-29,541.44000244,542.73999023,541.19000244,542.36999512,74877000,1272506400
2010-05-04,544.52001953,550.60998535,544.52001953,549.11999512,89164000,1272938400
2010-05-05,548.75,551.39001465,546.13000488,548.01000977,86716000,1273024800
2010-05-06,549.19000244,551.40002441,547.02001953,549.51000977,81309000,1273111200
2010-05-07,548.2199707,548.2199707,536.51000977,542.0300293,112500000,1273197600
2010-05-10,541.48999023,541.48999023,532.40002441,534.38000488,82678000,1273456800
2010-05-11,537.84997559,539.92999268,532.7199707,534.35998535,69189000,1273543200
2010-05-12,527.52001953,527.52001953,519.59997559,519.59997559,69351000,1273629600
2010-05-13,521.92999268,524.20001221,516.10998535,518.92999268,60289000,1273716000
2010-05-14,522.91998291,523.47998047,519.97998047,520.7199707,45565000,1273802400
2010-05-17,521.29998779,521.66998291,509.5,511.26998901,55105000,1274061600
2010-05-18,510.48999023,510.75,505.13000488,508.29998779,45372000,1274148000
2010-05-19,503.66000366,504.57000732,494.8999939,494.8999939,60056000,1274234400
2010-05-20,481.79998779,503.54998779,481.67999268,503.54998779,59955000,1274320800
2010-05-21,487.76000977,490.29998779,482.16000366,483.69000244,61057000,1274407200
2010-05-24,485.1000061,489.61999512,479.55999756,486.19000244,44277000,1274666400
2010-05-25,484.79998779,490.32998657,482.85998535,486.25,43968000,1274752800
2010-05-26,491.45001221,492.69000244,488.29000854,492.69000244,41377000,1274839200
2010-05-27,491.63000488,497.16000366,489.75,497.16000366,41763000,1274925600
2010-05-28,509.47000122,513.34002686,506.42999268,512.98999023,58907000,1275012000
2010-05-31,510.54000854,513.44000244,506.32000732,507.44000244,44805000,1275271200
2010-06-01,505.17999268,509.13000488,503.6499939,508.67999268,37922000,1275357600
2010-06-02,505.17999268,511.1000061,504.79000854,510.73999023,40664000,1275444000
2010-06-03,516.15002441,516.2199707,511.16000366,511.16000366,51116000,1275530400
2010-06-04,511.8500061,513.0,508.75,510.36999512,52556000,1275616800
2010-06-07,498.94000244,502.17999268,494.98001099,496.89001465,52054000,1275876000
2010-06-08,494.07998657,497.95001221,493.20001221,497.19000244,38514000,1275962400
2010-06-09,500.11999512,502.52999878,497.23999023,497.55999756,34336000,1276048800
2010-06-10,497.0,500.60998535,495.3999939,500.51000977,33460000,1276135200
2010-06-11,505.07000732,506.75,504.29000854,504.29000854,44680000,1276221600
2010-06-14,506.54998779,509.3500061,506.30999756,508.32000732,46152000,1276480800
2010-06-15,509.29998779,510.17999268,506.5,508.01000977,48883000,1276567200
2010-06-16,510.3500061,513.07000732,510.3500061,510.72000122,51049000,1276653600
2010-06-17,510.29998779,511.16000366,508.35998535,510.76000977,53974000,1276740000
2010-06-18,511.92999268,514.03997803,509.3500061,511.17999268,63451000,1276826400
2010-06-21,515.08001709,515.76000977,513.95001221,514.75,48629000,1277085600
2010-06-22,513.22998047,515.39001465,511.30999756,512.63000488,78391000,1277172000
2010-06-23,510.26998901,514.40002441,508.83999634,512.82000732,49290000,1277258400
2010-06-24,513.57000732,514.95001221,511.67001343,511.67001343,53136000,1277344800
2010-06-25,506.05999756,509.57000732,505.11999512,505.11999512,52234000,1277431200
2010-06-28,505.36999512,507.70999146,505.26000977,507.27999878,48064000,1277690400
2010-06-29,509.83999634,511.36999512,509.45999146,510.70999146,46607000,1277776800
2010-06-30,501.19000244,507.14001465,501.05999756,507.14001465,59175000,1277863200
2010-07-01,504.10998535,506.60998535,503.6499939,504.01998901,47259000,1277949600
2010-07-02,505.1499939,505.54998779,502.5,503.6499939,42322000,1278036000
2010-07-05,505.67001343,507.07998657,504.54000854,506.54000854,39615000,1278295200
2010-07-06,505.75,505.75,500.70001221,500.82000732,52537000,1278381600
2010-07-07,502.5,503.83999634,496.91000366,496.91000366,46413000,1278468000
2010-07-08,502.05999756,502.20001221,498.54998779,498.54998779,42418000,1278554400
2010-07-09,499.04998779,501.10998535,498.95999146,499.45999146,30833000,1278640800
2010-07-12,499.82998657,500.39001465,497.16000366,499.92999268,36909000,1278900000
2010-07-13,505.42001343,509.85998535,502.57998657,509.07998657,47025000,1278986400
2010-07-14,512.2199707,512.80999756,507.33999634,507.33999634,53205000,1279072800
2010-07-15,505.83999634,507.63000488,505.01000977,505.19000244,42692000,1279159200
2010-07-16,505.47000122,507.11999512,504.17001343,506.20999146,46031000,1279245600
2010-07-19,504.25,506.83999634,503.22000122,506.83999634,43413000,1279504800
2010-07-20,507.04000854,507.25,505.23001099,506.55999756,47750000,1279591200
2010-07-21,507.16000366,507.26998901,505.3500061,505.3999939,50043000,1279677600
2010-07-22,503.13000488,503.61999512,500.04000854,500.27999878,50035000,1279764000
2010-07-23,502.79000854,502.86999512,499.73001099,500.30999756,39664000,1279850400
2010-07-26,501.20001221,501.92001343,498.1000061,498.1000061,42462000,1280109600
2010-07-27,499.02999878,501.85998535,497.67001343,497.67001343,43165000,1280196000
2010-07-28,497.3999939,497.85998535,491.0,491.0,46860000,1280282400
2010-07-29,488.92001343,492.92001343,488.92001343,491.10998535,37474000,1280368800
2010-07-30,491.29998779,495.1000061,491.29998779,493.91000366,46043000,1280455200
2010-08-02,494.77999878,495.26000977,491.26998901,491.60998535,37376000,1280714400
2010-08-03,493.3999939,496.52999878,491.8999939,491.8999939,42361000,1280800800
2010-08-04,490.29000854,490.30999756,484.66000366,486.70999146,41528000,1280887200
2010-08-05,488.75,489.17001343,485.35998535,486.20999146,37421000,1280973600
2010-08-06,485.22000122,485.22000122,482.36999512,482.82000732,36668000,1281060000
2010-08-09,482.6499939,482.6499939,472.51000977,472.73999023,43433000,1281319200
2010-08-10,468.83999634,469.30999756,458.22000122,461.67001343,57297000,1281405600
2010-08-11,463.07998657,465.88000488,458.85998535,463.11999512,40059000,1281492000
2010-08-12,458.02999878,458.58999634,448.25,448.3999939,49742000,1281578400
2010-08-13,440.72000122,452.73001099,440.72000122,452.73001099,45954000,1281664800
2010-08-16,458.08999634,464.76000977,456.88000488,464.76000977,42908000,1281924000
2010-08-17,461.89001465,463.86999512,457.19000244,463.51998901,36698000,1282010400
2010-08-18,461.76000977,462.11999512,453.23001099,455.48999023,37456000,1282096800
2010-08-19,454.5,455.94000244,450.07000732,452.23001099,31549000,1282183200
2010-08-20,452.05999756,454.83999634,444.38000488,454.83999634,34205000,1282269600
2010-08-23,453.05999756,453.05999756,447.92001343,447.92001343,24990000,1282528800
2010-08-24,441.73001099,441.73001099,433.6000061,434.42001343,47295000,1282615200
2010-08-25,427.01000977,428.45999146,421.29998779,423.89001465,51493000,1282701600
2010-08-26,425.54000854,429.11999512,421.80999756,427.07000732,39742000,1282788000
2010-08-27,423.1000061,431.23999023,421.73001099,429.14001465,34085000,1282874400
2010-08-30,439.26998901,445.44000244,439.26998901,444.54998779,34602000,1283133600
2010-08-31,447.85998535,455.42999268,445.35998535,455.07998657,55601000,1283220000
2010-09-01,456.48001099,458.75,450.92999268,458.75,47060000,1283306400
2010-09-06,463.94000244,469.25,463.94000244,466.0,57209000,1283738400
2010-09-07,463.3500061,467.3500061,458.92999268,460.58999634,52680000,1283824800
2010-09-08,454.3999939,458.44000244,453.02999878,458.44000244,56088000,1283911200
2010-09-09,462.52999878,465.69000244,459.85998535,463.67999268,47981000,1283997600
2010-09-10,463.48001099,464.27999878,451.39001465,451.39001465,53016000,1284084000
2010-09-13,448.97000122,452.47000122,442.42999268,447.26998901,46336000,1284343200
2010-09-14,450.95001221,451.45999146,447.95001221,449.01000977,37526000,1284429600
2010-09-15,449.07000732,450.48001099,444.73999023,448.72000122,38665000,1284516000
2010-09-16,445.69000244,450.8500061,445.48999023,449.51998901,38076000,1284602400
2010-09-17,451.48999023,457.57998657,450.64001465,457.57998657,49764000,1284688800
2010-09-20,462.01000977,462.82998657,457.86999512,457.86999512,55546000,1284948000
2010-09-21,457.73001099,457.92001343,453.32000732,453.32000732,57417000,1285034400
2010-09-22,453.01000977,455.80999756,453.01000977,453.8999939,33407000,1285120800
2010-09-23,451.41000366,453.70999146,447.16000366,450.76998901,52220000,1285207200
2010-09-24,449.13000488,452.27999878,448.16000366,449.70999146,34935000,1285293600
2010-09-27,451.17001343,452.51000977,449.36999512,450.20001221,37409000,1285552800
2010-09-28,452.07000732,455.13000488,452.07000732,455.13000488,38954000,1285639200
2010-09-29,457.98999023,458.0,452.94000244,452.94000244,33195000,1285725600
2010-09-30,452.70999146,454.51998901,451.27999878,454.51998901,40627000,1285812000
2010-10-01,454.41000366,455.45999146,451.70999146,451.70999146,35784000,1285898400
2010-10-04,452.38000488,452.38000488,443.98001099,445.82998657,50092000,1286157600
2010-10-05,440.91000366,450.95999146,440.63000488,450.95999146,33229000,1286244000
2010-10-06,452.88000488,460.72000122,452.77999878,460.72000122,38311000,1286330400
2010-10-07,461.98999023,467.60998535,460.16000366,462.04998779,37348000,1286416800
2010-10-08,459.29998779,465.04998779,459.26000977,459.26000977,30505000,1286503200
2010-10-11,457.41000366,461.48001099,456.6000061,459.32000732,23723000,1286762400
2010-10-12,457.19000244,459.94000244,453.72000122,454.32000732,28580000,1286848800
2010-10-13,453.23001099,457.70001221,452.19000244,457.70001221,25055000,1286935200
2010-10-14,459.79000854,460.92001343,457.88000488,458.66000366,23257000,1287021600
2010-10-15,457.07000732,458.39001465,455.73001099,458.39001465,25254000,1287108000
2010-10-18,458.44000244,459.3500061,456.0,457.58999634,26646000,1287367200
2010-10-19,458.44000244,459.39001465,451.82000732,454.25,33547000,1287453600
2010-10-20,450.79000854,451.04000854,441.16000366,442.17001343,41248000,1287540000
2010-10-21,442.08999634,445.25,440.58999634,445.04998779,28765000,1287626400
2010-10-22,444.83999634,446.39001465,441.5,445.20999146,27821000,1287712800
2010-10-25,444.67001343,448.60998535,443.11999512,448.60998535,28648000,1287972000
2010-10-26,450.23001099,458.23001099,450.23001099,455.11999512,34949000,1288058400
2010-10-27,455.23001099,455.92999268,448.8999939,450.01000977,28560000,1288144800
2010-10-28,448.61999512,451.51000977,448.27999878,450.07000732,23493000,1288231200
2010-10-29,450.5,452.79000854,450.29000854,452.63000488,33401000,1288317600
2010-11-01,451.80999756,451.85998535,449.82998657,451.05999756,22155000,1288576800
2010-11-02,448.61999512,448.86999512,445.6000061,446.29998779,25532000,1288663200
2010-11-03,445.32998657,445.76000977,442.33999634,444.16000366,26111000,1288749600
2010-11-04,444.13000488,448.95001221,443.97000122,448.95001221,28686000,1288836000
2010-11-05,452.41000366,457.26998901,450.08999634,457.26998901,36937000,1288922400
2010-11-08,457.5,458.73999023,454.41000366,457.13000488,32595000,1289181600
2010-11-09,455.57998657,455.6499939,449.3999939,449.3999939,41961000,1289268000
2010-11-10,447.72000122,451.26000977,447.60998535,451.26000977,25467000,1289354400
2010-11-11,451.23999023,451.60998535,446.30999756,446.69000244,26415000,1289440800
2010-11-12,444.77999878,446.85998535,436.5,441.6000061,44512000,1289527200
2010-11-15,440.60998535,443.07998657,432.72000122,433.54000854,29774000,1289786400
2010-11-16,431.07998657,431.32998657,425.04998779,426.89001465,35343000,1289872800
2010-11-17,426.89001465,430.23999023,424.32000732,425.5,37056000,1289959200
2010-11-18,427.73999023,432.04998779,427.73999023,430.72000122,32415000,1290045600
2010-11-19,434.39001465,434.42001343,426.51000977,426.51000977,27709000,1290132000
2010-11-22,422.70999146,426.19000244,419.98001099,426.19000244,30139000,1290391200
2010-11-23,426.19000244,430.80999756,426.02999878,430.80999756,24956000,1290477600
2010-11-24,430.73001099,434.48001099,427.98999023,434.48001099,30930000,1290564000
2010-11-25,434.70001221,440.19000244,434.70001221,439.8500061,34208000,1290650400
2010-11-26,441.88000488,443.67999268,437.29000854,439.94000244,45398000,1290736800
2010-11-29,437.92001343,446.35998535,436.38000488,446.35998535,45422000,1290996000
2010-11-30,450.04000854,456.29998779,450.04000854,451.58999634,66969000,1291082400
2010-12-01,451.01998901,453.54998779,448.13000488,449.92999268,49057000,1291168800
2010-12-02,450.08999634,457.42001343,448.23001099,457.42001343,66063000,1291255200
2010-12-03,462.29998779,467.20001221,462.29998779,464.3500061,71912000,1291341600
2010-12-06,467.29998779,468.77999878,462.86999512,465.55999756,96779000,1291600800
2010-12-07,461.70999146,466.1000061,460.76000977,460.76000977,85025000,1291687200
2010-12-08,459.41000366,461.6000061,452.54998779,452.82998657,72502000,1291773600
2010-12-09,450.58999634,460.79000854,450.16000366,460.45001221,60569000,1291860000
2010-12-10,464.80999756,473.05999756,462.39001465,473.05999756,94107000,1291946400
2010-12-13,485.82000732,490.29998779,485.73001099,490.22000122,81975000,1292205600
2010-12-14,493.72000122,496.42001343,480.64001465,489.6499939,134954000,1292292000
2010-12-15,492.79998779,497.08999634,491.51000977,493.47000122,95677000,1292378400
2010-12-16,484.80999756,489.70001221,479.67999268,480.20999146,80791000,1292464800
2010-12-17,483.0,485.29000854,476.26998901,485.29000854,74147000,1292551200
2010-12-20,488.29998779,488.29998779,478.29000854,478.29000854,66941000,1292810400
2010-12-21,471.17001343,483.42999268,470.14001465,481.77999878,68326000,1292896800
2010-12-22,488.30999756,488.69000244,481.52999878,481.52999878,61508000,1292983200
2010-12-23,481.70999146,481.70999146,475.41000366,475.41000366,57222000,1293069600
2010-12-24,474.16000366,477.80999756,470.80999756,472.76000977,55816000,1293156000
2010-12-27,475.64001465,476.04998779,469.64001465,473.04998779,39247000,1293415200
2010-12-28,471.73001099,479.32998657,471.73001099,479.32998657,89111000,1293501600
2010-12-29,480.52999878,481.17001343,476.52999878,478.75,62369000,1293588000
2010-12-30,477.20001221,481.51000977,477.20001221,481.3999939,57066000,1293674400
2010-12-31,480.92999268,485.22000122,480.1000061,484.66000366,60094000,1293760800
2011-01-04,485.72000122,487.82998657,481.66000366,485.97000122,29600000,1294106400
2011-01-05,487.94000244,487.94000244,481.91000366,481.91000366,40580000,1294192800
2011-01-06,480.85998535,483.16000366,479.86999512,482.30999756,29489000,1294279200
2011-01-07,482.76998901,483.85998535,481.3500061,481.85998535,31359000,1294365600
2011-01-10,483.70999146,485.05999756,479.57998657,480.54998779,33804000,1294624800
2011-01-11,477.97000122,480.79000854,475.48001099,477.44000244,35421000,1294711200
2011-01-12,480.82000732,481.6499939,477.48999023,478.45001221,41208000,1294797600
2011-01-13,479.95001221,485.01998901,479.6000061,484.11999512,29069000,1294884000
2011-01-14,487.05999756,490.10998535,486.54000854,489.22000122,41503000,1294970400
2011-01-17,492.89001465,498.48999023,492.36999512,495.16000366,43805000,1295229600
2011-01-18,497.04998779,501.27999878,496.0,497.42999268,40801000,1295316000
2011-01-19,504.92999268,507.89001465,503.1000061,505.91000366,42887000,1295402400
2011-01-20,510.17001343,514.04998779,510.17001343,511.98001099,41206000,1295488800
2011-01-21,518.32000732,521.2199707,518.23999023,519.5,46987000,1295575200
2011-01-24,525.70001221,525.70001221,509.88000488,509.88000488,38333000,1295834400
2011-01-25,504.05999756,506.11999512,501.86999512,501.97000122,39692000,1295920800
2011-01-26,498.23999023,502.01998901,498.23999023,501.25,22038000,1296007200
2011-01-27,501.25,503.42999268,498.10998535,502.67999268,30029000,1296093600
2011-01-28,502.76998901,511.91000366,502.75,510.6000061,37629000,1296180000
2011-02-08,515.70001221,521.48999023,515.60998535,520.69000244,24858000,1297130400
2011-02-09,528.69000244,529.20001221,522.48999023,522.59002686,31773000,1297216800
2011-02-10,523.25,526.57000732,519.51000977,520.22998047,31575000,1297303200
2011-02-11,522.78997803,522.78997803,516.40002441,519.97998047,35607000,1297389600
2011-02-14,520.72998047,522.36999512,514.04998779,514.04998779,35497000,1297648800
2011-02-15,509.27999878,517.97998047,509.27999878,517.86999512,34375000,1297735200
2011-02-16,519.54998779,519.70001221,513.10998535,513.10998535,30003000,1297821600
2011-02-17,510.69000244,511.04000854,505.5,509.82998657,35957000,1297908000
2011-02-18,509.1000061,510.75,502.54998779,503.92001343,38442000,1297994400
2011-02-21,497.70999146,497.70999146,481.85998535,483.67999268,50542000,1298253600
2011-02-22,467.3999939,471.67999268,467.3999939,470.01998901,52157000,1298340000
2011-02-23,468.97000122,474.01998901,466.88000488,470.67001343,36916000,1298426400
2011-02-24,462.42999268,462.86999512,455.73999023,461.29000854,43115000,1298512800
2011-02-25,460.57000732,467.97000122,457.95999146,466.95999146,28616000,1298599200
2011-02-28,467.11999512,474.22000122,461.36999512,461.36999512,34263000,1298858400
2011-03-01,458.20999146,466.11999512,458.14001465,466.11999512,24211000,1298944800
2011-03-02,464.26998901,466.26000977,453.32998657,457.82998657,46603000,1299031200
2011-03-03,449.77999878,457.13000488,449.77999878,452.33999634,30742000,1299117600
2011-03-04,454.73001099,459.23001099,452.60998535,459.23001099,32859000,1299204000
2011-03-07,465.20999146,468.22000122,464.44000244,468.22000122,23625000,1299463200
2011-03-08,471.77999878,477.51998901,471.77999878,475.38000488,29849000,1299549600
2011-03-09,474.79998779,475.19000244,466.72000122,470.51000977,31207000,1299636000
2011-03-10,467.54000854,482.54000854,467.54000854,482.48999023,46169000,1299722400
2011-03-11,490.13000488,496.22000122,490.13000488,495.05999756,43503000,1299808800
2011-03-14,491.95001221,493.20001221,479.8999939,479.8999939,45601000,1300068000
2011-03-15,470.47000122,476.29998779,468.20001221,468.73999023,37666000,1300154400
2011-03-16,467.17001343,470.64001465,461.57000732,463.57998657,36313000,1300240800
2011-03-17,461.48001099,468.27999878,457.01000977,460.52999878,36005000,1300327200
2011-03-18,459.3999939,461.88000488,454.73001099,461.07998657,53506000,1300413600
2011-03-21,467.17001343,469.51998901,464.77999878,468.25,41791000,1300672800
2011-03-22,470.22000122,470.98001099,464.79998779,464.79998779,37126000,1300759200
2011-03-23,464.0,467.95999146,463.95999146,467.64001465,33715000,1300845600
2011-03-24,465.11999512,468.58999634,461.32000732,461.32000732,27576000,1300932000
2011-03-25,461.20999146,462.67001343,457.66000366,457.73999023,28176000,1301018400
2011-03-28,458.3500061,463.36999512,456.73999023,459.51998901,24992000,1301277600
2011-03-29,460.67999268,462.30999756,456.01998901,457.88000488,36123000,1301364000
2011-03-30,454.32998657,460.1000061,454.30999756,460.04000854,28056000,1301450400
2011-03-31,462.26998901,465.30999756,460.73999023,461.13000488,27889000,1301536800
2011-04-01,460.79998779,463.10998535,458.54998779,459.17001343,23349000,1301623200
2011-04-04,459.95001221,460.6499939,457.25,457.25,24644000,1301882400
2011-04-05,458.19000244,459.1000061,454.85998535,457.20001221,23343000,1301968800
2011-04-06,458.51000977,464.94000244,458.04998779,464.94000244,27348000,1302055200
2011-04-07,464.72000122,465.8500061,462.0,463.48999023,27541000,1302141600
2011-04-08,462.51000977,464.52999878,462.19000244,464.29000854,20305000,1302228000
2011-04-13,464.20999146,464.73999023,461.01000977,461.01000977,25947000,1302660000
2011-04-14,459.86999512,462.33999634,459.86999512,460.63000488,24309000,1302746400
2011-04-15,462.17001343,463.5,460.8999939,460.95999146,24465000,1302832800
2011-04-18,458.39001465,459.16000366,454.79000854,455.45999146,29836000,1303092000
2011-04-19,453.58999634,457.63000488,453.54000854,453.73999023,22451000,1303178400
2011-04-20,454.57000732,458.5,454.29000854,458.5,21041000,1303264800
2011-04-21,458.38000488,462.73999023,458.26000977,460.29998779,21507000,1303351200
2011-04-22,460.89001465,462.44000244,454.01000977,456.45001221,23568000,1303437600
2011-04-25,458.98999023,467.01000977,458.98999023,465.61999512,26290000,1303696800
2011-04-26,463.76998901,468.11999512,461.54000854,461.85998535,28299000,1303783200
2011-04-27,465.98001099,469.32000732,463.67999268,469.32000732,28529000,1303869600
2011-04-28,472.17001343,474.6499939,472.17001343,472.92999268,23604000,1303956000
2011-04-29,477.42999268,481.13000488,477.07000732,480.07998657,25172000,1304042400
2011-05-04,483.29998779,488.01998901,482.61999512,486.57998657,21204000,1304474400
2011-05-05,485.95999146,486.98999023,476.48001099,479.29000854,21993000,1304560800
2011-05-06,472.51998901,473.63000488,470.13000488,472.70999146,23694000,1304647200
2011-05-09,469.01000977,477.47000122,467.76998901,477.47000122,18943000,1304906400
2011-05-10,479.01000977,481.69000244,478.57998657,481.29000854,17970000,1304992800
2011-05-11,479.07000732,483.73999023,479.05999756,483.1499939,21645000,1305079200
2011-05-12,483.1000061,484.73999023,480.13000488,482.14001465,22049000,1305165600
2011-05-13,482.01000977,482.51000977,478.57998657,479.67001343,18216000,1305252000
2011-05-16,479.01000977,481.51000977,471.48999023,471.48999023,25359000,1305511200
2011-05-17,471.48999023,474.57000732,464.3500061,464.3500061,24129000,1305597600
2011-05-18,457.92001343,459.19000244,451.48999023,454.91000366,28518000,1305684000
2011-05-19,450.92001343,456.47000122,444.8500061,444.8500061,25463000,1305770400
2011-05-20,444.8500061,444.8500061,432.23999023,432.86999512,26744000,1305856800
2011-05-23,429.73999023,430.54000854,416.14001465,417.82000732,31754000,1306116000
2011-05-24,407.13000488,407.60998535,402.07000732,402.58999634,39022000,1306202400
2011-05-25,388.64001465,389.8999939,385.72000122,386.35998535,35543000,1306288800
2011-05-26,386.35998535,398.04000854,371.02999878,398.04000854,47224000,1306375200
2011-05-27,406.75,410.82000732,405.77999878,410.82000732,29907000,1306461600
2011-05-30,417.07000732,417.3500061,412.0,412.1000061,27110000,1306720800
2011-05-31,414.98001099,421.36999512,414.88000488,421.36999512,22753000,1306807200
2011-06-01,422.98001099,435.69000244,420.88000488,435.69000244,33941000,1306893600
2011-06-02,446.66000366,450.58999634,445.98001099,450.58999634,34353000,1306980000
2011-06-03,461.92999268,461.92999268,436.5,443.41000366,47641000,1307066400
2011-06-06,434.97000122,436.91000366,430.1499939,433.80999756,22888000,1307325600
2011-06-07,443.10998535,448.3999939,441.3999939,443.67999268,31804000,1307412000
2011-06-08,445.42999268,446.98999023,436.1499939,439.57000732,37447000,1307498400
2011-06-09,439.82000732,444.13000488,437.86999512,443.95001221,33505000,1307584800
2011-06-10,446.54000854,451.80999756,445.0,445.0,41111000,1307671200
2011-06-13,443.48999023,446.11999512,442.01998901,442.69000244,57633000,1307930400
2011-06-14,441.08999634,452.54998779,440.57000732,441.54000854,61902000,1308016800
2011-06-15,442.8500061,443.41000366,436.23999023,441.45001221,49903000,1308103200
2011-06-16,439.57998657,445.66000366,438.51000977,445.17001343,34485000,1308189600
2011-06-17,445.88000488,446.98001099,438.64001465,438.92999268,47402000,1308276000
2011-06-20,438.13000488,440.17001343,431.58999634,431.63000488,43775000,1308535200
2011-06-21,432.80999756,442.73999023,432.80999756,442.73999023,29717000,1308621600
2011-06-22,444.27999878,445.48999023,439.29000854,439.63000488,24938000,1308708000
2011-06-23,436.8500061,440.51000977,434.3999939,434.75,19977000,1308794400
2011-06-24,436.17001343,436.20001221,432.79000854,433.3999939,21924000,1308880800
2011-06-27,436.95001221,438.52999878,433.61999512,434.25,25510000,1309140000
2011-06-28,434.04998779,435.85998535,430.91000366,432.30999756,21078000,1309226400
2011-06-29,433.07000732,434.92001343,430.91000366,434.6000061,25758000,1309312800
2011-06-30,435.20999146,435.63000488,432.17001343,432.54000854,24179000,1309399200
2011-07-01,429.91000366,430.04000854,424.26000977,425.29000854,23923000,1309485600
2011-07-04,425.04000854,426.17001343,423.39001465,425.42001343,23936000,1309744800
2011-07-05,427.54000854,434.07000732,427.54000854,431.02999878,25358000,1309831200
2011-07-06,432.1499939,432.79998779,427.83999634,428.29998779,21980000,1309917600
2011-07-07,426.64001465,431.02999878,426.52999878,429.98999023,23421000,1310004000
2011-07-08,428.80999756,431.3500061,428.75,430.32000732,20109000,1310090400
2011-07-11,429.41000366,429.63000488,425.07998657,425.08999634,21465000,1310349600
2011-07-12,422.13000488,423.92999268,416.94000244,417.25,32190000,1310436000
2011-07-13,422.17001343,422.69000244,417.64001465,418.17999268,40372000,1310522400
2011-07-14,418.07000732,419.57998657,414.26998901,418.92999268,23984000,1310608800
2011-07-15,419.82000732,419.82000732,412.51998901,414.73999023,19338000,1310695200
2011-07-18,412.8999939,415.76998901,411.22000122,415.76998901,19345000,1310954400
2011-07-19,414.3999939,415.42999268,409.16000366,410.11999512,16672000,1311040800
2011-07-20,410.20001221,416.76998901,410.20001221,416.76998901,21357000,1311127200
2011-07-21,416.23999023,417.05999756,412.20999146,413.05999756,18269000,1311213600
2011-07-22,412.97000122,412.97000122,408.95999146,409.20001221,18899000,1311300000
2011-07-25,409.10998535,410.38000488,407.57998657,409.35998535,14931000,1311559200
2011-07-26,408.92999268,410.79000854,407.30999756,409.39001465,19651000,1311645600
2011-07-27,409.54000854,409.80999756,406.45001221,409.3999939,30165000,1311732000
2011-07-28,409.17999268,411.35998535,408.17999268,408.39001465,23592000,1311818400
2011-07-29,407.57998657,409.04000854,402.20001221,405.70001221,18914000,1311904800
2011-08-01,404.83999634,404.91000366,400.48999023,401.95001221,22318000,1312164000
2011-08-02,398.92001343,400.10998535,396.23001099,396.54998779,30497000,1312250400
2011-08-03,393.6000061,394.1499939,388.79000854,391.47000122,26512000,1312336800
2011-08-04,392.92999268,398.73999023,392.92001343,396.04998779,102654000,1312423200
2011-08-05,394.89001465,401.01000977,394.82998657,400.88000488,26816000,1312509600
2011-08-08,399.23999023,400.69000244,395.14001465,396.41000366,24718000,1312768800
2011-08-09,388.77999878,388.82000732,385.76000977,387.70001221,41367000,1312855200
2011-08-10,388.60998535,390.88000488,385.32998657,385.95999146,27135000,1312941600
2011-08-11,380.97000122,384.44000244,379.83999634,384.44000244,20269000,1313028000
2011-08-12,385.16000366,387.13000488,383.57998657,383.92001343,20104000,1313114400
2011-08-15,384.47000122,384.97000122,383.36999512,384.32000732,15498000,1313373600
2011-08-16,383.95999146,388.57998657,383.66000366,386.48001099,17931000,1313460000
2011-08-17,387.6499939,393.45999146,387.6499939,393.45999146,39330000,1313546400
2011-08-18,398.20999146,402.89001465,397.70001221,402.89001465,31090000,1313632800
2011-08-19,399.98001099,400.76000977,396.20001221,400.76000977,26906000,1313719200
2011-08-22,401.86999512,406.75,401.86999512,406.02999878,31264000,1313978400
2011-08-23,405.19000244,405.19000244,401.23001099,401.27999878,29972000,1314064800
2011-08-24,403.20999146,406.29000854,396.67999268,396.67999268,27501000,1314151200
2011-08-25,398.45999146,402.19000244,397.92999268,401.6499939,30128000,1314237600
2011-08-26,403.20999146,405.95999146,402.80999756,404.41000366,29423000,1314324000
2011-08-29,405.89001465,413.36999512,405.26000977,413.36999512,40735000,1314583200
2011-08-30,421.80999756,423.01000977,416.83999634,419.26000977,45259000,1314669600
2011-08-31,421.45001221,426.29000854,417.79000854,424.70999146,47740000,1314756000
2011-09-01,429.48999023,435.29000854,429.30999756,435.29000854,50015000,1314842400
2011-09-05,438.3500061,439.82000732,432.07000732,435.73001099,52711000,1315188000
2011-09-06,434.01998901,437.57998657,430.82000732,436.16000366,41502000,1315274400
2011-09-07,444.3999939,445.72000122,440.44000244,443.98999023,44271000,1315360800
2011-09-08,450.3999939,457.41000366,449.97000122,453.26000977,60525000,1315447200
2011-09-09,452.94000244,460.17001343,452.32998657,459.92001343,47275000,1315533600
2011-09-12,461.14001465,465.41000366,460.48999023,462.92999268,52173000,1315792800
2011-09-13,469.5,471.07000732,466.69000244,469.3999939,68369000,1315879200
2011-09-14,469.32998657,475.45001221,466.98999023,466.98999023,81368000,1315965600
2011-09-15,462.72000122,470.8999939,461.30999756,470.67001343,70567000,1316052000
2011-09-16,470.86999512,473.55999756,457.10998535,457.10998535,59038000,1316138400
2011-09-19,450.20999146,461.67999268,449.5,461.67999268,46598000,1316397600
2011-09-20,459.32000732,459.32000732,454.17001343,454.36999512,46151000,1316484000
2011-09-21,451.98999023,454.48001099,446.6499939,447.57000732,43954000,1316570400
2011-09-22,443.29998779,449.29998779,441.67001343,449.26000977,46856000,1316656800
2011-09-23,439.60998535,442.14001465,438.57998657,440.29998779,42845000,1316743200
2011-09-26,436.63000488,444.3999939,431.77999878,434.42999268,35323000,1317002400
2011-09-27,434.01998901,440.95001221,431.85998535,437.47000122,40129000,1317088800
2011-09-28,441.52999878,442.52999878,433.97000122,433.97000122,37570000,1317175200
2011-09-29,431.79998779,433.38000488,425.01998901,428.07998657,78187000,1317261600
2011-09-30,426.13000488,433.08999634,424.64001465,427.6000061,34375000,1317348000
2011-10-03,426.42999268,428.27999878,422.11999512,422.11999512,29520000,1317607200
2011-10-04,417.45999146,420.45999146,415.3500061,418.17999268,28427000,1317693600
2011-10-05,420.73999023,422.70999146,415.8500061,417.20999146,37965000,1317780000
2011-10-06,417.94000244,423.07998657,417.94000244,421.32000732,39423000,1317866400
2011-10-07,423.45999146,423.73999023,417.95999146,417.95999146,32475000,1317952800
2011-10-10,416.76998901,421.51998901,415.73001099,419.66000366,22777000,1318212000
2011-10-11,421.0,421.29000854,417.3500061,417.73001099,28783000,1318298400
2011-10-12,414.41000366,415.36999512,409.29998779,410.91000366,35239000,1318384800
2011-10-13,411.17001343,413.70999146,407.60998535,412.58999634,29053000,1318471200
2011-10-14,413.11999512,415.61999512,413.08999634,414.48999023,21814000,1318557600
2011-10-17,415.51998901,415.51998901,410.32998657,410.83999634,26205000,1318816800
2011-10-18,407.44000244,408.10998535,404.32000732,404.32000732,24438000,1318903200
2011-10-19,404.32000732,407.01998901,399.07998657,401.1499939,24270000,1318989600
2011-10-20,402.85998535,404.8500061,401.61999512,403.73001099,18608000,1319076000
2011-10-21,405.44000244,411.79000854,405.44000244,411.02999878,32625000,1319162400
2011-10-24,415.8999939,418.33999634,414.45999146,414.45999146,21457000,1319421600
2011-10-25,416.05999756,417.07000732,409.38000488,409.38000488,22397000,1319508000
2011-10-26,410.42001343,413.66000366,410.3500061,412.1000061,25284000,1319594400
2011-10-27,414.63000488,415.58999634,412.79000854,414.75,21818000,1319680800
2011-10-28,418.82998657,422.45001221,415.51998901,422.07000732,41367000,1319767200
2011-10-31,426.89001465,428.85998535,420.80999756,420.80999756,37893000,1320026400
2011-11-01,418.76998901,419.16000366,412.6000061,413.82000732,44885000,1320112800
2011-11-02,410.01998901,412.05999756,407.07000732,407.79000854,31594000,1320199200
2011-11-03,408.17999268,410.48001099,405.72000122,408.44000244,27773000,1320285600
2011-11-04,411.22000122,412.79000854,410.36999512,410.57000732,34031000,1320372000
2011-11-07,409.77999878,413.94000244,408.66000366,410.51998901,35028000,1320631200
2011-11-08,408.35998535,409.76000977,405.17001343,408.6000061,29832000,1320717600
2011-11-09,409.19000244,410.20999146,404.17999268,405.19000244,24296000,1320804000
2011-11-10,402.47000122,402.47000122,399.29000854,401.02999878,25318000,1320890400
2011-11-11,399.67001343,403.3999939,396.29998779,396.29998779,37283000,1320976800
2011-11-14,397.51998901,397.70001221,389.04000854,391.73999023,37097000,1321236000
2011-11-15,391.63000488,393.45999146,386.47000122,387.86999512,37105000,1321322400
2011-11-16,389.25,392.98001099,388.51000977,390.89001465,33192000,1321408800
2011-11-17,390.91000366,392.23001099,385.85998535,385.85998535,33912000,1321495200
2011-11-18,383.14001465,383.45001221,377.45999146,379.61999512,34395000,1321581600
2011-11-21,380.3999939,382.70999146,377.92001343,379.14001465,21207000,1321840800
2011-11-22,377.45999146,382.61999512,375.92999268,381.76000977,32279000,1321927200
2011-11-23,385.1499939,388.57000732,384.83999634,388.57000732,33118000,1322013600
2011-11-24,387.26000977,389.29000854,381.77999878,381.77999878,29219000,1322100000
2011-11-25,381.77999878,383.73999023,379.38000488,383.3500061,27351000,1322186400
2011-11-28,386.04000854,388.98001099,383.04998779,383.30999756,32648000,1322445600
2011-11-29,385.77999878,386.54998779,382.8999939,382.8999939,34796000,1322532000
2011-11-30,381.88000488,382.61999512,378.77999878,380.69000244,26234000,1322618400
2011-12-01,380.47000122,382.86999512,377.02999878,380.1000061,21226000,1322704800
2011-12-02,380.92001343,383.88000488,380.35998535,383.88000488,25131000,1322791200
2011-12-05,385.82000732,391.70999146,385.82000732,391.19000244,34956000,1323050400
2011-12-06,393.92001343,396.29000854,390.20001221,390.20001221,37927000,1323136800
2011-12-07,389.1499939,389.69000244,386.70999146,387.20999146,30864000,1323223200
2011-12-08,387.01998901,388.3500061,381.63000488,381.63000488,41698000,1323309600
2011-12-09,381.27999878,382.13000488,375.67001343,377.16000366,31761000,1323396000
2011-12-12,376.97000122,378.82000732,373.89001465,375.29998779,37717000,1323655200
2011-12-13,374.10998535,377.17001343,371.75,371.75,34640000,1323741600
2011-12-14,371.75,374.42001343,366.64001465,367.54998779,58153000,1323828000
2011-12-15,364.14001465,365.08999634,360.16000366,364.48001099,40488000,1323914400
2011-12-16,364.36999512,369.6499939,363.79998779,366.02999878,65300000,1324000800
2011-12-19,365.70999146,367.95001221,364.73001099,367.3999939,37317000,1324260000
2011-12-20,365.5,369.08999634,363.22000122,365.67001343,46463000,1324346400
2011-12-21,368.0,369.48001099,366.95999146,367.72000122,47250000,1324432800
2011-12-22,366.67999268,366.77999878,359.11999512,360.36999512,46127000,1324519200
2011-12-23,352.48001099,356.97000122,352.20999146,356.20999146,29083000,1324605600
2011-12-26,356.1499939,356.1499939,349.70001221,352.67999268,42841000,1324864800
2011-12-27,348.42001343,348.82998657,346.48001099,347.79998779,57455000,1324951200
2011-12-28,347.58999634,351.33999634,347.17001343,350.66000366,57724000,1325037600
2011-12-29,349.05999756,350.51000977,347.39001465,350.51000977,48342000,1325124000
2011-12-30,351.82998657,352.45999146,348.29998779,351.54998779,56176000,1325210400
2012-01-03,351.36999512,354.01998901,349.30999756,350.0,20637000,1325556000
2012-01-04,349.22000122,349.92001343,348.23999023,348.83999634,25446000,1325642400
2012-01-05,346.42001343,347.13000488,340.94000244,340.94000244,20629000,1325728800
2012-01-06,340.19000244,340.19000244,336.48999023,336.73001099,29082000,1325815200
2012-01-09,334.92999268,339.32000732,332.27999878,339.32000732,171190000,1326074400
2012-01-10,336.83999634,345.25,336.83999634,344.67999268,36557000,1326160800
2012-01-11,347.98001099,349.45001221,346.70999146,347.42999268,29075000,1326247200
2012-01-12,347.77999878,349.44000244,347.22000122,348.10998535,24422000,1326333600
2012-01-13,349.30999756,354.32998657,349.30999756,354.32998657,22041000,1326420000
2012-01-16,356.76998901,360.29000854,355.97000122,357.86999512,29376000,1326679200
2012-01-17,357.51998901,363.5,357.1000061,358.85998535,23729000,1326765600
2012-01-18,360.80999756,363.29998779,360.47000122,362.66000366,18118000,1326852000
2012-01-19,363.1499939,373.42999268,363.04000854,373.42999268,23015000,1326938400
2012-01-20,378.07000732,378.07000732,373.0,373.0,29580000,1327024800
2012-01-30,375.1000061,384.94000244,373.1000061,384.94000244,21572000,1327888800
2012-01-31,390.42999268,393.92001343,387.97000122,387.97000122,39042000,1327975200
2012-02-01,388.70001221,390.67001343,383.04998779,390.67001343,39220000,1328061600
2012-02-02,393.89001465,401.60998535,393.82000732,401.60998535,43990000,1328148000
2012-02-03,408.95001221,411.38000488,401.73999023,401.73999023,68550000,1328234400
2012-02-06,402.35998535,402.38000488,394.91000366,399.73001099,32925000,1328493600
2012-02-07,400.42999268,402.5,396.01998901,401.07998657,37021000,1328580000
2012-02-08,403.73999023,409.73999023,401.51000977,409.52999878,44601000,1328666400
2012-02-09,412.98001099,414.6000061,409.17999268,411.39001465,51508000,1328752800
2012-02-10,410.10998535,410.10998535,403.48999023,405.01998901,49902000,1328839200
2012-02-13,402.36999512,402.36999512,395.54000854,395.54000854,34550000,1329098400
2012-02-14,391.07998657,400.26000977,391.07998657,400.26000977,36461000,1329184800
2012-02-15,398.60998535,400.66000366,394.38000488,397.41000366,45758000,1329271200
2012-02-16,395.20001221,398.44000244,393.66000366,396.51000977,34857000,1329357600
2012-02-17,397.98001099,403.29998779,397.98001099,403.29998779,40788000,1329444000
2012-02-20,409.82998657,414.5,408.98001099,413.98001099,48955000,1329703200
2012-02-21,421.80999756,422.19000244,410.32000732,410.91000366,59090000,1329789600
2012-02-22,410.63000488,418.41000366,410.63000488,418.41000366,54898000,1329876000
2012-02-23,419.48999023,423.89001465,416.45001221,423.89001465,67368000,1329962400
2012-02-24,427.1000061,429.42001343,423.42999268,423.42999268,78557000,1330048800
2012-02-27,426.02999878,430.75,425.66000366,428.41000366,65366000,1330308000
2012-02-28,429.26000977,431.10998535,421.6499939,422.22000122,121716000,1330394400
2012-02-29,420.01998901,423.64001465,418.01000977,423.64001465,125979000,1330480800
2012-03-01,426.48001099,427.95001221,422.6499939,427.95001221,89535000,1330567200
2012-03-02,432.32000732,439.6000061,431.79000854,439.6000061,81704000,1330653600
2012-03-05,448.66000366,459.79998779,448.66000366,457.20999146,103336000,1330912800
2012-03-06,465.63000488,468.1499939,444.98999023,445.0,154491000,1330999200
2012-03-07,442.73999023,444.25,433.69000244,444.01998901,101252000,1331085600
2012-03-08,436.44000244,443.5,431.66000366,431.66000366,90581000,1331172000
2012-03-09,429.20001221,435.26998901,424.42999268,432.10998535,78988000,1331258400
2012-03-12,429.82998657,432.60998535,423.42999268,428.01998901,74783000,1331517600
2012-03-13,429.73001099,433.66000366,427.76000977,429.39001465,62957000,1331604000
2012-03-14,435.73001099,437.23001099,429.22000122,433.85998535,64088000,1331690400
2012-03-15,433.47000122,442.54998779,430.39001465,441.8500061,105702000,1331776800
2012-03-16,449.66000366,450.32000732,438.51998901,438.51998901,113650000,1331863200
2012-03-19,435.82000732,440.92001343,433.6000061,438.07000732,58556000,1332122400
2012-03-20,435.20001221,441.73001099,435.20001221,440.29000854,62753000,1332208800
2012-03-21,443.42999268,450.25,443.13000488,445.76998901,98381000,1332295200
2012-03-22,442.76998901,448.92001343,442.44000244,445.67001343,81608000,1332381600
2012-03-23,448.92999268,455.16000366,448.8500061,454.1000061,88124000,1332468000
2012-03-26,458.20999146,459.26000977,451.45999146,459.26000977,93971000,1332727200
2012-03-27,457.54998779,457.54998779,445.92001343,445.92001343,120880000,1332813600
2012-03-28,443.20001221,447.14001465,437.04998779,446.32000732,82026000,1332900000
2012-03-29,449.01000977,449.01000977,439.47000122,439.63000488,74524000,1332986400
2012-03-30,442.57000732,443.73999023,437.61999512,441.02999878,67123000,1333072800
2012-04-03,440.95001221,446.14001465,440.23001099,445.76998901,59846000,1333418400
2012-04-04,446.01998901,447.01998901,439.26998901,439.76998901,50712000,1333504800
2012-04-05,439.0,445.79998779,436.67001343,444.92999268,61594000,1333591200
2012-04-06,447.07998657,450.23001099,445.86999512,447.44000244,91170000,1333677600
2012-04-09,450.54998779,452.05999756,448.17001343,450.73001099,66301000,1333936800
2012-04-10,451.01000977,455.85998535,448.91000366,450.8500061,87739000,1334023200
2012-04-11,457.55999756,458.73999023,452.69000244,458.73999023,99438000,1334109600
2012-04-12,462.22000122,468.14001465,460.79000854,465.26000977,106537000,1334196000
2012-04-13,467.48001099,468.38000488,462.51998901,462.51998901,122016000,1334282400
2012-04-16,465.05999756,470.73001099,461.76000977,468.26000977,89698000,1334541600
2012-04-17,471.54000854,474.92001343,467.57998657,472.83999634,118094000,1334628000
2012-04-18,475.1000061,478.86999512,471.35998535,472.16000366,143503000,1334714400
2012-04-19,470.80999756,473.30999756,465.29000854,467.07998657,144510000,1334800800
2012-04-20,467.07998657,470.5,462.91000366,465.72000122,106581000,1334887200
2012-04-23,466.79998779,469.20001221,464.60998535,465.17001343,66380000,1335146400
2012-04-24,465.67001343,466.23001099,460.6000061,465.6499939,88339000,1335232800
2012-04-25,471.39001465,473.22000122,468.89001465,472.86999512,88090000,1335319200
2012-04-26,472.82000732,475.44000244,470.20999146,470.20999146,96326000,1335405600
2012-04-27,473.42999268,475.22000122,470.42999268,473.76998901,86179000,1335492000
2012-05-02,476.01998901,478.44000244,471.07000732,472.45999146,118284000,1335924000
2012-05-03,470.54000854,473.07000732,465.0,468.79998779,103899000,1336010400
2012-05-04,470.52999878,477.72000122,470.52999878,476.32000732,108083000,1336096800
2012-05-07,481.95001221,486.30999756,481.04998779,486.30999756,100552000,1336356000
2012-05-08,488.6000061,492.44000244,486.25,488.07000732,133179000,1336442400
2012-05-09,488.19000244,490.48999023,485.32998657,487.61999512,113924000,1336528800
2012-05-10,490.02999878,491.3500061,482.67999268,486.07000732,134652000,1336615200
2012-05-11,487.67999268,488.13000488,479.86999512,480.1000061,114297000,1336701600
2012-05-14,477.73001099,483.1499939,469.69000244,469.69000244,110422000,1336960800
2012-05-15,462.97000122,467.63000488,455.47000122,455.6499939,97216000,1337047200
2012-05-16,455.75,458.57000732,446.38000488,449.91000366,86461000,1337133600
2012-05-17,449.76998901,453.72000122,442.57998657,442.57998657,77745000,1337220000
2012-05-18,439.69000244,440.23999023,430.29000854,434.95001221,80359000,1337306400
2012-05-21,438.52999878,448.19000244,437.72000122,448.01998901,77327000,1337565600
2012-05-22,451.32000732,453.70001221,446.83999634,447.94000244,84439000,1337652000
2012-05-23,443.6000061,446.20001221,436.75,436.75,66022000,1337738400
2012-05-24,431.39001465,435.58999634,425.6499939,426.92001343,58040000,1337824800
2012-05-25,432.61999512,438.42001343,431.01000977,437.38000488,77819000,1337911200
2012-05-28,443.23999023,443.23999023,433.42001343,435.48001099,66810000,1338170400
2012-05-29,431.75,432.91000366,429.10998535,431.44000244,47682000,1338256800
2012-05-30,433.29000854,437.30999756,432.39001465,435.33999634,49049000,1338343200
2012-05-31,431.83999634,433.94000244,428.51998901,429.20001221,48180000,1338429600
2012-06-01,430.75,432.26998901,427.98001099,428.79998779,72176000,1338516000
2012-06-04,426.91000366,427.57998657,416.6499939,416.6499939,143321000,1338775200
2012-06-05,413.95999146,421.01998901,413.57998657,421.01998901,101793000,1338861600
2012-06-06,421.08999634,427.17001343,420.80999756,426.39001465,91501000,1338948000
2012-06-07,431.14001465,436.67999268,428.60998535,434.41000366,71298000,1339034400
2012-06-08,439.01998901,441.45999146,432.8999939,432.8999939,82628000,1339120800
2012-06-11,432.1499939,435.85998535,430.27999878,432.5,68126000,1339380000
2012-06-12,432.89001465,432.89001465,428.04000854,428.16000366,57126000,1339466400
2012-06-13,429.73001099,429.73001099,424.85998535,427.60998535,84089000,1339552800
2012-06-14,425.73999023,428.58999634,424.04998779,425.27999878,46932000,1339639200
2012-06-15,425.61999512,433.08999634,425.61999512,433.08999634,72646000,1339725600
2012-06-18,436.89001465,439.29000854,433.75,435.58999634,59246000,1339984800
2012-06-19,434.04000854,435.10998535,430.23001099,431.07998657,68586000,1340071200
2012-06-20,431.79998779,434.16000366,429.20001221,432.89001465,34004000,1340157600
2012-06-21,432.26998901,433.48999023,430.82998657,431.14001465,43838000,1340244000
2012-06-22,429.95001221,430.19000244,426.5,427.17001343,51729000,1340330400
2012-06-25,426.54000854,429.80999756,422.95001221,424.11999512,62794000,1340589600
2012-06-26,421.17001343,421.76000977,417.92001343,419.19000244,50515000,1340676000
2012-06-27,419.77999878,422.17001343,418.0,418.04000854,43901000,1340762400
2012-06-28,418.04000854,418.77999878,415.33999634,418.16000366,42933000,1340848800
2012-06-29,420.76000977,422.36999512,418.48999023,422.36999512,55760000,1340935200
2012-07-02,421.94000244,424.95001221,418.17999268,419.29998779,38609000,1341194400
2012-07-03,416.47000122,417.20999146,411.85998535,413.08999634,43271000,1341280800
2012-07-04,413.41000366,416.02999878,410.73001099,410.73001099,27634000,1341367200
2012-07-05,410.8500061,413.82998657,408.42999268,413.82998657,31521000,1341453600
2012-07-06,414.01000977,417.97000122,413.52999878,415.44000244,43325000,1341540000
2012-07-09,413.58999634,414.39001465,407.51000977,408.11999512,31965000,1341799200
2012-07-10,406.3999939,409.85998535,405.39001465,405.39001465,28741000,1341885600
2012-07-11,405.29000854,408.20999146,405.07000732,407.27999878,22765000,1341972000
2012-07-12,406.5,409.70001221,406.17999268,408.72000122,43564000,1342058400
2012-07-13,409.8500061,416.98001099,409.8500061,416.98001099,55746000,1342144800
2012-07-16,417.54000854,418.77999878,413.27999878,413.98001099,41738000,1342404000
2012-07-17,411.72000122,418.5,411.72000122,417.54998779,48140000,1342490400
2012-07-18,418.19000244,419.91000366,416.1000061,418.82998657,49398000,1342576800
2012-07-19,417.76998901,428.38000488,417.76998901,428.38000488,84897000,1342663200
2012-07-20,432.1000061,432.45999146,424.47000122,424.47000122,72949000,1342749600
2012-07-23,423.30999756,426.13000488,421.42001343,421.98999023,50658000,1343008800
2012-07-24,420.19000244,420.61999512,414.6000061,415.63000488,44844000,1343095200
2012-07-25,412.94000244,415.70999146,412.55999756,412.91000366,43521000,1343181600
2012-07-26,413.77999878,416.63000488,412.89001465,414.79998779,30779000,1343268000
2012-07-27,416.42999268,417.67999268,412.47000122,413.16000366,38347000,1343354400
2012-07-30,410.57000732,415.30999756,410.07998657,415.0,26691000,1343613600
2012-07-31,415.70001221,416.57000732,414.19000244,414.48001099,25401000,1343700000
2012-08-01,413.73001099,413.98999023,410.54000854,412.54998779,27616000,1343786400
2012-08-02,414.23001099,417.95999146,414.23001099,416.1000061,21896000,1343872800
2012-08-03,417.63000488,419.26000977,417.08999634,418.20999146,24176000,1343959200
2012-08-06,419.29000854,423.76998901,419.29000854,423.16000366,44569000,1344218400
2012-08-07,423.72000122,425.45999146,422.44000244,422.5,33156000,1344304800
2012-08-08,422.73999023,424.51998901,421.30999756,423.57000732,23795000,1344391200
2012-08-09,424.42999268,428.20999146,424.42999268,426.98001099,43064000,1344477600
2012-08-10,427.48999023,427.92999268,425.05999756,425.55999756,37447000,1344564000
2012-08-13,423.79000854,426.38000488,423.44000244,426.17001343,29838000,1344823200
2012-08-14,425.79000854,430.89001465,425.79000854,429.47000122,50531000,1344909600
2012-08-15,429.95999146,432.44000244,429.95999146,430.76998901,39644000,1344996000
2012-08-16,430.76998901,433.63000488,429.42999268,430.82998657,26763000,1345082400
2012-08-17,430.82998657,434.72000122,430.82998657,433.45001221,37820000,1345168800
2012-08-20,435.32998657,437.60998535,434.92001343,437.27999878,41499000,1345428000
2012-08-21,430.79000854,430.79000854,416.23001099,416.83999634,70056000,1345514400
2012-08-22,404.22000122,413.42001343,404.17001343,410.23001099,74162000,1345600800
2012-08-23,400.02999878,400.07000732,391.54000854,392.82000732,38827000,1345687200
2012-08-24,379.45001221,402.22000122,378.17001343,399.72000122,94636000,1345773600
2012-08-27,395.36999512,395.60998535,385.04998779,386.19000244,42326000,1346032800
2012-08-28,381.05999756,386.04998779,379.60998535,385.77999878,41226000,1346119200
2012-08-29,389.8500061,394.04000854,389.8500061,393.05999756,41598000,1346205600
2012-08-30,394.8999939,399.44000244,393.36999512,397.25,39044000,1346292000
2012-08-31,396.88000488,398.19000244,394.29000854,396.01998901,33353000,1346378400
2012-09-04,397.36999512,403.25,397.36999512,402.07998657,29642000,1346724000
2012-09-05,402.55999756,404.86999512,396.30999756,398.92001343,45705000,1346810400
2012-09-06,396.41000366,398.76998901,393.41000366,393.41000366,33447000,1346896800
2012-09-07,395.25,397.51000977,392.55999756,397.51000977,33467000,1346983200
2012-09-10,395.72000122,396.26998901,386.19000244,388.88000488,48787000,1347242400
2012-09-11,383.86999512,388.01998901,383.86999512,386.61999512,35754000,1347328800
2012-09-12,387.02999878,390.29998779,387.02999878,388.3500061,32623000,1347415200
2012-09-13,388.54998779,391.35998535,387.67999268,391.35998535,37260000,1347501600
2012-09-14,398.13000488,400.08999634,395.14001465,398.86999512,46498000,1347588000
2012-09-17,400.54998779,405.26998901,400.07000732,401.75,38886000,1347847200
2012-09-18,403.48001099,405.04998779,392.98001099,394.51000977,41835000,1347933600
2012-09-19,391.04998779,396.17001343,390.89001465,394.54998779,44837000,1348020000
2012-09-20,393.04998779,393.42001343,385.8999939,389.27999878,58637000,1348106400
2012-09-21,391.0,395.54998779,391.0,395.48001099,101290000,1348192800
2012-09-24,392.16000366,394.54000854,390.07998657,390.36999512,27739000,1348452000
2012-09-25,391.17001343,394.05999756,390.14001465,391.76998901,23940000,1348538400
2012-09-26,392.51000977,397.85998535,392.51000977,395.11999512,23825000,1348624800
2012-09-27,395.66000366,396.67001343,391.33999634,393.33999634,28625000,1348711200
2012-09-28,392.10998535,393.91000366,390.98999023,392.57000732,37103000,1348797600
2012-10-01,391.73999023,391.85998535,386.42001343,386.54998779,29915000,1349056800
2012-10-02,386.77999878,387.61999512,384.20001221,384.32000732,26082000,1349143200
2012-10-03,385.60998535,387.6000061,383.07000732,385.36999512,36721000,1349229600
2012-10-04,385.67999268,386.66000366,383.61999512,384.51000977,25984000,1349316000
2012-10-05,384.77999878,388.16000366,384.6499939,388.16000366,27644000,1349402400
2012-10-08,387.82998657,393.45001221,387.82998657,393.45001221,35591000,1349661600
2012-10-09,394.35998535,394.86999512,392.26000977,393.67001343,38749000,1349748000
2012-10-10,392.38000488,394.66000366,391.75,394.66000366,37967000,1349834400
2012-10-11,395.32000732,397.54998779,393.86999512,394.19000244,45279000,1349920800
2012-10-12,394.17001343,395.01000977,392.26000977,392.54000854,55380000,1350007200
2012-10-15,392.88000488,394.19000244,390.72000122,391.55999756,36036000,1350266400
2012-10-16,392.6000061,399.22000122,392.6000061,399.22000122,41177000,1350352800
2012-10-17,399.22000122,400.97000122,395.91000366,397.01998901,59128000,1350439200
2012-10-18,395.94000244,399.54998779,395.94000244,398.51000977,34994000,1350525600
2012-10-19,399.51998901,400.45999146,394.98001099,398.23001099,52595000,1350612000
2012-10-22,397.76998901,398.33999634,394.69000244,397.0,45948000,1350871200
2012-10-23,397.26998901,399.22000122,395.89001465,397.70999146,35300000,1350957600
2012-10-24,397.69000244,398.42999268,395.23999023,395.45001221,34212000,1351044000
2012-10-25,393.79000854,394.54000854,389.92001343,389.92001343,43001000,1351130400
2012-10-26,390.04998779,393.13000488,389.5,391.70001221,22931000,1351216800
2012-10-29,390.95999146,392.6000061,390.63000488,391.35998535,29756000,1351476000
2012-10-30,391.13000488,392.17001343,389.64001465,389.85998535,23079000,1351562400
2012-10-31,388.5,390.04998779,387.39001465,388.42001343,57631000,1351648800
2012-11-01,388.1000061,389.73999023,387.95001221,387.95001221,46095000,1351735200
2012-11-02,378.73999023,380.32998657,374.98001099,375.26000977,59148000,1351821600
2012-11-05,372.39001465,378.45001221,372.39001465,377.26998901,30986000,1352080800
2012-11-06,377.26998901,379.04998779,375.11999512,376.95001221,46226000,1352167200
2012-11-07,377.82998657,381.22000122,375.75,380.8999939,31147000,1352253600
2012-11-08,380.32000732,385.6000061,380.13000488,385.6000061,23288000,1352340000
2012-11-09,385.60998535,386.79000854,383.72000122,386.70999146,24759000,1352426400
2012-11-12,386.70999146,388.94000244,385.66000366,388.61999512,41906000,1352685600
2012-11-13,387.51998901,388.42999268,385.1499939,385.22000122,28502000,1352772000
2012-11-14,384.73999023,389.3999939,384.60998535,387.70999146,23963000,1352858400
2012-11-15,389.83999634,390.6499939,386.6000061,386.91000366,28760000,1352944800
2012-11-16,385.82998657,386.25,383.16000366,385.70999146,22581000,1353031200
2012-11-19,384.82998657,386.22000122,382.42001343,383.32000732,22547000,1353290400
2012-11-20,383.23001099,385.36999512,381.83999634,385.1000061,24466000,1353376800
2012-11-21,385.17999268,385.79998779,382.72000122,383.86999512,21613000,1353463200
2012-11-22,383.44000244,384.1000061,382.57000732,383.22000122,18231000,1353549600
2012-11-23,383.22000122,384.25,381.14001465,381.70999146,21446000,1353636000
2012-11-26,382.42999268,382.61999512,377.82000732,377.8999939,22357000,1353895200
2012-11-27,377.76998901,378.61999512,376.07998657,376.89001465,18726000,1353981600
2012-11-28,376.13000488,377.32000732,374.1499939,375.79000854,29713000,1354068000
2012-11-29,377.45001221,378.61999512,376.92999268,378.20001221,15945000,1354154400
2012-11-30,380.01000977,380.17999268,377.51998901,377.82000732,45544000,1354240800
2012-12-03,377.94000244,379.26998901,375.77999878,379.26998901,21896000,1354500000
2012-12-04,379.01998901,382.1000061,377.89001465,382.1000061,29904000,1354586400
2012-12-05,382.1000061,387.04998779,382.1000061,385.69000244,40537000,1354672800
2012-12-06,385.58999634,386.61999512,384.52999878,385.69000244,36295000,1354759200
2012-12-07,386.44000244,386.6000061,383.79998779,383.79998779,33520000,1354845600
2012-12-10,384.83999634,387.67001343,383.52999878,386.69000244,44503000,1355104800
2012-12-11,386.25,389.36999512,385.80999756,389.36999512,40403000,1355191200
2012-12-12,388.41000366,393.13000488,386.45999146,391.07998657,47166000,1355277600
2012-12-13,393.04000854,393.80999756,390.57000732,391.19000244,44114000,1355364000
2012-12-14,392.23001099,394.60998535,392.04998779,392.20999146,43163000,1355450400
2012-12-17,391.36999512,395.29998779,391.30999756,393.63000488,67396000,1355709600
2012-12-18,396.20999146,396.45001221,392.33999634,393.39001465,52370000,1355796000
2012-12-19,395.83999634,398.58999634,395.33999634,398.58999634,72582000,1355882400
2012-12-20,399.13000488,400.70999146,397.85998535,399.67999268,82885000,1355968800
2012-12-21,397.48999023,400.26998901,394.26998901,396.77999878,76824000,1356055200
2012-12-24,397.25,400.22000122,396.57000732,399.70999146,73069000,1356314400
2012-12-25,401.01000977,401.72000122,398.08999634,401.33999634,50846000,1356400800
2012-12-26,399.42999268,406.1000061,398.30999756,406.1000061,59620000,1356487200
2012-12-27,408.32000732,410.67999268,406.57998657,409.97000122,79451000,1356573600
2012-12-28,409.48999023,413.73001099,408.32000732,413.73001099,84322000,1356660000
2013-01-02,415.5,419.04998779,414.41000366,418.3500061,64288000,1357092000
2013-01-03,420.67999268,420.67999268,413.67999268,419.26998901,99825000,1357178400
2013-01-04,418.75,426.48001099,417.5,426.05999756,64852000,1357264800
2013-01-07,428.52999878,434.64001465,426.85998535,434.19000244,78323000,1357524000
2013-01-08,437.25,447.16000366,437.1499939,447.16000366,121101000,1357610400
2013-01-09,447.16000366,457.75,442.26000977,448.76998901,134774000,1357696800
2013-01-10,447.98999023,460.11999512,444.07998657,460.11999512,79395000,1357783200
2013-01-11,468.39001465,469.16000366,461.73999023,462.69000244,75121000,1357869600
2013-01-14,458.07998657,462.07998657,455.51000977,458.97000122,69545000,1358128800
2013-01-15,459.23999023,461.42001343,455.92999268,461.42001343,88782000,1358215200
2013-01-16,462.17001343,470.33999634,462.17001343,465.25,96573000,1358301600
2013-01-17,465.66000366,466.54998779,456.76000977,456.76000977,96329000,1358388000
2013-01-18,458.20999146,459.82000732,450.27999878,454.16000366,84205000,1358474400
2013-01-21,453.91000366,456.33999634,447.79000854,447.79000854,58678000,1358733600
2013-01-22,449.01000977,450.79998779,441.23999023,442.8500061,67329000,1358820000
2013-01-23,443.95999146,447.79000854,440.48001099,443.36999512,50656000,1358906400
2013-01-24,444.33999634,452.3999939,444.19000244,452.3999939,49811000,1358992800
2013-01-25,455.27999878,468.08999634,455.25,468.08999634,86458000,1359079200
2013-01-28,474.26998901,485.67001343,474.26998901,479.6000061,107355000,1359338400
2013-01-29,478.01998901,484.33999634,476.32998657,484.01000977,88111000,1359424800
2013-01-30,486.67001343,490.89001465,482.76000977,487.6000061,83264000,1359511200
2013-01-31,484.04000854,485.19000244,479.79000854,479.79000854,80501000,1359597600
2013-02-01,477.10998535,483.42001343,473.23001099,483.42001343,76845000,1359684000
2013-02-04,487.05999756,488.95999146,482.38000488,482.38000488,56883000,1359943200
2013-02-05,481.82000732,482.55999756,477.35998535,477.35998535,63407000,1360029600
2013-02-06,479.61999512,488.61999512,479.61999512,488.35998535,65146000,1360116000
2013-02-07,490.88000488,493.72000122,488.02999878,490.61999512,73006000,1360202400
2013-02-08,491.8500061,495.72000122,489.64001465,494.02999878,60722000,1360288800
2013-02-18,497.86999512,497.86999512,493.95001221,493.95001221,69424000,1361152800
2013-02-19,493.3999939,495.39001465,490.32998657,490.77999878,104488000,1361239200
2013-02-20,487.98999023,495.82000732,487.67999268,494.82998657,78547000,1361325600
2013-02-21,494.82998657,497.70001221,476.73001099,476.73001099,123305000,1361412000
2013-02-22,482.02999878,487.10998535,470.23001099,477.69000244,107354000,1361498400
2013-02-25,481.67001343,483.97000122,478.29998779,483.69000244,49619000,1361757600
2013-02-26,482.5,482.5,463.64001465,465.04998779,93966000,1361844000
2013-02-27,465.89001465,467.5,459.64001465,465.72000122,71439000,1361930400
2013-02-28,465.72000122,476.41000366,465.72000122,474.55999756,53252000,1362016800
2013-03-01,476.51000977,480.39001465,475.45999146,477.1499939,55928000,1362103200
2013-03-04,477.04000854,479.05999756,468.73999023,468.73999023,74557000,1362362400
2013-03-05,467.35998535,467.83999634,461.60998535,462.11999512,59788000,1362448800
2013-03-06,466.95999146,471.08999634,464.19000244,471.08999634,35558000,1362535200
2013-03-07,470.73001099,472.54000854,466.63000488,466.63000488,46949000,1362621600
2013-03-08,468.1000061,471.75,468.1000061,470.67999268,31770000,1362708000
2013-03-11,471.29000854,476.79000854,469.77999878,476.5,56613000,1362967200
2013-03-12,475.23001099,478.67001343,470.51000977,475.33999634,60258000,1363053600
2013-03-13,476.42999268,478.04998779,471.8500061,473.17999268,50256000,1363140000
2013-03-14,471.63000488,474.6000061,470.80999756,474.6000061,46721000,1363226400
2013-03-15,474.98999023,481.3500061,474.45001221,481.3500061,74398000,1363312800
2013-03-18,481.52999878,482.58999634,478.54000854,479.13000488,49144000,1363572000
2013-03-19,478.45001221,482.20999146,477.54998779,480.48001099,35322000,1363658400
2013-03-20,481.88000488,488.94000244,480.52999878,487.04000854,52324000,1363744800
2013-03-21,488.64001465,494.57000732,488.42999268,491.79000854,57177000,1363831200
2013-03-22,492.88000488,500.58999634,486.1499939,489.98999023,54548000,1363917600
2013-03-25,491.76000977,495.64001465,488.54998779,493.57000732,38339000,1364176800
2013-03-26,494.19000244,496.32000732,489.14001465,489.45999146,47035000,1364263200
2013-03-27,489.29998779,492.45999146,485.33999634,491.26000977,38972000,1364349600
2013-03-28,491.64001465,495.11999512,487.67001343,490.67001343,45819000,1364436000
2013-03-29,487.01000977,492.95999146,483.5,491.04000854,38989000,1364522400
2013-04-01,490.66000366,505.80999756,489.8999939,505.80999756,55425000,1364781600
2013-04-02,507.30999756,514.09997559,507.22000122,509.42999268,70264000,1364868000
2013-04-03,509.29000854,511.58999634,502.38000488,505.92999268,57121000,1364954400
2013-04-04,505.54000854,506.63000488,497.3500061,497.3500061,52180000,1365040800
2013-04-05,501.16000366,503.35998535,497.82998657,502.57998657,48746000,1365127200
2013-04-08,505.0,507.75,501.91000366,506.66000366,52181000,1365386400
2013-04-09,505.08999634,512.84997559,504.16000366,510.48999023,60757000,1365472800
2013-04-10,512.15002441,518.46002197,496.5,496.5,69177000,1365559200
2013-04-11,501.39001465,504.51000977,497.07998657,504.07000732,52044000,1365645600
2013-04-12,505.36999512,505.8999939,490.82000732,494.26998901,52308000,1365732000
2013-04-15,491.6499939,491.76998901,478.79998779,480.01998901,54830000,1365991200
2013-04-16,475.07000732,479.97000122,466.55999756,478.07000732,58211000,1366077600
2013-04-17,482.17001343,483.98999023,476.52999878,483.98999023,30050000,1366164000
2013-04-18,483.98999023,483.98999023,471.1000061,473.20999146,38516000,1366250400
2013-04-22,471.80999756,472.95001221,466.77999878,468.42999268,39686000,1366596000
2013-04-23,470.58999634,475.48001099,469.13000488,473.69000244,34007000,1366682400
2013-04-24,474.48001099,475.75,472.89001465,472.89001465,32854000,1366768800
2013-04-25,474.86999512,477.79998779,474.29000854,476.58999634,37107000,1366855200
2013-04-26,477.04000854,479.11999512,474.42999268,474.51000977,31272000,1366941600
2013-05-02,474.54000854,476.42001343,472.16000366,473.01998901,25838000,1367460000
2013-05-03,471.14001465,475.23999023,470.80999756,475.23999023,26290000,1367546400
2013-05-06,478.94000244,488.32000732,478.94000244,488.32000732,52993000,1367805600
2013-05-07,489.3500061,491.55999756,484.39001465,485.57998657,58061000,1367892000
2013-05-08,486.73999023,488.04000854,483.02999878,485.07000732,63517000,1367978400
2013-05-09,485.44000244,488.57000732,485.20001221,486.22000122,101297000,1368064800
2013-05-10,488.1000061,490.76000977,484.75,486.1000061,85570000,1368151200
2013-05-13,486.95999146,490.38000488,486.95999146,488.92999268,45489000,1368410400
2013-05-14,486.94000244,487.45001221,480.79000854,483.8500061,46532000,1368496800
2013-05-15,482.82000732,487.51998901,481.79998779,485.97000122,37545000,1368583200
2013-05-16,486.0,491.44000244,485.27999878,490.33999634,49811000,1368669600
2013-05-17,489.98999023,491.8500061,487.6000061,487.6000061,50054000,1368756000
2013-05-20,487.70999146,492.95999146,485.42001343,492.26998901,48673000,1369015200
2013-05-21,496.08999634,502.6000061,495.95001221,500.17999268,88739000,1369101600
2013-05-22,503.23001099,504.67999268,501.44000244,502.23001099,66881000,1369188000
2013-05-23,501.1499939,506.57998657,498.22000122,498.22000122,80016000,1369274400
2013-05-24,498.76998901,503.6000061,495.95999146,500.23999023,62516000,1369360800
2013-05-27,504.38000488,516.08001709,504.38000488,512.40997314,93328000,1369620000
2013-05-28,515.61999512,517.9699707,512.80999756,516.33001709,87434000,1369706400
2013-05-29,517.90997314,520.35998535,511.30999756,515.09002686,99723000,1369792800
2013-05-30,517.17999268,521.45001221,513.67999268,521.45001221,75594000,1369879200
2013-05-31,526.58001709,526.58001709,518.39001465,518.39001465,150131000,1369965600
2013-06-03,518.29998779,521.34997559,516.64001465,517.0300293,75928000,1370224800
2013-06-04,517.0300293,521.96002197,510.69000244,510.69000244,78925000,1370311200
2013-06-05,512.36999512,514.64001465,508.85998535,514.64001465,56285000,1370397600
2013-06-06,513.42999268,521.2800293,513.15997314,520.90002441,72252000,1370484000
2013-06-07,523.21002197,527.9699707,523.19000244,527.9699707,74548000,1370570400
2013-06-10,530.9699707,533.15002441,524.55999756,524.55999756,94172000,1370829600
2013-06-11,525.20001221,525.67999268,520.94000244,521.95001221,68047000,1370916000
2013-06-12,521.21002197,524.90997314,518.23999023,518.23999023,70558000,1371002400
2013-06-13,518.2800293,519.53997803,510.07000732,515.09002686,62542000,1371088800
2013-06-14,517.14001465,518.0,509.02999878,509.02999878,60674000,1371175200
2013-06-17,510.51998901,511.23001099,498.30999756,498.51998901,75810000,1371434400
2013-06-18,497.05999756,500.54000854,495.5,498.88000488,55766000,1371520800
2013-06-19,501.57998657,504.10998535,500.60998535,503.36999512,43058000,1371607200
2013-06-20,502.22000122,503.75,498.54998779,499.51000977,49469000,1371693600
2013-06-21,497.29998779,501.25,495.23001099,498.83999634,94145000,1371780000
2013-06-24,500.44000244,501.14001465,487.41000366,489.73999023,58309000,1372039200
2013-06-25,487.04000854,488.54998779,466.77999878,473.01998901,86820000,1372125600
2013-06-26,473.26000977,476.47000122,466.41000366,473.52999878,66676000,1372212000
2013-06-27,476.32998657,482.95001221,475.0,482.95001221,46020000,1372298400
2013-06-28,484.83999634,485.94000244,479.94000244,481.13000488,62412000,1372384800
2013-07-01,478.98001099,482.02999878,475.26000977,480.04000854,35055000,1372644000
2013-07-02,480.72000122,490.14001465,480.72000122,489.83999634,37836000,1372730400
2013-07-03,489.83999634,492.92999268,487.10998535,487.3500061,45910000,1372816800
2013-07-04,489.23001099,490.6499939,486.48999023,487.22000122,39430000,1372903200
2013-07-05,488.05999756,489.98999023,485.22000122,485.66000366,38315000,1372989600
2013-07-08,485.23999023,485.95001221,480.57998657,482.76998901,40645000,1373248800
2013-07-09,483.95999146,485.5,481.14001465,485.5,29844000,1373335200
2013-07-10,487.80999756,489.82998657,484.42999268,484.42999268,32642000,1373421600
2013-07-11,484.38000488,485.44000244,482.10998535,484.47000122,35042000,1373508000
2013-07-12,485.14001465,493.98999023,485.13000488,493.98999023,51911000,1373594400
2013-07-15,496.11999512,498.32000732,492.95001221,494.1000061,43476000,1373853600
2013-07-16,494.66000366,497.82998657,493.73999023,496.22000122,42316000,1373940000
2013-07-17,496.38000488,498.42001343,493.36999512,497.5,42124000,1374026400
2013-07-18,495.67999268,500.51000977,494.23001099,496.83999634,53152000,1374112800
2013-07-19,499.64001465,505.38000488,499.27999878,503.76000977,48106000,1374199200
2013-07-22,505.10998535,507.70999146,501.63000488,506.16000366,54393000,1374458400
2013-07-23,506.16000366,508.64001465,504.22000122,504.29000854,53032000,1374544800
2013-07-24,503.67001343,504.26998901,493.35998535,494.17999268,60420000,1374631200
2013-07-25,493.75,495.8500061,491.70999146,491.77999878,42246000,1374717600
2013-07-26,493.5,495.16000366,487.92001343,493.92999268,43407000,1374804000
2013-07-29,493.80999756,494.35998535,485.55999756,485.69000244,32826000,1375063200
2013-07-30,485.77999878,490.35998535,485.73999023,488.54000854,30659000,1375149600
2013-07-31,488.1000061,493.1000061,487.1000061,491.8500061,41623000,1375236000
2013-08-01,490.8999939,494.30999756,489.57000732,492.42999268,31502000,1375322400
2013-08-02,493.32998657,495.70999146,493.01998901,494.66000366,26274000,1375408800
2013-08-05,494.38000488,496.73999023,492.75,493.66000366,29582000,1375668000
2013-08-06,492.69000244,496.55999756,491.91000366,496.55999756,34417000,1375754400
2013-08-07,496.95001221,502.26000977,495.01998901,500.1000061,40448000,1375840800
2013-08-08,499.52999878,503.51000977,497.04998779,498.22000122,28326000,1375927200
2013-08-09,498.88000488,502.04000854,498.88000488,500.61999512,28096000,1376013600
2013-08-12,501.3500061,501.39001465,497.52999878,499.45999146,31953000,1376272800
2013-08-13,499.45999146,502.63000488,497.3999939,497.73001099,36520000,1376359200
2013-08-14,498.51000977,503.89001465,496.3500061,503.57000732,35781000,1376445600
2013-08-15,505.02999878,509.6000061,505.02999878,508.22000122,63488000,1376532000
2013-08-16,508.22000122,510.22000122,505.48001099,507.79000854,60576000,1376618400
2013-08-19,507.26998901,513.34002686,507.16000366,511.01998901,61780000,1376877600
2013-08-20,509.58999634,510.58999634,504.10998535,504.80999756,65901000,1376964000
2013-08-21,504.76998901,504.77999878,497.01000977,502.70001221,53824000,1377050400
2013-08-22,499.82000732,503.92001343,494.3999939,496.11999512,53025000,1377136800
2013-08-23,496.11999512,497.89001465,482.77999878,486.82000732,54165000,1377223200
2013-08-26,485.26000977,490.54000854,478.58999634,490.54000854,43033000,1377482400
2013-08-27,488.23001099,489.89001465,485.57000732,485.57000732,27832000,1377568800
2013-08-28,482.48001099,482.48001099,470.29000854,473.29998779,69273000,1377655200
2013-08-29,473.32998657,477.08999634,468.54998779,468.54998779,39838000,1377741600
2013-08-30,469.64001465,472.70001221,462.13000488,472.70001221,35496000,1377828000
2013-09-03,473.55999756,477.07998657,470.26000977,472.17001343,29194000,1378173600
2013-09-04,472.76998901,476.42001343,469.29998779,471.45001221,69278000,1378260000
2013-09-05,473.61999512,477.76998901,470.72000122,477.57000732,47477000,1378346400
2013-09-06,479.17999268,480.54998779,475.16000366,480.02999878,46817000,1378432800
2013-09-09,478.98001099,478.98001099,469.39001465,470.16000366,54930000,1378692000
2013-09-10,470.16000366,475.61999512,470.16000366,474.52999878,28764000,1378778400
2013-09-11,474.52999878,478.95001221,473.67999268,476.3999939,33569000,1378864800
2013-09-12,474.97000122,477.25,474.91000366,475.58999634,32566000,1378951200
2013-09-13,475.10998535,478.0,474.54000854,476.42001343,29065000,1379037600
2013-09-16,478.32000732,478.70001221,473.97000122,475.57000732,38474000,1379296800
2013-09-17,476.20999146,480.16000366,475.82000732,477.73001099,39152000,1379383200
2013-09-18,478.6499939,479.42999268,473.51998901,474.26000977,39014000,1379469600
2013-09-19,477.98999023,478.98999023,475.69000244,476.08999634,35572000,1379556000
2013-09-20,476.11999512,477.19000244,474.70001221,477.19000244,84264000,1379642400
2013-09-23,476.79000854,479.08999634,475.05999756,479.08999634,46168000,1379901600
2013-09-24,478.88000488,483.77999878,478.8500061,482.82000732,82400000,1379988000
2013-09-25,482.41000366,488.98001099,482.41000366,486.22000122,80657000,1380074400
2013-09-26,486.27999878,487.88000488,482.60998535,485.10998535,49671000,1380160800
2013-09-27,484.67999268,487.82000732,483.8500061,486.60998535,47133000,1380247200
2013-09-30,487.11999512,492.6499939,486.70001221,492.63000488,68464000,1380506400
2013-10-01,491.92001343,496.58999634,491.33999634,492.23999023,102078000,1380592800
2013-10-02,492.57998657,496.85998535,492.57998657,494.39001465,77328000,1380679200
2013-10-03,495.0,495.0,491.58999634,492.29998779,62671000,1380765600
2013-10-04,492.17001343,497.73001099,490.42999268,497.5,59716000,1380852000
2013-10-07,497.45001221,502.16000366,496.92001343,500.47000122,72099000,1381111200
2013-10-08,500.52999878,502.64001465,497.57998657,502.22000122,72185000,1381197600
2013-10-09,501.27999878,502.51998901,498.98001099,500.67001343,64403000,1381284000
2013-10-10,500.33999634,501.64001465,494.80999756,494.80999756,66509000,1381370400
2013-10-11,496.70999146,498.57998657,494.52999878,494.52999878,53529000,1381456800
2013-10-14,494.30999756,495.67001343,492.80999756,493.61999512,38398000,1381716000
2013-10-15,493.02999878,495.72000122,492.36999512,495.72000122,50449000,1381802400
2013-10-16,495.58999634,500.6000061,495.01998901,498.95999146,69933000,1381888800
2013-10-17,501.88000488,502.64001465,498.82998657,499.58999634,64096000,1381975200
2013-10-18,499.89001465,501.39001465,497.91000366,500.82998657,69747000,1382061600
2013-10-21,501.79998779,503.72000122,500.25,501.57000732,112334000,1382320800
2013-10-22,500.94000244,502.95001221,498.73999023,500.57000732,74971000,1382407200
2013-10-23,501.41000366,504.80999756,501.41000366,504.04998779,82425000,1382493600
2013-10-24,503.47000122,505.73999023,500.64001465,501.17001343,86402000,1382580000
2013-10-25,502.79998779,503.17001343,499.52999878,500.75,74173000,1382666400
2013-10-28,501.26998901,501.85998535,496.45999146,496.45999146,73719000,1382925600
2013-10-29,494.66000366,497.73999023,494.01000977,497.07998657,57867000,1383012000
2013-10-30,498.0,500.97000122,497.95001221,499.07000732,48372000,1383098400
2013-10-31,500.04000854,500.58999634,497.41000366,497.41000366,43345000,1383184800
2013-11-01,499.20999146,499.26998901,496.92999268,497.07998657,42529000,1383271200
2013-11-04,497.25,498.48999023,495.67999268,497.07000732,65125000,1383530400
2013-11-05,497.38000488,500.27999878,495.83999634,499.79000854,75860000,1383616800
2013-11-06,500.82998657,502.51998901,499.57998657,502.51998901,81850000,1383703200
2013-11-07,501.3999939,503.29998779,499.29000854,499.85998535,106540000,1383789600
2013-11-08,498.79998779,500.47000122,498.32998657,498.60998535,72791000,1383876000
2013-11-11,498.02999878,501.07998657,497.41000366,501.07998657,93277000,1384135200
2013-11-12,500.80999756,501.35998535,496.79000854,497.6499939,121980000,1384221600
2013-11-13,496.8999939,498.61999512,495.67999268,496.11999512,64527000,1384308000
2013-11-14,496.67001343,498.82000732,496.11999512,497.8500061,65073000,1384394400
2013-11-15,497.88000488,502.11999512,497.72000122,501.33999634,91215000,1384480800
2013-11-18,503.32998657,507.41000366,503.32998657,506.48001099,115880000,1384740000
2013-11-19,505.45001221,507.63000488,504.70999146,504.70999146,96549000,1384826400
2013-11-20,504.67999268,505.75,502.98001099,505.51998901,107162000,1384912800
2013-11-21,507.0,510.20999146,503.54000854,503.54000854,173935000,1384999200
2013-11-22,504.51998901,506.45999146,502.82998657,505.64001465,106375000,1385085600
2013-11-25,506.94000244,509.72000122,506.07998657,506.45999146,97383000,1385344800
2013-11-26,506.98001099,510.75,504.6499939,509.16000366,93482000,1385431200
2013-11-27,510.95999146,513.25,507.66000366,508.42999268,102743000,1385517600
2013-11-28,508.52999878,509.1499939,506.98999023,507.70999146,82129000,1385604000
2013-11-29,507.42001343,508.77999878,506.04998779,507.77999878,101245000,1385690400
2013-12-02,509.13000488,509.48001099,507.1000061,508.52999878,77688000,1385949600
2013-12-03,508.13000488,514.83001709,508.13000488,511.61999512,125503000,1386036000
2013-12-04,512.01000977,513.40002441,510.66000366,510.88000488,111829000,1386122400
2013-12-05,510.39001465,512.21002197,507.51998901,510.02999878,103882000,1386208800
2013-12-06,510.02999878,512.36999512,509.76000977,510.11999512,78639000,1386295200
2013-12-09,514.13000488,514.13000488,510.94000244,511.23001099,102308000,1386554400
2013-12-10,512.09997559,513.83001709,510.23999023,511.6000061,80982000,1386640800
2013-12-11,511.73999023,511.80999756,504.8999939,505.30999756,103539000,1386727200
2013-12-12,503.76998901,507.67999268,503.76000977,506.92001343,80162000,1386813600
2013-12-13,507.07000732,509.3500061,505.48999023,506.05999756,67670000,1386900000
2013-12-16,503.45999146,506.51998901,502.04000854,502.04000854,62699000,1387159200
2013-12-17,503.23999023,505.67001343,502.20001221,505.67001343,73600000,1387245600
2013-12-18,505.1000061,506.10998535,503.66000366,505.25,62331000,1387332000
2013-12-19,505.8999939,508.04000854,504.92001343,506.27999878,111084000,1387418400
2013-12-20,507.39001465,508.29000854,504.45001221,504.45001221,142430000,1387504800
2013-12-23,506.6000061,509.41000366,505.73001099,508.67999268,108210000,1387764000
2013-12-24,508.60998535,509.54000854,505.61999512,505.61999512,91414000,1387850400
2013-12-25,506.36999512,506.52999878,503.02999878,504.42001343,73606000,1387936800
2013-12-26,504.41000366,507.57000732,503.58999634,506.54998779,82921000,1388023200
2013-12-27,507.07998657,510.08999634,506.41000366,506.41000366,73740000,1388109600
2013-12-30,506.3500061,507.01998901,500.3500061,500.3500061,94287000,1388368800
2013-12-31,500.04000854,506.44000244,499.48999023,504.63000488,60923000,1388455200
2014-01-02,505.60998535,506.70999146,503.04000854,504.51000977,57718000,1388628000
2014-01-03,504.41000366,506.27999878,503.94000244,505.36999512,55600000,1388714400
2014-01-06,505.73999023,509.1000061,504.27999878,509.1000061,68738000,1388973600
2014-01-07,510.83999634,513.0,509.86999512,510.11999512,74364000,1389060000
2014-01-08,511.02999878,514.20001221,509.01000977,513.90002441,70297000,1389146400
2014-01-09,513.65997314,516.97998047,513.52001953,516.97998047,91486000,1389232800
2014-01-10,518.33001709,523.05999756,518.23999023,518.94000244,107180000,1389319200
2014-01-13,519.30999756,522.32000732,518.7800293,521.10998535,71994000,1389578400
2014-01-14,521.13000488,524.59002686,520.63000488,522.30999756,94865000,1389664800
2014-01-15,523.7199707,527.09002686,522.45001221,526.67999268,127582000,1389751200
2014-01-16,528.83001709,533.53997803,527.90002441,533.53997803,97753000,1389837600
2014-01-17,536.80999756,549.88000488,536.80999756,543.59002686,118065000,1389924000
2014-01-20,548.2199707,559.92999268,548.2199707,553.66998291,105722000,1390183200
2014-01-21,555.7199707,560.17999268,547.65002441,559.90997314,100920000,1390269600
2014-01-22,561.34002686,564.60998535,551.91998291,551.91998291,125282000,1390356000
2014-01-23,550.88000488,556.5,550.52001953,553.54998779,73716000,1390442400
2014-01-24,555.65997314,560.19000244,553.46002197,560.19000244,88006000,1390528800
2014-01-27,560.45001221,560.48999023,556.34997559,556.52001953,67552000,1390788000
2014-02-06,555.51000977,557.28997803,551.45001221,554.67999268,89235000,1391652000
2014-02-07,557.71002197,558.51000977,549.36999512,549.76000977,124967000,1391738400
2014-02-10,550.40997314,555.90002441,548.55999756,555.90002441,110187000,1391997600
2014-02-11,559.73999023,561.83001709,553.90002441,553.90002441,175048000,1392084000
2014-02-12,555.54998779,564.25,554.26000977,564.25,126103000,1392170400
2014-02-13,567.58001709,570.67999268,565.27001953,570.17999268,147121000,1392256800
2014-02-14,573.09002686,576.17999268,569.38000488,572.2199707,142810000,1392343200
2014-02-17,571.90997314,572.84997559,567.89001465,570.20001221,163685000,1392602400
2014-02-18,570.79998779,574.55999756,570.15997314,574.55999756,160281000,1392688800
2014-02-19,578.5300293,578.79998779,573.85998535,578.11999512,159097000,1392775200
2014-02-20,579.64001465,584.09997559,565.30999756,571.03997803,259679000,1392861600
2014-02-21,570.95001221,574.60998535,565.33001709,570.57000732,124763000,1392948000
2014-02-24,571.94000244,576.58001709,570.07000732,576.58001709,119028000,1393207200
2014-02-25,575.48999023,586.20001221,575.48999023,586.20001221,143515000,1393293600
2014-02-26,590.64001465,590.78997803,582.96002197,589.80999756,157701000,1393380000
2014-02-27,587.82000732,596.40002441,584.78997803,584.78997803,225207000,1393466400
2014-02-28,586.11999512,591.35998535,581.63000488,586.47998047,119409000,1393552800
2014-03-03,586.65002441,587.10998535,573.36999512,573.38000488,143297000,1393812000
2014-03-04,569.34002686,572.2800293,563.54998779,569.9699707,125572000,1393898400
2014-03-05,569.9699707,577.5,569.9699707,574.94000244,105933000,1393984800
2014-03-06,576.16998291,580.03997803,574.58001709,578.55999756,141305000,1394071200
2014-03-07,579.40002441,582.23999023,579.09997559,579.75,157003000,1394157600
2014-03-10,580.84002686,584.80999756,579.97998047,583.69000244,145026000,1394416800
2014-03-11,585.09997559,589.45001221,582.20001221,588.5,162493000,1394503200
2014-03-12,590.94000244,596.38000488,590.02001953,590.02001953,177884000,1394589600
2014-03-13,590.83001709,595.2199707,590.35998535,595.2199707,133779000,1394676000
2014-03-14,596.20001221,600.67999268,594.51000977,596.83001709,163990000,1394762400
2014-03-17,603.04998779,603.23999023,598.70001221,600.35998535,170181000,1395021600
2014-03-18,602.01000977,603.21002197,597.7800293,599.84997559,205402000,1395108000
2014-03-19,600.72998047,605.90997314,600.41998291,605.59002686,192008000,1395194400
2014-03-20,607.39001465,608.51000977,600.0300293,600.26000977,192917000,1395280800
2014-03-21,600.26000977,607.2199707,600.26000977,601.75,229955000,1395367200
2014-03-24,606.54998779,609.20001221,604.17999268,607.54998779,194824000,1395626400
2014-03-25,609.01000977,609.46002197,601.84997559,601.84997559,261347000,1395712800
2014-03-26,603.53997803,603.67999268,587.52001953,588.05999756,259085000,1395799200
2014-03-27,588.94000244,591.70001221,582.80999756,590.14001465,151336000,1395885600
2014-03-28,592.82000732,595.70001221,590.59002686,594.28997803,122367000,1395972000
2014-03-31,594.28997803,597.2199707,591.57000732,591.57000732,119515000,1396231200
2014-04-01,590.92999268,593.0300293,582.29998779,583.84997559,173005000,1396317600
2014-04-02,584.16998291,586.5,574.40002441,581.66998291,146780000,1396404000
2014-04-03,584.45001221,590.90997314,582.83001709,589.44000244,105523000,1396490400
2014-04-04,589.90002441,593.7199707,588.34002686,593.03997803,119718000,1396576800
2014-04-07,595.7199707,602.54998779,595.34997559,600.57000732,115651000,1396836000
2014-04-08,600.71002197,603.25,598.52001953,603.25,127466000,1396922400
2014-04-10,603.25,608.89001465,600.42999268,601.33001709,114248000,1397095200
2014-04-11,597.86999512,602.01000977,594.96002197,600.57000732,106926000,1397181600
2014-04-14,602.66998291,602.70001221,596.04998779,596.10998535,128080000,1397440800
2014-04-15,596.0,597.98999023,586.09002686,586.09002686,131669000,1397527200
2014-04-16,583.64001465,585.51000977,567.60998535,574.28997803,149242000,1397613600
2014-04-17,580.39001465,583.51000977,575.83001709,580.30999756,117693000,1397700000
2014-04-18,580.89001465,580.89001465,565.33001709,565.33001709,116973000,1397786400
2014-04-21,564.21002197,568.44000244,558.14001465,558.14001465,95569000,1398045600
2014-04-22,560.63000488,569.86999512,556.4699707,569.86999512,99105000,1398132000
2014-04-23,569.83001709,573.39001465,567.03997803,569.35998535,71203000,1398218400
2014-04-24,568.38000488,571.57000732,566.94000244,570.46002197,56696000,1398304800
2014-04-25,571.71002197,580.73999023,571.71002197,578.91998291,64320000,1398391200
2014-04-28,579.04998779,580.70001221,573.09997559,573.09997559,58054000,1398650400
2014-04-29,570.64001465,578.21002197,570.64001465,578.0,50435000,1398736800
2014-05-05,578.45001221,580.10998535,564.4699707,564.84997559,76076000,1399255200
2014-05-06,561.85998535,562.35998535,545.9699707,555.10998535,100642000,1399341600
2014-05-07,558.03997803,561.55999756,553.21002197,559.9699707,52417000,1399428000
2014-05-08,550.75,550.75,525.36999512,527.09002686,146492000,1399514400
2014-05-09,522.82000732,542.55999756,522.70001221,542.46002197,118856000,1399600800
2014-05-12,536.82000732,536.82000732,512.25,517.04998779,99261000,1399860000
2014-05-13,508.76000977,518.45001221,508.51000977,513.90997314,98641000,1399946400
2014-05-14,510.16000366,529.59002686,509.82000732,529.5300293,108324000,1400032800
2014-05-15,529.39001465,537.27001953,512.40997314,524.04998779,132543000,1400119200
2014-05-16,522.0,529.48999023,519.39001465,529.48999023,83778000,1400205600
2014-05-19,530.30999756,534.67999268,525.82000732,533.03997803,106138000,1400464800
2014-05-20,531.0,537.92999268,527.69000244,537.52001953,105112000,1400551200
2014-05-21,537.95001221,543.92999268,533.19000244,543.88000488,102988000,1400637600
2014-05-22,543.34997559,547.20001221,541.42999268,541.72998047,130117000,1400724000
2014-05-23,542.44000244,545.29998779,540.51000977,541.48999023,85739000,1400810400
2014-05-26,541.42999268,544.92999268,536.27001953,544.05999756,85780000,1401069600
2014-05-27,543.54998779,552.75,542.48999023,552.75,127183000,1401156000
2014-05-28,554.32000732,557.92999268,553.0300293,557.34002686,108158000,1401242400
2014-05-29,556.29998779,562.33001709,555.32000732,558.45001221,116324000,1401328800
2014-05-30,558.7800293,565.04998779,557.20001221,562.02001953,83436000,1401415200
2014-06-02,560.28997803,563.11999512,554.44000244,556.79998779,80227000,1401674400
2014-06-03,557.34002686,560.61999512,554.96002197,558.76000977,58636000,1401760800
2014-06-04,559.13000488,559.19000244,550.22998047,553.46002197,67931000,1401847200
2014-06-05,552.20001221,553.96002197,548.4699707,551.09997559,59225000,1401933600
2014-06-06,553.61999512,559.03997803,551.79998779,559.03997803,60850000,1402020000
2014-06-09,559.03997803,571.83001709,558.64001465,565.60998535,112503000,1402279200
2014-06-10,566.30999756,571.72998047,564.32000732,566.89001465,79447000,1402365600
2014-06-11,567.77001953,573.04998779,566.51000977,570.35998535,85221000,1402452000
2014-06-12,571.19000244,574.75,568.58001709,573.77001953,96141000,1402538400
2014-06-13,573.58001709,577.27001953,573.0300293,574.47998047,72408000,1402624800
2014-06-16,575.20001221,575.86999512,571.76000977,572.36999512,87594000,1402884000
2014-06-17,571.79998779,573.15002441,567.58001709,572.25,108669000,1402970400
2014-06-18,571.73999023,575.0300293,570.0300293,570.0300293,99956000,1403056800
2014-06-19,564.92999268,569.40997314,558.65002441,567.34997559,124334000,1403143200
2014-06-20,568.45001221,571.76000977,560.7800293,560.7800293,123446000,1403229600
2014-06-23,561.9699707,567.71002197,561.9699707,565.91998291,62544000,1403488800
2014-06-24,565.4699707,570.36999512,565.11999512,569.73999023,67576000,1403575200
2014-06-25,570.33001709,574.61999512,569.27001953,572.27001953,96491000,1403661600
2014-06-26,572.22998047,578.28997803,570.33001709,576.40002441,123938000,1403748000
2014-06-27,576.28997803,580.75,575.09997559,578.82000732,74415000,1403834400
2014-06-30,578.2800293,582.26000977,577.76000977,578.13000488,76497000,1404093600
2014-07-01,578.92999268,582.15997314,577.29998779,578.07000732,104404000,1404180000
2014-07-02,578.90002441,581.89001465,576.88000488,578.79998779,109096000,1404266400
2014-07-03,581.23999023,585.02001953,580.54998779,585.02001953,131464000,1404352800
2014-07-04,585.65997314,591.38000488,585.65997314,589.34997559,132764000,1404439200
2014-07-07,592.22998047,594.84002686,589.60998535,590.69000244,127746000,1404698400
2014-07-08,591.63000488,593.40002441,588.53997803,591.4699707,96629000,1404784800
2014-07-09,591.82000732,593.41998291,590.46002197,591.59997559,109820000,1404871200
2014-07-10,591.21002197,591.34997559,581.48999023,584.88000488,152832000,1404957600
2014-07-11,584.28997803,586.57000732,580.53997803,582.77001953,78299000,1405044000
2014-07-14,583.54998779,586.22998047,581.98999023,586.22998047,68062000,1405303200
2014-07-15,587.91998291,590.09002686,587.67999268,589.30999756,137425000,1405389600
2014-07-16,594.13000488,594.28997803,589.67999268,589.67999268,138139000,1405476000
2014-07-17,588.98999023,591.41998291,586.07000732,590.36999512,96551000,1405562400
2014-07-18,590.90002441,596.26000977,589.33001709,596.26000977,144370000,1405648800
2014-07-21,598.10998535,604.64001465,596.96002197,601.03997803,111555000,1405908000
2014-07-22,599.29998779,600.92999268,594.84997559,597.97998047,103903000,1405994400
2014-07-23,599.55999756,599.55999756,594.09997559,597.5,65415000,1406080800
2014-07-24,597.0300293,602.48999023,597.0300293,602.05999756,87860000,1406167200
2014-07-25,603.53997803,605.7800293,600.14001465,600.14001465,99969000,1406253600
2014-07-28,599.13000488,599.34997559,587.7800293,589.45001221,111541000,1406512800
2014-07-29,590.57000732,592.23999023,585.75,592.23999023,62283000,1406599200
2014-07-30,591.15002441,593.58001709,588.5300293,589.33001709,81073000,1406685600
2014-07-31,589.34997559,596.10998535,587.67999268,596.07000732,64623000,1406772000
2014-08-01,594.65997314,596.79998779,592.38000488,593.90002441,65130000,1406858400
2014-08-04,592.03997803,600.52001953,592.03997803,599.03997803,71641000,1407117600
2014-08-05,600.46002197,607.72998047,599.09997559,607.72998047,86633000,1407204000
2014-08-06,607.95001221,610.88000488,605.63000488,606.70001221,94020000,1407290400
2014-08-07,603.94000244,608.41998291,603.13000488,607.61999512,91130000,1407376800
2014-08-08,607.17999268,610.09002686,604.08001709,605.42999268,108881000,1407463200
2014-08-11,602.7800293,607.15997314,600.47998047,602.13000488,87720000,1407722400
2014-08-12,600.52001953,604.89001465,598.71002197,601.7800293,82998000,1407808800
2014-08-13,601.0300293,604.51000977,599.64001465,602.76000977,95741000,1407895200
2014-08-14,605.0300293,607.84002686,604.08001709,605.25,112025000,1407981600
2014-08-15,605.25,608.46002197,603.23999023,604.23999023,105895000,1408068000
2014-08-18,605.41998291,607.78997803,603.33001709,605.08001709,139413000,1408327200
2014-08-19,607.27001953,609.03997803,603.60998535,604.64001465,134150000,1408413600
2014-08-20,604.29998779,608.7199707,602.80999756,606.70001221,107832000,1408500000
2014-08-21,608.90997314,616.96002197,608.58001709,612.94000244,151001000,1408586400
2014-08-22,614.51000977,622.9699707,614.51000977,620.14001465,163547000,1408672800
2014-08-25,622.71002197,629.58001709,622.15997314,625.88000488,182015000,1408932000
2014-08-26,627.13000488,631.16998291,625.09997559,629.05999756,135434000,1409018400
2014-08-27,630.84002686,632.25,624.67999268,628.77001953,157141000,1409104800
2014-08-28,627.40997314,635.94000244,626.32000732,632.0300293,164370000,1409191200
2014-08-29,634.90997314,640.19000244,631.10998535,636.65002441,189882000,1409277600
2014-09-03,640.69000244,644.55999756,638.95001221,640.75,204660000,1409709600
2014-09-04,638.59997559,642.88000488,636.55999756,640.2199707,163378000,1409796000
2014-09-05,640.63000488,641.96002197,638.54998779,638.65002441,161906000,1409882400
2014-09-08,641.88000488,642.7199707,639.19000244,639.84997559,182225000,1410141600
2014-09-09,640.5,641.20001221,622.76000977,626.91998291,280300000,1410228000
2014-09-10,625.59002686,630.0300293,618.53997803,628.79998779,141622000,1410314400
2014-09-11,629.77001953,633.59997559,626.26000977,628.98999023,129415000,1410400800
2014-09-12,631.30999756,632.90997314,627.41998291,632.5,144087000,1410487200
2014-09-15,633.85998535,636.65002441,630.34002686,630.34002686,212384000,1410746400
2014-09-16,628.96002197,631.59002686,623.65997314,627.65997314,180897000,1410832800
2014-09-17,630.47998047,632.2199707,625.65997314,625.65997314,189812000,1410919200
2014-09-18,625.95001221,627.28997803,615.79998779,615.79998779,179595000,1411005600
2014-09-19,615.85998535,619.79998779,612.40002441,613.28997803,218232000,1411092000
2014-09-22,617.71002197,621.35998535,611.92999268,611.92999268,143309000,1411351200
2014-09-23,611.75,615.98999023,610.39001465,610.39001465,144391000,1411437600
2014-09-24,609.51000977,611.60998535,603.59002686,603.59002686,132704000,1411524000
2014-09-25,604.30999756,605.5,594.2800293,605.09997559,135774000,1411610400
2014-09-26,608.79998779,610.15002441,604.97998047,604.97998047,143917000,1411696800
2014-09-29,605.0300293,605.0300293,599.7800293,599.7800293,127431000,1411956000
2014-09-30,597.10998535,601.53997803,594.0,598.79998779,153786000,1412042400
2014-10-01,603.5,611.73999023,603.44000244,609.27001953,183011000,1412128800
2014-10-02,612.42999268,614.79998779,607.57000732,612.65997314,180215000,1412215200
2014-10-03,613.38000488,615.41998291,610.54998779,611.54998779,190315000,1412301600
2014-10-06,612.10998535,616.13000488,611.77001953,614.41998291,168958000,1412560800
2014-10-07,614.15997314,617.01000977,612.94000244,614.08001709,194666000,1412647200
2014-10-08,615.03997803,618.36999512,611.97998047,617.26000977,175391000,1412733600
2014-10-09,622.25,626.90002441,622.25,624.34002686,163349000,1412820000
2014-10-10,623.84997559,627.48999023,617.7199707,617.7199707,150441000,1412906400
2014-10-13,615.77001953,618.28997803,608.27001953,614.2199707,119914000,1413165600
2014-10-14,614.2199707,616.71002197,605.78997803,605.78997803,115311000,1413252000
2014-10-15,603.72998047,606.40002441,596.5,604.28997803,124374000,1413338400
2014-10-16,603.10998535,603.59002686,585.76000977,587.16998291,169572000,1413424800
2014-10-17,585.95001221,591.84997559,577.78997803,585.2800293,130528000,1413511200
2014-10-20,588.38000488,593.20001221,585.70001221,589.23999023,82445000,1413770400
2014-10-21,590.16998291,601.14001465,588.75,600.54998779,87102000,1413856800
2014-10-22,600.27001953,603.9699707,598.98999023,601.59002686,101804000,1413943200
2014-10-23,598.86999512,602.02001953,593.10998535,593.5300293,151034000,1414029600
2014-10-24,592.65997314,595.33001709,588.7199707,591.51000977,93571000,1414116000
2014-10-27,590.33001709,591.59002686,580.02001953,580.79998779,104194000,1414375200
2014-10-28,578.72998047,584.42999268,578.44000244,583.13000488,116563000,1414461600
2014-10-29,585.67999268,591.83001709,585.67999268,591.20001221,100309000,1414548000
2014-10-30,593.09002686,594.29998779,589.14001465,589.14001465,96455000,1414634400
2014-10-31,591.11999512,600.84002686,588.15997314,600.84002686,132329000,1414720800
2014-11-03,603.44000244,606.94000244,602.51000977,603.15002441,123870000,1414980000
2014-11-04,601.54998779,604.4699707,598.39001465,598.39001465,116125000,1415066400
2014-11-05,599.64001465,602.5300293,593.5300293,597.01000977,146012000,1415152800
2014-11-06,599.20001221,601.2800293,596.72998047,597.84997559,93439000,1415239200
2014-11-07,598.40997314,603.32000732,597.72998047,602.59002686,125603000,1415325600
2014-11-10,604.75,607.5,602.11999512,602.11999512,138817000,1415584800
2014-11-11,603.47998047,608.67999268,601.84997559,604.22998047,136607000,1415671200
2014-11-12,605.14001465,606.35998535,603.11999512,604.01000977,126582000,1415757600
2014-11-13,605.25,607.28997803,602.61999512,603.15997314,157538000,1415844000
2014-11-14,601.69000244,602.51000977,596.95001221,600.35998535,145108000,1415930400
2014-11-17,602.40002441,604.63000488,600.92999268,600.92999268,114409000,1416189600
2014-11-18,600.85998535,602.5300293,594.25,594.25,143921000,1416276000
2014-11-19,594.88000488,597.28997803,588.34997559,588.34997559,162361000,1416362400
2014-11-20,592.16998291,594.76000977,589.84002686,593.32000732,152659000,1416448800
2014-11-21,594.71002197,596.02001953,588.0300293,588.0300293,160143000,1416535200
2014-11-24,585.08001709,586.53997803,580.91998291,582.5300293,115957000,1416794400
2014-11-25,583.5300293,588.41998291,583.5300293,585.90997314,114074000,1416880800
2014-11-26,587.58001709,588.15997314,575.09002686,576.03997803,162038000,1416967200
2014-11-27,575.63000488,575.82000732,567.35998535,572.89001465,117665000,1417053600
2014-11-28,570.60998535,572.11999512,565.09997559,566.58001709,145680000,1417140000
2014-12-01,566.2199707,571.69000244,565.09002686,568.01000977,123856000,1417399200
2014-12-02,570.44000244,570.78997803,568.54998779,569.42999268,101634000,1417485600
2014-12-03,570.47998047,575.95001221,570.44000244,574.88000488,119136000,1417572000
2014-12-04,576.63000488,581.27001953,576.63000488,578.38000488,108387000,1417658400
2014-12-05,578.52001953,582.41998291,578.17999268,578.76000977,106677000,1417744800
2014-12-08,577.44000244,577.44000244,569.23999023,571.67999268,113549000,1418004000
2014-12-09,567.54998779,567.54998779,554.51000977,555.30999756,191553000,1418090400
2014-12-10,550.34997559,558.4699707,544.7800293,557.19000244,119405000,1418176800
2014-12-11,549.7800293,557.96002197,547.54998779,550.10998535,95718000,1418263200
2014-12-12,547.69000244,554.82000732,547.69000244,553.92999268,77359000,1418349600
2014-12-15,550.79998779,554.34997559,547.92999268,547.92999268,84731000,1418608800
2014-12-16,545.33001709,545.65997314,535.0,535.14001465,128015000,1418695200
2014-12-17,535.27001953,536.64001465,513.05999756,518.2199707,171357000,1418781600
2014-12-18,522.90002441,528.59997559,521.33001709,528.45001221,113297000,1418868000
2014-12-19,527.60998535,533.29998779,522.09997559,523.09002686,180821000,1418954400
2014-12-22,527.2800293,537.53997803,527.2800293,537.53997803,98813000,1419213600
2014-12-23,535.60998535,543.2199707,532.7800293,537.88000488,110199000,1419300000
2014-12-24,540.46002197,541.72998047,536.78997803,539.44000244,70679000,1419386400
2014-12-25,536.21002197,537.4699707,531.52001953,532.01000977,89290000,1419472800
2014-12-26,531.84002686,537.89001465,527.40997314,533.36999512,105314000,1419559200
2014-12-29,533.36999512,538.83001709,528.63000488,532.67999268,104108000,1419818400
2014-12-30,531.07000732,537.57000732,526.60998535,537.57000732,86682000,1419904800
2014-12-31,538.67999268,546.61999512,537.90997314,545.63000488,122966000,1419991200
2015-01-05,545.42999268,549.2199707,543.7800293,544.45001221,95950000,1420423200
2015-01-06,539.08001709,550.10998535,538.82000732,549.65997314,112316000,1420509600
2015-01-07,548.44000244,555.83001709,548.44000244,552.04998779,111705000,1420596000
2015-01-08,553.48999023,556.79998779,552.15002441,553.4699707,77867000,1420682400
2015-01-09,555.5300293,570.52001953,555.5300293,569.72998047,107475000,1420768800
2015-01-12,575.85998535,579.72998047,574.07000732,574.32000732,134929000,1421028000
2015-01-13,573.26000977,580.65002441,573.26000977,580.59997559,111665000,1421114400
2015-01-14,579.77001953,582.21002197,571.66998291,577.01000977,108938000,1421200800
2015-01-15,577.01000977,581.23999023,575.35998535,577.73999023,120096000,1421287200
2015-01-16,576.88000488,578.51000977,574.08001709,574.80999756,106678000,1421373600
2015-01-19,576.5,579.05999756,570.09997559,571.51000977,88382000,1421632800
2015-01-20,570.7800293,574.96002197,570.14001465,572.2199707,79463000,1421719200
2015-01-21,573.53997803,574.40997314,569.11999512,569.11999512,83040000,1421805600
2015-01-22,569.73999023,576.47998047,567.82000732,574.53997803,83829000,1421892000
2015-01-23,578.2199707,583.57000732,577.57000732,582.38000488,184123000,1421978400
2015-01-26,584.89001465,586.76000977,580.64001465,580.64001465,139907000,1422237600
2015-01-27,580.45001221,584.2800293,575.5,579.29998779,157541000,1422324000
2015-01-28,579.55999756,584.34997559,578.59002686,583.76000977,113561000,1422410400
2015-01-29,584.17999268,585.65997314,580.36999512,583.2800293,109682000,1422496800
2015-01-30,584.08001709,584.08001709,574.46002197,576.07000732,102198000,1422583200
2015-02-02,576.07000732,579.72998047,570.36999512,570.36999512,85072000,1422842400
2015-02-03,572.55999756,574.83001709,557.4699707,557.4699707,96961000,1422928800
2015-02-04,556.92999268,561.69000244,553.21002197,561.45001221,100170000,1423015200
2015-02-05,562.16998291,568.2199707,562.04998779,567.16998291,78743000,1423101600
2015-02-06,569.0300293,574.35998535,569.0300293,574.13000488,64275000,1423188000
2015-02-09,574.05999756,577.03997803,572.78997803,573.54998779,71317000,1423447200
2015-02-10,575.73999023,578.41998291,574.23999023,574.52001953,73831000,1423533600
2015-02-11,574.88000488,581.76000977,574.88000488,581.76000977,77500000,1423620000
2015-02-12,582.52001953,584.98999023,581.85998535,584.66998291,82989000,1423706400
2015-02-13,586.26000977,589.02001953,585.59997559,587.23999023,73838000,1423792800
2015-02-24,590.17999268,596.95001221,589.73999023,596.95001221,62893000,1424743200
2015-02-25,596.90002441,601.54998779,592.65997314,592.65997314,99238000,1424829600
2015-02-26,593.95001221,597.07000732,591.7800293,596.7199707,89935000,1424916000
2015-02-27,598.0,598.40002441,590.58001709,592.57000732,78310000,1425002400
2015-03-02,591.75,593.7199707,588.59002686,590.72998047,86656000,1425261600
2015-03-03,590.41998291,597.45001221,590.41998291,596.7199707,112827000,1425348000
2015-03-04,598.48999023,600.69000244,595.34002686,600.39001465,120522000,1425434400
2015-03-05,601.08001709,602.40002441,596.75,596.90997314,134358000,1425520800
2015-03-06,596.41998291,598.33001709,592.71002197,593.9699707,101676000,1425607200
2015-03-09,594.08001709,596.32000732,587.27001953,588.44000244,98831000,1425866400
2015-03-10,586.38000488,591.16998291,586.38000488,589.65997314,105174000,1425952800
2015-03-11,589.03997803,590.55999756,586.48999023,586.53997803,86316000,1426039200
2015-03-12,585.89001465,589.66998291,585.47998047,588.5300293,82740000,1426125600
2015-03-13,589.03997803,591.75,586.09997559,586.09997559,97282000,1426212000
2015-03-16,583.26000977,586.19000244,580.54998779,580.79998779,100539000,1426471200
2015-03-17,580.59997559,583.59002686,580.59997559,581.76000977,105055000,1426557600
2015-03-18,580.80999756,581.5300293,577.26000977,578.67999268,108041000,1426644000
2015-03-19,579.39001465,580.32000732,573.52001953,573.73999023,84527000,1426730400
2015-03-20,572.57000732,577.55999756,571.91998291,575.44000244,151537000,1426816800
2015-03-23,576.64001465,579.39001465,570.44000244,570.89001465,99548000,1427076000
2015-03-24,569.33001709,569.90997314,562.07000732,567.42999268,91922000,1427162400
2015-03-25,567.61999512,568.40002441,559.86999512,560.92999268,87606000,1427248800
2015-03-26,556.11999512,559.67999268,553.19000244,556.15997314,83825000,1427335200
2015-03-27,558.92999268,561.13000488,549.65002441,551.41998291,91631000,1427421600
2015-03-30,551.75,554.26000977,545.07000732,545.19000244,108627000,1427680800
2015-03-31,544.86999512,552.7199707,544.86999512,551.13000488,83616000,1427767200
2015-04-01,550.79998779,551.69000244,537.29998779,538.90997314,129133000,1427853600
2015-04-02,540.53997803,546.84997559,536.86999512,546.84997559,89756000,1427940000
2015-04-03,548.69000244,550.29998779,544.2199707,547.84997559,70714000,1428026400
2015-04-06,548.10998535,549.2800293,542.9699707,542.9699707,71852000,1428285600
2015-04-07,542.71002197,548.36999512,540.78997803,548.10998535,96779000,1428372000
2015-04-08,549.69000244,551.22998047,546.28997803,547.7199707,80149000,1428458400
2015-04-09,547.26000977,552.5300293,546.76000977,550.52001953,94464000,1428544800
2015-04-10,550.96002197,557.65002441,550.96002197,554.0300293,104201000,1428631200
2015-04-13,556.34997559,559.67999268,555.9699707,559.53997803,72142000,1428890400
2015-04-14,559.80999756,562.95001221,558.48999023,558.66998291,69539000,1428976800
2015-04-15,558.94000244,565.39001465,558.94000244,564.5,82311000,1429063200
2015-04-16,564.5,570.67999268,564.5,568.2800293,100518000,1429149600
2015-04-17,568.2800293,572.76000977,568.2800293,568.32000732,107308000,1429236000
2015-04-20,568.52001953,568.83001709,562.65997314,565.03997803,98954000,1429495200
2015-04-21,563.7800293,567.52001953,562.23999023,562.23999023,98593000,1429581600
2015-04-22,562.58001709,565.03997803,561.5300293,562.51000977,91608000,1429668000
2015-04-23,562.84997559,564.45001221,557.57000732,561.25,76337000,1429754400
2015-04-24,563.16998291,567.35998535,561.55999756,565.77001953,61681000,1429840800
2015-04-27,567.77001953,568.4699707,562.40002441,562.40002441,61883000,1430100000
2015-05-04,560.61999512,563.35998535,545.08001709,545.08001709,112533000,1430704800
2015-05-05,544.79998779,552.65002441,539.03997803,552.65002441,116972000,1430791200
2015-05-06,553.29998779,555.51000977,548.16998291,549.29998779,89294000,1430877600
2015-05-07,548.51000977,554.2199707,547.5300293,552.97998047,70108000,1430964000
2015-05-08,551.57000732,556.39001465,550.92999268,554.51000977,72948000,1431050400
2015-05-11,554.5,556.20001221,550.57000732,551.66998291,108342000,1431309600
2015-05-12,551.97998047,552.55999756,542.70001221,544.40997314,79641000,1431396000
2015-05-13,545.5,546.98999023,538.76000977,542.82000732,79429000,1431482400
2015-05-14,542.5300293,545.0,540.7199707,543.69000244,67996000,1431568800
2015-05-15,543.60998535,545.47998047,537.44000244,537.44000244,74945000,1431655200
2015-05-18,535.82000732,536.71002197,528.90002441,528.95001221,105370000,1431914400
2015-05-19,530.0,537.19000244,530.0,536.82000732,93794000,1432000800
2015-05-20,536.34997559,550.33001709,536.07000732,550.09997559,128458000,1432087200
2015-05-21,550.98999023,554.0,547.95001221,552.55999756,112191000,1432173600
2015-05-22,553.40997314,561.82000732,550.80999756,561.82000732,119604000,1432260000
2015-05-25,560.79998779,563.84002686,558.5,563.0,108202000,1432519200
2015-05-26,563.30999756,570.28997803,562.58001709,567.20001221,143157000,1432605600
2015-05-27,564.64001465,569.63000488,563.2800293,566.47998047,115039000,1432692000
2015-05-28,566.13000488,576.91998291,564.72998047,572.9699707,151798000,1432778400
2015-05-29,572.72998047,577.0300293,568.70001221,569.55999756,135981000,1432864800
2015-06-01,571.15002441,579.58001709,570.14001465,574.97998047,118502000,1433124000
2015-06-02,575.70001221,581.23999023,570.30999756,570.30999756,123887000,1433210400
2015-06-03,570.54998779,573.90997314,567.80999756,567.90002441,125466000,1433296800
2015-06-04,568.01000977,573.5,567.89001465,568.98999023,113850000,1433383200
2015-06-05,568.63000488,579.01000977,568.36999512,578.07000732,147673000,1433469600
2015-06-08,580.73999023,585.51000977,579.45001221,579.83001709,193168000,1433728800
2015-06-09,578.67999268,582.13000488,573.72998047,574.4699707,162014000,1433815200
2015-06-10,576.05999756,576.61999512,569.59002686,574.09997559,133531000,1433901600
2015-06-11,577.32000732,582.67999268,575.25,581.04998779,166696000,1433988000
2015-06-12,582.53997803,585.01000977,578.79998779,582.72998047,163047000,1434074400
2015-06-15,583.51000977,586.66998291,581.34997559,586.47998047,154919000,1434333600
2015-06-16,587.76000977,589.33001709,580.34997559,580.34997559,162621000,1434420000
2015-06-17,578.5300293,584.03997803,575.88000488,578.86999512,131419000,1434506400
2015-06-18,578.72998047,583.02001953,578.4699707,580.34997559,98182000,1434592800
2015-06-19,584.08001709,588.47998047,582.4699707,584.70001221,201253000,1434679200
2015-06-22,588.33001709,594.08001709,588.01000977,594.08001709,154757000,1434938400
2015-06-23,592.44000244,595.10998535,590.76000977,593.07000732,130756000,1435024800
2015-06-24,592.19000244,594.01000977,589.02001953,590.02001953,128937000,1435111200
2015-06-25,589.28997803,590.36999512,585.34002686,587.98999023,114601000,1435197600
2015-06-26,586.03997803,592.59002686,581.75,581.75,152466000,1435284000
2015-06-29,580.15997314,591.75,579.60998535,591.75,121737000,1435543200
2015-06-30,588.77001953,598.97998047,588.77001953,593.04998779,156143000,1435629600
2015-07-01,594.52001953,594.52001953,587.33001709,591.5,133315000,1435716000
2015-07-02,591.5,605.70001221,590.52001953,605.70001221,136673000,1435802400
2015-07-03,608.82000732,617.96002197,608.82000732,616.42999268,164546000,1435888800
2015-07-06,618.75,625.34002686,618.65002441,625.2199707,179746000,1436148000
2015-07-07,623.89001465,633.72998047,620.59002686,630.27001953,175373000,1436234400
2015-07-08,630.40002441,634.13000488,617.28997803,623.16998291,191327000,1436320800
2015-07-09,616.20001221,626.38000488,613.34002686,622.09997559,148192000,1436407200
2015-07-10,627.55999756,630.78997803,624.70001221,627.2800293,216869000,1436493600
2015-07-13,631.55999756,637.07000732,627.69000244,634.05999756,140485000,1436752800
2015-07-14,635.54998779,640.42999268,628.42999268,638.69000244,155026000,1436839200
2015-07-15,640.42999268,641.05999756,630.89001465,630.89001465,141789000,1436925600
2015-07-16,627.32000732,632.21002197,622.57000732,626.90002441,132736000,1437012000
2015-07-17,628.45001221,631.66998291,626.21002197,628.63000488,106877000,1437098400
2015-07-20,624.84002686,624.84002686,616.10998535,620.53997803,120577000,1437357600
2015-07-21,619.90002441,624.4699707,613.83001709,616.60998535,100715000,1437444000
2015-07-22,614.55999756,629.94000244,613.58001709,629.84997559,120810000,1437530400
2015-07-23,632.07000732,637.90997314,631.42999268,632.01000977,120932000,1437616800
2015-07-24,633.27001953,634.60998535,627.98999023,631.26000977,111647000,1437703200
2015-07-27,629.67999268,636.84002686,629.41998291,635.46002197,123979000,1437962400
2015-07-28,636.58001709,639.53997803,631.4699707,631.4699707,155012000,1438048800
2015-07-29,632.0,634.64001465,624.70001221,624.70001221,114156000,1438135200
2015-07-30,625.46002197,627.10998535,622.42999268,626.57000732,102580000,1438221600
2015-07-31,628.30999756,629.9699707,621.05999756,621.05999756,112601000,1438308000
2015-08-03,617.11999512,617.11999512,605.63000488,609.4699707,129803000,1438567200
2015-08-04,607.95001221,609.90997314,600.76000977,600.76000977,83580000,1438653600
2015-08-05,600.67999268,608.21002197,600.67999268,607.08001709,108568000,1438740000
2015-08-06,607.84002686,609.30999756,600.84997559,601.03997803,110438000,1438826400
2015-08-07,601.57000732,604.03997803,597.75,603.76000977,87764000,1438912800
2015-08-10,603.82000732,614.5300293,603.82000732,614.5300293,90734000,1439172000
2015-08-11,615.16998291,619.69000244,611.16998291,613.04998779,119704000,1439258400
2015-08-12,609.33001709,611.46002197,602.01000977,604.23999023,112168000,1439344800
2015-08-13,603.30999756,603.30999756,590.44000244,594.26000977,126467000,1439431200
2015-08-14,592.79998779,598.54998779,585.9699707,589.0300293,90669000,1439517600
2015-08-17,588.66998291,591.20001221,571.26000977,573.15002441,108220000,1439776800
2015-08-18,571.30999756,580.2199707,571.2199707,580.2199707,93867000,1439863200
2015-08-19,576.44000244,580.98999023,569.21002197,577.82000732,106330000,1439949600
2015-08-20,577.82000732,577.82000732,565.09002686,566.69000244,113118000,1440036000
2015-08-21,559.34002686,559.9699707,542.30999756,556.29998779,185890000,1440122400
2015-08-24,550.47998047,550.47998047,523.54998779,526.92999268,174560000,1440381600
2015-08-25,511.13000488,535.47998047,511.13000488,529.97998047,177692000,1440468000
2015-08-26,530.04998779,545.89001465,530.04998779,545.89001465,124142000,1440554400
2015-08-27,551.89001465,558.92999268,551.44000244,555.80999756,127733000,1440640800
2015-08-28,561.35998535,570.86999512,559.34997559,570.86999512,165727000,1440727200
2015-08-31,573.09997559,573.09997559,563.98999023,564.75,127966000,1440986400
2015-09-01,565.75,569.17999268,561.2800293,562.30999756,98666000,1441072800
2015-09-03,559.32000732,561.42999268,551.4699707,554.29998779,93471000,1441245600
2015-09-04,554.84997559,558.90002441,554.77001953,556.80999756,66985000,1441332000
2015-09-07,557.07000732,560.09002686,554.44000244,554.92999268,75024000,1441591200
2015-09-08,554.47998047,566.7199707,554.34002686,566.7199707,107300000,1441677600
2015-09-09,574.05999756,574.72998047,569.69000244,572.34002686,89599000,1441764000
2015-09-10,567.51000977,576.13000488,567.09002686,572.07000732,70328000,1441850400
2015-09-11,572.14001465,573.98999023,566.17999268,566.73999023,94987000,1441936800
2015-09-14,569.21002197,572.25,561.46002197,562.16998291,84876000,1442196000
2015-09-15,564.38000488,565.04998779,561.09997559,563.27001953,85238000,1442282400
2015-09-16,561.85998535,564.82000732,561.69000244,564.13000488,74657000,1442368800
2015-09-17,563.92999268,565.84997559,562.47998047,562.47998047,88374000,1442455200
2015-09-18,564.69000244,569.5,564.69000244,566.25,153414000,1442541600
2015-09-21,566.73999023,572.26000977,565.15997314,572.11999512,109412000,1442800800
2015-09-22,573.09002686,575.16998291,570.26000977,573.20001221,121250000,1442887200
2015-09-23,570.64001465,573.84997559,569.51000977,572.7199707,107831000,1442973600
2015-09-24,573.5,575.35998535,570.11999512,570.25,107033000,1443060000
2015-09-25,570.40997314,572.09002686,567.71002197,570.38000488,79090000,1443146400
2015-09-28,571.28997803,572.15002441,564.88000488,564.88000488,86044000,1443405600
2015-09-29,559.83001709,561.76000977,557.65002441,561.19000244,93140000,1443492000
2015-09-30,562.5,565.65002441,562.5,562.64001465,83822000,1443578400
2015-10-01,563.39001465,565.63000488,563.22998047,563.53997803,82587000,1443664800
2015-10-02,563.33001709,565.01000977,561.72998047,562.30999756,81795000,1443751200
2015-10-05,564.58001709,570.0,563.95001221,570.0,98664000,1444010400
2015-10-06,577.45001221,581.38000488,574.63000488,581.28997803,179240000,1444096800
2015-10-07,583.9699707,587.29998779,579.57000732,579.57000732,146233000,1444183200
2015-10-08,580.03997803,588.34997559,579.82000732,586.7800293,194056000,1444269600
2015-10-09,590.90997314,593.02001953,587.57000732,588.02001953,162688000,1444356000
2015-10-12,587.7199707,594.73999023,587.25,592.09997559,152111000,1444615200
2015-10-13,589.09002686,591.65997314,588.53997803,590.84002686,115294000,1444701600
2015-10-14,592.45001221,593.72998047,589.61999512,589.97998047,113477000,1444788000
2015-10-15,591.35998535,594.16998291,588.97998047,592.40002441,115345000,1444874400
2015-10-16,592.40002441,599.73999023,592.40002441,593.02001953,132294000,1444960800
2015-10-19,593.86999512,598.10998535,591.59997559,594.60998535,107689000,1445220000
2015-10-20,594.9699707,596.36999512,588.26000977,590.45001221,127213000,1445306400
2015-10-21,590.42999268,594.5,589.84002686,590.23999023,100315000,1445392800
2015-10-22,590.23999023,595.80999756,589.73999023,595.08001709,94881000,1445479200
2015-10-23,598.54998779,602.54998779,598.25,601.73999023,104410000,1445565600
2015-10-26,604.40997314,606.78997803,598.60998535,598.60998535,102759000,1445824800
2015-10-27,597.79998779,600.51000977,595.61999512,598.44000244,106258000,1445911200
2015-10-28,599.09002686,601.09002686,596.23999023,596.23999023,119719000,1445997600
2015-10-29,599.32000732,605.20001221,598.79998779,605.20001221,102965000,1446084000
2015-10-30,605.48999023,608.01000977,603.92999268,607.36999512,91229000,1446170400
2015-11-02,607.92999268,610.16998291,601.98999023,602.76000977,123804000,1446429600
2015-11-03,605.32000732,611.71002197,600.46002197,611.71002197,116501000,1446516000
2015-11-04,614.28997803,617.92999268,610.59997559,610.59997559,112569000,1446602400
2015-11-05,609.48999023,616.46002197,608.5300293,615.17999268,99748000,1446688800
2015-11-06,615.53997803,617.78997803,608.89001465,612.35998535,109917000,1446775200
2015-11-09,612.28997803,613.78997803,610.34997559,610.65997314,122659000,1447034400
2015-11-10,609.29998779,610.59997559,605.08001709,605.27001953,119828000,1447120800
2015-11-11,604.13000488,609.23999023,603.34002686,603.5300293,95354000,1447207200
2015-11-12,602.02001953,605.58001709,595.85998535,605.58001709,144361000,1447293600
2015-11-13,604.40997314,611.27001953,603.7199707,611.27001953,159049000,1447380000
2015-11-16,609.77001953,611.91998291,605.39001465,609.21002197,137772000,1447639200
2015-11-17,609.46002197,611.17999268,605.04998779,605.04998779,171376000,1447725600
2015-11-18,603.32000732,606.61999512,602.13000488,603.34002686,123131000,1447812000
2015-11-19,604.38000488,605.55999756,600.84002686,601.90002441,122666000,1447898400
2015-11-20,602.10998535,606.58001709,601.90002441,604.46002197,140715000,1447984800
2015-11-23,605.89001465,607.69000244,599.98999023,599.98999023,153193000,1448244000
2015-11-24,599.80999756,599.94000244,590.40997314,593.83001709,169697000,1448330400
2015-11-25,593.23999023,596.91998291,588.09997559,595.70001221,143862000,1448416800
2015-11-26,593.11999512,594.66998291,590.39001465,590.40002441,157757000,1448503200
2015-11-27,589.09002686,591.84002686,582.85998535,582.85998535,142236000,1448589600
2015-11-30,581.39001465,581.65002441,571.11999512,573.20001221,132937000,1448848800
2015-12-01,573.39001465,577.58001709,570.40997314,570.40997314,116018000,1448935200
2015-12-02,571.01000977,577.0300293,571.01000977,574.41998291,104140000,1449021600
2015-12-03,574.03997803,576.84002686,573.20001221,574.38000488,128295000,1449108000
2015-12-04,574.0,574.69000244,567.95001221,571.61999512,87330000,1449194400
2015-12-07,570.11999512,571.20001221,563.40997314,563.61999512,78318000,1449453600
2015-12-08,561.0,574.15002441,556.91998291,574.15002441,112952000,1449540000
2015-12-09,575.08001709,576.63000488,565.20001221,565.20001221,107435000,1449626400
2015-12-10,564.85998535,567.61999512,561.03997803,561.03997803,113099000,1449712800
2015-12-11,560.98999023,567.13000488,559.72998047,563.42999268,99446000,1449799200
2015-12-14,564.14001465,566.2800293,560.98999023,562.2199707,116300000,1450058400
2015-12-15,563.29998779,568.73999023,563.29998779,568.0,119807000,1450144800
2015-12-16,570.35998535,575.53997803,570.35998535,572.54998779,114456000,1450231200
2015-12-17,572.54998779,579.17999268,572.54998779,577.10998535,90781000,1450317600
2015-12-18,574.65997314,578.0,568.17999268,568.17999268,211302000,1450404000
2015-12-21,570.45001221,571.2800293,565.34997559,566.90002441,125675000,1450663200
2015-12-22,567.88000488,570.85998535,565.47998047,566.34997559,84511000,1450749600
2015-12-23,564.92999268,568.15997314,562.29998779,564.27001953,90227000,1450836000
2015-12-24,566.65002441,567.79998779,565.61999512,566.16998291,71905000,1450922400
2015-12-25,566.59997559,570.48999023,566.59997559,567.66998291,109168000,1451008800
2015-12-28,570.57000732,572.91998291,569.40002441,569.90002441,134304000,1451268000
2015-12-29,569.40002441,576.28997803,566.48999023,576.28997803,114623000,1451354400
2015-12-30,576.5,579.45001221,575.71002197,579.45001221,90049000,1451440800
2015-12-31,579.11999512,580.82000732,575.72998047,579.0300293,134368000,1451527200
2016-01-04,579.0300293,579.9699707,573.15002441,574.40997314,108481000,1451872800
2016-01-05,571.65997314,575.40002441,569.26000977,569.94000244,104096000,1451959200
2016-01-06,569.5,574.57000732,569.5,574.57000732,95937000,1452045600
2016-01-07,570.61999512,570.94000244,561.09002686,565.35998535,147863000,1452132000
2016-01-08,562.61999512,563.16998291,556.35998535,560.04998779,143161000,1452218400
2016-01-11,559.04998779,563.03997803,557.51000977,557.86999512,106073000,1452477600
2016-01-12,557.35998535,564.26000977,557.35998535,564.26000977,118608000,1452564000
2016-01-13,565.21002197,566.02001953,560.36999512,560.36999512,134300000,1452650400
2016-01-14,555.88000488,556.61999512,550.59997559,553.0300293,149698000,1452736800
2016-01-15,554.34997559,556.54998779,543.03997803,543.03997803,130433000,1452823200
2016-01-18,532.53997803,532.53997803,518.15997314,526.36999512,164098000,1453082400
2016-01-19,525.65002441,535.77001953,525.65002441,535.77001953,125998000,1453168800
2016-01-20,532.80999756,536.57000732,529.41998291,529.44000244,128321000,1453255200
2016-01-21,529.44000244,531.21002197,520.73999023,521.88000488,152780000,1453341600
2016-01-22,521.88000488,525.83001709,513.82000732,522.23999023,169036000,1453428000
2016-01-25,522.23999023,542.35998535,522.23999023,542.34997559,164266000,1453687200
2016-01-26,534.05999756,542.97998047,531.27001953,537.72998047,142006000,1453773600
2016-01-27,541.17999268,543.88000488,540.0300293,542.69000244,124968000,1453860000
2016-01-28,542.01000977,544.72998047,538.59002686,539.4699707,113208000,1453946400
2016-01-29,539.96002197,545.71002197,537.51000977,545.25,122861000,1454032800
2016-02-01,545.27001953,548.58001709,540.55999756,540.55999756,107295000,1454292000
2016-02-02,537.71002197,542.26000977,535.38000488,536.45001221,93184000,1454378400
2016-02-03,531.10998535,539.07000732,530.22998047,539.07000732,87347000,1454464800
2016-02-04,542.90997314,545.16998291,541.65997314,542.15002441,67891000,1454551200
2016-02-05,540.64001465,545.53997803,540.64001465,544.75,61851000,1454637600
2016-02-15,540.13000488,544.59002686,537.80999756,543.78997803,68698000,1455501600
2016-02-16,545.7199707,548.89001465,545.7199707,548.04998779,108043000,1455588000
2016-02-17,551.38000488,552.38000488,547.04998779,547.04998779,131156000,1455674400
2016-02-18,550.51000977,555.04998779,549.15997314,552.48999023,126034000,1455760800
2016-02-19,552.36999512,555.15997314,551.38000488,554.0300293,185584000,1455847200
2016-02-22,555.30999756,561.44000244,555.30999756,560.71002197,152961000,1456106400
2016-02-23,564.75,567.58001709,561.09002686,561.2800293,159711000,1456192800
2016-02-24,559.47998047,569.70001221,557.77001953,568.03997803,160236000,1456279200
2016-02-25,571.15002441,573.63000488,562.82000732,562.82000732,151424000,1456365600
2016-02-26,565.60998535,566.79998779,562.39001465,566.10998535,106608000,1456452000
2016-02-29,565.60998535,566.30999756,559.36999512,559.36999512,129709000,1456711200
2016-03-01,560.0300293,565.65002441,560.0300293,561.55999756,141418000,1456797600
2016-03-02,564.84997559,570.17999268,562.9699707,570.17999268,144883000,1456884000
2016-03-03,573.05999756,573.88000488,569.39001465,570.39001465,132208000,1456970400
2016-03-04,570.17999268,576.02001953,568.83001709,573.65002441,142763000,1457056800
2016-03-07,575.76000977,580.95001221,575.39001465,576.20001221,158922000,1457316000
2016-03-08,576.75,579.86999512,574.5300293,574.71002197,149051000,1457402400
2016-03-09,573.4699707,576.32000732,571.47998047,571.71002197,125151000,1457488800
2016-03-10,574.07000732,575.90997314,571.52001953,575.90997314,146191000,1457575200
2016-03-11,576.11999512,580.92999268,574.80999756,577.26000977,146762000,1457661600
2016-03-14,579.60998535,579.84002686,576.26000977,577.97998047,175478000,1457920800
2016-03-15,577.97998047,578.96002197,572.59002686,574.03997803,163938000,1458007200
2016-03-16,573.88000488,577.96002197,573.36999512,577.07000732,148928000,1458093600
2016-03-17,581.54998779,583.5300293,579.26000977,579.26000977,165826000,1458180000
2016-03-18,579.95001221,580.80999756,575.44000244,575.82000732,226163000,1458266400
2016-03-21,577.65002441,580.83001709,572.27001953,572.27001953,163803000,1458525600
2016-03-22,572.27001953,573.79998779,567.79998779,570.90997314,132092000,1458612000
2016-03-23,570.73999023,575.2199707,570.39001465,574.71002197,142818000,1458698400
2016-03-24,573.92999268,577.21002197,570.65997314,570.65997314,166987000,1458784800
2016-03-25,569.47998047,572.47998047,564.88000488,572.08001709,159136000,1458871200
2016-03-28,573.69000244,576.0,571.58001709,575.7199707,127860000,1459130400
2016-03-29,575.63000488,576.07000732,568.2800293,568.2800293,165097000,1459216800
2016-03-30,566.08001709,571.89001465,565.54998779,569.90997314,135458000,1459303200
2016-03-31,569.03997803,570.94000244,561.2199707,561.2199707,172526000,1459389600
2016-04-01,560.64001465,562.72998047,557.96002197,558.42999268,131420000,1459476000
2016-04-04,557.55999756,560.91998291,554.29998779,555.82000732,118848000,1459735200
2016-04-05,555.97998047,560.32000732,555.15002441,560.32000732,140381000,1459821600
2016-04-06,561.94000244,567.78997803,560.63000488,567.78997803,120889000,1459908000
2016-04-07,570.7199707,572.55999756,567.01000977,571.59997559,123544000,1459994400
2016-04-08,571.21002197,574.46002197,569.09002686,572.34002686,122411000,1460080800
2016-04-11,575.10998535,581.88000488,575.01000977,579.27001953,143194000,1460340000
2016-04-12,580.90002441,582.9699707,577.16998291,579.84002686,165747000,1460426400
2016-04-13,580.77001953,582.80999756,575.65002441,578.02001953,140038000,1460512800
2016-04-14,575.69000244,584.80999756,575.69000244,579.48999023,116831000,1460599200
2016-04-15,581.53997803,586.35998535,579.85998535,579.85998535,124268000,1460685600
2016-04-19,578.32000732,578.44000244,568.2800293,568.2800293,138460000,1461031200
2016-04-20,569.79998779,571.71002197,565.29998779,568.0300293,116428000,1461117600
2016-04-21,571.19000244,577.40997314,570.71002197,575.72998047,104752000,1461204000
2016-04-22,574.57000732,592.47998047,574.57000732,592.47998047,140755000,1461290400
2016-04-25,597.90997314,601.60998535,591.58001709,591.58001709,161641000,1461549600
2016-04-26,590.98999023,598.47998047,590.19000244,598.47998047,176653000,1461636000
2016-04-27,601.78997803,601.78997803,591.34997559,593.96002197,149048000,1461722400
2016-04-28,594.97998047,597.2800293,589.9699707,591.66998291,101201000,1461808800
2016-04-29,591.20001221,599.71002197,591.20001221,598.36999512,124903000,1461895200
2016-05-04,595.95001221,603.08001709,592.42999268,599.07000732,143701000,1462327200
2016-05-05,600.65997314,605.21002197,600.5,601.51000977,134807000,1462413600
2016-05-06,602.40002441,608.94000244,602.16998291,606.52001953,120426000,1462500000
2016-05-09,610.91998291,612.9699707,603.84997559,603.84997559,145394000,1462759200
2016-05-10,600.34997559,605.46002197,597.73999023,605.04998779,143695000,1462845600
2016-05-11,606.59997559,614.05999756,606.05999756,614.05999756,162837000,1462932000
2016-05-12,615.54998779,617.55999756,612.11999512,612.11999512,93536000,1463018400
2016-05-13,612.32000732,615.29998779,608.03997803,610.82000732,110628000,1463104800
2016-05-16,610.13000488,616.16998291,608.48999023,615.7800293,109336000,1463364000
2016-05-17,620.53997803,626.11999512,618.66998291,624.75,126845000,1463450400
2016-05-18,625.5300293,627.80999756,621.78997803,622.45001221,135287000,1463536800
2016-05-19,621.83001709,623.67999268,618.13000488,619.20001221,141469000,1463623200
2016-05-20,620.7199707,622.47998047,614.40997314,614.80999756,138837000,1463709600
2016-05-23,616.10998535,616.83001709,610.45001221,611.0300293,99916000,1463968800
2016-05-24,612.22998047,613.14001465,608.15002441,611.61999512,115554000,1464055200
2016-05-25,613.96002197,616.38000488,611.89001465,611.89001465,139393000,1464141600
2016-05-26,611.88000488,613.36999512,604.34002686,604.34002686,116594000,1464228000
2016-05-27,604.35998535,609.94000244,603.22998047,608.10998535,102556000,1464314400
2016-05-30,609.97998047,615.52001953,608.46002197,614.5,111119000,1464573600
2016-05-31,616.2199707,621.14001465,614.67999268,618.44000244,121509000,1464660000
2016-06-01,618.17999268,620.23999023,616.33001709,619.85998535,113214000,1464746400
2016-06-02,619.19000244,624.52001953,618.38000488,623.36999512,126638000,1464832800
2016-06-03,623.21002197,625.19000244,621.61999512,621.88000488,124294000,1464919200
2016-06-06,621.09002686,624.54998779,616.97998047,620.04998779,133234000,1465178400
2016-06-07,622.40002441,624.69000244,620.04998779,624.65002441,115268000,1465264800
2016-06-08,626.84002686,632.67999268,626.28997803,627.86999512,139311000,1465351200
2016-06-09,628.40002441,631.26000977,626.27001953,631.26000977,119511000,1465437600
2016-06-10,629.95001221,633.4699707,628.55999756,629.84002686,134279000,1465524000
2016-06-13,626.26000977,627.35998535,621.40002441,623.58001709,127060000,1465783200
2016-06-14,621.63000488,626.40002441,619.13000488,625.42999268,99801000,1465869600
2016-06-15,624.63000488,628.75,621.76000977,627.02001953,130314000,1465956000
2016-06-16,627.38000488,630.21002197,625.10998535,625.10998535,122411000,1466042400
2016-06-17,622.91998291,624.59002686,618.15997314,619.25,148648000,1466128800
2016-06-20,622.03997803,626.46002197,620.40997314,626.46002197,115099000,1466388000
2016-06-21,629.0300293,631.96002197,628.0,628.0,127747000,1466474400
2016-06-22,628.77001953,629.95001221,625.80999756,626.40997314,107956000,1466560800
2016-06-23,626.4699707,632.59997559,626.4699707,632.27001953,117111000,1466647200
2016-06-24,631.77001953,631.77001953,597.67999268,620.77001953,270168000,1466733600
2016-06-27,616.19000244,621.27001953,608.26000977,621.27001953,107961000,1466992800
2016-06-28,617.67999268,624.84997559,617.65002441,622.20001221,89277000,1467079200
2016-06-29,623.55999756,631.25,623.55999756,630.11999512,122307000,1467165600
2016-06-30,633.16998291,637.46002197,631.73999023,632.26000977,106173000,1467252000
2016-07-01,632.26000977,643.54998779,632.26000977,640.29998779,126003000,1467338400
2016-07-04,643.10998535,647.96002197,641.96002197,647.96002197,137074000,1467597600
2016-07-05,650.4699707,658.45001221,647.52001953,650.88000488,149329000,1467684000
2016-07-06,646.79998779,652.35998535,644.07000732,649.46002197,136953000,1467770400
2016-07-07,652.48999023,661.11999512,652.13000488,661.11999512,137255000,1467856800
2016-07-08,661.07000732,665.5300293,655.90997314,658.67999268,143999000,1467943200
2016-07-11,658.91998291,664.89001465,648.77001953,652.26000977,162217000,1468202400
2016-07-12,652.80999756,658.90002441,649.85998535,658.90002441,175613000,1468288800
2016-07-13,662.03997803,676.05999756,662.03997803,675.11999512,159936000,1468375200
2016-07-14,675.65997314,681.75,666.69000244,666.69000244,160109000,1468461600
2016-07-15,666.69000244,670.17999268,661.4699707,664.55999756,131135000,1468548000
2016-07-18,664.11999512,673.5,662.25,673.5,131475000,1468807200
2016-07-19,675.89001465,677.34997559,660.09002686,667.76000977,139587000,1468893600
2016-07-20,667.85998535,667.85998535,660.26000977,660.26000977,129409000,1468980000
2016-07-21,662.7199707,665.90002441,656.0300293,659.57000732,112377000,1469066400
2016-07-22,657.15002441,658.05999756,640.26000977,649.86999512,151763000,1469152800
2016-07-25,651.33001709,654.16998291,646.03997803,649.29998779,97521000,1469412000
2016-07-26,648.58001709,651.92999268,642.90997314,648.59002686,106200000,1469498400
2016-07-27,647.97998047,656.10998535,647.73999023,656.10998535,127213000,1469584800
2016-07-28,655.80999756,657.20001221,649.85998535,657.14001465,122995000,1469671200
2016-07-29,654.19000244,657.88000488,650.97998047,652.22998047,120008000,1469757600
2016-08-01,655.38000488,655.38000488,646.02001953,648.38000488,92787000,1470016800
2016-08-02,643.20001221,643.20001221,633.33001709,636.04998779,176389000,1470103200
2016-08-03,632.97998047,634.75,627.65997314,631.60998535,94953000,1470189600
2016-08-04,633.73999023,641.02001953,631.94000244,631.94000244,112054000,1470276000
2016-08-05,629.69000244,630.17999268,622.48999023,627.39001465,125577000,1470362400
2016-08-08,627.39001465,629.90997314,622.14001465,629.46002197,90027000,1470621600
2016-08-09,629.65997314,637.34002686,629.65997314,637.34002686,98867000,1470708000
2016-08-10,637.21002197,648.47998047,637.21002197,648.33001709,120826000,1470794400
2016-08-11,649.27001953,660.23999023,648.30999756,660.23999023,140933000,1470880800
2016-08-12,665.14001465,668.52001953,652.66998291,655.71002197,125031000,1470967200
2016-08-15,654.05999756,659.4699707,653.64001465,659.4699707,117957000,1471226400
2016-08-16,659.4699707,662.13000488,656.83001709,658.10998535,160323000,1471312800
2016-08-17,659.46002197,660.76000977,657.05999756,660.51000977,123973000,1471399200
2016-08-18,663.55999756,665.94000244,656.34997559,660.65002441,131631000,1471485600
2016-08-19,664.09002686,666.92999268,659.64001465,662.2800293,109696000,1471572000
2016-08-22,662.86999512,664.95001221,657.67999268,657.67999268,116313000,1471831200
2016-08-23,653.58001709,659.15997314,652.88000488,659.15997314,109077000,1471917600
2016-08-24,660.95001221,665.42999268,659.70001221,660.77001953,103852000,1472004000
2016-08-25,660.77001953,660.77001953,656.48999023,658.5,116131000,1472090400
2016-08-26,662.90002441,668.84002686,662.90002441,667.75,116441000,1472176800
2016-08-29,670.71002197,679.61999512,669.44000244,669.44000244,114888000,1472436000
2016-08-30,667.96002197,672.66998291,666.33001709,672.66998291,96553000,1472522400
2016-08-31,673.09997559,676.26000977,671.39001465,674.63000488,115732000,1472608800
2016-09-01,674.19000244,674.7199707,664.77001953,669.19000244,102237000,1472695200
2016-09-05,669.29998779,670.08001709,660.30999756,664.54998779,110452000,1473040800
2016-09-06,666.38000488,668.40002441,663.90002441,663.90002441,108989000,1473127200
2016-09-07,663.04998779,663.67999268,656.2199707,661.2800293,106479000,1473213600
2016-09-08,661.89001465,668.20001221,660.53997803,666.07000732,124556000,1473300000
2016-09-09,669.23999023,672.39001465,666.88000488,666.88000488,106070000,1473386400
2016-09-12,665.77001953,666.03997803,655.54998779,659.76000977,101335000,1473645600
2016-09-13,658.60998535,661.73999023,654.95001221,659.7199707,87743000,1473732000
2016-09-14,658.15997314,661.82000732,656.64001465,656.64001465,96405000,1473818400
2016-09-15,657.46002197,660.32000732,654.84002686,656.17999268,112722000,1473904800
2016-09-16,654.67999268,657.5300293,651.30999756,651.30999756,206938000,1473991200
2016-09-19,651.30999756,658.34997559,651.30999756,657.89001465,107313000,1474250400
2016-09-20,656.20001221,663.36999512,653.2800293,663.36999512,118443000,1474336800
2016-09-21,663.11999512,668.83001709,662.78997803,668.47998047,158846000,1474423200
2016-09-22,668.47998047,675.35998535,668.47998047,671.38000488,144397000,1474509600
2016-09-23,670.72998047,674.09002686,670.29998779,674.09002686,176040000,1474596000
2016-09-26,673.21002197,677.03997803,671.51000977,677.03997803,162243000,1474855200
2016-09-27,676.60998535,684.89001465,676.23999023,684.89001465,130570000,1474941600
2016-09-28,684.98999023,687.94000244,682.97998047,686.7199707,128176000,1475028000
2016-09-29,689.82000732,692.16998291,685.90997314,688.54998779,115921000,1475114400
2016-09-30,688.54998779,689.11999512,684.61999512,685.72998047,115738000,1475200800
2016-10-03,687.67999268,688.41998291,681.98999023,683.04998779,121374000,1475460000
2016-10-04,682.82000732,689.16998291,680.23999023,684.20001221,123103000,1475546400
2016-10-05,686.40997314,689.5,685.47998047,687.03997803,116966000,1475632800
2016-10-06,687.03997803,690.92999268,687.03997803,687.32000732,150661000,1475719200
2016-10-07,689.51000977,690.19000244,680.26000977,683.95001221,140056000,1475805600
2016-10-10,684.04998779,684.46002197,674.19000244,674.19000244,139490000,1476064800
2016-10-11,677.63000488,682.35998535,669.20001221,682.35998535,148016000,1476151200
2016-10-12,683.88000488,686.17999268,681.11999512,682.45001221,120753000,1476237600
2016-10-13,680.72998047,685.22998047,678.78997803,685.22998047,125236000,1476324000
2016-10-14,685.05999756,690.61999512,684.7800293,687.0,164677000,1476410400
2016-10-17,687.17999268,687.94000244,680.95001221,680.95001221,113707000,1476669600
2016-10-18,680.44000244,682.98999023,678.13000488,682.02001953,132557000,1476756000
2016-10-19,683.83001709,689.88000488,683.25,688.89001465,149347000,1476842400
2016-10-20,690.45001221,690.85998535,685.63000488,686.39001465,121093000,1476928800
2016-10-21,685.77001953,687.53997803,683.76000977,684.83001709,136022000,1477015200
2016-10-24,683.14001465,684.51000977,677.89001465,678.02001953,125472000,1477274400
2016-10-25,676.28997803,677.4699707,670.59997559,676.17999268,127870000,1477360800
2016-10-26,676.17999268,676.17999268,670.79998779,673.60998535,102376000,1477447200
2016-10-27,672.80999756,676.90002441,671.60998535,676.90002441,91029000,1477533600
2016-10-28,676.73999023,682.25,675.84997559,682.25,117262000,1477620000
2016-10-31,682.10998535,683.34002686,675.79998779,675.79998779,130147000,1477879200
2016-11-01,675.13000488,676.59997559,672.33001709,676.59997559,118658000,1477965600
2016-11-02,675.67999268,678.14001465,671.40002441,671.40002441,142390000,1478052000
2016-11-03,668.65997314,668.65997314,661.85998535,667.63000488,128263000,1478138400
2016-11-04,666.92999268,668.98999023,665.08001709,666.72998047,87224000,1478224800
2016-11-07,667.11999512,674.35998535,666.60998535,674.14001465,102952000,1478484000
2016-11-08,675.82000732,677.90997314,674.33001709,676.46002197,96712000,1478570400
2016-11-09,675.57000732,675.57000732,656.67999268,670.26000977,148003000,1478656800
2016-11-10,675.35998535,678.57000732,675.17999268,678.16998291,119983000,1478743200
2016-11-11,678.38000488,679.55999756,676.72998047,679.20001221,115747000,1478829600
2016-11-14,677.13000488,679.96002197,672.45001221,673.04998779,121619000,1479088800
2016-11-15,673.75,675.72998047,671.54998779,674.26000977,117997000,1479175200
2016-11-16,674.84997559,676.90002441,673.95001221,674.59997559,111235000,1479261600
2016-11-17,674.5,676.47998047,673.13000488,674.57000732,128546000,1479348000
2016-11-18,673.82000732,675.15002441,669.17999268,673.25,104889000,1479434400
2016-11-21,673.20001221,675.03997803,671.65002441,674.28997803,103605000,1479693600
2016-11-22,675.22998047,681.90997314,675.22998047,681.90997314,113015000,1479780000
2016-11-23,681.16998291,684.11999512,679.80999756,683.15997314,116629000,1479866400
2016-11-24,683.60998535,683.60998535,676.39001465,678.17999268,125298000,1479952800
2016-11-25,678.4699707,678.86999512,671.47998047,675.86999512,115874000,1480039200
2016-11-28,672.38000488,673.17999268,660.96002197,665.28997803,107425000,1480298400
2016-11-29,665.10998535,667.78997803,658.26000977,658.26000977,117030000,1480384800
2016-11-30,658.44000244,665.7800293,654.98999023,665.07000732,155535000,1480471200
2016-12-01,670.75,670.80999756,666.53997803,666.53997803,127426000,1480557600
2016-12-02,667.02001953,667.39001465,662.09002686,665.14001465,135983000,1480644000
2016-12-05,663.05999756,663.86999512,658.10998535,660.21002197,157006000,1480903200
2016-12-06,660.67999268,660.77001953,648.36999512,651.48999023,126596000,1480989600
2016-12-07,648.63000488,654.13000488,647.33001709,653.5300293,130472000,1481076000
2016-12-08,655.47998047,660.7199707,655.47998047,658.89001465,135115000,1481162400
2016-12-09,659.46002197,664.46002197,659.46002197,663.07000732,119362000,1481248800
2016-12-12,663.70001221,664.66998291,658.84002686,659.70001221,111504000,1481508000
2016-12-13,662.27001953,663.53997803,654.34002686,654.65997314,135078000,1481594400
2016-12-14,657.39001465,665.14001465,657.39001465,665.14001465,212096000,1481680800
2016-12-15,668.07000732,668.07000732,664.08001709,665.91998291,126550000,1481767200
2016-12-16,670.42999268,675.19000244,668.29998779,675.15997314,177178000,1481853600
2016-12-19,673.97998047,679.90002441,673.88000488,674.33001709,124373000,1482112800
2016-12-20,673.92999268,674.2800293,662.65997314,662.65997314,100036000,1482199200
2016-12-21,662.35998535,667.05999756,657.40002441,666.94000244,130133000,1482285600
2016-12-22,669.01000977,669.95001221,663.70001221,664.15002441,94913000,1482372000
2016-12-23,663.75,664.36999512,659.17999268,664.36999512,114627000,1482458400
2016-12-26,665.66998291,665.72998047,662.09002686,662.45001221,114879000,1482717600
2016-12-27,662.65997314,665.5,661.40997314,663.85998535,160244000,1482804000
2016-12-28,665.90002441,666.64001465,661.79998779,663.5,118803000,1482890400
2016-12-29,666.42999268,666.42999268,663.95001221,664.7199707,116504000,1482976800
2016-12-30,664.16998291,665.48999023,663.39001465,664.86999512,121554000,1483063200
2017-01-03,665.91998291,672.34002686,665.42999268,672.01000977,84661000,1483408800
2017-01-04,672.58001709,675.92999268,672.21002197,674.70001221,110034000,1483495200
2017-01-05,674.82000732,675.91998291,673.30999756,675.80999756,102174000,1483581600
2017-01-06,675.34997559,683.76000977,675.2199707,679.79998779,127414000,1483668000
2017-01-09,681.73999023,684.88000488,681.73999023,682.57000732,101402000,1483927200
2017-01-10,682.77001953,683.02001953,680.76000977,681.07000732,87802000,1484013600
2017-01-11,680.84997559,687.15997314,680.84997559,687.15997314,108708000,1484100000
2017-01-12,688.71002197,688.98999023,685.59002686,686.96002197,112444000,1484186400
2017-01-13,686.58001709,688.61999512,685.05999756,685.05999756,94953000,1484272800
2017-01-16,684.61999512,684.82000732,677.84997559,677.94000244,89572000,1484532000
2017-01-17,678.83001709,684.72998047,678.83001709,684.71002197,108971000,1484618400
2017-01-18,683.73999023,688.07000732,683.2800293,683.2800293,101056000,1484704800
2017-01-19,683.02001953,684.19000244,680.79998779,682.30999756,89194000,1484791200
2017-01-20,684.04998779,688.41998291,684.04998779,686.26000977,90686000,1484877600
2017-01-23,687.83001709,689.4699707,686.46002197,687.15002441,87806000,1485136800
2017-01-24,687.08001709,692.75,687.08001709,691.35998535,98368000,1485223200
2017-01-25,693.07000732,697.2800293,691.19000244,697.2800293,98348000,1485309600
2017-02-02,699.79998779,703.20001221,697.71002197,703.17999268,86423000,1486000800
2017-02-03,704.69000244,708.09997559,700.09002686,700.34997559,124669000,1486087200
2017-02-06,702.02001953,702.02001953,696.91998291,700.03997803,126959000,1486346400
2017-02-07,699.98999023,703.29998779,698.98999023,701.90997314,158639000,1486432800
2017-02-08,702.66998291,702.77001953,700.4699707,702.03997803,156108000,1486519200
2017-02-09,700.92999268,702.64001465,700.21002197,700.65002441,147545000,1486605600
2017-02-10,701.15002441,704.08001709,701.15002441,703.7800293,138324000,1486692000
2017-02-13,704.60998535,706.4699707,703.58001709,705.90002441,161215000,1486951200
2017-02-14,706.40997314,707.32000732,703.84997559,706.26000977,175123000,1487037600
2017-02-15,706.84002686,711.72998047,706.84002686,711.57000732,169004000,1487124000
2017-02-16,712.60998535,717.57000732,709.34997559,709.34997559,198422000,1487210400
2017-02-17,709.52001953,710.21002197,705.84002686,707.83001709,166177000,1487296800
2017-02-20,705.7199707,711.40002441,704.40997314,710.59002686,199902000,1487556000
2017-02-21,711.48999023,718.05999756,711.48999023,716.54998779,210808000,1487642400
2017-02-22,717.77001953,719.09002686,715.35998535,717.23999023,231764000,1487728800
2017-02-23,717.48999023,719.58001709,712.35998535,716.86999512,228278000,1487815200
2017-02-24,716.34997559,717.94000244,713.70001221,714.4699707,232798000,1487901600
2017-02-27,711.70001221,718.36999512,711.70001221,717.44000244,182508000,1488160800
2017-02-28,718.23999023,719.14001465,710.78997803,710.78997803,192324000,1488247200
2017-03-01,710.70001221,712.48999023,705.78997803,709.52001953,222197000,1488333600
2017-03-02,712.67999268,713.5300293,707.51000977,707.51000977,176447000,1488420000
2017-03-03,708.22998047,712.61999512,705.83001709,712.61999512,170916000,1488506400
2017-03-06,714.60998535,718.03997803,714.01000977,716.28997803,172199000,1488765600
2017-03-07,716.46002197,716.95001221,714.27001953,716.53997803,195684000,1488852000
2017-03-08,715.03997803,718.7800293,713.89001465,716.59997559,175657000,1488938400
2017-03-09,715.85998535,718.22998047,714.96002197,715.79998779,195410000,1489024800
2017-03-10,715.84997559,716.80999756,712.21002197,712.21002197,197426000,1489111200
2017-03-13,711.92999268,712.63000488,707.63000488,710.16998291,146591000,1489370400
2017-03-14,709.90002441,716.48999023,709.28997803,714.71002197,134824000,1489456800
2017-03-15,715.63000488,716.48999023,713.14001465,713.14001465,139565000,1489543200
2017-03-16,712.55999756,715.0300293,710.65997314,714.91998291,179086000,1489629600
2017-03-17,715.82000732,717.09997559,710.53997803,710.53997803,253197000,1489716000
2017-03-20,711.44000244,717.53997803,711.44000244,715.07000732,175285000,1489975200
2017-03-21,717.0300293,718.79998779,714.7800293,716.17999268,231634000,1490061600
2017-03-22,715.7800293,720.67999268,712.94000244,712.94000244,268995000,1490148000
2017-03-23,712.60998535,719.55999756,712.60998535,719.55999756,192345000,1490234400
2017-03-24,719.55999756,724.35998535,719.55999756,722.14001465,214781000,1490320800
2017-03-27,723.22998047,725.57000732,721.40997314,723.52001953,233186000,1490580000
2017-03-28,724.36999512,725.0,718.65997314,719.26000977,221918000,1490666400
2017-03-29,719.08001709,721.91998291,718.36999512,720.4699707,193991000,1490752800
2017-03-30,721.86999512,725.90997314,721.86999512,723.85998535,195790000,1490839200
2017-03-31,725.9699707,726.66998291,722.30999756,722.30999756,213142000,1490925600
2017-04-03,723.02001953,724.36999512,721.58001709,722.38000488,183073000,1491184800
2017-04-04,723.70001221,724.66998291,722.78997803,724.14001465,214302000,1491271200
2017-04-05,724.89001465,726.0300293,722.48999023,723.2199707,217977000,1491357600
2017-04-07,721.84997559,727.95001221,720.2800293,727.95001221,229963000,1491530400
2017-04-10,728.71002197,730.90002441,727.77001953,729.86999512,152415000,1491789600
2017-04-11,730.15002441,732.23999023,730.15002441,731.33001709,210266000,1491876000
2017-04-12,731.61999512,732.86999512,724.47998047,725.58001709,249511000,1491962400
2017-04-13,725.53997803,727.34002686,723.88000488,724.34997559,190433000,1492048800
2017-04-14,722.4699707,722.96002197,714.13000488,718.45001221,195283000,1492135200
2017-04-17,718.92999268,721.7800293,710.83001709,710.83001709,170259000,1492394400
2017-04-18,708.64001465,714.92999268,705.54998779,714.92999268,178133000,1492480800
2017-04-19,714.86999512,716.77001953,714.02001953,716.77001953,151574000,1492567200
2017-04-20,716.76000977,716.76000977,712.65997314,712.65997314,137639000,1492653600
2017-04-21,712.77001953,715.08001709,711.08001709,712.40997314,202267000,1492740000
2017-04-24,711.59997559,712.77001953,709.39001465,709.39001465,154884000,1492999200
2017-04-25,709.0,709.80999756,706.03997803,707.58001709,137232000,1493085600
2017-04-26,706.35998535,710.03997803,706.32000732,710.03997803,142344000,1493172000
2017-04-27,711.73999023,716.5300293,711.38000488,716.5300293,187185000,1493258400
2017-04-28,715.90002441,718.53997803,713.83001709,717.72998047,190641000,1493344800
2017-05-03,718.70001221,719.53997803,716.65997314,719.53997803,229584000,1493776800
2017-05-04,717.97998047,723.2199707,717.97998047,722.02001953,215832000,1493863200
2017-05-05,720.39001465,721.65002441,719.85998535,720.0,194379000,1493949600
2017-05-08,720.60998535,720.60998535,717.97998047,718.85998535,232456000,1494208800
2017-05-09,718.85998535,722.10998535,716.95001221,722.10998535,224897000,1494295200
2017-05-10,721.94000244,727.52001953,721.80999756,724.30999756,228173000,1494381600
2017-05-11,724.84002686,726.82000732,723.39001465,724.98999023,223039000,1494468000
2017-05-12,724.63000488,726.40002441,724.40997314,725.36999512,188850000,1494554400
2017-05-15,725.25,726.19000244,723.17999268,725.34997559,240887000,1494813600
2017-05-16,725.84002686,727.85998535,725.0300293,725.0300293,294207000,1494900000
2017-05-17,724.01000977,728.01000977,722.80999756,727.20001221,206670000,1494986400
2017-05-18,727.20001221,729.0,723.79998779,726.98999023,219680000,1495072800
2017-05-19,727.60998535,733.82000732,726.78997803,733.82000732,211585000,1495159200
2017-05-22,738.63000488,746.86999512,738.63000488,744.09997559,272756000,1495418400
2017-05-23,744.32000732,746.17999268,740.2800293,740.92999268,266857000,1495504800
2017-05-24,739.90997314,744.27001953,737.29998779,742.73999023,225259000,1495591200
2017-05-25,744.23999023,746.47998047,740.89001465,741.90997314,205885000,1495677600
2017-05-26,741.40002441,743.46002197,740.59997559,743.40997314,193182000,1495764000
2017-05-29,746.08001709,748.05999756,745.30999756,746.25,252309000,1496023200
2017-05-30,747.07000732,747.42999268,738.21002197,738.21002197,261218000,1496109600
2017-05-31,738.90997314,741.92999268,735.39001465,737.82000732,214222000,1496196000
2017-06-01,739.45001221,742.22998047,738.71002197,741.79998779,152239000,1496282400
2017-06-02,741.47998047,742.10998535,736.09002686,738.80999756,184549000,1496368800
2017-06-05,739.13000488,745.14001465,738.34997559,743.48999023,218609000,1496628000
2017-06-06,743.98999023,751.30999756,743.98999023,751.30999756,185360000,1496714400
2017-06-07,752.75,754.91998291,751.65002441,753.46002197,211213000,1496800800
2017-06-08,751.70001221,751.96002197,748.90997314,750.13000488,262702000,1496887200
2017-06-09,749.46002197,752.01000977,749.03997803,749.7199707,178516000,1496973600
2017-06-12,751.33001709,753.40997314,749.0,751.09002686,184322000,1497232800
2017-06-13,751.09002686,756.89001465,750.09997559,756.89001465,204172000,1497319200
2017-06-14,758.26000977,761.70001221,756.82000732,760.77001953,206341000,1497405600
2017-06-15,760.38000488,762.97998047,758.16998291,760.57000732,193284000,1497492000
2017-06-16,761.75,762.42999268,759.97998047,761.23999023,221694000,1497578400
2017-06-19,763.75,766.83001709,762.33001709,766.83001709,199977000,1497837600
2017-06-20,767.59002686,768.28997803,764.41998291,767.98999023,229107000,1497924000
2017-06-21,765.71002197,767.83001709,758.90002441,767.40997314,248538000,1498010400
2017-06-22,768.40997314,769.98999023,766.29998779,766.29998779,224839000,1498096800
2017-06-23,765.65997314,769.01000977,763.64001465,769.01000977,254932000,1498183200
2017-06-26,770.5,773.14001465,769.72998047,772.52001953,235114000,1498442400
2017-06-27,773.15002441,773.40002441,767.19000244,767.51000977,235645000,1498528800
2017-06-28,766.82000732,769.03997803,762.7800293,769.03997803,203561000,1498615200
2017-06-29,771.26000977,773.08001709,769.89001465,771.75,211882000,1498701600
2017-06-30,773.46002197,776.5,773.46002197,776.4699707,194380000,1498788000
2017-07-03,777.20001221,780.01000977,775.5300293,778.88000488,195521000,1499047200
2017-07-04,779.15002441,779.15002441,772.90002441,775.53997803,232643000,1499133600
2017-07-05,775.84997559,778.32000732,773.80999756,778.32000732,216490000,1499220000
2017-07-06,780.5,782.77001953,779.98999023,782.65002441,238454000,1499306400
2017-07-07,783.72998047,783.80999756,775.72998047,775.72998047,261562000,1499392800
2017-07-10,775.84997559,775.84997559,764.42999268,766.55999756,217175000,1499652000
2017-07-11,766.55999756,769.35998535,761.57000732,769.35998535,225538000,1499738400
2017-07-12,772.59997559,775.08001709,769.83001709,774.16998291,176533000,1499824800
2017-07-13,777.11999512,778.29998779,773.84997559,778.29998779,200640000,1499911200
2017-07-14,779.7199707,780.65002441,776.88000488,777.59997559,209253000,1499997600
2017-07-17,777.70001221,778.29998779,766.4699707,768.90997314,254751000,1500256800
2017-07-18,766.88000488,770.36999512,762.67999268,767.48999023,237790000,1500343200
2017-07-19,771.33001709,774.11999512,770.17999268,771.29998779,236849000,1500429600
2017-07-20,768.55999756,768.55999756,763.54998779,768.40997314,183491000,1500516000
2017-07-21,768.90002441,770.42999268,761.85998535,761.85998535,179984000,1500602400
2017-07-24,759.9699707,761.64001465,753.82000732,759.73999023,158865000,1500861600
2017-07-25,757.42999268,767.27001953,757.34997559,767.27001953,180741000,1500948000
2017-07-26,769.34997559,773.88000488,764.91998291,773.88000488,208321000,1501034400
2017-07-27,773.21002197,774.9699707,770.29998779,771.5,202369000,1501120800
2017-07-28,771.21002197,777.09002686,770.82000732,777.09002686,199879000,1501207200
2017-07-31,777.53997803,783.58001709,776.7199707,783.54998779,267106000,1501466400
2017-08-01,784.44000244,787.67999268,784.15002441,786.80999756,206361000,1501552800
2017-08-02,783.45001221,788.9699707,779.80999756,786.22998047,218993000,1501639200
2017-08-03,786.22998047,790.82000732,786.19000244,788.48999023,208919000,1501725600
2017-08-04,789.46002197,790.11999512,786.09002686,788.67999268,202950000,1501812000
2017-08-07,789.40997314,796.09002686,788.65997314,792.97998047,222641000,1502071200
2017-08-08,795.79998779,796.61999512,789.84002686,791.57000732,228904000,1502157600
2017-08-09,789.15002441,789.15002441,773.65997314,773.65997314,307857000,1502244000
2017-08-10,769.58001709,776.77001953,769.58001709,773.42999268,190126000,1502330400
2017-08-11,773.42999268,774.30999756,769.14001465,772.08001709,169866000,1502416800
2017-08-14,770.65002441,776.41998291,770.65002441,776.16998291,185515000,1502676000
2017-08-15,776.64001465,776.83001709,770.09002686,771.05999756,152537000,1502762400
2017-08-16,771.09997559,773.57000732,766.79998779,773.57000732,169788000,1502848800
2017-08-17,773.47998047,774.4699707,767.59002686,767.59002686,238329000,1502935200
2017-08-18,762.82000732,770.78997803,762.46002197,768.9699707,196321000,1503021600
2017-08-21,767.41998291,769.71002197,765.95001221,768.78997803,169698000,1503280800
2017-08-22,768.20001221,768.44000244,760.29998779,761.26000977,154106000,1503367200
2017-08-23,762.41998291,765.97998047,759.01000977,765.97998047,158564000,1503453600
2017-08-24,766.47998047,771.65002441,764.64001465,769.77001953,219613000,1503540000
2017-08-25,769.07000732,771.63000488,768.57000732,771.63000488,225179000,1503626400
2017-08-28,771.80999756,777.26000977,770.51000977,777.26000977,258565000,1503885600
2017-08-29,773.90997314,777.10998535,773.86999512,774.0300293,264845000,1503972000
2017-08-30,774.30999756,778.65002441,773.84997559,778.65002441,203145000,1504058400
2017-08-31,779.19000244,785.7800293,778.19000244,782.76000977,211651000,1504144800
2017-09-01,784.41998291,789.19000244,784.17999268,788.72998047,146628000,1504231200
2017-09-05,790.26000977,794.46002197,787.79998779,792.30999756,165409000,1504576800
2017-09-06,792.15997314,793.82000732,788.89001465,793.54998779,155709000,1504663200
2017-09-07,793.60998535,798.58001709,792.77001953,796.7199707,154506000,1504749600
2017-09-08,797.97998047,802.90002441,797.82000732,801.20001221,132500000,1504836000
2017-09-11,801.20001221,805.44000244,797.4699707,797.4699707,155944000,1505095200
2017-09-12,795.5300293,801.01000977,794.88000488,799.94000244,153196000,1505181600
2017-09-13,802.84997559,804.38000488,800.39001465,802.7800293,150277000,1505268000
2017-09-14,803.34002686,807.28997803,803.22998047,806.32000732,162902000,1505354400
2017-09-15,803.34997559,805.82000732,802.08001709,805.82000732,163947000,1505440800
2017-09-18,808.51000977,809.39001465,805.36999512,807.86999512,173960000,1505700000
2017-09-19,807.40997314,810.13000488,805.86999512,805.92999268,172849000,1505786400
2017-09-20,806.88000488,807.51000977,803.33001709,805.85998535,150764000,1505872800
2017-09-21,805.28997803,806.52001953,802.59997559,803.92999268,138748000,1505959200
2017-09-22,805.15002441,808.15997314,803.94000244,807.13000488,176702000,1506045600
2017-09-25,806.90002441,807.64001465,802.22998047,805.58001709,149149000,1506304800
2017-09-26,806.40002441,806.84002686,801.65997314,805.34997559,171208000,1506391200
2017-09-27,803.32000732,805.03997803,801.73999023,803.77001953,157400000,1506477600
2017-09-28,803.09997559,810.34997559,803.09997559,804.82000732,192668000,1506564000
2017-09-29,805.07000732,808.77001953,804.41998291,804.41998291,139478000,1506650400
2017-10-02,805.28997803,808.09002686,801.70001221,802.22998047,119497000,1506909600
2017-10-03,803.97998047,804.39001465,795.04998779,798.0,162274000,1506996000
2017-10-04,797.39001465,805.65997314,797.0,805.65997314,118415000,1507082400
2017-10-05,806.55999756,810.53997803,805.2199707,805.22998047,148455000,1507168800
2017-10-06,805.70001221,808.13000488,803.80999756,807.79998779,132950000,1507255200
2017-10-09,809.60998535,810.75,806.7800293,808.96002197,167582000,1507514400
2017-10-10,808.42999268,810.65002441,806.29998779,810.65002441,144208000,1507600800
2017-10-11,811.20001221,815.10998535,811.20001221,813.95001221,180697000,1507687200
2017-10-12,814.42999268,818.44000244,813.7199707,815.86999512,149202000,1507773600
2017-10-13,814.59997559,820.95001221,814.20001221,820.95001221,154125000,1507860000
2017-10-16,821.53997803,823.84997559,819.42999268,819.42999268,168992000,1508119200
2017-10-17,819.51000977,828.28997803,819.42999268,828.28997803,177221000,1508205600
2017-10-18,829.42999268,831.15002441,826.7199707,827.7199707,198939000,1508292000
2017-10-19,828.89001465,831.60998535,825.5,828.92999268,169348000,1508378400
2017-10-20,827.92999268,833.57000732,826.84002686,826.84002686,196370000,1508464800
2017-10-23,826.25,827.23999023,818.80999756,820.03997803,210654000,1508724000
2017-10-24,818.08001709,825.23999023,814.91998291,825.23999023,180443000,1508810400
2017-10-25,826.08001709,830.69000244,822.83001709,830.69000244,160167000,1508896800
2017-10-26,829.94000244,834.66998291,823.91998291,830.10998535,187407000,1508983200
2017-10-27,829.15002441,840.36999512,828.45001221,840.36999512,143366000,1509069600
2017-10-30,842.91998291,849.29998779,842.91998291,845.20001221,197295000,1509328800
2017-10-31,844.27001953,845.92999268,837.2800293,837.2800293,192055000,1509415200
2017-11-01,838.75,842.88000488,838.01000977,842.71002197,172222000,1509501600
2017-11-02,842.19000244,849.5300293,833.09002686,833.09002686,192773000,1509588000
2017-11-03,833.15997314,843.72998047,831.58001709,843.72998047,203252000,1509674400
2017-11-06,846.11999512,849.09002686,843.76000977,849.09002686,172296000,1509933600
2017-11-07,850.20001221,854.59997559,847.88000488,850.33001709,584721000,1510020000
2017-11-08,853.15002441,863.07000732,852.32000732,859.70001221,171680000,1510106400
2017-11-09,862.38000488,864.20001221,858.15997314,860.40002441,164442000,1510192800
2017-11-10,859.90997314,869.36999512,859.23999023,868.21002197,189390000,1510279200
2017-11-13,871.70001221,879.34002686,871.70001221,879.34002686,283759000,1510538400
2017-11-14,881.15002441,884.14001465,874.73999023,880.90002441,221728000,1510624800
2017-11-15,877.65002441,884.83001709,876.59997559,882.59002686,200078000,1510711200
2017-11-16,880.16998291,892.79998779,880.16998291,892.79998779,206497000,1510797600
2017-11-17,893.98999023,898.10998535,886.85998535,890.69000244,188538000,1510884000
2017-11-20,890.34002686,903.54998779,889.54998779,903.54998779,175972000,1511143200
2017-11-21,907.51000977,929.89001465,907.51000977,918.29998779,230287000,1511229600
2017-11-22,921.13000488,932.65997314,921.13000488,932.65997314,210143000,1511316000
2017-11-23,938.30999756,943.15002441,927.0,933.70001221,223223000,1511402400
2017-11-24,930.52001953,937.53997803,924.65002441,935.57000732,225728000,1511488800
2017-11-27,933.38000488,947.05999756,931.28997803,938.60998535,252357000,1511748000
2017-11-28,939.09997559,943.45001221,933.59002686,941.21002197,359520000,1511834400
2017-11-29,943.46002197,952.14001465,940.40002441,952.14001465,229832000,1511920800
2017-11-30,956.16998291,960.10998535,949.92999268,949.92999268,249605000,1512007200
2017-12-01,952.76000977,960.33001709,952.76000977,960.33001709,227731000,1512093600
2017-12-04,962.4699707,972.5300293,962.4699707,970.02001953,270002000,1512352800
2017-12-05,972.2800293,974.79998779,953.29998779,953.29998779,265508000,1512439200
2017-12-06,950.21002197,950.7199707,932.64001465,947.64001465,243461000,1512525600
2017-12-07,950.22998047,954.23999023,932.67999268,938.65002441,196889000,1512612000
2017-12-08,938.40997314,944.75,930.28997803,940.15997314,197623000,1512698400
2017-12-11,930.16998291,936.92999268,917.45001221,917.45001221,193978000,1512957600
2017-12-12,927.66998291,931.11999512,895.72998047,927.25,243245000,1513044000
2017-12-13,932.04998779,932.47998047,922.9699707,924.40002441,157395000,1513130400
2017-12-14,925.51000977,936.28997803,923.98999023,935.84997559,172032000,1513216800
2017-12-15,933.63000488,939.57000732,932.96002197,935.15997314,239898000,1513303200
2017-12-18,945.90002441,958.05999756,945.90002441,958.05999756,241411000,1513562400
2017-12-19,961.0300293,963.01000977,951.25,951.41998291,228762000,1513648800
2017-12-20,945.11999512,958.82000732,945.11999512,953.51000977,220568000,1513735200
2017-12-21,949.45001221,957.55999756,946.05999756,946.05999756,213618000,1513821600
2017-12-22,947.53997803,952.70001221,945.17999268,952.32000732,197584000,1513908000
2017-12-25,954.2800293,958.57000732,952.40997314,958.30999756,168438000,1514167200
2017-12-26,960.32000732,965.92999268,957.23999023,965.92999268,186037000,1514253600
2017-12-27,969.7199707,972.59997559,965.17999268,968.46002197,235825000,1514340000
2017-12-28,970.63000488,978.65002441,967.72998047,976.7199707,160229000,1514426400
2017-12-29,978.39001465,990.09997559,976.33001709,984.23999023,211111000,1514512800
2018-01-02,986.04998779,996.17999268,984.34002686,995.77001953,186020000,1514858400
2018-01-03,999.85998535,1010.21002197,998.40997314,1005.66998291,237296000,1514944800
2018-01-04,1009.36999512,1019.75,1009.0,1019.75,252909000,1515031200
2018-01-05,1020.34002686,1020.59997559,1010.65002441,1012.65002441,284031000,1515117600
2018-01-08,1011.35998535,1022.90002441,1004.89001465,1022.90002441,268789000,1515376800
2018-01-09,1027.14001465,1033.56005859,1017.85998535,1033.56005859,320377000,1515463200
2018-01-10,1034.64001465,1045.63000488,1033.01000977,1038.10998535,375087000,1515549600
2018-01-11,1037.0300293,1049.72998047,1031.13000488,1048.17004395,314652000,1515636000
2018-01-12,1050.17004395,1057.88000488,1046.38000488,1050.10998535,351971000,1515722400
2018-01-15,1049.91003418,1063.4699707,1043.15002441,1063.4699707,292708000,1515981600
2018-01-16,1059.35998535,1065.39001465,1052.43005371,1062.95996094,340186000,1516068000
2018-01-17,1061.97998047,1064.77001953,1034.68994141,1034.68994141,332607000,1516154400
2018-01-18,1028.76000977,1050.25,1020.01000977,1050.25,281598000,1516240800
2018-01-19,1054.32995605,1067.20996094,1053.36999512,1062.06994629,342467000,1516327200
2018-01-22,1066.85998535,1088.05004883,1066.60998535,1087.42004395,266109000,1516586400
2018-01-23,1066.85998535,1088.05004883,1066.60998535,1087.42004395,266109000,1516672800
2018-01-25,1098.43994141,1117.07995605,1098.43994141,1104.56994629,510921000,1516845600
2018-01-26,1119.7800293,1123.82995605,1103.06005859,1115.64001465,292970000,1516932000
2018-01-29,1121.7800293,1130.09997559,1109.80004883,1109.80004883,276732000,1517191200
2018-01-30,1099.97998047,1110.56005859,1092.43994141,1110.56005859,335405000,1517277600
2018-01-31,1112.22998047,1128.09997559,1104.97998047,1110.35998535,351214000,1517364000
2018-02-01,1111.73999023,1111.73999023,1090.25,1099.67004395,269173000,1517450400
2018-02-02,1098.66003418,1105.04003906,1091.06005859,1105.04003906,200308000,1517536800
2018-02-05,1089.61999512,1090.88000488,1048.70996094,1048.70996094,282041000,1517796000
2018-02-06,1026.07995605,1026.07995605,983.05999756,1011.59997559,480707000,1517882400
2018-02-07,1040.5300293,1048.54003906,1034.13000488,1040.55004883,241183000,1517968800
2018-02-08,1031.45996094,1039.60998535,1023.25,1023.25,181500000,1518055200
2018-02-09,991.09002686,1003.94000244,973.7800293,1003.94000244,243234000,1518141600
2018-02-12,1011.64001465,1041.79003906,1011.64001465,1041.79003906,171102000,1518400800
2018-02-13,1053.31005859,1060.47998047,1052.85998535,1059.72998047,174286000,1518487200
2018-02-21,1073.32995605,1092.65002441,1070.43005371,1087.15002441,177567000,1519178400
2018-02-22,1087.15002441,1091.61999512,1074.27001953,1076.0300293,200365000,1519264800
2018-02-23,1086.81005859,1102.84997559,1081.31005859,1102.84997559,189076000,1519351200
2018-02-26,1115.90002441,1127.56994629,1114.06005859,1114.5300293,234110000,1519610400
2018-02-27,1124.0300293,1124.0300293,1106.77001953,1119.60998535,196673000,1519696800
2018-02-28,1110.30004883,1129.89001465,1109.89001465,1121.54003906,232586000,1519783200
2018-03-01,1121.54003906,1129.30004883,1110.92004395,1115.79003906,227400000,1519869600
2018-03-02,1103.16003418,1121.91003418,1103.16003418,1121.20996094,210069000,1519956000
2018-03-05,1121.20996094,1132.68994141,1093.47998047,1093.47998047,277681000,1520215200
2018-03-06,1093.47998047,1120.29003906,1091.67004395,1120.29003906,236333000,1520301600
2018-03-07,1121.98999023,1126.67004395,1103.29003906,1112.26000977,279076000,1520388000
2018-03-08,1112.23999023,1126.34997559,1111.76000977,1124.15002441,200918000,1520474400
2018-03-09,1128.72998047,1135.02001953,1119.18005371,1123.41003418,217756000,1520560800
2018-03-12,1135.36999512,1135.47998047,1123.97998047,1126.29003906,244681000,1520820000
2018-03-13,1126.5300293,1133.31005859,1118.48999023,1133.31005859,233199000,1520906400
2018-03-14,1135.98999023,1142.88000488,1134.55004883,1138.08996582,250549000,1520992800
2018-03-15,1134.51000977,1140.73999023,1129.66003418,1138.76000977,232402000,1521079200
2018-03-16,1144.54003906,1152.52001953,1140.56005859,1150.18994141,308616000,1521165600
2018-03-19,1158.16003418,1165.63000488,1155.81994629,1159.2199707,272048000,1521424800
2018-03-20,1154.47998047,1166.32995605,1154.47998047,1159.39001465,214038000,1521511200
2018-03-21,1166.51000977,1172.31005859,1163.91003418,1169.35998535,237675000,1521597600
2018-03-22,1175.2199707,1180.43994141,1169.47998047,1172.35998535,233322000,1521684000
2018-03-23,1154.25,1157.19995117,1138.5300293,1153.58996582,261958000,1521770400
2018-03-26,1150.51000977,1176.94995117,1150.51000977,1171.2199707,211695000,1522029600
2018-03-27,1187.42004395,1187.42004395,1169.57995605,1171.72998047,237762000,1522116000
2018-03-28,1168.86999512,1179.18005371,1165.70996094,1172.23999023,208550000,1522202400
2018-03-29,1174.72998047,1176.44995117,1164.11999512,1167.0300293,185251000,1522288800
2018-03-30,1169.29003906,1175.35998535,1158.48999023,1174.45996094,204895000,1522375200
2018-04-02,1180.26000977,1196.60998535,1179.72998047,1196.60998535,245761000,1522634400
2018-04-03,1197.0,1199.93005371,1185.82995605,1188.29003906,255243000,1522720800
2018-04-04,1194.26000977,1200.70996094,1189.45996094,1191.54003906,238685000,1522807200
2018-04-05,1197.76000977,1199.15002441,1186.75,1193.17004395,241192000,1522893600
2018-04-06,1194.15002441,1202.58996582,1194.15002441,1199.95996094,252058000,1522980000
2018-04-09,1202.43994141,1207.44995117,1197.43994141,1204.32995605,251451000,1523239200
2018-04-10,1207.61999512,1211.33996582,1192.2199707,1198.11999512,286725000,1523325600
2018-04-11,1201.51000977,1202.45996094,1167.10998535,1167.10998535,286076000,1523412000
2018-04-12,1162.47998047,1173.02001953,1153.64001465,1173.02001953,179986000,1523498400
2018-04-13,1178.56994629,1181.52001953,1153.93005371,1157.14001465,196127000,1523584800
2018-04-16,1156.54003906,1159.44995117,1141.81005859,1148.48999023,196991000,1523844000
2018-04-17,1149.02001953,1156.69995117,1139.32995605,1153.2800293,175758000,1523930400
2018-04-18,1153.2800293,1160.31994629,1138.42004395,1138.5300293,172105000,1524016800
2018-04-19,1137.98999023,1137.98999023,1094.63000488,1094.63000488,204014000,1524103200
2018-04-20,1095.83996582,1119.85998535,1078.01000977,1119.85998535,214649000,1524189600
2018-04-23,1124.32995605,1127.23999023,1076.7800293,1076.7800293,217966000,1524448800
2018-04-24,1064.85998535,1084.89001465,1048.68005371,1080.73999023,186606000,1524535200
2018-04-26,1082.52001953,1082.52001953,1039.34997559,1044.85998535,208476000,1524708000
2018-04-27,1037.35998535,1054.93994141,1031.89001465,1050.26000977,191598000,1524794400
2018-05-02,1053.26000977,1053.52001953,1024.75,1029.07995605,183262000,1525226400
2018-05-03,1018.4699707,1027.38000488,1003.78997803,1026.45996094,203557000,1525312800
2018-05-04,1032.11999512,1037.02001953,1022.09997559,1026.80004883,163073000,1525399200
2018-05-07,1034.64001465,1062.26000977,1028.79003906,1062.26000977,155126000,1525658400
2018-05-08,1061.11999512,1072.2800293,1057.23999023,1060.44995117,170064000,1525744800
2018-05-09,1058.32995605,1069.80004883,1051.79003906,1056.9699707,161331000,1525831200
2018-05-10,1058.2199707,1059.33996582,1025.75,1028.86999512,204944000,1525917600
2018-05-11,1026.33996582,1044.84997559,1014.29998779,1044.84997559,134822000,1526004000
2018-05-14,1051.68994141,1066.97998047,1042.31005859,1066.97998047,137941000,1526263200
2018-05-15,1072.25,1084.19995117,1071.02001953,1073.5,158347000,1526349600
2018-05-16,1073.5,1073.5,1052.18005371,1054.61999512,150046000,1526436000
2018-05-17,1055.20996094,1057.83996582,1030.64001465,1030.64001465,129624000,1526522400
2018-05-18,1033.32995605,1040.83996582,1013.57000732,1040.54003906,408221000,1526608800
2018-05-21,1043.81994629,1043.81994629,1014.97998047,1014.97998047,123092000,1526868000
2018-05-22,1006.17999268,1015.9699707,976.72998047,985.90997314,180486000,1526954400
2018-05-23,974.79998779,995.25,965.91998291,988.94000244,182157000,1527040800
2018-05-24,992.23999023,995.82000732,974.14001465,985.91998291,129287000,1527127200
2018-05-25,981.4699707,987.55999756,963.90002441,963.90002441,150254000,1527213600
2018-05-28,938.85998535,951.34002686,927.4699707,931.75,219285000,1527472800
2018-05-29,925.89001465,958.96002197,916.0,952.17999268,183987000,1527559200
2018-05-30,953.40997314,953.40997314,932.26000977,948.5,146253000,1527645600
2018-05-31,947.96002197,975.51000977,945.28997803,971.25,182044000,1527732000
2018-06-01,973.66998291,995.05999756,973.55999756,992.86999512,204094000,1527818400
2018-06-04,994.47998047,1013.7800293,992.01000977,1013.7800293,166089000,1528077600
2018-06-05,1013.59002686,1025.26000977,1011.59002686,1022.73999023,212463000,1528164000
2018-06-06,1020.9699707,1034.5,1012.97998047,1034.5,162083000,1528250400
2018-06-07,1038.93005371,1043.70996094,1030.79003906,1036.68994141,173150000,1528336800
2018-06-08,1032.58996582,1039.06994629,1026.93994141,1039.01000977,148151000,1528423200
2018-06-11,1033.55004883,1045.59997559,1029.18994141,1039.02001953,185545000,1528682400
2018-06-12,1033.55004883,1033.55004883,1005.09997559,1020.76000977,212484000,1528768800
2018-06-13,1017.92999268,1030.5300293,1017.92999268,1030.5300293,116056000,1528855200
2018-06-14,1030.5300293,1033.45996094,1015.7199707,1015.7199707,166569000,1528941600
2018-06-15,1012.71002197,1018.95001221,1006.75,1016.51000977,165427000,1529028000
2018-06-18,1016.51000977,1018.97998047,986.88000488,987.34002686,181390000,1529287200
2018-06-19,972.38000488,972.61999512,941.57000732,962.15997314,250987000,1529373600
2018-06-20,957.36999512,980.95001221,955.60998535,980.95001221,154067000,1529460000
2018-06-21,979.57000732,979.57000732,966.2800293,969.40002441,117050000,1529546400
2018-06-22,963.89001465,983.57000732,959.90997314,983.16998291,132357000,1529632800
2018-06-25,997.34002686,997.34002686,988.97998047,990.52001953,142087000,1529892000
2018-06-26,977.7800293,983.7800293,970.75,983.02001953,165380000,1529978400
2018-06-27,981.44000244,984.46002197,968.90997314,968.90997314,179449000,1530064800
2018-06-28,964.76000977,976.11999512,954.46002197,957.34997559,159068000,1530151200
2018-06-29,955.64001465,962.92999268,950.47998047,960.7800293,146408000,1530237600
2018-07-02,955.17999268,956.7800293,932.65997314,947.15002441,168207000,1530496800
2018-07-03,945.86999512,946.15997314,906.01000977,906.01000977,180700000,1530583200
2018-07-04,904.34002686,914.98999023,890.83001709,914.98999023,128079000,1530669600
2018-07-05,914.47998047,921.84997559,892.66998291,899.40002441,142997000,1530756000
2018-07-06,891.15997314,921.75,884.98999023,917.51000977,159156000,1530842400
2018-07-09,922.7199707,929.5,915.11999512,915.11999512,119905000,1531101600
2018-07-10,919.44000244,921.96002197,911.11999512,911.11999512,118444000,1531188000
2018-07-11,898.08001709,900.15997314,885.09002686,893.15997314,158654000,1531274400
2018-07-12,891.21002197,905.7199707,884.75,898.51000977,113780000,1531360800
2018-07-13,904.79998779,912.5300293,899.94000244,909.7199707,140415000,1531447200
2018-07-16,914.2199707,917.63000488,905.27001953,911.10998535,136242000,1531706400
2018-07-17,905.32000732,921.27001953,902.02001953,921.27001953,155855000,1531792800
2018-07-18,926.14001465,942.39001465,926.14001465,942.39001465,223941000,1531879200
2018-07-19,942.39001465,947.07000732,939.58001709,943.9699707,199206000,1531965600
2018-07-20,938.83001709,941.94000244,930.26000977,933.39001465,204001000,1532052000
2018-07-23,931.52001953,949.14001465,930.25,936.73999023,208559000,1532311200
2018-07-24,933.2199707,939.07000732,926.29998779,934.08001709,203903000,1532397600
2018-07-25,936.57000732,938.33001709,927.58001709,927.58001709,232715000,1532484000
2018-07-26,928.96002197,930.32000732,920.98999023,930.15997314,195482000,1532570400
2018-07-27,931.90002441,937.22998047,928.82000732,935.52001953,179258000,1532656800
2018-07-30,940.76000977,949.72998047,937.69000244,949.72998047,193339000,1532916000
2018-07-31,948.55999756,959.07000732,947.32000732,956.39001465,242403000,1533002400
2018-08-01,957.34997559,960.04998779,949.89001465,952.77001953,202122000,1533088800
2018-08-02,952.75,953.54998779,942.39001465,953.54998779,212461000,1533175200
2018-08-03,957.91998291,966.09997559,955.13000488,959.59997559,197527000,1533261600
2018-08-06,960.11999512,962.98999023,955.41998291,960.22998047,229662000,1533520800
2018-08-07,957.70001221,962.02001953,953.71002197,956.78997803,162136000,1533607200
2018-08-08,958.30999756,966.27001953,958.30999756,966.27001953,155165000,1533693600
2018-08-09,968.57000732,972.52001953,963.5,963.5,167641000,1533780000
2018-08-10,962.0300293,968.4699707,955.03997803,968.4699707,185247000,1533866400
2018-08-13,966.46002197,978.03997803,963.40997314,978.03997803,213219000,1534125600
2018-08-14,979.65997314,981.41998291,974.4699707,978.27001953,177300000,1534212000
2018-08-15,980.45001221,982.0,961.36999512,961.36999512,188943000,1534298400
2018-08-16,952.83001709,964.2800293,947.09002686,964.2800293,174033000,1534384800
2018-08-17,971.40002441,975.52001953,968.88000488,968.88000488,151066000,1534471200
2018-08-20,970.80999756,973.57000732,966.46002197,969.61999512,180832000,1534730400
2018-08-21,968.46002197,979.21002197,968.45001221,979.21002197,200575000,1534816800
2018-08-22,979.21002197,986.35998535,979.21002197,982.15002441,204108000,1534903200
2018-08-23,984.11999512,989.45001221,982.47998047,987.35998535,146851000,1534989600
2018-08-24,985.48999023,989.21002197,982.88000488,987.04998779,180074000,1535076000
2018-08-27,990.19000244,994.53997803,990.0300293,991.91998291,189505000,1535335200
2018-08-28,991.91998291,995.28997803,989.80999756,995.19000244,176274000,1535421600
2018-08-29,995.04998779,995.04998779,987.4699707,988.16998291,176892000,1535508000
2018-08-30,987.61999512,998.07000732,983.42999268,998.07000732,186695000,1535594400
2018-08-31,998.54998779,1003.05999756,989.53997803,989.53997803,186547000,1535680800
2018-09-04,990.78997803,992.17999268,975.94000244,975.94000244,185941000,1536026400
2018-09-05,975.04998779,978.7800293,964.79998779,968.44000244,181149000,1536112800
2018-09-06,968.36999512,970.84002686,957.98999023,958.19000244,160383000,1536199200
2018-09-07,955.5,969.34002686,955.5,968.90002441,169771000,1536285600
2018-09-10,969.73999023,974.59002686,968.19000244,970.34002686,190672000,1536544800
2018-09-11,968.40997314,985.05999756,967.91998291,985.05999756,192817000,1536631200
2018-09-12,990.0,994.83001709,987.01000977,987.01000977,184154000,1536717600
2018-09-13,987.47998047,992.96002197,984.91998291,987.95001221,172902000,1536804000
2018-09-14,987.95001221,995.54998779,987.95001221,991.34002686,178484000,1536890400
2018-09-17,990.65002441,993.83001709,987.02001953,987.60998535,164609000,1537149600
2018-09-18,983.42999268,993.48999023,981.89001465,993.48999023,197385000,1537236000
2018-09-19,998.65002441,1001.83001709,994.5,995.53997803,244417000,1537322400
2018-09-20,995.53997803,1004.73999023,995.53997803,1004.73999023,204560000,1537408800
2018-09-21,1006.25,1009.09997559,1000.39001465,1002.9699707,302452000,1537495200
2018-09-24,1007.52001953,1011.28997803,1007.45001221,1011.28997803,186723000,1537754400
2018-09-25,1011.94000244,1014.5300293,1008.66998291,1010.73999023,231985000,1537840800
2018-09-26,1008.92999268,1014.85998535,1007.44000244,1009.60998535,261506000,1537927200
2018-09-27,1012.57000732,1017.7800293,1010.48999023,1015.36999512,207781000,1538013600
2018-09-28,1019.34002686,1020.84002686,1015.40002441,1017.13000488,247222000,1538100000
2018-10-01,1019.48999023,1023.86999512,1012.88000488,1012.88000488,247860000,1538359200
2018-10-02,1014.26000977,1021.51000977,1013.10998535,1018.78997803,358391000,1538445600
2018-10-03,1021.08001709,1024.58996582,1016.4699707,1020.40002441,174390000,1538532000
2018-10-04,1024.68005371,1024.68005371,1020.40002441,1023.61999512,196618000,1538618400
2018-10-05,1020.21002197,1020.77001953,1008.39001465,1008.39001465,294151000,1538704800
2018-10-08,1003.30999756,1006.13000488,996.11999512,996.11999512,205516000,1538964000
2018-10-09,998.70001221,1001.86999512,996.19000244,996.19000244,202594000,1539050400
2018-10-10,998.65997314,999.61999512,991.2199707,993.96002197,191361000,1539136800
2018-10-11,972.21002197,972.21002197,938.83001709,945.89001465,353532000,1539223200
2018-10-12,939.20001221,970.08001709,933.34997559,970.08001709,228890000,1539309600
2018-10-15,968.79998779,969.35998535,951.64001465,951.64001465,144306000,1539568800
2018-10-16,950.35998535,963.69000244,950.35998535,963.36999512,149133000,1539655200
2018-10-17,973.14001465,975.27001953,969.05999756,971.59997559,152274000,1539741600
2018-10-18,968.92999268,970.75,962.67999268,963.4699707,145459000,1539828000
2018-10-19,949.94000244,959.63000488,945.83001709,958.35998535,153570000,1539914400
2018-10-22,958.35998535,963.78997803,953.51000977,953.51000977,147531000,1540173600
2018-10-23,950.11999512,950.41998291,925.28997803,939.67999268,202937000,1540260000
2018-10-24,935.25,939.05999756,922.72998047,922.72998047,149346000,1540346400
2018-10-25,902.59002686,912.07000732,885.34002686,910.16998291,177771000,1540432800
2018-10-26,918.10998535,918.15997314,900.82000732,900.82000732,157344000,1540519200
2018-10-29,895.04998779,897.84002686,884.91998291,888.82000732,139993000,1540778400
2018-10-30,881.32000732,894.79998779,880.84997559,888.69000244,133316000,1540864800
2018-10-31,894.22998047,914.76000977,894.22998047,914.76000977,216192000,1540951200
2018-11-01,915.52001953,918.84002686,905.72998047,907.96002197,182193000,1541037600
2018-11-02,911.34997559,927.61999512,910.40002441,924.85998535,222362000,1541124000
2018-11-05,920.86999512,925.5300293,915.77001953,925.5300293,136548000,1541383200
2018-11-06,931.0,931.27001953,921.92999268,922.04998779,139121000,1541469600
2018-11-07,922.0300293,924.59997559,915.40997314,922.15997314,143105000,1541556000
2018-11-08,928.69000244,932.85998535,925.53997803,926.2800293,145778000,1541642400
2018-11-09,921.10998535,925.30999756,914.28997803,914.28997803,149092000,1541728800
2018-11-12,909.35998535,918.98999023,903.95001221,918.11999512,125016000,1541988000
2018-11-13,904.34997559,910.20001221,903.47998047,905.38000488,170034000,1542074400
2018-11-14,904.15997314,910.58001709,898.83001709,900.92999268,142266000,1542160800
2018-11-15,901.13000488,903.83001709,892.5,897.15002441,166086000,1542247200
2018-11-16,901.44000244,903.21002197,894.14001465,898.19000244,160633000,1542333600
2018-11-19,902.65002441,916.05999756,900.60998535,916.05999756,149938000,1542592800
2018-11-20,909.76000977,919.02001953,909.76000977,919.02001953,159138000,1542679200
2018-11-21,909.83001709,922.55999756,907.4699707,922.55999756,152759000,1542765600
2018-11-22,924.92999268,926.15002441,922.02001953,924.41998291,155621000,1542852000
2018-11-23,923.90997314,925.84002686,916.86999512,917.9699707,137965000,1542938400
2018-11-26,915.66998291,921.96002197,914.42999268,921.0300293,118732000,1543197600
2018-11-27,925.11999512,930.36999512,921.26000977,923.11999512,152639000,1543284000
2018-11-28,923.11999512,930.20001221,922.0300293,930.20001221,136360000,1543370400
2018-11-29,934.88000488,937.75,926.78997803,926.78997803,131818000,1543456800
2018-11-30,924.48999023,928.91998291,921.08001709,926.53997803,158587000,1543543200
2018-12-03,937.70001221,951.59002686,937.09997559,951.59002686,209832000,1543802400
2018-12-04,952.9699707,960.44000244,950.89001465,958.84002686,227419000,1543888800
2018-12-05,950.34002686,960.86999512,946.9699707,957.14001465,212455000,1543975200
2018-12-06,957.14001465,959.59002686,948.44000244,954.82000732,179144000,1544061600
2018-12-07,956.48999023,962.39001465,955.96002197,958.59002686,190455000,1544148000
2018-12-10,955.05999756,958.25,951.5,955.89001465,213518000,1544407200
2018-12-11,955.92999268,957.9699707,949.34002686,954.58001709,180822000,1544493600
2018-12-12,956.32000732,961.2800293,956.0,961.2800293,222073000,1544580000
2018-12-13,961.2800293,966.83001709,960.09997559,960.25,171856000,1544666400
2018-12-14,958.7800293,960.09002686,951.03997803,952.03997803,200321000,1544752800
2018-12-17,948.09002686,948.09002686,933.65002441,933.65002441,255174000,1545012000
2018-12-18,933.65002441,933.65002441,917.0300293,927.25,175722000,1545098400
2018-12-19,926.34997559,927.0300293,914.54998779,919.23999023,186090000,1545184800
2018-12-20,915.5,921.78997803,914.17999268,918.23999023,146894000,1545271200
2018-12-21,911.57000732,915.02001953,907.88000488,912.26000977,199106000,1545357600
2018-12-24,910.85998535,916.40997314,908.55999756,908.55999756,158974000,1545616800
2018-12-25,893.71002197,897.94000244,882.16998291,897.94000244,250432000,1545703200
2018-12-26,896.63000488,899.48999023,890.85998535,891.75,139066000,1545789600
2018-12-27,904.79998779,906.63000488,900.80999756,900.80999756,151685000,1545876000
2018-12-28,903.78997803,903.78997803,892.53997803,892.53997803,175944000,1545962400
2019-01-02,900.09997559,900.09997559,891.09997559,891.75,111519000,1546394400
2019-01-03,889.7800293,892.21002197,872.11999512,878.2199707,156575000,1546480800
2019-01-04,872.69000244,881.47998047,861.84997559,880.90002441,136567000,1546567200
2019-01-07,890.4699707,896.63000488,885.29998779,889.64001465,127549000,1546826400
2019-01-08,891.36999512,891.86999512,883.66998291,887.44000244,112829000,1546912800
2019-01-09,890.26000977,897.25,888.60998535,896.98999023,160508000,1546999200
2019-01-10,897.84997559,899.4699707,895.16998291,898.29998779,130589000,1547085600
2019-01-11,899.09997559,904.36999512,899.09997559,902.71002197,131413000,1547172000
2019-01-14,903.83001709,903.83001709,897.17999268,901.79998779,143845000,1547431200
2019-01-15,901.21002197,909.67999268,898.91998291,909.67999268,127191000,1547517600
2019-01-16,911.32000732,912.47998047,906.39001465,908.70001221,164291000,1547604000
2019-01-17,908.47998047,909.05999756,901.89001465,901.89001465,133889000,1547690400
2019-01-18,902.70001221,906.34997559,900.64001465,902.29998779,140748000,1547776800
2019-01-21,905.25,911.73999023,903.09002686,911.04998779,165627000,1548036000
2019-01-22,912.72998047,913.36999512,906.54998779,906.54998779,152164000,1548122400
2019-01-23,905.72998047,910.11999512,905.11999512,908.17999268,129143000,1548208800
2019-01-24,908.55999756,910.59002686,906.59002686,908.78997803,110294000,1548295200
2019-01-25,908.85998535,911.59002686,907.96002197,908.88000488,117585000,1548381600
2019-01-28,912.5300293,913.42999268,908.90002441,912.17999268,133321000,1548640800
2019-01-29,913.66998291,915.92999268,907.09002686,915.92999268,121444000,1548727200
2019-01-30,914.08001709,917.79998779,913.47998047,915.84002686,139396000,1548813600
2019-01-31,919.11999512,920.35998535,910.38000488,910.65002441,138050000,1548900000
2019-02-01,911.97998047,912.80999756,907.52001953,908.66998291,140799000,1548986400
2019-02-11,916.21002197,926.09997559,916.07000732,926.09997559,124643000,1549850400
2019-02-12,930.36999512,938.64001465,926.97998047,937.53997803,188420000,1549936800
2019-02-13,937.60998535,945.25,937.34002686,945.25,215275000,1550023200
2019-02-14,946.53997803,953.65997314,945.98999023,952.34002686,181056000,1550109600
2019-02-15,951.90002441,955.40002441,948.26000977,950.89001465,160689000,1550196000
2019-02-18,954.84997559,961.29998779,953.32000732,961.29998779,194653000,1550455200
2019-02-19,962.84002686,971.91998291,962.80999756,964.34997559,231963000,1550541600
2019-02-20,963.28997803,972.75,963.28997803,970.58001709,170875000,1550628000
2019-02-21,972.82000732,987.57000732,970.30999756,987.57000732,178584000,1550714400
2019-02-22,983.98999023,993.15997314,982.85998535,988.90997314,215631000,1550800800
2019-02-25,996.05999756,999.90002441,992.7199707,994.42999268,227743000,1551060000
2019-02-26,991.63000488,996.44000244,979.23999023,987.05999756,251652000,1551146400
2019-02-27,989.60998535,994.46002197,988.09002686,990.27001953,258927000,1551232800
2019-02-28,989.84002686,990.25,965.4699707,965.4699707,224812000,1551319200
2019-03-01,971.04998779,980.82000732,970.53997803,979.63000488,170041000,1551405600
2019-03-04,983.5,994.46002197,983.33001709,993.98999023,235644000,1551664800
2019-03-05,990.08001709,1000.25,987.91998291,992.45001221,297444000,1551751200
2019-03-06,993.01000977,994.48999023,985.51000977,994.48999023,250925000,1551837600
2019-03-07,995.65002441,1004.54998779,994.0300293,994.0300293,210695000,1551924000
2019-03-08,987.89001465,991.97998047,984.47998047,985.25,202509000,1552010400
2019-03-11,982.94000244,987.10998535,981.34002686,984.59997559,178657000,1552269600
2019-03-12,991.14001465,1001.32000732,990.46002197,1001.32000732,208194000,1552356000
2019-03-13,1003.75,1009.77001953,1003.01000977,1005.40997314,229381000,1552442400
2019-03-14,1006.36999512,1011.39001465,1002.09002686,1008.44000244,224543000,1552528800
2019-03-15,1008.44000244,1008.44000244,1001.09997559,1004.11999512,250277000,1552615200
2019-03-18,1004.11999512,1013.28997803,1004.11999512,1011.85998535,230553000,1552874400
2019-03-19,1013.75,1014.51000977,1004.2199707,1006.59002686,236585000,1552960800
2019-03-20,1002.85998535,1003.25,992.02001953,1002.29998779,300087000,1553047200
2019-03-21,1005.11999512,1006.36999512,981.7800293,981.7800293,200032000,1553133600
2019-03-22,984.90002441,990.07000732,981.29998779,988.71002197,206929000,1553220000
2019-03-25,976.5300293,976.5300293,964.76000977,970.07000732,245781000,1553479200
2019-03-26,970.07000732,978.98999023,966.90002441,969.78997803,175420000,1553565600
2019-03-27,976.66998291,979.32000732,972.25,975.90997314,159938000,1553652000
2019-03-28,973.44000244,983.17999268,972.59997559,982.97998047,217067000,1553738400
2019-03-29,985.34997559,988.23999023,980.76000977,980.76000977,173909000,1553824800
2019-04-01,980.76000977,988.5300293,980.76000977,988.5300293,188618000,1554084000
2019-04-02,994.86999512,996.40997314,985.47998047,985.80999756,236019000,1554170400
2019-04-03,984.73999023,985.26000977,980.29998779,984.46002197,216942000,1554256800
2019-04-04,987.4699707,989.08001709,982.94000244,986.90997314,165305000,1554343200
2019-04-05,986.90997314,990.38000488,986.39001465,989.26000977,189285000,1554429600
2019-04-08,989.26000977,997.55999756,989.26000977,997.55999756,163687000,1554688800
2019-04-09,999.89001465,1000.02001953,987.82000732,988.47998047,165184000,1554775200
2019-04-10,984.78997803,987.27001953,976.83001709,981.90997314,159913000,1554861600
2019-04-11,984.46002197,985.95001221,981.05999756,985.95001221,129479000,1554948000
2019-04-12,984.65997314,984.69000244,980.26000977,982.90002441,153834000,1555034400
2019-04-16,970.86999512,978.5300293,963.05999756,977.16998291,150022000,1555380000
2019-04-17,977.16998291,980.71002197,972.09997559,972.09997559,186724000,1555466400
2019-04-18,969.5,973.72998047,962.04998779,962.29998779,160385000,1555552800
2019-04-19,968.27001953,971.72998047,965.46002197,966.21002197,106976000,1555639200
2019-04-22,963.7800293,966.69000244,959.33001709,965.85998535,216344000,1555898400
2019-04-23,964.84002686,970.97998047,964.34997559,968.0,154888000,1555984800
2019-04-24,969.65997314,978.71002197,969.65997314,976.91998291,134072000,1556071200
2019-04-25,976.46002197,976.46002197,971.91998291,974.13000488,149115000,1556157600
2019-04-26,972.85998535,979.64001465,970.72998047,979.64001465,118540000,1556244000
2019-05-02,978.80999756,979.92999268,975.51000977,978.5,152162000,1556762400
2019-05-03,976.77001953,977.13000488,971.75,974.14001465,148566000,1556848800
2019-05-06,964.36999512,964.89001465,955.40997314,957.9699707,155652000,1557108000
2019-05-07,961.30999756,965.60998535,955.41998291,957.55999756,145340000,1557194400
2019-05-08,950.09997559,953.88000488,947.85998535,951.2199707,143298000,1557280800
2019-05-09,950.65997314,953.65997314,944.90997314,947.01000977,181398000,1557367200
2019-05-10,950.36999512,953.91998291,947.84997559,952.54998779,131033000,1557453600
2019-05-13,952.10998535,958.53997803,951.76000977,958.53997803,232040000,1557712800
2019-05-14,952.13000488,965.34002686,952.13000488,965.34002686,158178000,1557799200
2019-05-15,967.95001221,977.65002441,967.95001221,975.64001465,188853000,1557885600
2019-05-16,976.96002197,981.2199707,975.69000244,975.69000244,170217000,1557972000
2019-05-17,977.84997559,980.03997803,974.90997314,976.47998047,135086000,1558058400
2019-05-20,975.95001221,987.13000488,974.4699707,987.13000488,153160000,1558317600
2019-05-21,989.66998291,992.84002686,986.07000732,986.28997803,206556000,1558404000
2019-05-22,986.65997314,992.26000977,982.67999268,983.7800293,174957000,1558490400
2019-05-23,982.0,984.57000732,977.16998291,982.71002197,160089000,1558576800
2019-05-24,976.59002686,983.14001465,970.0300293,970.0300293,168343000,1558663200
2019-05-27,970.72998047,975.40002441,970.40997314,975.14001465,138466000,1558922400
2019-05-28,977.02001953,978.79998779,969.51000977,972.0,148991000,1559008800
2019-05-29,973.30999756,974.96002197,969.54998779,971.53997803,145310000,1559095200
2019-05-30,971.01000977,974.55999756,967.21002197,969.34002686,159993000,1559181600
2019-05-31,968.5300293,969.94000244,959.88000488,959.88000488,136533000,1559268000
2019-06-03,953.58001709,955.7800293,940.2800293,946.4699707,184657000,1559527200
2019-06-04,945.61999512,951.41998291,943.21002197,951.15997314,162400000,1559613600
2019-06-05,955.79998779,958.39001465,951.39001465,951.40997314,131581000,1559700000
2019-06-06,951.40997314,951.40997314,939.34997559,948.21002197,125899000,1559786400
2019-06-07,951.64001465,958.2800293,950.94000244,958.2800293,148035000,1559872800
2019-06-10,963.7800293,966.90002441,958.59997559,962.90002441,154898000,1560132000
2019-06-11,962.42999268,964.80999756,959.97998047,962.07000732,136379000,1560218400
2019-06-12,960.59997559,960.59997559,953.83001709,954.16998291,138110000,1560304800
2019-06-13,951.26000977,952.05999756,946.28997803,950.08001709,142809000,1560391200
2019-06-14,948.65002441,954.70001221,948.65002441,953.60998535,155879000,1560477600
2019-06-17,953.9699707,955.17999268,944.4699707,946.95001221,174370000,1560736800
2019-06-18,945.72998047,947.29998779,938.95001221,944.01000977,166942000,1560823200
2019-06-19,948.91998291,950.03997803,946.83001709,949.69000244,147358000,1560909600
2019-06-20,949.47998047,962.33001709,948.9699707,959.17999268,185490000,1560996000
2019-06-21,962.69000244,964.52001953,959.11999512,959.20001221,206137000,1561082400
2019-06-24,960.28997803,967.10998535,959.79998779,962.84997559,150299000,1561341600
2019-06-25,961.19000244,963.22998047,960.05999756,960.13000488,164348000,1561428000
2019-06-26,960.13000488,962.70001221,958.38000488,959.13000488,252317000,1561514400
2019-06-27,959.47998047,959.47998047,943.10998535,943.10998535,159030000,1561600800
2019-06-28,944.5300293,949.94000244,939.11999512,949.94000244,182625000,1561687200
2019-07-01,958.91998291,965.60998535,957.65997314,965.60998535,166445000,1561946400
2019-07-02,964.77001953,966.76000977,959.79998779,961.97998047,138217000,1562032800
2019-07-03,960.44000244,961.66998291,956.90997314,960.39001465,136594000,1562119200
2019-07-04,961.7800293,973.03997803,961.65002441,973.03997803,189898000,1562205600
2019-07-05,973.03997803,975.34002686,970.15997314,975.34002686,137917000,1562292000
2019-07-08,972.83001709,972.83001709,963.84002686,966.34997559,165879000,1562551200
2019-07-09,965.23999023,969.04998779,963.04998779,969.04998779,169482000,1562637600
2019-07-10,971.19000244,974.96002197,971.19000244,973.65002441,154564000,1562724000
2019-07-11,976.95001221,980.02001953,975.0300293,978.63000488,161663000,1562810400
2019-07-12,980.10998535,982.09997559,974.32000732,975.40002441,157306000,1562896800
2019-07-15,975.57000732,975.65997314,970.92999268,972.5300293,150551000,1563156000
2019-07-16,975.04998779,982.10998535,975.04998779,982.10998535,174668000,1563242400
2019-07-17,981.48999023,985.59002686,979.04998779,982.57000732,170019000,1563328800
2019-07-18,979.15997314,979.48999023,975.01000977,976.04998779,139846000,1563415200
2019-07-19,978.11999512,986.11999512,978.11999512,982.34002686,170265000,1563501600
2019-07-22,981.16998291,985.13000488,980.08001709,982.03997803,164372000,1563760800
2019-07-23,981.38000488,990.45001221,980.2199707,989.46002197,184831000,1563847200
2019-07-24,993.01000977,994.84997559,986.34002686,988.40997314,169642000,1563933600
2019-07-25,986.84997559,997.48999023,986.84997559,994.95001221,171789000,1564020000
2019-07-26,994.79998779,998.52001953,992.9699707,993.34997559,152405000,1564106400
2019-07-29,994.22998047,997.94000244,988.28997803,997.94000244,147825000,1564365600
2019-07-30,1001.46002197,1002.77001953,986.02001953,986.02001953,154322000,1564452000
2019-07-31,986.0,993.40002441,982.64001465,991.65997314,172876000,1564538400
2019-08-01,993.25,997.39001465,990.88000488,997.39001465,222656000,1564624800
2019-08-02,987.54998779,991.39001465,985.69000244,991.09997559,186788000,1564711200
2019-08-05,988.59997559,988.98999023,973.15002441,973.15002441,195934000,1564970400
2019-08-06,960.28997803,966.15002441,958.39001465,964.60998535,210927000,1565056800
2019-08-07,967.17999268,971.96002197,961.64001465,965.92999268,219153000,1565143200
2019-08-08,965.92999268,975.83001709,964.21002197,975.23999023,219237000,1565229600
2019-08-09,976.40997314,978.69000244,974.33001709,974.34002686,192308000,1565316000
2019-08-12,975.38000488,977.63000488,973.2199707,975.30999756,174552000,1565575200
2019-08-13,972.70001221,973.09002686,964.0300293,966.83001709,181503000,1565661600
2019-08-14,975.88000488,975.98999023,968.90997314,968.90997314,151488000,1565748000
2019-08-15,958.04998779,979.38000488,955.76000977,979.38000488,182910000,1565834400
2019-08-16,974.88000488,985.60998535,974.88000488,980.0,198006000,1565920800
2019-08-19,984.03997803,985.47998047,979.16998291,981.0300293,158090000,1566180000
2019-08-20,983.94000244,985.34997559,981.75,984.66998291,177940000,1566266400
2019-08-21,984.35998535,995.44000244,983.29998779,994.38000488,201557000,1566352800
2019-08-22,996.40997314,998.66998291,993.22998047,997.26000977,152999000,1566439200
2019-08-23,998.21002197,998.21002197,990.83001709,992.45001221,162568000,1566525600
2019-08-26,983.79998779,984.60998535,977.0,982.88000488,189790000,1566784800
2019-08-27,986.33001709,988.48999023,976.78997803,976.78997803,199812000,1566871200
2019-08-28,977.09997559,981.34997559,977.09997559,977.26000977,147214000,1566957600
2019-08-29,978.16998291,978.7800293,973.34002686,978.59002686,138392000,1567044000
2019-08-30,980.25,984.86999512,980.25,984.05999756,143164000,1567130400
2019-09-03,984.78997803,985.21002197,978.61999512,979.35998535,186475000,1567476000
2019-09-04,977.9699707,979.90997314,973.36999512,977.63000488,157393000,1567562400
2019-09-05,979.83001709,981.66998291,976.78997803,976.78997803,159540000,1567648800
2019-09-06,977.83001709,978.72998047,973.86999512,974.08001709,161159000,1567735200
2019-09-09,974.5300293,975.0300293,972.4699707,974.11999512,155334000,1567994400
2019-09-10,974.61999512,977.44000244,968.35998535,970.26000977,161445000,1568080800
2019-09-11,969.59002686,973.13000488,967.14001465,969.30999756,154514000,1568167200
2019-09-12,972.39001465,976.07000732,972.30999756,976.07000732,141321000,1568253600
2019-09-13,976.07000732,987.2199707,975.95001221,987.2199707,189231000,1568340000
2019-09-16,987.07000732,992.59997559,986.7199707,989.85998535,187152000,1568599200
2019-09-17,990.05999756,996.73999023,986.96002197,996.73999023,231436000,1568685600
2019-09-18,995.75,998.40002441,993.94000244,995.15002441,191036000,1568772000
2019-09-19,995.48999023,997.20001221,990.54998779,997.09997559,186922000,1568858400
2019-09-20,997.59997559,998.55999756,990.35998535,990.35998535,203600000,1568944800
2019-09-23,991.75,993.97998047,985.75,985.75,207505000,1569204000
2019-09-24,986.33001709,991.35998535,984.94000244,988.13000488,165040000,1569290400
2019-09-25,985.96002197,989.17999268,983.05999756,987.29998779,171566000,1569376800
2019-09-26,988.70001221,991.65997314,986.34997559,990.75,152560000,1569463200
2019-09-27,992.26000977,998.34002686,991.5,997.84002686,180737000,1569549600
2019-09-30,999.91998291,1004.16998291,996.51000977,996.55999756,176215000,1569808800
2019-10-01,997.86999512,999.7199707,996.20001221,999.59002686,210254000,1569895200
2019-10-02,999.17999268,1000.92999268,989.63000488,991.19000244,178784000,1569981600
2019-10-03,985.65002441,992.45001221,983.34997559,989.66998291,140120000,1570068000
2019-10-04,993.69000244,994.80999756,987.59002686,987.59002686,205009000,1570154400
2019-10-07,989.45001221,990.34002686,983.09002686,983.09002686,178899000,1570413600
2019-10-08,983.61999512,988.51000977,981.89001465,988.2199707,178375000,1570500000
2019-10-09,987.82000732,992.0,986.73999023,987.83001709,182539000,1570586400
2019-10-10,988.80999756,990.89001465,986.92999268,987.38000488,182978000,1570672800
2019-10-11,988.57000732,991.84002686,987.61999512,991.84002686,168612000,1570759200
2019-10-14,994.60998535,997.25,992.5,993.57000732,193976000,1571018400
2019-10-15,993.54998779,994.75,990.73999023,993.04998779,179970000,1571104800
2019-10-16,995.75,997.40997314,993.41998291,994.46002197,188131000,1571191200
2019-10-17,995.03997803,995.80999756,989.82000732,989.82000732,191550000,1571277600
2019-10-18,992.0,993.0300293,988.40997314,989.20001221,174424000,1571364000
2019-10-21,988.17999268,988.82000732,983.55999756,983.55999756,200326000,1571623200
2019-10-22,983.52001953,987.59002686,983.52001953,987.19000244,231648000,1571709600
2019-10-23,987.03997803,989.60998535,985.52001953,987.78997803,179021000,1571796000
2019-10-24,988.84997559,993.59997559,987.65002441,993.59997559,160032000,1571882400
2019-10-25,993.90997314,996.66998291,992.90997314,996.57000732,173487000,1571968800
2019-10-28,998.27001953,999.94000244,996.47998047,996.47998047,183757000,1572228000
2019-10-29,997.77001953,999.88000488,995.86999512,995.86999512,249478000,1572314400
2019-10-30,996.83001709,1003.40002441,994.85998535,1000.89001465,181193000,1572400800
2019-10-31,1000.89001465,1004.40002441,998.58001709,998.82000732,218982000,1572487200
2019-11-01,998.82000732,1015.88000488,998.82000732,1015.59002686,241336000,1572573600
2019-11-04,1019.0,1023.91998291,1015.85998535,1022.42999268,232788000,1572832800
2019-11-05,1022.77001953,1026.5300293,1021.63000488,1024.33996582,199372000,1572919200
2019-11-06,1023.42999268,1028.9699707,1023.41998291,1024.91003418,225001000,1573005600
2019-11-07,1023.48999023,1028.44995117,1022.60998535,1024.0300293,193394000,1573092000
2019-11-08,1026.97998047,1027.39001465,1021.10998535,1022.48999023,181367000,1573178400
2019-11-11,1023.32000732,1024.77001953,1016.34997559,1016.75,210431000,1573437600
2019-11-12,1016.9699707,1021.84002686,1015.9699707,1018.33001709,223157000,1573524000
2019-11-13,1019.07000732,1020.09002686,1010.79998779,1012.77001953,286968000,1573610400
2019-11-14,1013.84997559,1016.71002197,1010.59997559,1012.29998779,209404000,1573696800
2019-11-15,1012.92999268,1015.15997314,1005.09997559,1010.0300293,212330000,1573783200
2019-11-18,1010.0300293,1012.09002686,1002.63000488,1002.90997314,184311000,1574042400
2019-11-19,1002.89001465,1008.34997559,1001.34997559,1008.34997559,232357000,1574128800
2019-11-20,1009.21002197,1009.21002197,1000.55999756,1000.55999756,210310000,1574215200
2019-11-21,999.36999512,999.63000488,987.89001465,987.89001465,215012000,1574301600
2019-11-22,992.72998047,993.70001221,971.0300293,977.7800293,230361000,1574388000
2019-11-25,977.84997559,979.59997559,971.23999023,976.34997559,189316000,1574647200
2019-11-26,976.34997559,981.96002197,976.34997559,976.78997803,192498000,1574733600
2019-11-27,978.97998047,982.76000977,978.16998291,978.16998291,197964000,1574820000
2019-11-28,977.65997314,979.16998291,967.67999268,970.39001465,191264000,1574906400
2019-11-29,971.09997559,972.89001465,968.0300293,970.75,167267000,1574992800
2019-12-02,971.41998291,972.90997314,958.29998779,959.30999756,210999000,1575252000
2019-12-03,957.40002441,960.82000732,950.96002197,953.42999268,264938000,1575338400
2019-12-04,952.51000977,965.90002441,950.13000488,965.90002441,210096000,1575424800
2019-12-05,969.0,969.5300293,962.15997314,963.27001953,194538000,1575511200
2019-12-06,962.38000488,965.40997314,960.98999023,963.55999756,171819000,1575597600
2019-12-09,963.90997314,967.57000732,962.59002686,966.05999756,273263000,1575856800
2019-12-10,965.91998291,966.58001709,955.14001465,960.29998779,242725000,1575943200
2019-12-11,960.59002686,961.7800293,954.55999756,961.7800293,216475000,1576029600
2019-12-12,963.39001465,968.39001465,962.7199707,968.16998291,218749000,1576116000
2019-12-13,969.42999268,971.84002686,965.92999268,966.17999268,219156000,1576202400
2019-12-16,966.0,966.0,960.39001465,961.4699707,278438000,1576461600
2019-12-17,962.48999023,962.78997803,954.0300293,954.0300293,280854000,1576548000
2019-12-18,951.52001953,954.17999268,949.85998535,951.13000488,323407000,1576634400
2019-12-19,950.60998535,955.84997559,946.73999023,952.26000977,222467000,1576720800
2019-12-20,953.54998779,957.52001953,952.71002197,956.40997314,243333000,1576807200
2019-12-23,959.54998779,960.71002197,958.07000732,959.42999268,241524000,1577066400
2019-12-24,959.42999268,959.42999268,953.28997803,958.88000488,229674000,1577152800
2019-12-25,958.17999268,962.83001709,957.5,960.91998291,238317000,1577239200
2019-12-26,960.66998291,962.10998535,957.42999268,958.59002686,265937000,1577325600
2019-12-27,957.70001221,963.51000977,954.19000244,963.51000977,180524000,1577412000
2019-12-30,962.89001465,967.52001953,962.4699707,965.0300293,177741000,1577671200
2019-12-31,965.71002197,965.71002197,958.2199707,960.98999023,185243000,1577757600
2020-01-02,960.26000977,966.66998291,959.66998291,966.66998291,200602000,1577930400
2020-01-03,968.7199707,970.88000488,965.14001465,965.14001465,174129000,1578016800
2020-01-06,962.78997803,963.20001221,955.59002686,955.78997803,187204000,1578276000
2020-01-07,955.78997803,959.46002197,953.19000244,958.88000488,181626000,1578362400
2020-01-08,954.13000488,955.84002686,945.2800293,948.97998047,319166000,1578448800
2020-01-09,953.85998535,960.72998047,952.15997314,960.15002441,166147000,1578535200
2020-01-10,961.16998291,969.71002197,961.16998291,968.53997803,222155000,1578621600
2020-01-13,966.89001465,968.63000488,964.78997803,965.84002686,147148000,1578880800
2020-01-14,966.26000977,968.84997559,965.76000977,967.0,190349000,1578967200
2020-01-15,967.69000244,967.69000244,964.84002686,967.55999756,150041000,1579053600
2020-01-16,967.20001221,974.70001221,967.16998291,974.30999756,201251000,1579140000
2020-01-17,976.2800293,980.02001953,973.78997803,978.96002197,164136000,1579226400
2020-01-20,978.22998047,979.84997559,975.92999268,978.63000488,148804000,1579485600
2020-01-21,978.82000732,986.36999512,978.82000732,986.36999512,157666000,1579572000
2020-01-22,986.52001953,991.46002197,983.91998291,991.46002197,152345000,1579658400
2020-01-30,975.15002441,977.7199707,954.0,959.58001709,198514000,1580349600
2020-01-31,959.58001709,960.96002197,936.61999512,936.61999512,253945000,1580436000
2020-02-03,916.59997559,930.36999512,891.84997559,928.14001465,275518000,1580695200
2020-02-04,929.41998291,934.90997314,919.33001709,929.09002686,197685000,1580781600
2020-02-05,934.75,936.33001709,921.89001465,925.90997314,197384000,1580868000
2020-02-06,926.65997314,938.53997803,925.21002197,938.53997803,223668000,1580954400
2020-02-07,938.60998535,943.47998047,935.94000244,940.75,194165000,1581040800
2020-02-10,934.38000488,935.86999512,926.60998535,930.72998047,153967000,1581300000
2020-02-11,930.72998047,936.03997803,930.72998047,934.66998291,179353000,1581386400
2020-02-12,940.7199707,943.10998535,937.34002686,937.67999268,228035000,1581472800
2020-02-13,937.19000244,939.09997559,934.4699707,938.23999023,177733000,1581559200
2020-02-14,939.2800293,940.65002441,936.4699707,937.45001221,204351000,1581645600
2020-02-17,938.52001953,938.52001953,931.65997314,934.77001953,183245000,1581904800
2020-02-18,934.4699707,934.97998047,926.01000977,927.92999268,187758000,1581991200
2020-02-19,926.40997314,931.65997314,925.85998535,928.76000977,192170000,1582077600
2020-02-20,933.69000244,938.13000488,930.40997314,938.13000488,198340000,1582164000
2020-02-21,938.13000488,940.5300293,932.32000732,933.09002686,206753000,1582250400
2020-02-24,917.48999023,917.48999023,903.34002686,903.34002686,291882000,1582509600
2020-02-25,893.95001221,909.66998291,893.95001221,909.66998291,221123000,1582596000
2020-02-26,901.51000977,903.27001953,894.25,895.9699707,142582000,1582682400
2020-02-27,892.15002441,899.34002686,889.14001465,898.44000244,163287000,1582768800
2020-02-28,885.4699707,887.07000732,872.46002197,882.19000244,241893000,1582855200
2020-03-02,878.42999268,886.45001221,877.30999756,884.42999268,206635000,1583114400
2020-03-03,895.39001465,896.39001465,890.05999756,890.60998535,212740000,1583200800
2020-03-04,887.84997559,889.84997559,882.83001709,889.36999512,238451000,1583287200
2020-03-05,892.71002197,898.42999268,891.20001221,893.30999756,231337000,1583373600
2020-03-06,888.96002197,891.44000244,882.71002197,891.44000244,214339000,1583460000
2020-03-09,875.79998779,875.79998779,834.66998291,835.48999023,309101000,1583719200
2020-03-10,813.83001709,843.2800293,806.63000488,837.5,298017000,1583805600
2020-03-11,843.52001953,844.94000244,794.53997803,811.34997559,318569000,1583892000
2020-03-12,778.05999756,778.05999756,762.11999512,769.25,339232000,1583978400
2020-03-13,750.55999756,764.69000244,723.41998291,761.7800293,354705000,1584064800
2020-03-16,758.2800293,758.59002686,737.58001709,747.85998535,292253000,1584324000
2020-03-17,724.07000732,750.0300293,721.84002686,745.7800293,287277000,1584410400
2020-03-18,747.40002441,752.65002441,742.11999512,747.65997314,259018000,1584496800
2020-03-19,732.34997559,733.42999268,714.02001953,725.94000244,353390000,1584583200
2020-03-20,728.54998779,729.34997559,709.72998047,709.72998047,230589000,1584669600
2020-03-23,694.77001953,694.77001953,664.22998047,666.59002686,280248000,1584928800
2020-03-24,666.59002686,666.59002686,652.27001953,659.21002197,245149000,1585015200
2020-03-25,669.76000977,690.25,667.58001709,690.25,270183000,1585101600
2020-03-26,689.0,700.76000977,680.09997559,694.21002197,221851000,1585188000
2020-03-27,692.53997803,703.2199707,682.52001953,696.05999756,327994000,1585274400
2020-03-30,663.90997314,665.55999756,657.35998535,662.26000977,233101000,1585533600
2020-03-31,669.73999023,678.64001465,649.09997559,662.5300293,262792000,1585620000
2020-04-01,658.79998779,684.96002197,657.40997314,680.22998047,267021000,1585706400
2020-04-03,687.91998291,701.79998779,687.91998291,701.79998779,233091000,1585879200
2020-04-06,716.2199707,736.75,715.39001465,736.75,334904000,1586138400
2020-04-07,744.9699707,749.13000488,730.2800293,746.69000244,292969000,1586224800
2020-04-08,740.0300293,748.35998535,730.11999512,748.02001953,252294000,1586311200
2020-04-09,751.08001709,765.86999512,751.08001709,760.33001709,298467000,1586397600
2020-04-10,759.08001709,764.35998535,751.59002686,757.94000244,338402000,1586484000
2020-04-13,762.98999023,774.61999512,762.5300293,765.78997803,235282000,1586743200
2020-04-14,769.01000977,769.5300293,753.84997559,767.40997314,266775000,1586829600
2020-04-15,768.04998779,779.52001953,768.01000977,777.2199707,302623000,1586916000
2020-04-16,773.10998535,781.05999756,770.90997314,780.70001221,250936000,1587002400
2020-04-17,786.96002197,790.95001221,783.73999023,789.59997559,309858000,1587088800
2020-04-20,796.16998291,797.48999023,786.72998047,794.9699707,336053000,1587348000
2020-04-21,794.9699707,794.9699707,761.96002197,766.84002686,397399000,1587434400
2020-04-22,752.79998779,774.94000244,749.9699707,768.91998291,253435000,1587520800
2020-04-23,768.91998291,785.59997559,768.91998291,773.90997314,205795000,1587607200
2020-04-24,777.2800293,778.29998779,767.30999756,776.65997314,262270000,1587693600
2020-04-27,780.65002441,785.73999023,770.77001953,770.77001953,307356000,1587952800
2020-04-28,773.30999756,776.13000488,763.65997314,767.21002197,219399000,1588039200
2020-04-29,768.59002686,772.61999512,768.19000244,769.10998535,250081000,1588125600
2020-05-04,766.14001465,769.72998047,761.64001465,762.4699707,285570000,1588557600
2020-05-05,763.2199707,767.0300293,760.03997803,764.15997314,212376000,1588644000
2020-05-06,767.29998779,782.59002686,765.36999512,782.59002686,272446000,1588730400
2020-05-07,785.08001709,796.53997803,785.08001709,796.53997803,240803000,1588816800
2020-05-08,800.32000732,825.7199707,800.20001221,813.72998047,371338000,1588903200
2020-05-11,818.26000977,828.33001709,812.47998047,828.33001709,353416000,1589162400
2020-05-12,827.28997803,835.95001221,819.65997314,835.32000732,322211000,1589248800
2020-05-13,835.32000732,839.59002686,815.13000488,834.21002197,374603000,1589335200
2020-05-14,830.9699707,836.19000244,826.16998291,832.40002441,341117000,1589421600
2020-05-15,835.41998291,838.4699707,824.59002686,827.0300293,301891000,1589508000
2020-05-18,827.48999023,837.60998535,823.08001709,837.01000977,254049000,1589767200
2020-05-19,852.14001465,854.25,844.15002441,845.91998291,385272000,1589853600
2020-05-20,843.26000977,852.90997314,842.21002197,852.90997314,265771000,1589940000
2020-05-21,854.92999268,862.72998047,854.03997803,862.72998047,331906000,1590026400
2020-05-22,859.28997803,860.65002441,852.08001709,852.73999023,303976000,1590112800
2020-05-25,852.90002441,860.45001221,849.11999512,859.03997803,307227000,1590372000
2020-05-26,861.4699707,869.65002441,860.2199707,869.13000488,328349000,1590458400
2020-05-27,869.13000488,875.34997559,857.47998047,857.47998047,388897000,1590544800
2020-05-28,858.9699707,866.16998291,856.47998047,861.39001465,322215000,1590631200
2020-05-29,861.59002686,866.95001221,859.26000977,864.4699707,318191000,1590717600
2020-06-01,868.9699707,878.66998291,868.9699707,878.66998291,476516000,1590976800
2020-06-02,879.22998047,882.72998047,874.5300293,874.79998779,484708000,1591063200
2020-06-03,876.72998047,881.16998291,874.01000977,881.16998291,351958000,1591149600
2020-06-04,883.2199707,888.32000732,883.2199707,883.90002441,431122000,1591236000
2020-06-05,883.40002441,886.59002686,878.5,886.2199707,499608000,1591322400
2020-06-08,888.70001221,905.65002441,888.70001221,899.91998291,572019000,1591581600
2020-06-09,902.26000977,904.89001465,898.86999512,899.42999268,501725000,1591668000
2020-06-10,898.7800293,902.69000244,890.29998779,900.0,542865000,1591754400
2020-06-11,900.47998047,903.70001221,867.36999512,867.36999512,707458000,1591840800
2020-06-12,841.84997559,863.52001953,841.44000244,863.52001953,620771000,1591927200
2020-06-15,867.52001953,868.15997314,832.4699707,832.4699707,708244000,1592186400
2020-06-16,848.85998535,858.70001221,844.66998291,856.13000488,412445000,1592272800
2020-06-17,861.04998779,861.04998779,852.27001953,854.44000244,354840000,1592359200
2020-06-18,850.91998291,858.0300293,847.48999023,855.27001953,280311000,1592445600
2020-06-19,857.77001953,868.55999756,857.77001953,868.55999756,440092000,1592532000
2020-06-22,871.55999756,872.94000244,867.36999512,871.2800293,350371000,1592791200
2020-06-23,871.11999512,873.20001221,864.02001953,868.20001221,455360000,1592877600
2020-06-24,868.20001221,873.13000488,857.58001709,859.71002197,370921000,1592964000
2020-06-25,851.09002686,856.22998047,849.65002441,854.59002686,312297000,1593050400
2020-06-26,859.07000732,862.59002686,850.65997314,851.97998047,300386000,1593136800
2020-06-29,846.26000977,846.5300293,826.0,829.35998535,389638000,1593396000
2020-06-30,836.7199707,840.30999756,821.91998291,825.10998535,358394000,1593482400
2020-07-01,827.66998291,844.26000977,826.38000488,843.48999023,303546000,1593568800
2020-07-02,845.65997314,845.65997314,838.47998047,842.38000488,223795000,1593655200
2020-07-03,845.26000977,848.15997314,843.25,847.60998535,203001000,1593741600
2020-07-06,851.4699707,861.84997559,850.03997803,861.15997314,215092000,1594000800
2020-07-07,865.46002197,870.63000488,863.41998291,863.41998291,330902000,1594087200
2020-07-08,861.75,865.58001709,859.97998047,864.5,237541000,1594173600
2020-07-09,867.65997314,878.35998535,867.45001221,876.46002197,306076000,1594260000
2020-07-10,873.70001221,878.5300293,867.59002686,871.21002197,291114000,1594346400
2020-07-13,874.84997559,876.83001709,866.98999023,868.7199707,246074000,1594605600
2020-07-14,865.01000977,868.10998535,860.2800293,868.10998535,239138000,1594692000
2020-07-15,872.79998779,876.69000244,869.90997314,869.90997314,258294000,1594778400
2020-07-16,871.80999756,876.83001709,869.25,876.83001709,243472000,1594864800
2020-07-17,873.47998047,875.07000732,871.89001465,872.02001953,270682000,1594951200
2020-07-20,870.65997314,871.64001465,861.40002441,861.40002441,285076000,1595210400
2020-07-21,863.94000244,864.70001221,856.94000244,861.69000244,245405000,1595296800
2020-07-22,862.79998779,864.0,854.9699707,855.08001709,278602000,1595383200
2020-07-23,854.91998291,857.2199707,851.9699707,856.75,240495000,1595469600
2020-07-24,854.22998047,854.57000732,816.65002441,829.15997314,505099000,1595556000
2020-07-27,794.14001465,808.73999023,780.64001465,785.16998291,422707000,1595815200
2020-07-28,786.7199707,814.40002441,786.66998291,813.35998535,328491000,1595901600
2020-07-29,800.39001465,800.39001465,779.82000732,790.84002686,362092000,1595988000
2020-07-30,796.2199707,802.9699707,794.88000488,801.13000488,188945000,1596074400
2020-07-31,787.7800293,803.54998779,786.97998047,798.39001465,249631000,1596160800
2020-08-03,796.85998535,814.84002686,796.4699707,814.65002441,298136000,1596420000
2020-08-04,822.85998535,827.57000732,820.20001221,827.57000732,277449000,1596506400
2020-08-05,827.53997803,839.52001953,820.73999023,837.79998779,306639000,1596592800
2020-08-06,838.01000977,844.15997314,833.55999756,840.03997803,257017000,1596679200
2020-08-07,840.65002441,844.33001709,836.84002686,841.46002197,259885000,1596765600
2020-08-10,845.10998535,849.52001953,843.20001221,843.20001221,309297000,1597024800
2020-08-11,847.60998535,847.60998535,840.34997559,843.08001709,249000000,1597111200
2020-08-12,844.19000244,848.53997803,842.88000488,846.91998291,272493000,1597197600
2020-08-13,849.96002197,855.19000244,849.85998535,855.04998779,256245000,1597284000
2020-08-14,854.28997803,860.32000732,848.38000488,850.73999023,304706000,1597370400
2020-08-17,848.08001709,852.04998779,841.61999512,850.15002441,237511000,1597629600
2020-08-18,850.15002441,851.05999756,845.0,846.42999268,227511000,1597716000
2020-08-19,847.19000244,853.15002441,846.2199707,851.21002197,240147000,1597802400
2020-08-20,851.21002197,856.98999023,847.44000244,848.21002197,285686000,1597888800
2020-08-21,849.98999023,856.45001221,849.69000244,854.7800293,286817000,1597975200
2020-08-24,860.34997559,868.67999268,860.34997559,868.67999268,381518000,1598234400
2020-08-25,870.91998291,877.57000732,870.91998291,874.11999512,399065000,1598320800
2020-08-26,873.61999512,876.9699707,871.7800293,873.4699707,352377000,1598407200
2020-08-27,872.38000488,875.71002197,871.92999268,874.71002197,325718000,1598493600
2020-08-28,878.78997803,885.85998535,877.70001221,878.97998047,398321000,1598580000
2020-08-31,882.13000488,888.44000244,879.26000977,881.65002441,352651000,1598839200
2020-09-01,882.40002441,892.51000977,880.78997803,891.72998047,317000000,1598925600
2020-09-03,898.25,904.32000732,896.26000977,903.9699707,370490000,1599098400
2020-09-04,896.02001953,903.10998535,893.85998535,901.53997803,346439000,1599184800
2020-09-07,903.84997559,905.79998779,888.25,888.25,434063000,1599444000
2020-09-08,891.60998535,894.58001709,884.88000488,890.14001465,294021000,1599530400
2020-09-09,883.67999268,892.40002441,881.57000732,889.32000732,318443000,1599616800
2020-09-10,895.28997803,896.7800293,888.82000732,888.82000732,387237000,1599703200
2020-09-11,888.82000732,890.97998047,884.66998291,888.9699707,309909000,1599789600
2020-09-14,891.89001465,895.30999756,891.89001465,894.57000732,364432000,1600048800
2020-09-15,896.60998535,898.73999023,894.65997314,896.26000977,381799000,1600135200
2020-09-16,897.42999268,897.58001709,894.63000488,897.4699707,290434000,1600221600
2020-09-17,897.4699707,899.40997314,890.92999268,894.03997803,395455000,1600308000
2020-09-18,896.08001709,902.10998535,895.82000732,900.95001221,361844000,1600394400
2020-09-21,904.5,909.7800293,904.5,907.94000244,403435000,1600653600
2020-09-22,905.90002441,909.69000244,902.4699707,906.19000244,401408000,1600740000
2020-09-23,908.9699707,913.52001953,908.9699707,912.5,392507000,1600826400
2020-09-24,910.5300293,914.51000977,907.32000732,908.58001709,398464000,1600912800
2020-09-25,910.7800293,911.29998779,905.55999756,908.27001953,361232000,1600999200
2020-09-28,911.20001221,913.59997559,910.03997803,912.5,420240000,1601258400
2020-09-29,916.63000488,917.48999023,903.97998047,903.97998047,465359000,1601344800
2020-09-30,904.34002686,907.0,900.44000244,905.21002197,340686000,1601431200
2020-10-01,910.13000488,914.09002686,909.13000488,914.09002686,352449000,1601517600
2020-10-02,914.09002686,916.66998291,897.7199707,909.90997314,527158000,1601604000
2020-10-05,913.77001953,915.54998779,910.96002197,914.67999268,456101000,1601863200
2020-10-06,918.10998535,918.92999268,912.77001953,915.66998291,496132000,1601949600
2020-10-07,913.61999512,923.57000732,912.69000244,919.7199707,523961000,1602036000
2020-10-08,922.08001709,922.08001709,913.89001465,918.84002686,470304000,1602122400
2020-10-09,919.47998047,924.0,917.70001221,924.0,388133000,1602208800
2020-10-12,930.7800293,933.13000488,923.2800293,925.83001709,457229000,1602468000
2020-10-13,926.76000977,930.96002197,923.7800293,929.85998535,359015000,1602554400
2020-10-14,931.89001465,940.17999268,931.89001465,940.17999268,474921000,1602640800
2020-10-15,945.2800293,945.92999268,938.70001221,942.76000977,470505000,1602727200
2020-10-16,944.0300293,946.22998047,935.97998047,943.29998779,443330000,1602813600
2020-10-19,945.01000977,946.28997803,941.91998291,943.69000244,389468000,1603072800
2020-10-20,941.0,944.53997803,937.32000732,944.41998291,444328000,1603159200
2020-10-21,947.15997314,948.20001221,939.0,939.0300293,412650000,1603245600
2020-10-22,938.05999756,949.90002441,933.7800293,949.90002441,365115000,1603332000
2020-10-23,953.45001221,961.26000977,953.14001465,961.26000977,452492000,1603418400
2020-10-26,967.52001953,970.15002441,950.79998779,950.79998779,428249000,1603677600
2020-10-27,950.79998779,954.7199707,946.2800293,946.4699707,455852000,1603764000
2020-10-28,942.82000732,946.90997314,921.04998779,921.04998779,456058000,1603850400
2020-10-29,916.48999023,925.84002686,914.33001709,919.08001709,436133000,1603936800
2020-10-30,925.40997314,926.32000732,911.20001221,925.4699707,312753000,1604023200
2020-11-02,926.09002686,933.67999268,924.14001465,933.67999268,297601000,1604282400
2020-11-03,936.72998047,937.57000732,932.17999268,935.40997314,318702000,1604368800
2020-11-04,935.40997314,943.55999756,933.85998535,939.76000977,350872000,1604455200
2020-11-05,940.32000732,945.51000977,937.75,937.75,304333000,1604541600
2020-11-06,939.72998047,941.20001221,934.63000488,938.28997803,268232000,1604628000
2020-11-09,942.15002441,951.98999023,942.15002441,951.98999023,393195000,1604887200
2020-11-10,962.67999268,963.4699707,951.90002441,951.90002441,456747000,1604973600
2020-11-11,954.46002197,956.65002441,947.60998535,952.2199707,376514000,1605060000
2020-11-12,953.9699707,959.2800293,953.61999512,959.2800293,343912000,1605146400
2020-11-13,959.55999756,966.28997803,959.13000488,966.28997803,457829000,1605232800
2020-11-16,970.10998535,972.97998047,950.5,950.78997803,518930000,1605492000
2020-11-17,955.52001953,968.90002441,953.2199707,968.90002441,400955000,1605578400
2020-11-18,969.47998047,974.29998779,966.32000732,973.5300293,478682000,1605664800
2020-11-19,975.32000732,983.26000977,974.33001709,983.26000977,500119000,1605751200
2020-11-20,984.71002197,990.0,980.7199707,990.0,501052000,1605837600
2020-11-23,991.86999512,995.90002441,985.38000488,994.19000244,489690000,1606096800
2020-11-24,996.54998779,997.98999023,984.91998291,995.76000977,550068000,1606183200
2020-11-25,1000.39001465,1002.30999756,996.79998779,999.94000244,475737000,1606269600
2020-11-26,999.23999023,1005.9699707,994.90997314,1005.9699707,493558000,1606356000
2020-11-27,1006.67999268,1010.2199707,1004.0,1010.2199707,446435000,1606442400
2020-11-30,1011.82000732,1012.5,1002.60998535,1003.08001709,532930000,1606701600
2020-12-01,988.71002197,1008.86999512,988.71002197,1008.86999512,583308000,1606788000
2020-12-02,1008.77001953,1015.85998535,1007.90997314,1014.32000732,684525000,1606874400
2020-12-03,1016.72998047,1020.34997559,1014.05999756,1019.79998779,518905000,1606960800
2020-12-04,1019.79998779,1025.17004395,1018.66998291,1021.48999023,553590000,1607047200
2020-12-07,1024.33996582,1030.41003418,1022.14001465,1029.97998047,520339000,1607306400
2020-12-08,1029.97998047,1032.57995605,1025.63000488,1029.26000977,527667000,1607392800
2020-12-09,1029.26000977,1039.55004883,1029.26000977,1039.13000488,586052000,1607479200
2020-12-10,1041.65002441,1044.09997559,1030.91003418,1030.91003418,626452000,1607565600
2020-12-11,1033.18994141,1045.95996094,1030.06005859,1045.95996094,463771000,1607652000
2020-12-14,1048.9699707,1064.08996582,1048.9699707,1064.08996582,583589000,1607911200
2020-12-15,1062.02001953,1067.44995117,1052.01000977,1055.27001953,675180000,1607997600
2020-12-16,1058.33996582,1066.98999023,1057.20996094,1066.98999023,591566000,1608084000
2020-12-17,1065.84997559,1065.84997559,1051.42004395,1051.77001953,667888000,1608170400
2020-12-18,1055.75,1068.56005859,1055.75,1067.45996094,623638000,1608256800
2020-12-21,1071.61999512,1081.59997559,1070.85998535,1081.07995605,713662000,1608516000
2020-12-22,1081.84997559,1084.22998047,1077.06005859,1083.44995117,756114000,1608602400
2020-12-23,1087.89001465,1094.08996582,1077.92004395,1078.90002441,813170000,1608688800
2020-12-24,1083.82995605,1084.76000977,1046.89001465,1067.52001953,757319000,1608775200
2020-12-25,1068.82995605,1084.42004395,1061.82995605,1084.42004395,652809000,1608861600
2020-12-28,1094.36999512,1096.10998535,1083.90002441,1091.32995605,723883000,1609120800
2020-12-29,1090.48999023,1102.79003906,1087.93005371,1099.48999023,678818000,1609207200
2020-12-30,1099.7800293,1108.82995605,1094.91003418,1097.54003906,676979000,1609293600
2020-12-31,1098.25,1105.32995605,1096.27001953,1103.86999512,527819000,1609380000
2021-01-04,1113.77001953,1126.43005371,1113.58996582,1120.4699707,764036000,1609725600
2021-01-05,1116.95996094,1134.44995117,1116.48999023,1132.55004883,763428000,1609812000
2021-01-06,1139.11999512,1152.84997559,1133.69995117,1143.20996094,790452000,1609898400
2021-01-07,1147.26000977,1156.48999023,1143.43994141,1156.48999023,763740000,1609984800
2021-01-08,1164.09997559,1176.32995605,1160.47998047,1167.68994141,808314000,1610071200
2021-01-11,1176.4699707,1186.44995117,1175.0,1184.89001465,845852000,1610330400
2021-01-12,1190.38000488,1192.2800293,1179.23999023,1192.2800293,719935000,1610416800
2021-01-13,1197.31994629,1200.81994629,1183.18005371,1186.05004883,819292000,1610503200
2021-01-14,1189.47998047,1190.5,1178.83996582,1187.40002441,779343000,1610589600
2021-01-15,1188.83996582,1197.73999023,1188.83996582,1194.19995117,783113000,1610676000
2021-01-18,1198.79003906,1200.84997559,1190.32995605,1191.93994141,747415000,1610935200
2021-01-19,1189.91003418,1189.91003418,1117.17004395,1131.0,986187000,1611021600
2021-01-20,1136.5,1142.47998047,1098.05004883,1134.68005371,839301000,1611108000
2021-01-21,1146.85998535,1164.20996094,1132.66003418,1164.20996094,721920000,1611194400
2021-01-22,1166.77001953,1175.7199707,1161.43005371,1166.7800293,758316000,1611280800
2021-01-25,1164.19995117,1172.18005371,1162.80004883,1166.05004883,707236000,1611540000
2021-01-26,1164.9699707,1164.9699707,1121.0300293,1136.11999512,782271000,1611626400
2021-01-27,1122.41003418,1132.98999023,1088.85998535,1097.17004395,785703000,1611712800
2021-01-28,1041.70996094,1052.16003418,1022.77001953,1023.94000244,767874000,1611799200
2021-01-29,998.33001709,1076.10998535,998.33001709,1056.60998535,797386000,1611885600
2021-02-01,1056.60998535,1074.52001953,1035.51000977,1035.51000977,634334000,1612144800
2021-02-02,1036.94995117,1075.5300293,1029.35998535,1075.5300293,602616000,1612231200
2021-02-03,1084.86999512,1113.23999023,1082.94995117,1111.29003906,703175000,1612317600
2021-02-04,1112.9699707,1117.88000488,1098.84997559,1112.18994141,523406000,1612404000
2021-02-05,1114.79003906,1126.91003418,1112.18994141,1126.91003418,529870000,1612490400
2021-02-08,1127.06005859,1127.06005859,1075.09997559,1083.18005371,696600000,1612749600
2021-02-09,1090.88000488,1114.93005371,1078.97998047,1114.93005371,519814000,1612836000
2021-02-17,1127.45996094,1155.7800293,1127.45996094,1155.7800293,568032000,1613527200
2021-02-18,1157.09997559,1174.38000488,1148.66003418,1174.38000488,614819000,1613613600
2021-02-19,1160.65002441,1178.18005371,1157.59997559,1173.5,578283000,1613700000
2021-02-22,1173.56994629,1182.67004395,1169.11999512,1175.04003906,630037000,1613959200
2021-02-23,1174.56994629,1184.31994629,1168.31994629,1177.64001465,598267000,1614045600
2021-02-24,1184.31994629,1185.57995605,1154.35998535,1162.01000977,602996000,1614132000
2021-02-25,1169.9699707,1169.9699707,1155.73999023,1165.43005371,510432000,1614218400
2021-02-26,1148.88000488,1169.2800293,1148.88000488,1168.4699707,554463000,1614304800
2021-03-01,1176.93005371,1186.81994629,1174.44995117,1186.17004395,643381000,1614564000
2021-03-02,1196.16003418,1196.16003418,1181.98999023,1186.60998535,577005000,1614650400
2021-03-03,1184.72998047,1189.18005371,1180.25,1186.94995117,631672000,1614736800
2021-03-04,1191.7800293,1191.90002441,1159.47998047,1168.52001953,673450000,1614823200
2021-03-05,1164.18994141,1169.56005859,1155.59997559,1168.68994141,594835000,1614909600
2021-03-08,1180.32995605,1181.25,1164.02001953,1168.27001953,652703000,1615168800
2021-03-09,1160.95996094,1166.42004395,1150.93994141,1161.9699707,641434000,1615255200
2021-03-10,1163.85998535,1170.58996582,1154.89001465,1170.07995605,723922000,1615341600
2021-03-11,1170.07995605,1183.72998047,1170.07995605,1181.72998047,629101000,1615428000
2021-03-12,1185.20996094,1186.52001953,1178.14001465,1181.56005859,624705000,1615514400
2021-03-15,1183.89001465,1186.06005859,1178.80004883,1184.56005859,676964000,1615773600
2021-03-16,1184.91003418,1184.91003418,1171.76000977,1179.90002441,683854000,1615860000
2021-03-17,1178.64001465,1186.08996582,1176.26000977,1186.08996582,701092000,1615946400
2021-03-18,1196.59997559,1200.93994141,1191.93994141,1200.93994141,628635000,1616032800
2021-03-19,1195.4699707,1199.67004395,1191.95996094,1194.05004883,680901000,1616119200
2021-03-22,1200.05004883,1200.20996094,1189.31005859,1194.43005371,700869000,1616378400
2021-03-23,1190.2800293,1191.4699707,1177.09997559,1183.44995117,683720000,1616464800
2021-03-24,1169.42004395,1174.19995117,1154.2199707,1161.81005859,750477000,1616551200
2021-03-25,1164.41003418,1170.76000977,1154.43994141,1163.09997559,690730000,1616637600
2021-03-26,1162.70996094,1165.76000977,1137.90002441,1162.20996094,670464000,1616724000
2021-03-29,1169.65002441,1175.77001953,1165.7800293,1175.68005371,660950000,1616983200
2021-03-30,1179.64001465,1187.29003906,1172.84997559,1186.35998535,780731000,1617069600
2021-03-31,1186.35998535,1196.44995117,1186.35998535,1191.43994141,703083000,1617156000
2021-04-01,1194.58996582,1217.26000977,1192.82995605,1216.09997559,672835000,1617242400
2021-04-02,1225.76000977,1228.29003906,1221.06994629,1224.44995117,661889000,1617328800
2021-04-05,1245.2800293,1245.2800293,1228.18005371,1236.05004883,693036000,1617588000
2021-04-06,1233.36999512,1244.63000488,1231.14001465,1239.95996094,694064000,1617674400
2021-04-07,1237.39001465,1242.38000488,1232.52001953,1242.38000488,727816000,1617760800
2021-04-08,1242.38000488,1246.40002441,1232.26000977,1234.89001465,664508000,1617847200
2021-04-09,1231.51000977,1234.97998047,1227.59997559,1231.66003418,732818000,1617933600
2021-04-12,1236.79003906,1252.44995117,1232.34997559,1252.44995117,890313000,1618192800
2021-04-13,1262.43994141,1268.02001953,1247.66003418,1248.32995605,1027085000,1618279200
2021-04-14,1240.90002441,1255.86999512,1233.01000977,1255.86999512,861955000,1618365600
2021-04-15,1262.25,1265.86999512,1247.25,1247.25,806491000,1618452000
2021-04-16,1245.06005859,1254.60998535,1227.14001465,1238.70996094,986878000,1618538400
2021-04-19,1243.57995605,1260.57995605,1233.77001953,1260.57995605,817130000,1618797600
2021-04-20,1267.73999023,1286.31994629,1261.2800293,1268.2800293,843602000,1618884000
2021-04-22,1264.31005859,1271.97998047,1227.81994629,1227.81994629,770373000,1619056800
2021-04-23,1227.18005371,1248.5300293,1216.15002441,1248.5300293,716519000,1619143200
2021-04-26,1251.25,1251.25,1214.14001465,1215.77001953,744945000,1619402400
2021-04-27,1213.83996582,1220.95996094,1204.14001465,1219.75,618170000,1619488800
2021-04-28,1220.26000977,1230.91003418,1217.48999023,1229.55004883,612697000,1619575200
2021-04-29,1234.91003418,1239.39001465,1231.25,1239.39001465,647160000,1619661600
2021-05-04,1222.07995605,1242.80004883,1212.56005859,1242.19995117,798494000,1620093600
2021-05-05,1244.68994141,1265.93005371,1244.68994141,1256.43005371,744428000,1620180000
2021-05-06,1255.42004395,1261.48999023,1246.64001465,1250.56994629,730504000,1620266400
2021-05-07,1245.47998047,1250.5,1231.92004395,1241.81005859,783041000,1620352800
2021-05-10,1239.95996094,1259.57995605,1236.84997559,1259.57995605,773056000,1620612000
2021-05-11,1265.10998535,1272.55004883,1256.04003906,1256.04003906,770094000,1620698400
2021-05-12,1251.9699707,1269.08996582,1249.18005371,1269.08996582,700672000,1620784800
2021-05-13,1262.97998047,1273.48999023,1261.98999023,1261.98999023,711521000,1620871200
2021-05-14,1266.43005371,1271.44995117,1259.9699707,1266.35998535,730986000,1620957600
2021-05-17,1272.55004883,1277.82995605,1258.5,1258.69995117,758292000,1621216800
2021-05-18,1259.56994629,1262.2199707,1249.02001953,1252.68005371,692481000,1621303200
2021-05-19,1254.7800293,1262.70996094,1250.57995605,1262.48999023,694352000,1621389600
2021-05-20,1264.61999512,1278.2199707,1255.7800293,1278.2199707,745212000,1621476000
2021-05-21,1272.83996582,1289.0300293,1268.45996094,1283.93005371,698930000,1621562400
2021-05-24,1287.5,1299.82995605,1287.35998535,1297.97998047,715509000,1621821600
2021-05-25,1299.18994141,1308.57995605,1297.22998047,1308.57995605,679063000,1621908000
2021-05-26,1308.04003906,1317.30004883,1304.68005371,1316.69995117,713069000,1621994400
2021-05-27,1318.42004395,1319.67004395,1299.98999023,1303.56994629,732998000,1622080800
2021-05-28,1307.79003906,1323.08996582,1300.06005859,1320.45996094,768850000,1622167200
2021-05-31,1326.65002441,1328.05004883,1307.56005859,1328.05004883,737175000,1622426400
2021-06-01,1329.4699707,1346.33996582,1328.83996582,1337.7800293,629421000,1622512800
2021-06-02,1337.7800293,1344.97998047,1330.81994629,1340.7800293,805242000,1622599200
2021-06-03,1345.20996094,1366.0,1345.20996094,1364.2800293,898882000,1622685600
2021-06-04,1367.06005859,1374.05004883,1360.42004395,1374.05004883,943329000,1622772000
2021-06-07,1374.58996582,1375.73999023,1347.20996094,1358.7800293,876693000,1623031200
2021-06-08,1355.35998535,1364.47998047,1318.10998535,1319.88000488,924506000,1623117600
2021-06-09,1323.52001953,1339.14001465,1312.07995605,1332.90002441,822293000,1623204000
2021-06-10,1332.90002441,1336.70996094,1317.48999023,1323.57995605,723488000,1623290400
2021-06-11,1326.79003906,1352.4699707,1322.07995605,1351.73999023,731262000,1623376800
2021-06-14,1352.72998047,1368.5300293,1352.72998047,1361.7199707,775725000,1623636000
2021-06-15,1361.57995605,1372.7199707,1356.58996582,1367.35998535,730942000,1623722400
2021-06-16,1363.84997559,1370.14001465,1350.72998047,1356.52001953,769634000,1623808800
2021-06-17,1341.06005859,1364.55004883,1337.48999023,1359.92004395,768730000,1623895200
2021-06-18,1366.18994141,1377.77001953,1363.52001953,1377.77001953,809466000,1623981600
2021-06-21,1373.58996582,1381.73999023,1367.84997559,1372.63000488,768183000,1624240800
2021-06-22,1380.83996582,1385.97998047,1375.0,1379.9699707,746948000,1624327200
2021-06-23,1383.15002441,1388.32995605,1372.06005859,1376.86999512,710771000,1624413600
2021-06-24,1376.86999512,1384.70996094,1372.98999023,1379.7199707,591749000,1624500000
2021-06-25,1382.10998535,1390.11999512,1372.80004883,1390.11999512,598106000,1624586400
2021-06-28,1397.95996094,1406.02001953,1390.56005859,1405.81005859,699512000,1624845600
2021-06-29,1408.33996582,1416.33996582,1406.86999512,1410.04003906,647389000,1624932000
2021-06-30,1410.82995605,1419.60998535,1408.18005371,1408.55004883,595286000,1625018400
2021-07-01,1412.15002441,1417.27001953,1402.18005371,1417.07995605,753564000,1625104800
2021-07-02,1422.89001465,1424.2800293,1415.81994629,1420.27001953,706827000,1625191200
2021-07-05,1420.27001953,1421.52001953,1394.11999512,1411.13000488,774452000,1625450400
2021-07-06,1411.13000488,1418.98999023,1354.79003906,1354.79003906,773512000,1625536800
2021-07-07,1354.79003906,1388.55004883,1334.57995605,1388.55004883,733801000,1625623200
2021-07-08,1388.55004883,1388.55004883,1363.92004395,1374.68005371,528832000,1625709600
2021-07-09,1374.68005371,1374.68005371,1335.90002441,1347.14001465,713991000,1625796000
2021-07-12,1347.14001465,1347.14001465,1270.06005859,1296.30004883,912737000,1626055200
2021-07-13,1296.30004883,1307.72998047,1278.30004883,1297.54003906,500178000,1626141600
2021-07-14,1297.54003906,1305.36999512,1264.68005371,1279.91003418,547973000,1626228000
2021-07-15,1279.91003418,1299.18005371,1270.77001953,1293.92004395,419138000,1626314400
2021-07-16,1293.92004395,1304.36999512,1293.92004395,1299.31005859,415121000,1626400800
2021-07-19,1299.31005859,1299.31005859,1237.79003906,1243.51000977,731023000,1626660000
2021-07-20,1243.51000977,1273.29003906,1225.52001953,1273.29003906,568602000,1626746400
2021-07-21,1273.29003906,1284.32995605,1266.70996094,1270.79003906,451952000,1626832800
2021-07-22,1270.79003906,1294.16003418,1266.54003906,1293.67004395,536412000,1626919200
2021-07-23,1293.67004395,1295.63000488,1268.82995605,1268.82995605,582254000,1627005600
2021-07-26,1268.82995605,1277.32995605,1254.56994629,1272.70996094,508547000,1627264800
2021-07-27,1272.70996094,1288.34997559,1272.70996094,1276.93005371,566746000,1627351200
2021-07-28,1276.93005371,1281.17004395,1271.7800293,1277.06994629,406887000,1627437600
2021-07-29,1277.06994629,1293.59997559,1277.06994629,1293.59997559,491061000,1627524000
2021-07-30,1293.59997559,1311.9699707,1293.59997559,1310.05004883,644438000,1627610400
2021-08-02,1310.05004883,1322.34997559,1304.48999023,1314.2199707,614534000,1627869600
2021-08-03,1314.2199707,1332.43994141,1314.2199707,1332.43994141,647013000,1627956000
2021-08-04,1332.43994141,1340.76000977,1328.40002441,1334.73999023,661800000,1628042400
2021-08-05,1334.73999023,1346.61999512,1326.80004883,1345.55004883,635468000,1628128800
2021-08-06,1345.55004883,1351.84997559,1341.44995117,1341.44995117,736161000,1628215200
2021-08-09,1341.44995117,1361.11999512,1334.68994141,1359.85998535,688433000,1628474400
2021-08-10,1359.85998535,1370.34997559,1358.11999512,1362.43005371,716535000,1628560800
2021-08-11,1362.43005371,1374.0300293,1357.79003906,1357.79003906,806773000,1628647200
2021-08-12,1357.79003906,1365.01000977,1353.05004883,1353.05004883,741564000,1628733600
2021-08-13,1353.05004883,1357.41003418,1336.73999023,1357.05004883,744147000,1628820000
2021-08-16,1357.05004883,1372.32995605,1357.05004883,1370.95996094,827714000,1629079200
2021-08-17,1370.95996094,1379.69995117,1359.10998535,1363.08996582,768611000,1629165600
2021-08-18,1363.08996582,1370.5,1355.82995605,1360.93994141,689777000,1629252000
2021-08-19,1360.93994141,1374.84997559,1352.93994141,1374.84997559,728173000,1629338400
2021-08-20,1374.84997559,1374.84997559,1317.52001953,1329.43005371,1206468000,1629424800
2021-08-23,1329.43005371,1329.43005371,1298.85998535,1298.85998535,795069000,1629684000
2021-08-24,1298.85998535,1307.56005859,1289.16003418,1298.73999023,714266000,1629770400
2021-08-25,1298.73999023,1310.16003418,1291.69995117,1309.55004883,522873000,1629856800
2021-08-26,1309.55004883,1316.26000977,1295.77001953,1301.11999512,524292000,1629943200
2021-08-27,1301.11999512,1313.19995117,1285.16003418,1313.19995117,685056000,1630029600
2021-08-30,1313.19995117,1329.61999512,1313.19995117,1328.14001465,676541000,1630288800
2021-08-31,1328.14001465,1336.14001465,1325.68994141,1331.4699707,733825000,1630375200
2021-09-01,1331.4699707,1338.02001953,1328.13000488,1334.65002441,719956000,1630461600
2021-09-06,1334.65002441,1348.35998535,1334.65002441,1346.39001465,944405000,1630893600
2021-09-07,1346.39001465,1353.66003418,1340.31994629,1341.90002441,869379000,1630980000
2021-09-08,1341.90002441,1344.48999023,1328.34997559,1333.60998535,626075000,1631066400
2021-09-09,1333.60998535,1345.58996582,1332.67004395,1343.97998047,642567000,1631152800
2021-09-10,1343.97998047,1350.43005371,1343.97998047,1345.31005859,598725000,1631239200
2021-09-13,1345.31005859,1350.68994141,1340.5,1341.43005371,775469000,1631498400
2021-09-14,1341.43005371,1349.13000488,1336.83996582,1339.69995117,730453000,1631584800
2021-09-15,1339.69995117,1347.69995117,1334.9699707,1345.82995605,692093000,1631671200
2021-09-16,1345.82995605,1353.11999512,1341.22998047,1345.86999512,599771000,1631757600
2021-09-17,1345.86999512,1356.44995117,1345.86999512,1352.64001465,852781000,1631844000
2021-09-20,1352.64001465,1365.92004395,1349.18005371,1350.47998047,895455000,1632103200
2021-09-21,1350.47998047,1350.47998047,1324.81994629,1339.83996582,859676000,1632189600
2021-09-22,1339.83996582,1350.70996094,1336.63000488,1350.68005371,779652000,1632276000
2021-09-23,1350.68005371,1361.08996582,1350.43005371,1352.76000977,997614000,1632362400
2021-09-24,1352.76000977,1356.9699707,1348.06994629,1351.17004395,673104000,1632448800
2021-09-27,1351.17004395,1354.38000488,1324.98999023,1324.98999023,778442000,1632708000
2021-09-28,1324.98999023,1341.81005859,1316.41003418,1339.31005859,623510000,1632794400
2021-09-29,1339.31005859,1340.90002441,1328.17004395,1339.20996094,598501000,1632880800
2021-09-30,1339.20996094,1348.89001465,1339.20996094,1342.06005859,438294000,1632967200
2021-10-01,1342.06005859,1344.06005859,1332.9699707,1334.89001465,738174000,1633053600
2021-10-04,1334.89001465,1347.48999023,1333.5300293,1339.54003906,736080000,1633312800
2021-10-05,1339.54003906,1354.63000488,1339.54003906,1354.63000488,636267000,1633399200
2021-10-06,1354.63000488,1362.81994629,1354.63000488,1362.81994629,636998000,1633485600
2021-10-07,1362.81994629,1367.64001465,1360.56994629,1365.98999023,693029000,1633572000
2021-10-08,1365.98999023,1373.18005371,1365.93005371,1372.72998047,632859000,1633658400
2021-10-11,1372.72998047,1394.64001465,1372.72998047,1394.08996582,764352000,1633917600
2021-10-12,1394.08996582,1400.7800293,1389.43005371,1394.80004883,742805000,1634004000
2021-10-13,1394.80004883,1400.67004395,1389.60998535,1391.91003418,645349000,1634090400
2021-10-14,1391.91003418,1398.67004395,1388.89001465,1391.84997559,725511000,1634176800
2021-10-15,1391.84997559,1399.0300293,1388.0,1392.69995117,784555000,1634263200
2021-10-18,1392.69995117,1402.63000488,1390.88000488,1395.5300293,795915000,1634522400
2021-10-19,1395.5300293,1399.66003418,1388.94995117,1395.32995605,639435000,1634608800
2021-10-20,1395.32995605,1401.76000977,1376.15002441,1393.80004883,845891000,1634695200
2021-10-21,1393.80004883,1398.44995117,1384.77001953,1384.77001953,709067000,1634781600
2021-10-22,1384.77001953,1393.69995117,1384.77001953,1389.23999023,798130000,1634868000
2021-10-25,1389.23999023,1395.7199707,1385.40002441,1385.40002441,899257000,1635127200
2021-10-26,1385.40002441,1393.0300293,1377.56005859,1391.63000488,747953000,1635213600
2021-10-27,1391.63000488,1423.02001953,1391.63000488,1423.02001953,936216000,1635300000
2021-10-28,1423.02001953,1440.64001465,1420.42004395,1438.01000977,865428000,1635386400
2021-10-29,1438.01000977,1447.61999512,1432.18994141,1444.27001953,982013000,1635472800
2021-11-01,1444.27001953,1451.81005859,1435.56994629,1438.9699707,1132356000,1635732000
2021-11-02,1438.9699707,1452.45996094,1438.82995605,1452.45996094,1009458000,1635818400
2021-11-03,1452.45996094,1463.63000488,1440.67004395,1444.30004883,1505103000,1635904800
2021-11-04,1444.30004883,1451.97998047,1435.83996582,1448.33996582,929527000,1635991200
2021-11-05,1448.33996582,1459.93005371,1444.51000977,1456.51000977,874071000,1636077600
2021-11-08,1456.51000977,1470.48999023,1456.51000977,1467.56994629,1075457000,1636336800
2021-11-09,1467.56994629,1474.19995117,1457.56994629,1461.5,1030269000,1636423200
2021-11-10,1461.5,1470.18994141,1457.97998047,1465.02001953,985538000,1636509600
2021-11-11,1465.02001953,1472.89001465,1449.18005371,1462.34997559,1265480000,1636596000
2021-11-12,1462.34997559,1474.97998047,1453.2199707,1473.36999512,955627000,1636682400
2021-11-15,1473.36999512,1481.95996094,1466.01000977,1476.56994629,1174091000,1636941600
2021-11-16,1476.56994629,1476.9699707,1459.07995605,1466.44995117,1223765000,1637028000
2021-11-17,1466.44995117,1477.04003906,1464.7800293,1475.84997559,860800000,1637114400
2021-11-18,1475.84997559,1482.86999512,1469.82995605,1469.82995605,1090650000,1637200800
2021-11-19,1469.82995605,1481.5300293,1434.68994141,1452.34997559,1522741000,1637287200
2021-11-22,1452.34997559,1466.45996094,1442.84997559,1447.25,1269016000,1637546400
2021-11-23,1447.25,1463.63000488,1438.41003418,1463.63000488,880068000,1637632800
2021-11-24,1463.63000488,1491.05004883,1463.63000488,1488.86999512,1116908000,1637719200
2021-11-25,1488.86999512,1505.35998535,1488.86999512,1500.81005859,1014179000,1637805600
2021-11-26,1500.81005859,1511.68005371,1488.82995605,1493.0300293,1060467000,1637892000
2021-11-29,1493.0300293,1493.0300293,1464.82995605,1484.83996582,1012517000,1638151200
2021-11-30,1484.83996582,1503.08996582,1471.56994629,1478.43994141,1084948000,1638237600
2021-12-01,1478.43994141,1487.68005371,1471.30004883,1485.18994141,876732000,1638324000
2021-12-02,1485.18994141,1493.83996582,1482.05004883,1482.05004883,763955000,1638410400
2021-12-03,1482.05004883,1491.19995117,1443.31994629,1443.31994629,1096303000,1638496800
2021-12-06,1443.31994629,1452.55004883,1400.86999512,1413.57995605,1038157000,1638756000
2021-12-07,1413.57995605,1446.77001953,1413.57995605,1446.77001953,755905000,1638842400
2021-12-08,1446.77001953,1460.2800293,1446.77001953,1452.86999512,771027000,1638928800
2021-12-09,1452.86999512,1467.97998047,1446.88000488,1467.97998047,665456000,1639015200
2021-12-10,1467.97998047,1475.84997559,1461.7800293,1463.54003906,798294000,1639101600
2021-12-13,1463.54003906,1481.69995117,1463.54003906,1476.20996094,865576000,1639360800
2021-12-14,1476.20996094,1485.14001465,1469.20996094,1476.02001953,964113000,1639447200
2021-12-15,1476.02001953,1481.67004395,1468.20996094,1475.5,906078000,1639533600
2021-12-16,1475.5,1482.31994629,1468.94995117,1476.60998535,927544000,1639620000
2021-12-17,1476.60998535,1487.72998047,1476.60998535,1479.79003906,1114655000,1639706400
2021-12-20,1479.79003906,1483.84997559,1468.88000488,1477.32995605,963352000,1639965600
2021-12-21,1477.32995605,1486.08996582,1472.43005371,1478.73999023,902843000,1640052000
2021-12-22,1478.73999023,1489.23999023,1471.83996582,1477.67004395,1069405000,1640138400
2021-12-23,1477.67004395,1481.20996094,1447.14001465,1456.95996094,1360821000,1640224800
2021-12-24,1456.95996094,1478.80004883,1456.31994629,1477.0300293,889478000,1640311200
2021-12-27,1477.0300293,1490.11999512,1469.91003418,1488.88000488,752108000,1640570400
2021-12-28,1488.88000488,1499.77001953,1483.9699707,1494.39001465,1002235000,1640656800
2021-12-29,1494.39001465,1498.91003418,1485.81994629,1485.81994629,843880000,1640743200
2021-12-30,1490.95996094,1493.38000488,1484.81994629,1485.9699707,747861000,1640829600
2021-12-31,1485.9699707,1499.06994629,1485.9699707,1498.2800293,875730000,1640916000
2022-01-04,1508.55004883,1526.68994141,1507.18994141,1525.57995605,891297000,1641261600
2022-01-05,1525.57995605,1535.81994629,1522.5,1522.5,1058452000,1641348000
2022-01-06,1522.5,1536.23999023,1518.18005371,1528.56994629,1133723000,1641434400
2022-01-07,1534.09997559,1534.52001953,1524.95996094,1528.47998047,1027120000,1641520800
2022-01-10,1528.47998047,1536.44995117,1503.70996094,1503.70996094,1381116000,1641780000
2022-01-11,1503.70996094,1512.05004883,1488.40002441,1492.31005859,1251472000,1641866400
2022-01-12,1489.10998535,1510.51000977,1464.48999023,1510.51000977,1130819000,1641952800
2022-01-13,1510.51000977,1522.59997559,1495.13000488,1496.05004883,995818000,1642039200
2022-01-14,1496.05004883,1503.25,1476.68005371,1496.02001953,785613000,1642125600
2022-01-17,1496.02001953,1503.85998535,1452.83996582,1452.83996582,987100000,1642384800
2022-01-18,1452.83996582,1452.83996582,1424.65002441,1438.93994141,739292000,1642471200
2022-01-19,1438.93994141,1449.10998535,1434.45996094,1442.79003906,637631000,1642557600
2022-01-20,1442.79003906,1469.07995605,1432.57995605,1465.30004883,785762000,1642644000
2022-01-21,1465.30004883,1477.22998047,1463.06005859,1472.89001465,811346000,1642730400
2022-01-24,1472.89001465,1472.89001465,1432.18005371,1439.70996094,828130000,1642989600
2022-01-25,1439.70996094,1479.57995605,1424.35998535,1479.57995605,751388000,1643076000
2022-01-26,1479.57995605,1490.44995117,1478.41003418,1481.57995605,813176000,1643162400
2022-01-27,1481.57995605,1486.39001465,1464.06005859,1470.76000977,564596000,1643248800
2022-01-28,1470.76000977,1484.47998047,1465.2199707,1478.95996094,702682000,1643335200
2022-02-07,1478.95996094,1505.68994141,1478.95996094,1497.66003418,578172000,1644199200
2022-02-08,1497.66003418,1503.32995605,1491.7800293,1500.98999023,734761000,1644285600
2022-02-09,1500.98999023,1511.7199707,1499.5300293,1505.38000488,794738000,1644372000
2022-02-10,1510.66003418,1512.88000488,1495.69995117,1506.79003906,680250000,1644458400
2022-02-11,1506.79003906,1508.54003906,1499.06005859,1501.70996094,636284000,1644544800
2022-02-14,1501.70996094,1501.70996094,1471.95996094,1471.95996094,810716000,1644804000
2022-02-15,1471.95996094,1495.56005859,1470.06005859,1492.75,606423000,1644890400
2022-02-16,1492.75,1499.5,1486.68005371,1492.09997559,702522000,1644976800
2022-02-17,1492.09997559,1507.98999023,1492.09997559,1507.98999023,615794000,1645063200
2022-02-18,1507.98999023,1507.98999023,1492.38000488,1504.83996582,697546000,1645149600
2022-02-21,1504.83996582,1516.63000488,1500.9699707,1510.83996582,791919000,1645408800
2022-02-22,1510.83996582,1510.83996582,1484.81005859,1503.4699707,908054000,1645495200
2022-02-23,1503.4699707,1520.7800293,1503.4699707,1512.30004883,694654000,1645581600
2022-02-24,1512.30004883,1513.25,1473.76000977,1494.84997559,1159943000,1645668000
2022-02-25,1494.84997559,1512.05004883,1494.84997559,1498.89001465,768010000,1645754400
2022-02-28,1498.89001465,1502.35998535,1487.56994629,1490.13000488,729794000,1646013600
2022-03-01,1490.13000488,1501.72998047,1490.13000488,1498.7800293,842432000,1646100000
2022-03-02,1499.36999512,1500.41003418,1479.55004883,1485.52001953,941554000,1646186400
2022-03-03,1485.52001953,1505.0,1485.52001953,1505.0,929212000,1646272800
2022-03-04,1505.0,1509.18994141,1501.39001465,1505.32995605,928921000,1646359200
2022-03-07,1505.32995605,1505.32995605,1493.86999512,1499.05004883,981721000,1646618400
2022-03-08,1499.05004883,1499.05004883,1473.70996094,1473.70996094,1037518000,1646704800
2022-03-09,1473.70996094,1482.85998535,1462.80004883,1473.73999023,930301000,1646791200
2022-03-10,1473.73999023,1488.58996582,1473.73999023,1479.07995605,649940000,1646877600
2022-03-11,1479.07995605,1480.29003906,1458.88000488,1466.54003906,878192000,1646964000
2022-03-14,1466.54003906,1466.54003906,1439.18994141,1446.25,858565000,1647223200
2022-03-15,1446.25,1453.06994629,1437.27001953,1452.73999023,675628000,1647309600
2022-03-16,1452.73999023,1462.97998047,1452.73999023,1459.32995605,624218000,1647396000
2022-03-17,1459.32995605,1467.73999023,1459.14001465,1461.33996582,717437000,1647482400
2022-03-18,1461.33996582,1474.85998535,1461.33996582,1469.09997559,795725000,1647568800
2022-03-21,1474.7800293,1494.94995117,1474.38000488,1494.94995117,792157000,1647828000
2022-03-22,1494.94995117,1507.70996094,1494.94995117,1503.7800293,947697000,1647914400
2022-03-23,1503.7800293,1513.90002441,1501.67004395,1502.33996582,861130000,1648000800
2022-03-24,1502.33996582,1505.39001465,1495.18005371,1498.26000977,784913000,1648087200
2022-03-25,1500.17004395,1503.29003906,1494.55004883,1498.5,768936000,1648173600
2022-03-28,1498.5,1498.5,1473.80004883,1483.18005371,1065488000,1648432800
2022-03-29,1483.18005371,1498.44995117,1483.18005371,1497.76000977,737942000,1648519200
2022-03-30,1497.76000977,1503.89001465,1483.90002441,1490.51000977,901485000,1648605600
2022-03-31,1490.51000977,1498.41003418,1488.27001953,1492.15002441,684539000,1648692000
2022-04-01,1492.15002441,1516.86999512,1484.13000488,1516.43994141,967673000,1648778400
2022-04-04,1516.43994141,1530.94995117,1516.43994141,1524.69995117,779577000,1649037600
2022-04-05,1524.69995117,1527.56994629,1519.2800293,1520.0300293,703529000,1649124000
2022-04-06,1520.0300293,1523.75,1507.61999512,1522.90002441,944040000,1649210400
2022-04-07,1522.90002441,1524.92004395,1502.34997559,1502.34997559,795134000,1649296800
2022-04-08,1502.34997559,1507.72998047,1482.0,1482.0,763561000,1649383200
2022-04-12,1482.0,1490.57995605,1455.25,1455.25,680058000,1649728800
2022-04-13,1455.25,1477.19995117,1448.52001953,1477.19995117,674791000,1649815200
2022-04-14,1477.19995117,1484.33996582,1471.75,1472.11999512,523370000,1649901600
2022-04-15,1472.11999512,1478.94995117,1456.39001465,1458.56005859,659471000,1649988000
2022-04-18,1458.56005859,1458.56005859,1425.06994629,1432.59997559,827689000,1650247200
2022-04-19,1432.59997559,1442.04003906,1406.44995117,1406.44995117,702352000,1650333600
2022-04-20,1401.63000488,1410.64001465,1384.7199707,1384.7199707,688325000,1650420000
2022-04-21,1384.7199707,1392.32995605,1356.57995605,1370.20996094,810674000,1650506400
2022-04-22,1370.20996094,1392.89001465,1352.43005371,1379.22998047,834412000,1650592800
2022-04-25,1379.22998047,1382.13000488,1298.38000488,1310.92004395,762880000,1650852000
2022-04-26,1310.92004395,1341.33996582,1261.40002441,1341.33996582,727648000,1650938400
2022-04-27,1341.33996582,1355.92004395,1314.81005859,1353.77001953,519555000,1651024800
2022-04-28,1353.77001953,1358.06994629,1344.09997559,1350.98999023,485123000,1651111200
2022-04-29,1350.98999023,1369.31005859,1343.23999023,1366.80004883,598402000,1651197600
2022-05-04,1366.10998535,1366.39001465,1348.68005371,1348.68005371,528292000,1651629600
2022-05-05,1348.68005371,1362.18005371,1331.41003418,1360.68005371,531075000,1651716000
2022-05-06,1360.68005371,1360.68005371,1328.13000488,1329.26000977,564073000,1651802400
2022-05-09,1329.26000977,1329.26000977,1265.54003906,1269.61999512,673761000,1652061600
2022-05-10,1269.61999512,1293.56005859,1232.56994629,1293.56005859,665477000,1652148000
2022-05-11,1293.56005859,1305.17004395,1277.91003418,1301.5300293,418232000,1652234400
2022-05-12,1301.5300293,1301.5300293,1238.05004883,1238.83996582,557892000,1652320800
2022-05-13,1238.83996582,1238.83996582,1180.59997559,1182.77001953,816986000,1652407200
2022-05-16,1182.77001953,1215.95996094,1170.58996582,1171.94995117,584389000,1652666400
2022-05-17,1171.94995117,1228.36999512,1156.54003906,1228.36999512,583956000,1652752800
2022-05-18,1228.36999512,1249.83996582,1222.92004395,1240.76000977,566364000,1652839200
2022-05-19,1240.76000977,1246.66003418,1210.43005371,1241.64001465,496733000,1652925600
2022-05-20,1241.64001465,1252.95996094,1232.32995605,1240.70996094,504692000,1653012000
2022-05-23,1240.70996094,1246.57995605,1207.98999023,1218.81005859,557426000,1653271200
2022-05-24,1218.81005859,1233.38000488,1203.2800293,1233.38000488,528479000,1653357600
2022-05-25,1233.38000488,1268.43005371,1233.38000488,1268.43005371,655243000,1653444000
2022-05-26,1268.43005371,1278.10998535,1261.55004883,1268.56994629,541907000,1653530400
2022-05-27,1268.56994629,1286.98999023,1268.56994629,1285.44995117,607222000,1653616800
2022-05-30,1285.44995117,1296.2199707,1281.27001953,1293.92004395,587228000,1653876000
2022-05-31,1293.92004395,1297.64001465,1280.43994141,1292.68005371,591086000,1653962400
2022-06-01,1292.68005371,1302.25,1286.01000977,1299.52001953,573627000,1654048800
2022-06-02,1299.52001953,1302.66003418,1283.31994629,1288.61999512,572549000,1654135200
2022-06-03,1288.61999512,1292.7800293,1276.36999512,1287.97998047,473813000,1654221600
2022-06-06,1287.97998047,1302.14001465,1281.94995117,1290.01000977,589885000,1654480800
2022-06-07,1290.01000977,1291.34997559,1260.92004395,1291.34997559,670865000,1654567200
2022-06-08,1291.34997559,1316.7800293,1291.34997559,1307.91003418,584571000,1654653600
2022-06-09,1307.91003418,1312.43994141,1300.84997559,1307.80004883,465658000,1654740000
2022-06-10,1307.80004883,1309.58996582,1284.07995605,1284.07995605,603294000,1654826400
2022-06-13,1284.07995605,1284.07995605,1226.01000977,1227.04003906,733452000,1655085600
2022-06-14,1227.04003906,1239.35998535,1211.13000488,1230.31005859,560885000,1655172000
2022-06-15,1230.31005859,1235.56005859,1195.18994141,1213.93005371,688120000,1655258400
2022-06-16,1213.93005371,1246.31994629,1213.93005371,1236.63000488,561693000,1655344800
2022-06-17,1236.63000488,1236.63000488,1191.92004395,1217.30004883,738578000,1655431200
2022-06-20,1218.36999512,1221.59997559,1180.40002441,1180.40002441,669545000,1655690400
2022-06-21,1180.40002441,1189.9699707,1162.93994141,1172.4699707,694932000,1655776800
2022-06-22,1172.4699707,1185.85998535,1162.97998047,1169.27001953,592476000,1655863200
2022-06-23,1169.27001953,1188.88000488,1162.06005859,1188.88000488,440782000,1655949600
2022-06-24,1188.88000488,1196.84997559,1185.47998047,1185.47998047,478685000,1656036000
2022-06-27,1185.47998047,1203.51000977,1185.47998047,1202.81994629,526955000,1656295200
2022-06-28,1202.81994629,1221.73999023,1198.98999023,1218.09997559,588386000,1656381600
2022-06-29,1218.09997559,1219.57995605,1207.38000488,1218.08996582,560589000,1656468000
2022-06-30,1218.08996582,1220.51000977,1197.59997559,1197.59997559,510217000,1656554400
2022-07-01,1197.59997559,1202.41003418,1170.94995117,1198.90002441,534065000,1656640800
2022-07-04,1206.4699707,1208.95996094,1192.63000488,1195.5300293,442819000,1656900000
2022-07-05,1195.5300293,1200.98999023,1181.29003906,1181.29003906,612003000,1656986400
2022-07-06,1181.29003906,1181.29003906,1147.63000488,1149.60998535,556463000,1657072800
2022-07-07,1149.60998535,1166.47998047,1142.80004883,1166.47998047,411791000,1657159200
2022-07-08,1166.47998047,1177.18005371,1164.22998047,1171.31005859,476372000,1657245600
2022-07-11,1171.31005859,1171.31005859,1144.55004883,1155.29003906,538713000,1657504800
2022-07-12,1155.29003906,1174.81994629,1153.55004883,1174.81994629,525110000,1657591200
2022-07-13,1173.45996094,1182.20996094,1170.92004395,1173.92004395,563998000,1657677600
2022-07-14,1173.92004395,1182.17004395,1170.04003906,1182.17004395,534742000,1657764000
2022-07-15,1182.17004395,1189.66003418,1178.11999512,1179.25,604014000,1657850400
2022-07-18,1179.25,1184.93005371,1174.69995117,1176.48999023,523728000,1658109600
2022-07-19,1176.48999023,1180.45996094,1168.98999023,1178.32995605,532685000,1658196000
2022-07-20,1178.32995605,1198.63000488,1178.32995605,1194.14001465,648003000,1658282400
2022-07-21,1194.14001465,1201.91003418,1194.14001465,1198.4699707,530311000,1658368800
2022-07-22,1198.4699707,1202.68994141,1194.76000977,1194.76000977,477948000,1658455200
2022-07-25,1191.43005371,1198.16003418,1184.31994629,1188.5,437846000,1658714400
2022-07-26,1188.5,1194.15002441,1184.43994141,1185.06994629,434802000,1658800800
2022-07-27,1185.06994629,1191.04003906,1178.57995605,1191.04003906,445143000,1658887200
2022-07-28,1191.04003906,1214.0300293,1191.04003906,1208.11999512,668855000,1658973600
2022-07-29,1208.11999512,1217.83996582,1206.32995605,1206.32995605,590318000,1659060000
2022-08-01,1206.32995605,1231.34997559,1206.32995605,1231.34997559,708709000,1659319200
2022-08-02,1231.34997559,1241.91003418,1224.10998535,1241.61999512,817689000,1659405600
2022-08-03,1241.61999512,1250.19995117,1232.41003418,1249.76000977,789515000,1659492000
2022-08-04,1249.76000977,1257.38000488,1247.38000488,1254.15002441,724749000,1659578400
2022-08-05,1250.25,1253.75,1245.05004883,1252.73999023,698640000,1659664800
2022-08-08,1252.35998535,1258.83996582,1252.04003906,1256.75,699342000,1659924000
2022-08-09,1256.75,1263.14001465,1252.83996582,1258.84997559,721636000,1660010400
2022-08-10,1258.84997559,1260.35998535,1253.89001465,1256.5,651757000,1660096800
2022-08-11,1256.5,1268.0300293,1245.84997559,1252.06994629,810554000,1660183200
2022-08-12,1252.06994629,1262.32995605,1248.65002441,1262.32995605,542036000,1660269600
2022-08-15,1262.32995605,1274.23999023,1262.32995605,1274.19995117,634199000,1660528800
2022-08-16,1274.19995117,1275.93005371,1271.10998535,1274.68994141,617720000,1660615200
2022-08-17,1274.68994141,1280.60998535,1271.9699707,1275.2800293,712253000,1660701600
2022-08-18,1275.2800293,1283.15002441,1268.64001465,1273.66003418,599083000,1660788000
2022-08-19,1273.66003418,1280.0,1263.44995117,1269.18005371,607623000,1660874400
2022-08-22,1269.18005371,1270.56994629,1255.82995605,1260.43005371,619448000,1661133600
2022-08-23,1260.43005371,1270.81005859,1253.44995117,1270.81005859,564724000,1661220000
2022-08-24,1270.81005859,1280.35998535,1270.81005859,1277.16003418,601885000,1661306400
2022-08-25,1277.16003418,1289.18005371,1277.16003418,1288.88000488,623966000,1661392800
2022-08-26,1291.29003906,1295.11999512,1280.05004883,1282.56994629,668956000,1661479200
2022-08-29,1282.56994629,1282.56994629,1249.17004395,1270.80004883,845897000,1661738400
2022-08-30,1270.80004883,1287.65002441,1270.80004883,1279.39001465,526096000,1661824800
2022-08-31,1279.39001465,1285.29003906,1274.98999023,1280.51000977,499313000,1661911200
2022-09-05,1280.51000977,1285.69995117,1275.34997559,1277.34997559,524683000,1662343200
2022-09-06,1279.57995605,1286.92004395,1277.40002441,1277.40002441,581455000,1662429600
2022-09-07,1277.40002441,1277.40002441,1243.17004395,1243.17004395,852272000,1662516000
2022-09-08,1243.17004395,1251.35998535,1234.59997559,1234.59997559,599612000,1662602400
2022-09-09,1234.59997559,1248.7800293,1228.54003906,1248.7800293,586026000,1662688800
2022-09-12,1248.7800293,1257.80004883,1248.7800293,1249.61999512,410185000,1662948000
2022-09-13,1249.61999512,1252.34997559,1243.86999512,1248.40002441,473969000,1663034400
2022-09-14,1248.40002441,1248.40002441,1228.51000977,1240.77001953,607856000,1663120800
2022-09-15,1240.77001953,1250.93005371,1240.77001953,1245.66003418,429836000,1663207200
2022-09-16,1245.66003418,1246.17004395,1230.36999512,1234.0300293,632371000,1663293600
2022-09-19,1234.0300293,1234.0300293,1202.06994629,1205.43005371,701958000,1663552800
2022-09-20,1212.07995605,1218.93005371,1199.70996094,1218.93005371,473889000,1663639200
2022-09-21,1218.93005371,1218.93005371,1204.68005371,1210.55004883,391712000,1663725600
2022-09-22,1210.55004883,1214.69995117,1196.64001465,1214.69995117,473555000,1663812000
2022-09-23,1214.69995117,1216.58996582,1201.44995117,1203.2800293,485377000,1663898400
2022-09-26,1203.2800293,1203.2800293,1159.11999512,1174.34997559,757086000,1664157600
2022-09-27,1174.34997559,1180.75,1166.43994141,1166.54003906,466621000,1664244000
2022-09-28,1166.54003906,1166.54003906,1142.79003906,1143.61999512,527699000,1664330400
2022-09-29,1143.61999512,1159.48999023,1126.06994629,1126.06994629,491471000,1664416800
2022-09-30,1126.06994629,1135.4699707,1099.43994141,1132.10998535,729667000,1664503200
2022-10-03,1132.10998535,1132.10998535,1079.85998535,1086.43994141,554154000,1664762400
2022-10-04,1086.43994141,1100.42004395,1069.73999023,1078.14001465,582819000,1664848800
2022-10-05,1078.14001465,1110.20996094,1078.14001465,1104.26000977,451940000,1664935200
2022-10-06,1104.26000977,1106.9699707,1072.56994629,1074.52001953,545817000,1665021600
2022-10-07,1074.52001953,1074.52001953,1022.38000488,1035.91003418,877310000,1665108000
2022-10-10,1035.91003418,1051.02001953,1012.94000244,1042.47998047,692982000,1665367200
2022-10-11,1042.47998047,1042.47998047,998.64001465,1006.20001221,672103000,1665453600
2022-10-12,1006.20001221,1039.43994141,1002.89001465,1034.81005859,616141000,1665540000
2022-10-13,1034.81005859,1050.98999023,1025.04003906,1050.98999023,477334000,1665626400
2022-10-14,1050.98999023,1068.11999512,1050.98999023,1061.84997559,641480000,1665712800
2022-10-17,1061.84997559,1061.84997559,1033.58996582,1051.57995605,497417000,1665972000
2022-10-18,1051.57995605,1071.73999023,1051.57995605,1063.66003418,514838000,1666058400
2022-10-19,1063.66003418,1065.98999023,1052.29003906,1060.06994629,400660000,1666144800
2022-10-20,1056.14001465,1065.2800293,1048.20996094,1058.44995117,398325000,1666231200
2022-10-21,1058.44995117,1059.08996582,1013.69000244,1019.82000732,742096000,1666317600
2022-10-24,1019.82000732,1023.51000977,977.40997314,986.15002441,654945000,1666576800
2022-10-25,986.15002441,1011.39001465,962.45001221,997.70001221,751178000,1666663200
2022-10-26,997.70001221,1004.54998779,984.71002197,993.35998535,448275000,1666749600
2022-10-27,993.35998535,1028.01000977,990.47998047,1028.01000977,647723000,1666836000
2022-10-28,1028.01000977,1044.56994629,1026.5300293,1027.35998535,654696000,1666922400
2022-10-31,1028.23999023,1030.31994629,1005.0,1027.93994141,662041000,1667181600
2022-11-01,1027.93994141,1043.5300293,1027.39001465,1033.75,613980000,1667268000
2022-11-02,1033.75,1034.72998047,1018.64001465,1023.19000244,578232000,1667354400
2022-11-03,1023.19000244,1023.95001221,1010.65002441,1019.80999756,442888000,1667440800
2022-11-04,1008.22998047,1009.96002197,974.60998535,997.15002441,753114000,1667527200
2022-11-07,997.15002441,997.15002441,969.60998535,975.19000244,646845000,1667786400
2022-11-08,975.19000244,981.85998535,956.9699707,981.65002441,660723000,1667872800
2022-11-09,981.65002441,994.78997803,977.92999268,985.59002686,583059000,1667959200
2022-11-10,975.9699707,976.30999756,935.7800293,947.23999023,698764000,1668045600
2022-11-11,947.23999023,966.70001221,947.23999023,954.5300293,736494000,1668132000
2022-11-14,954.5300293,954.5300293,923.5300293,941.03997803,666060000,1668391200
2022-11-15,941.03997803,941.03997803,900.16998291,911.90002441,692337000,1668477600
2022-11-16,911.90002441,945.41998291,873.7800293,942.90002441,1046754000,1668564000
2022-11-17,942.90002441,972.88000488,942.90002441,969.26000977,724461000,1668650400
2022-11-18,969.26000977,971.77001953,939.72998047,969.33001709,960582000,1668736800
2022-11-21,969.33001709,973.19000244,956.77001953,960.65002441,597721000,1668996000
2022-11-22,960.65002441,985.2800293,948.52001953,952.11999512,1050028000,1669082400
2022-11-23,952.11999512,958.60998535,942.02001953,946.0,542122000,1669168800
2022-11-24,946.0,950.0300293,934.30999756,947.71002197,543144000,1669255200
2022-11-25,947.71002197,971.46002197,947.71002197,971.46002197,622497000,1669341600
2022-11-28,971.46002197,1006.2199707,971.46002197,1005.69000244,973788000,1669600800
2022-11-29,1005.69000244,1032.16003418,998.55999756,1032.16003418,1184150000,1669687200
2022-11-30,1032.16003418,1048.42004395,1021.53997803,1048.42004395,1143350000,1669773600
2022-12-01,1048.42004395,1066.2800293,1035.61999512,1036.2800293,1344536000,1669860000
2022-12-02,1036.2800293,1080.01000977,1030.81005859,1080.01000977,1092311000,1669946400
2022-12-05,1080.01000977,1099.44995117,1080.01000977,1093.67004395,1257541000,1670205600
2022-12-06,1093.67004395,1093.67004395,1048.68994141,1048.68994141,1481856000,1670292000
2022-12-07,1048.68994141,1059.79003906,1034.92004395,1041.02001953,920936000,1670378400
2022-12-08,1041.02001953,1078.08996582,1041.02001953,1050.5300293,916988000,1670464800
2022-12-09,1050.5300293,1061.20996094,1041.39001465,1051.81005859,788203000,1670551200
2022-12-12,1051.81005859,1065.16003418,1032.06994629,1032.06994629,909565000,1670810400
2022-12-13,1032.06994629,1047.44995117,1026.30004883,1047.44995117,798743000,1670896800
2022-12-14,1047.44995117,1062.18005371,1046.43005371,1050.43005371,792044000,1670983200
2022-12-15,1049.16003418,1062.60998535,1049.06005859,1055.31994629,731119000,1671069600
2022-12-16,1055.31994629,1064.79003906,1047.16003418,1052.47998047,881531000,1671156000
2022-12-19,1052.47998047,1065.58996582,1038.40002441,1038.40002441,988837000,1671415200
2022-12-20,1038.40002441,1038.73999023,1010.08001709,1023.13000488,1075424000,1671501600
2022-12-21,1033.33996582,1033.83996582,1005.42999268,1018.88000488,857327000,1671588000
2022-12-22,1018.88000488,1033.18005371,1016.53997803,1022.60998535,714221000,1671674400
2022-12-23,1022.60998535,1027.33996582,1013.20001221,1020.34002686,544113000,1671760800
2022-12-26,1020.34002686,1021.89001465,985.21002197,985.21002197,623487000,1672020000
2022-12-27,985.21002197,1007.88000488,983.66998291,1004.57000732,593357000,1672106400
2022-12-28,1004.57000732,1020.52001953,998.9699707,1015.65997314,590453000,1672192800
2022-12-29,1015.65997314,1021.96002197,1009.28997803,1009.28997803,462660000,1672279200
2022-12-30,1009.28997803,1017.98999023,1007.09002686,1007.09002686,407135000,1672365600
2023-01-03,1007.09002686,1043.90002441,1007.09002686,1043.90002441,551326000,1672711200
2023-01-04,1043.90002441,1052.59997559,1041.56005859,1046.34997559,647731000,1672797600
2023-01-05,1048.17004395,1058.14001465,1046.64001465,1055.81994629,535053000,1672884000
2023-01-06,1055.81994629,1065.57995605,1047.26000977,1051.43994141,698499000,1672970400
2023-01-09,1058.2800293,1062.11999512,1050.94995117,1054.20996094,475204000,1673229600
2023-01-10,1054.20996094,1057.43994141,1045.75,1053.34997559,546263000,1673316000
2023-01-11,1053.34997559,1065.68994141,1053.34997559,1055.76000977,545184000,1673402400
2023-01-12,1055.76000977,1060.9699707,1050.27001953,1056.39001465,506467000,1673488800
2023-01-13,1056.39001465,1066.39001465,1055.22998047,1060.17004395,670232000,1673575200
2023-01-16,1060.17004395,1067.73999023,1057.86999512,1066.68005371,520791000,1673834400
2023-01-17,1066.68005371,1088.29003906,1066.68005371,1088.29003906,673933000,1673920800
2023-01-18,1088.29003906,1100.39001465,1088.29003906,1098.2800293,604198000,1674007200
2023-01-19,1098.2800293,1111.7199707,1094.45996094,1108.07995605,617714000,1674093600
2023-01-27,1108.07995605,1124.30004883,1108.07995605,1117.09997559,604933000,1674784800
2023-01-30,1117.09997559,1118.45996094,1102.56994629,1102.56994629,798676000,1675044000
2023-01-31,1102.56994629,1111.18005371,1088.25,1111.18005371,748424000,1675130400
2023-02-01,1111.18005371,1116.95996094,1075.9699707,1075.9699707,1029897000,1675216800
2023-02-02,1075.9699707,1083.35998535,1070.81005859,1077.58996582,634743000,1675303200
2023-02-03,1077.58996582,1081.89001465,1070.45996094,1077.15002441,563829000,1675389600
2023-02-06,1077.15002441,1089.29003906,1067.23999023,1089.29003906,527007000,1675648800
2023-02-07,1089.29003906,1092.11999512,1065.18005371,1065.83996582,673207000,1675735200
2023-02-08,1065.83996582,1079.51000977,1063.5,1072.2199707,569318000,1675821600
2023-02-09,1072.2199707,1075.19995117,1064.0300293,1064.0300293,473849000,1675908000
2023-02-10,1064.0300293,1066.2800293,1054.07995605,1055.30004883,463942000,1675994400
2023-02-13,1055.30004883,1055.30004883,1031.69995117,1043.69995117,681324000,1676253600
2023-02-14,1043.69995117,1046.64001465,1032.76000977,1038.64001465,395733000,1676340000
2023-02-15,1038.64001465,1051.89001465,1034.39001465,1048.19995117,585763000,1676426400
2023-02-16,1048.19995117,1058.29003906,1047.44995117,1058.29003906,475804000,1676512800
2023-02-17,1058.29003906,1062.25,1053.26000977,1059.31005859,465080000,1676599200
2023-02-20,1059.73999023,1088.01000977,1059.56005859,1086.68994141,682287000,1676858400
2023-02-21,1086.68994141,1095.09997559,1081.80004883,1082.22998047,720349000,1676944800
2023-02-22,1082.22998047,1082.22998047,1054.2800293,1054.2800293,814014000,1677031200
2023-02-23,1054.2800293,1054.47998047,1030.57995605,1053.66003418,720747000,1677117600
2023-02-24,1053.66003418,1053.66003418,1034.66003418,1039.56005859,430408000,1677204000
2023-02-27,1039.56005859,1039.56005859,1017.54998779,1021.25,588607000,1677463200
2023-02-28,1021.25,1034.35998535,1018.7199707,1024.68005371,432959000,1677549600
2023-03-01,1024.68005371,1040.55004883,1013.36999512,1040.55004883,523621000,1677636000
2023-03-02,1039.0,1043.80004883,1033.06994629,1037.60998535,373164000,1677722400
2023-03-03,1038.09997559,1041.81994629,1022.7800293,1024.77001953,447722000,1677808800
2023-03-06,1024.77001953,1042.43005371,1024.77001953,1027.18005371,421902000,1678068000
2023-03-07,1027.18005371,1043.92004395,1027.18005371,1037.83996582,473165000,1678154400
2023-03-08,1037.83996582,1049.18005371,1027.80004883,1049.18005371,510280000,1678240800
2023-03-09,1049.18005371,1060.56005859,1049.18005371,1055.94995117,609044000,1678327200
2023-03-10,1055.94995117,1055.94995117,1046.31005859,1053.0,508592000,1678413600
2023-03-13,1053.0,1055.57995605,1045.45996094,1052.80004883,625072000,1678672800
2023-03-14,1052.80004883,1052.80004883,1034.7199707,1040.13000488,621186000,1678759200
2023-03-15,1040.13000488,1062.55004883,1040.13000488,1062.18994141,622856000,1678845600
2023-03-16,1062.18994141,1062.18994141,1043.65002441,1047.40002441,532927000,1678932000
2023-03-17,1047.40002441,1055.42004395,1043.54003906,1045.14001465,564932000,1679018400
2023-03-20,1045.14001465,1045.14001465,1022.71002197,1023.09997559,567363000,1679277600
2023-03-21,1023.09997559,1036.15002441,1017.04998779,1032.43005371,474893000,1679364000
2023-03-22,1032.43005371,1042.83996582,1032.43005371,1040.54003906,458777000,1679450400
2023-03-23,1040.54003906,1045.09997559,1030.93005371,1045.09997559,431451000,1679536800
2023-03-24,1045.09997559,1052.29003906,1044.02001953,1046.79003906,579738000,1679623200
2023-03-27,1047.7800293,1053.7800293,1041.98999023,1052.25,556948000,1679882400
2023-03-28,1052.25,1059.82995605,1051.75,1054.29003906,648103000,1679968800
2023-03-29,1054.29003906,1056.32995605,1048.26000977,1056.32995605,460964000,1680055200
2023-03-30,1056.32995605,1066.22998047,1056.32995605,1059.43994141,633976000,1680141600
2023-03-31,1059.43994141,1067.55004883,1059.43994141,1064.64001465,639934000,1680228000
2023-04-03,1064.64001465,1079.2800293,1064.64001465,1079.2800293,821311000,1680487200
2023-04-04,1079.2800293,1082.20996094,1075.09997559,1078.44995117,803886000,1680573600
2023-04-05,1078.44995117,1080.85998535,1074.09997559,1080.85998535,793746000,1680660000
2023-04-06,1080.85998535,1084.52001953,1070.91003418,1070.91003418,998757000,1680746400
2023-04-07,1070.91003418,1072.93994141,1063.69995117,1069.70996094,646004000,1680832800
2023-04-10,1073.85998535,1075.54003906,1063.44995117,1065.34997559,857460000,1681092000
2023-04-11,1065.34997559,1070.56005859,1056.90002441,1069.45996094,697781000,1681178400
2023-04-12,1071.60998535,1072.69995117,1066.43005371,1069.44995117,726164000,1681264800
2023-04-13,1069.44995117,1070.95996094,1062.26000977,1064.30004883,673042000,1681351200
2023-04-14,1064.30004883,1068.79003906,1052.89001465,1052.89001465,786526000,1681437600
2023-04-17,1052.89001465,1054.7199707,1049.10998535,1053.81005859,453785000,1681696800
2023-04-18,1053.81005859,1057.15002441,1050.89001465,1055.02001953,539759000,1681783200
2023-04-19,1055.02001953,1058.14001465,1047.4699707,1048.97998047,569677000,1681869600
2023-04-20,1048.97998047,1051.85998535,1045.84997559,1049.25,373745000,1681956000
2023-04-21,1049.25,1050.40002441,1041.26000977,1042.91003418,553030000,1682042400
2023-04-24,1042.91003418,1047.18005371,1038.35998535,1041.35998535,556988000,1682301600
2023-04-25,1045.86999512,1045.86999512,1032.48999023,1034.84997559,539589000,1682388000
2023-04-26,1034.84997559,1040.80004883,1029.18994141,1040.80004883,576777000,1682474400
2023-04-27,1040.80004883,1044.25,1037.61999512,1039.63000488,511730000,1682560800
2023-04-28,1043.17004395,1049.11999512,1042.04003906,1049.11999512,613143000,1682647200
2023-05-04,1049.11999512,1049.11999512,1038.18005371,1040.60998535,625808000,1683165600
2023-05-05,1040.60998535,1043.2199707,1036.68994141,1040.31005859,547776000,1683252000
2023-05-08,1040.31005859,1053.43994141,1040.31005859,1053.43994141,655533000,1683511200
2023-05-09,1055.42004395,1058.70996094,1052.68005371,1053.77001953,564403000,1683597600
2023-05-10,1055.61999512,1058.67004395,1053.33996582,1058.26000977,717423000,1683684000
2023-05-11,1058.26000977,1063.68994141,1056.7199707,1057.11999512,708310000,1683770400
2023-05-12,1057.11999512,1066.90002441,1053.9699707,1066.90002441,725827000,1683856800
2023-05-15,1066.90002441,1076.31994629,1065.70996094,1065.70996094,834497000,1684116000
2023-05-16,1065.70996094,1069.27001953,1063.65002441,1065.91003418,681377000,1684202400
2023-05-17,1065.91003418,1069.94995117,1060.43994141,1060.43994141,836833000,1684288800
2023-05-18,1060.43994141,1073.41003418,1060.43994141,1068.31005859,649535000,1684375200
2023-05-19,1068.31005859,1070.15002441,1058.56005859,1067.06994629,755489000,1684461600
2023-05-22,1067.06994629,1070.64001465,1065.88000488,1070.64001465,711106000,1684720800
2023-05-23,1073.11999512,1073.95996094,1062.15002441,1065.84997559,721987000,1684807200
2023-05-24,1065.84997559,1069.60998535,1060.59997559,1061.79003906,794095000,1684893600
2023-05-25,1061.79003906,1065.5,1057.91003418,1064.63000488,669530000,1684980000
2023-05-26,1064.63000488,1067.2800293,1063.76000977,1063.76000977,640715000,1685066400
2023-05-29,1063.76000977,1077.18005371,1063.76000977,1074.97998047,844876000,1685325600
2023-05-30,1074.97998047,1079.31005859,1071.01000977,1078.05004883,922938000,1685412000
2023-05-31,1078.05004883,1079.10998535,1071.38000488,1075.17004395,924361000,1685498400
2023-06-01,1075.17004395,1078.39001465,1071.60998535,1078.39001465,856813000,1685584800
2023-06-02,1084.18994141,1092.23999023,1083.35998535,1090.83996582,1037414000,1685671200
2023-06-05,1090.83996582,1103.81005859,1090.83996582,1097.81994629,948361000,1685930400
2023-06-06,1097.81994629,1108.31005859,1097.81994629,1108.31005859,842755000,1686016800
2023-06-07,1108.31005859,1112.2800293,1104.26000977,1109.54003906,1000674000,1686103200
2023-06-08,1109.54003906,1115.14001465,1101.31994629,1101.31994629,1324883000,1686189600
2023-06-09,1101.31994629,1107.5300293,1097.22998047,1107.5300293,902209000,1686276000
2023-06-12,1110.26000977,1116.02001953,1100.07995605,1116.02001953,797975000,1686535200
2023-06-13,1116.02001953,1122.45996094,1116.02001953,1122.45996094,943543000,1686621600
2023-06-14,1122.45996094,1129.48999023,1117.42004395,1117.42004395,928596000,1686708000
2023-06-15,1117.42004395,1120.13000488,1112.10998535,1116.9699707,716875000,1686794400
2023-06-16,1116.9699707,1128.92004395,1112.51000977,1115.2199707,1166381000,1686880800
2023-06-19,1115.2199707,1117.22998047,1104.72998047,1105.40002441,811306000,1687140000
2023-06-20,1105.40002441,1111.7199707,1102.57995605,1111.7199707,695590000,1687226400
2023-06-21,1112.72998047,1118.45996094,1110.65002441,1118.45996094,875892000,1687312800
2023-06-22,1118.45996094,1127.54003906,1118.45996094,1125.30004883,919321000,1687399200
2023-06-23,1125.30004883,1130.60998535,1122.61999512,1129.38000488,906633000,1687485600
2023-06-26,1129.38000488,1134.0,1119.94995117,1132.0300293,1040389000,1687744800
2023-06-27,1132.0300293,1136.48999023,1128.81994629,1134.32995605,721995000,1687831200
2023-06-28,1134.32995605,1140.56005859,1131.85998535,1138.34997559,892136000,1687917600
2023-06-29,1139.42004395,1140.43005371,1125.39001465,1125.39001465,906890000,1688004000
2023-06-30,1125.39001465,1126.32995605,1120.01000977,1120.18005371,617526000,1688090400
2023-07-03,1120.18005371,1128.34997559,1120.18005371,1125.5,558384000,1688349600
2023-07-04,1125.5,1132.11999512,1123.48999023,1132.0,701311000,1688436000
2023-07-05,1132.0,1138.67004395,1132.0,1134.61999512,807034000,1688522400
2023-07-06,1134.61999512,1135.81005859,1122.34997559,1126.2199707,921107000,1688608800
2023-07-07,1126.2199707,1138.06994629,1122.93994141,1138.06994629,798404000,1688695200
2023-07-10,1138.06994629,1149.02001953,1138.06994629,1149.02001953,879429000,1688954400
2023-07-11,1149.02001953,1157.01000977,1149.02001953,1151.77001953,936910000,1689040800
2023-07-12,1151.77001953,1157.43005371,1149.2800293,1154.19995117,788163000,1689127200
2023-07-13,1154.19995117,1165.42004395,1154.19995117,1165.42004395,806744000,1689213600
2023-07-14,1165.42004395,1169.83996582,1156.2800293,1168.40002441,1042751000,1689300000
2023-07-17,1171.75,1174.89001465,1168.77001953,1173.13000488,914618000,1689559200
2023-07-18,1173.13000488,1175.69995117,1170.04003906,1174.08996582,837137000,1689645600
2023-07-19,1174.08996582,1178.55004883,1172.97998047,1172.97998047,896645000,1689732000
2023-07-20,1172.97998047,1174.39001465,1166.61999512,1172.81005859,796609000,1689818400
2023-07-21,1172.81005859,1185.90002441,1172.06994629,1185.90002441,988085000,1689904800
2023-07-24,1185.90002441,1193.2199707,1183.39001465,1190.7199707,1043025000,1690164000
2023-07-25,1190.7199707,1199.27001953,1190.7199707,1195.90002441,1000328000,1690250400
2023-07-26,1195.90002441,1200.83996582,1195.43994141,1200.83996582,912296000,1690336800
2023-07-27,1200.83996582,1203.68994141,1191.07995605,1197.32995605,1162286000,1690423200
2023-07-28,1197.32995605,1207.67004395,1195.85998535,1207.67004395,1111482000,1690509600
2023-07-31,1207.67004395,1224.81005859,1207.67004395,1222.90002441,1204883000,1690768800
2023-08-01,1222.90002441,1234.5,1217.56005859,1217.56005859,1280939000,1690855200
2023-08-02,1217.56005859,1223.04003906,1213.18005371,1220.43005371,940810000,1690941600
2023-08-03,1219.72998047,1222.34997559,1209.06005859,1210.94995117,1032558000,1691028000
2023-08-04,1210.94995117,1228.11999512,1210.94995117,1225.97998047,1126519000,1691114400
2023-08-07,1233.09997559,1241.42004395,1230.38000488,1241.42004395,1295576000,1691373600
2023-08-08,1241.42004395,1246.2199707,1239.01000977,1242.22998047,1192875000,1691460000
2023-08-09,1242.22998047,1242.22998047,1231.2800293,1233.98999023,1092478000,1691546400
2023-08-10,1233.98999023,1238.18994141,1220.60998535,1220.60998535,1010945000,1691632800
2023-08-11,1220.60998535,1232.20996094,1213.36999512,1232.20996094,1012421000,1691719200
2023-08-14,1232.20996094,1239.60998535,1229.04003906,1236.83996582,1106279000,1691978400
2023-08-15,1236.83996582,1239.42004395,1230.57995605,1234.05004883,912029000,1692064800
2023-08-16,1234.05004883,1243.47998047,1234.05004883,1243.26000977,930667000,1692151200
2023-08-17,1242.57995605,1243.97998047,1233.47998047,1233.47998047,1111719000,1692237600
2023-08-18,1233.47998047,1233.47998047,1177.73999023,1177.98999023,1702046000,1692324000
2023-08-21,1177.98999023,1188.16003418,1164.63000488,1179.76000977,1078398000,1692583200
2023-08-22,1179.76000977,1184.43005371,1149.13000488,1180.48999023,1055664000,1692669600
2023-08-23,1180.48999023,1193.79003906,1168.89001465,1172.56005859,747179000,1692756000
2023-08-24,1172.56005859,1189.98999023,1171.32995605,1189.39001465,851535000,1692842400
2023-08-25,1189.39001465,1192.58996582,1181.59997559,1183.36999512,893337000,1692928800
2023-08-28,1183.36999512,1202.02001953,1183.36999512,1201.7199707,882846000,1693188000
2023-08-29,1201.7199707,1208.7800293,1197.56994629,1204.43005371,990936000,1693274400
2023-08-30,1206.09997559,1213.52001953,1203.51000977,1213.16003418,911989000,1693360800
2023-08-31,1213.16003418,1224.83996582,1213.16003418,1224.05004883,945475000,1693447200
2023-09-05,1224.05004883,1236.20996094,1224.05004883,1234.97998047,1087344000,1693879200
2023-09-06,1234.97998047,1245.5,1229.89001465,1245.5,1131935000,1693965600
2023-09-07,1245.5,1255.10998535,1240.81994629,1243.14001465,1127715000,1694052000
2023-09-08,1243.14001465,1248.09997559,1240.15002441,1241.47998047,1097934000,1694138400
2023-09-11,1241.47998047,1251.36999512,1223.32995605,1223.63000488,1393859000,1694397600
2023-09-12,1223.63000488,1245.43994141,1220.84997559,1245.43994141,967868000,1694484000
2023-09-13,1245.43994141,1250.60998535,1232.83996582,1238.39001465,1263787000,1694570400
2023-09-14,1238.39001465,1244.20996094,1223.0300293,1223.81005859,1227453000,1694656800
2023-09-15,1223.81005859,1233.86999512,1220.27001953,1227.35998535,917362000,1694743200
2023-09-18,1227.35998535,1227.35998535,1203.88000488,1211.81005859,844996000,1695002400
2023-09-19,1211.81005859,1219.56994629,1199.84997559,1211.5,1004729000,1695088800
2023-09-20,1211.5,1226.10998535,1209.45996094,1226.10998535,878031000,1695175200
2023-09-21,1226.10998535,1227.88000488,1211.65002441,1212.73999023,963675000,1695261600
2023-09-22,1212.73999023,1212.73999023,1174.56994629,1193.05004883,1393431000,1695348000
2023-09-25,1193.05004883,1195.61999512,1153.19995117,1153.19995117,1086893000,1695607200
2023-09-26,1153.19995117,1163.52001953,1137.95996094,1137.95996094,1046590000,1695693600
2023-09-27,1137.95996094,1153.84997559,1126.35998535,1153.84997559,860424000,1695780000
2023-09-28,1153.84997559,1155.39001465,1136.98999023,1152.43005371,691112000,1695866400
2023-09-29,1152.43005371,1163.88000488,1152.43005371,1154.15002441,574812000,1695952800
2023-10-02,1154.15002441,1161.47998047,1149.63000488,1155.25,518242000,1696212000
2023-10-03,1155.25,1155.25,1117.2800293,1118.09997559,991876000,1696298400
2023-10-04,1118.09997559,1133.79003906,1106.40002441,1128.67004395,682486000,1696384800
2023-10-05,1128.67004395,1133.11999512,1113.89001465,1113.89001465,609007000,1696471200
2023-10-06,1113.89001465,1129.13000488,1107.40002441,1128.54003906,621619000,1696557600
2023-10-09,1128.54003906,1137.35998535,1127.0300293,1137.35998535,602616000,1696816800
2023-10-10,1137.35998535,1150.33996582,1137.35998535,1143.68994141,671763000,1696903200
2023-10-11,1143.68994141,1150.81005859,1138.2199707,1150.81005859,543054000,1696989600
2023-10-12,1150.81005859,1156.72998047,1148.10998535,1151.60998535,647176000,1697076000
2023-10-13,1151.60998535,1155.09997559,1138.98999023,1154.72998047,621417000,1697162400
2023-10-16,1154.72998047,1157.45996094,1140.64001465,1141.42004395,676192000,1697421600
2023-10-17,1145.33996582,1147.89001465,1121.65002441,1121.65002441,610500000,1697508000
2023-10-18,1121.65002441,1125.27001953,1088.86999512,1103.40002441,1038176000,1697594400
2023-10-19,1103.40002441,1104.0300293,1087.84997559,1087.84997559,649226000,1697680800
2023-10-20,1087.84997559,1108.16003418,1073.72998047,1108.0300293,658193000,1697767200
2023-10-23,1108.0300293,1108.0300293,1086.54003906,1093.5300293,563101000,1698026400
2023-10-24,1093.5300293,1107.30004883,1088.17004395,1105.90002441,509041000,1698112800
2023-10-25,1105.90002441,1111.39001465,1100.64001465,1101.66003418,539258000,1698199200
2023-10-26,1101.66003418,1101.66003418,1049.70996094,1055.44995117,1177081000,1698285600
2023-10-27,1055.44995117,1061.86999512,1037.45996094,1060.61999512,692234000,1698372000
2023-10-30,1054.0300293,1060.39001465,1042.40002441,1042.40002441,533359000,1698631200
2023-10-31,1042.40002441,1046.17004395,1025.0300293,1028.18994141,755535000,1698717600
2023-11-01,1028.18994141,1039.66003418,1020.01000977,1039.66003418,679886000,1698804000
2023-11-02,1039.66003418,1075.4699707,1039.66003418,1075.4699707,772121000,1698890400
2023-11-03,1075.4699707,1082.22998047,1071.10998535,1076.7800293,756483000,1698976800
2023-11-06,1076.7800293,1089.66003418,1076.7800293,1089.66003418,692792000,1699236000
2023-11-07,1089.66003418,1089.89001465,1079.42004395,1080.29003906,634514000,1699322400
2023-11-08,1080.29003906,1113.43005371,1075.80004883,1113.43005371,952577000,1699408800
2023-11-09,1113.43005371,1124.7800293,1112.13000488,1113.89001465,1052082000,1699495200
2023-11-10,1113.89001465,1116.02001953,1101.22998047,1101.68005371,1032797000,1699581600
2023-11-13,1103.66003418,1107.91003418,1093.18994141,1100.06994629,789437000,1699840800
2023-11-14,1100.06994629,1115.59997559,1100.06994629,1109.72998047,822197000,1699927200
2023-11-15,1109.72998047,1132.75,1109.72998047,1122.5,937960000,1700013600
2023-11-16,1122.5,1125.5300293,1114.9699707,1125.5300293,687396000,1700100000
2023-11-17,1125.5300293,1129.83996582,1096.16003418,1101.18994141,1255204000,1700186400
2023-11-20,1101.18994141,1111.26000977,1085.31994629,1103.66003418,841469000,1700445600
2023-11-21,1103.66003418,1112.77001953,1103.66003418,1110.45996094,712614000,1700532000
2023-11-22,1110.45996094,1115.4699707,1103.26000977,1113.81994629,946277000,1700618400
2023-11-23,1113.81994629,1118.54003906,1088.48999023,1088.48999023,1028271000,1700704800
2023-11-24,1088.48999023,1095.60998535,1073.31005859,1095.60998535,958343000,1700791200
2023-11-27,1095.60998535,1096.83996582,1085.68994141,1088.06005859,595015000,1701050400
2023-11-28,1088.06005859,1095.43005371,1076.44995117,1095.43005371,681885000,1701136800
2023-11-29,1095.43005371,1105.2800293,1095.43005371,1102.80004883,614957000,1701223200
2023-11-30,1101.75,1107.44995117,1094.13000488,1094.13000488,723483000,1701309600
2023-12-01,1094.13000488,1102.19995117,1090.07995605,1102.16003418,603588000,1701396000
2023-12-04,1102.16003418,1123.95996094,1102.16003418,1120.48999023,1120648000,1701655200
2023-12-05,1120.48999023,1124.10998535,1113.55004883,1115.9699707,824656000,1701741600
2023-12-06,1115.9699707,1126.43005371,1115.9699707,1126.43005371,853960000,1701828000
2023-12-07,1126.43005371,1129.82995605,1109.51000977,1121.48999023,1334589000,1701914400
2023-12-08,1121.48999023,1127.45996094,1119.43005371,1124.43994141,819095000,1702000800
2023-12-11,1124.43994141,1129.15002441,1120.31994629,1125.5,700590000,1702260000
2023-12-12,1125.5,1129.77001953,1123.34997559,1127.63000488,645624000,1702346400
2023-12-13,1127.63000488,1131.20996094,1112.07995605,1114.19995117,844042000,1702432800
2023-12-14,1114.19995117,1120.35998535,1107.85998535,1110.13000488,681022000,1702519200
2023-12-15,1110.13000488,1112.79003906,1102.30004883,1102.30004883,749829000,1702605600
2023-12-18,1102.30004883,1103.73999023,1091.44995117,1091.88000488,713158000,1702864800
2023-12-19,1091.88000488,1096.30004883,1082.29003906,1096.30004883,649907000,1702951200
2023-12-20,1096.30004883,1102.27001953,1093.38000488,1100.76000977,598210000,1703037600
2023-12-21,1100.76000977,1102.43005371,1094.4699707,1102.43005371,521000000,1703124000
2023-12-22,1102.43005371,1104.65002441,1099.31994629,1103.06005859,558032000,1703210400
2023-12-25,1103.06005859,1118.31005859,1103.06005859,1117.66003418,658538000,1703469600
2023-12-26,1117.66003418,1123.10998535,1117.66003418,1122.25,644742000,1703556000
2023-12-27,1122.25,1126.4699707,1121.98999023,1121.98999023,776800000,1703642400
2023-12-28,1121.98999023,1130.57995605,1120.5,1128.93005371,716928000,1703728800
2023-12-29,1128.93005371,1135.05004883,1128.93005371,1129.93005371,710848000,1703815200
2024-01-02,1129.93005371,1139.70996094,1128.68994141,1131.7199707,842255000,1704160800
2024-01-03,1131.7199707,1144.17004395,1128.31994629,1144.17004395,719933000,1704247200
2024-01-04,1145.48999023,1160.07995605,1144.31994629,1150.7199707,1181355000,1704333600
2024-01-05,1150.7199707,1155.83996582,1149.07995605,1154.68005371,803268000,1704420000
2024-01-08,1154.68005371,1162.56005859,1154.68005371,1160.18994141,905408000,1704679200
2024-01-09,1160.18994141,1162.82995605,1155.45996094,1158.58996582,870509000,1704765600
2024-01-10,1158.58996582,1166.09997559,1155.93994141,1161.54003906,992761000,1704852000
2024-01-11,1161.54003906,1169.09997559,1157.43005371,1162.2199707,860493000,1704938400
2024-01-12,1162.2199707,1162.2199707,1146.75,1154.69995117,1086669000,1705024800
2024-01-15,1154.69995117,1163.75,1154.11999512,1154.11999512,617145000,1705284000
2024-01-16,1154.11999512,1163.11999512,1147.70996094,1163.11999512,611400000,1705370400
2024-01-17,1161.94995117,1168.45996094,1160.44995117,1162.5300293,769803000,1705456800
2024-01-18,1162.5300293,1169.72998047,1162.5300293,1169.06005859,596224000,1705543200
2024-01-19,1171.5,1181.5,1171.4699707,1181.5,662888000,1705629600
2024-01-22,1181.5,1186.95996094,1175.54003906,1182.85998535,889756000,1705888800
2024-01-23,1182.85998535,1184.73999023,1173.7800293,1177.5,683712000,1705975200
2024-01-24,1177.5,1180.30004883,1172.0,1172.9699707,733190000,1706061600
2024-01-25,1172.9699707,1173.82995605,1168.5,1170.36999512,540538000,1706148000
2024-01-26,1170.36999512,1176.76000977,1170.36999512,1175.67004395,575224000,1706234400
2024-01-29,1175.67004395,1180.45996094,1174.88000488,1175.68994141,666530000,1706493600
2024-01-30,1175.68994141,1179.92004395,1174.13000488,1179.65002441,620146000,1706580000
2024-01-31,1179.65002441,1182.5300293,1163.13000488,1164.31005859,1120900000,1706666400
2024-02-01,1164.31005859,1174.5,1162.44995117,1173.02001953,670246000,1706752800
2024-02-02,1173.02001953,1178.27001953,1169.69995117,1172.55004883,914673000,1706839200
2024-02-05,1172.55004883,1188.44995117,1172.55004883,1186.06005859,874804000,1707098400
2024-02-06,1186.06005859,1190.92004395,1185.68005371,1188.47998047,619772000,1707184800
2024-02-07,1188.47998047,1199.52001953,1188.47998047,1198.5300293,685660000,1707271200
2024-02-15,1203.07995605,1207.56005859,1198.81005859,1202.5,868724000,1707962400
2024-02-16,1202.5,1210.25,1202.5,1209.69995117,822637000,1708048800
2024-02-19,1209.69995117,1225.47998047,1209.69995117,1224.9699707,1046431000,1708308000
2024-02-20,1224.9699707,1230.4699707,1222.66003418,1230.06005859,939948000,1708394400
2024-02-21,1230.06005859,1234.2199707,1222.92004395,1230.04003906,988846000,1708480800
2024-02-22,1230.04003906,1232.08996582,1226.15002441,1227.31005859,840410000,1708567200
2024-02-23,1227.31005859,1240.81005859,1211.55004883,1212.0,1394046000,1708653600
2024-02-26,1212.0,1225.20996094,1210.52001953,1224.17004395,889749000,1708912800
2024-02-27,1224.17004395,1237.59997559,1224.17004395,1237.45996094,986854000,1708999200
2024-02-28,1237.45996094,1254.55004883,1236.31994629,1254.55004883,970756000,1709085600
2024-02-29,1254.55004883,1264.39001465,1247.69995117,1252.72998047,1091194000,1709172000
2024-03-01,1256.7199707,1258.76000977,1247.86999512,1258.2800293,961928000,1709258400
2024-03-04,1258.2800293,1268.25,1256.54003906,1261.41003418,1183086000,1709517600
2024-03-05,1261.41003418,1269.97998047,1257.81005859,1269.97998047,1011196000,1709604000
2024-03-06,1269.97998047,1277.51000977,1256.30004883,1262.72998047,1062934000,1709690400
2024-03-07,1262.72998047,1269.88000488,1260.23999023,1268.45996094,1017267000,1709776800
2024-03-08,1268.45996094,1274.30004883,1247.34997559,1247.34997559,1346111000,1709863200
2024-03-11,1247.34997559,1254.01000977,1233.48999023,1235.48999023,975985000,1710122400
2024-03-12,1235.48999023,1248.32995605,1233.14001465,1245.0,836220000,1710208800
2024-03-13,1245.0,1270.51000977,1245.0,1270.51000977,982228000,1710295200
2024-03-14,1270.51000977,1276.41003418,1258.67004395,1264.26000977,1057178000,1710381600
2024-03-15,1264.26000977,1271.63000488,1252.35998535,1263.7800293,1067614000,1710468000
2024-03-18,1263.7800293,1269.90002441,1221.67004395,1243.56005859,1708948000,1710727200
2024-03-19,1246.54003906,1249.75,1238.92004395,1242.45996094,914652000,1710813600
2024-03-20,1242.45996094,1261.55004883,1235.45996094,1260.07995605,915569000,1710900000
2024-03-21,1260.07995605,1276.42004395,1260.07995605,1276.42004395,1251813000,1710986400
2024-03-22,1276.42004395,1291.27001953,1276.38000488,1281.80004883,1377677000,1711072800
2024-03-25,1281.80004883,1286.83996582,1264.51000977,1267.85998535,1242487000,1711332000
2024-03-26,1267.85998535,1282.5,1264.42004395,1282.20996094,941695000,1711418400
2024-03-27,1282.20996094,1286.7199707,1276.94995117,1283.08996582,919283000,1711504800
2024-03-28,1283.08996582,1293.90002441,1283.08996582,1290.18005371,1012175000,1711591200
2024-03-29,1290.18005371,1293.04003906,1282.43994141,1284.08996582,922547000,1711677600
2024-04-01,1284.08996582,1286.80004883,1274.08996582,1281.52001953,971212000,1711936800
2024-04-02,1281.52001953,1287.04003906,1268.47998047,1287.04003906,1087684000,1712023200
2024-04-03,1287.04003906,1288.98999023,1271.4699707,1271.4699707,1077323000,1712109600
2024-04-04,1271.4699707,1277.61999512,1265.11999512,1268.25,980907000,1712196000
2024-04-05,1268.25,1268.25,1253.56005859,1255.10998535,1075440000,1712282400
2024-04-08,1255.10998535,1258.40002441,1246.86999512,1250.34997559,876039000,1712541600
2024-04-09,1252.40002441,1262.81994629,1247.69995117,1262.81994629,717434000,1712628000
2024-04-10,1262.81994629,1268.7199707,1258.56005859,1258.56005859,702275000,1712714400
2024-04-11,1258.56005859,1262.0300293,1248.10998535,1258.19995117,686820000,1712800800
2024-04-12,1258.19995117,1278.39001465,1258.19995117,1276.59997559,944445000,1712887200
2024-04-15,1276.59997559,1281.81005859,1216.60998535,1216.60998535,1455863000,1713146400
2024-04-16,1216.60998535,1222.44995117,1191.72998047,1215.68005371,1355239000,1713232800
2024-04-17,1215.68005371,1221.4699707,1193.01000977,1193.01000977,859252000,1713319200
2024-04-19,1193.01000977,1193.01000977,1165.98999023,1174.84997559,1070536000,1713492000
2024-04-22,1174.84997559,1193.88000488,1174.84997559,1190.2199707,708579000,1713751200
2024-04-23,1190.2199707,1192.80004883,1169.60998535,1177.40002441,778311000,1713837600
2024-04-24,1177.40002441,1207.60998535,1177.40002441,1205.60998535,820080000,1713924000
2024-04-25,1205.60998535,1208.41003418,1200.20996094,1204.9699707,569652000,1714010400
2024-04-26,1204.9699707,1216.59997559,1198.72998047,1209.52001953,620884000,1714096800
2024-05-02,1212.13000488,1216.35998535,1206.2800293,1216.35998535,570364000,1714615200
2024-05-03,1216.35998535,1225.75,1216.35998535,1221.0300293,643429000,1714701600
2024-05-06,1221.0300293,1241.57995605,1221.0300293,1241.57995605,864634000,1714960800
2024-05-07,1241.57995605,1250.63000488,1240.08996582,1248.63000488,707897000,1715047200
2024-05-08,1248.63000488,1251.61999512,1234.76000977,1250.45996094,981803000,1715133600
2024-05-09,1250.45996094,1256.80004883,1243.29003906,1248.64001465,771553000,1715220000
2024-05-10,1248.64001465,1252.5,1237.45996094,1244.69995117,669111000,1715306400
2024-05-13,1244.69995117,1249.19995117,1233.56005859,1240.18005371,741579000,1715565600
2024-05-14,1240.18005371,1252.52001953,1240.18005371,1243.2800293,640494000,1715652000
2024-05-15,1243.2800293,1257.92004395,1243.2800293,1254.39001465,880174000,1715738400
2024-05-16,1254.39001465,1271.66003418,1254.39001465,1268.7800293,885056000,1715824800
2024-05-17,1268.7800293,1274.27001953,1266.31994629,1273.10998535,937043000,1715911200
2024-05-20,1273.10998535,1285.18994141,1273.10998535,1277.57995605,1161563000,1716170400
2024-05-21,1277.57995605,1281.29003906,1267.29003906,1277.14001465,972160000,1716256800
2024-05-22,1277.14001465,1283.06005859,1263.86999512,1266.91003418,1139092000,1716343200
2024-05-23,1266.91003418,1281.0300293,1262.29003906,1281.0300293,968130000,1716429600
2024-05-24,1281.0300293,1285.06994629,1250.2800293,1261.93005371,1367781000,1716516000
2024-05-27,1263.45996094,1267.68005371,1257.27001953,1267.68005371,726704000,1716775200
2024-05-28,1267.68005371,1281.72998047,1267.68005371,1281.72998047,868584000,1716861600
2024-05-29,1281.72998047,1285.63000488,1271.59997559,1272.64001465,1072465000,1716948000
2024-05-30,1272.64001465,1272.64001465,1251.80004883,1266.31994629,1050582000,1717034400
2024-05-31,1266.31994629,1271.06994629,1261.43005371,1261.7199707,771152000,1717120800
2024-06-03,1261.7199707,1284.47998047,1261.7199707,1280.0,1046925000,1717380000
2024-06-04,1280.0,1289.31005859,1280.0,1283.52001953,935849000,1717466400
2024-06-05,1283.52001953,1293.93005371,1283.52001953,1284.34997559,925055000,1717552800
2024-06-06,1288.79003906,1292.02001953,1278.40002441,1283.56005859,893067000,1717639200
2024-06-07,1283.56005859,1293.0300293,1283.13000488,1287.57995605,698283000,1717725600
2024-06-10,1287.57995605,1297.39001465,1287.43994141,1290.67004395,858652000,1717984800
2024-06-11,1290.67004395,1296.41003418,1279.4699707,1284.41003418,993343000,1718071200
2024-06-12,1284.41003418,1301.34997559,1281.70996094,1300.18994141,895255000,1718157600
2024-06-13,1305.68994141,1306.01000977,1297.59997559,1301.51000977,891331000,1718244000
2024-06-14,1301.51000977,1305.02001953,1279.91003418,1279.91003418,1110637000,1718330400
2024-06-17,1279.91003418,1283.09997559,1272.54003906,1274.77001953,900555000,1718589600
2024-06-18,1274.77001953,1286.52001953,1274.77001953,1279.5,805289000,1718676000
2024-06-19,1279.5,1284.14001465,1270.66003418,1279.79003906,1004876000,1718762400
2024-06-20,1279.79003906,1286.54003906,1273.54003906,1282.30004883,932545000,1718848800
2024-06-21,1282.30004883,1288.06005859,1279.43994141,1282.02001953,834752000,1718935200
2024-06-24,1282.02001953,1284.83996582,1252.66003418,1254.11999512,1247102000,1719194400
2024-06-25,1254.11999512,1260.06994629,1250.25,1256.56005859,835303000,1719280800
2024-06-26,1256.56005859,1262.67004395,1247.55004883,1261.23999023,878371000,1719367200
2024-06-27,1261.23999023,1262.48999023,1255.11999512,1259.08996582,596988000,1719453600
2024-06-28,1259.08996582,1262.60998535,1240.15002441,1245.31994629,840428000,1719540000
2024-07-01,1245.31994629,1254.56005859,1240.06994629,1254.56005859,487191000,1719799200
2024-07-02,1254.56005859,1270.4699707,1254.56005859,1269.79003906,528470000,1719885600
2024-07-03,1269.79003906,1278.14001465,1268.22998047,1276.84997559,589505000,1719972000
2024-07-04,1276.84997559,1283.13000488,1274.57995605,1279.89001465,523462000,1720058400
2024-07-05,1279.89001465,1284.97998047,1276.93005371,1283.04003906,616503000,1720144800
2024-07-08,1283.04003906,1287.14001465,1277.68005371,1283.56005859,766898000,1720404000
2024-07-09,1283.56005859,1294.15002441,1283.56005859,1293.70996094,821808000,1720490400
2024-07-10,1293.70996094,1297.95996094,1285.93994141,1285.93994141,751002000,1720576800
2024-07-11,1285.93994141,1293.31994629,1283.80004883,1283.80004883,697233000,1720663200
2024-07-12,1283.80004883,1288.67004395,1277.16003418,1280.75,606308000,1720749600
2024-07-15,1280.75,1286.36999512,1276.27001953,1279.81994629,573511000,1721008800
2024-07-16,1279.81994629,1291.4699707,1279.36999512,1281.18005371,684257000,1721095200
2024-07-17,1281.18005371,1290.76000977,1256.42004395,1268.66003418,1225383000,1721181600
2024-07-18,1268.66003418,1274.67004395,1256.20996094,1274.43994141,739044000,1721268000
2024-07-19,1274.43994141,1279.93994141,1260.68005371,1264.7800293,791804000,1721354400
2024-07-22,1264.7800293,1267.43005371,1245.02001953,1254.64001465,923629000,1721613600
2024-07-23,1254.64001465,1258.73999023,1231.81005859,1231.81005859,728381000,1721700000
2024-07-24,1231.81005859,1242.40002441,1218.65002441,1238.4699707,740263000,1721786400
2024-07-25,1238.4699707,1238.4699707,1226.19995117,1233.18994141,484409000,1721872800
2024-07-26,1233.18994141,1242.10998535,1233.18994141,1242.10998535,458792000,1721959200
2024-07-29,1242.10998535,1249.68005371,1242.10998535,1246.59997559,496865000,1722218400
2024-07-30,1246.59997559,1248.72998047,1236.9699707,1245.06005859,653073000,1722304800
2024-07-31,1245.06005859,1255.77001953,1245.06005859,1251.51000977,748847000,1722391200
2024-08-01,1251.51000977,1257.84997559,1222.51000977,1226.95996094,897261000,1722477600
2024-08-02,1226.95996094,1236.59997559,1209.77001953,1236.59997559,696663000,1722564000
2024-08-05,1236.59997559,1236.59997559,1184.5300293,1188.06994629,1038093000,1722823200
2024-08-06,1188.06994629,1213.34997559,1186.73999023,1210.2800293,688837000,1722909600
2024-08-07,1210.2800293,1217.79003906,1205.10998535,1215.88000488,623845000,1722996000
2024-08-08,1215.88000488,1219.9699707,1202.57995605,1208.31994629,758833000,1723082400
2024-08-09,1208.31994629,1225.02001953,1208.31994629,1223.64001465,586759000,1723168800
2024-08-12,1223.64001465,1231.45996094,1221.16003418,1230.2800293,551151000,1723428000
2024-08-13,1229.81005859,1231.55004883,1223.01000977,1230.42004395,539116000,1723514400
2024-08-14,1230.42004395,1236.51000977,1228.93005371,1230.35998535,507178000,1723600800
2024-08-15,1230.35998535,1231.68994141,1222.2800293,1223.56005859,497056000,1723687200
2024-08-16,1223.56005859,1253.23999023,1223.56005859,1252.22998047,965064000,1723773600
2024-08-19,1252.22998047,1263.83996582,1252.22998047,1261.61999512,698632000,1724032800
2024-08-20,1261.61999512,1275.94995117,1261.61999512,1272.55004883,810158000,1724119200
2024-08-21,1272.55004883,1284.05004883,1268.91003418,1284.05004883,836417000,1724205600
2024-08-22,1284.05004883,1288.42004395,1280.42004395,1282.7800293,687365000,1724292000
2024-08-23,1282.7800293,1287.43005371,1276.43005371,1285.31994629,724872000,1724378400
2024-08-26,1285.31994629,1290.44995117,1278.7199707,1280.02001953,775470000,1724637600
2024-08-27,1280.02001953,1282.92004395,1274.69995117,1280.56005859,660799000,1724724000
2024-08-28,1280.56005859,1285.7199707,1276.90002441,1281.43994141,717618000,1724810400
2024-08-29,1281.43994141,1288.19995117,1280.23999023,1281.4699707,634089000,1724896800
2024-08-30,1281.4699707,1286.83996582,1281.4699707,1283.86999512,571596000,1724983200
2024-09-04,1283.86999512,1283.86999512,1268.43005371,1275.80004883,648409343,1725415200
2024-09-05,1275.80004883,1282.20996094,1266.05004883,1268.20996094,665625986,1725501600
2024-09-06,1268.20996094,1274.43994141,1262.93994141,1273.95996094,637094418,1725588000
2024-09-09,1273.95996094,1273.95996094,1262.9699707,1267.72998047,497552945,1725847200
2024-09-10,1267.72998047,1271.82995605,1252.2199707,1255.22998047,690102153,1725933600
2024-09-11,1255.22998047,1256.85998535,1244.79003906,1253.27001953,583746472,1726020000
2024-09-12,1253.27001953,1260.93005371,1253.27001953,1256.34997559,433675900,1726106400
2024-09-13,1256.34997559,1256.34997559,1248.7800293,1251.70996094,482055936,1726192800
2024-09-16,1251.70996094,1255.42004395,1239.26000977,1239.26000977,608012444,1726452000
2024-09-17,1239.26000977,1258.94995117,1238.68994141,1258.94995117,632194532,1726538400
2024-09-18,1258.94995117,1271.77001953,1257.93005371,1264.90002441,799783535,1726624800
2024-09-19,1264.90002441,1271.27001953,1264.81994629,1271.27001953,607580549,1726711200
2024-09-20,1271.27001953,1283.30004883,1271.27001953,1272.04003906,898259995,1726797600
2024-09-23,1275.15002441,1276.98999023,1267.86999512,1268.47998047,564217395,1727056800
2024-09-24,1268.47998047,1276.98999023,1266.68005371,1276.98999023,817535117,1727143200
2024-09-25,1276.98999023,1288.43994141,1276.98999023,1287.47998047,992827530,1727229600
2024-09-26,1290.0300293,1298.70996094,1289.15002441,1291.48999023,956803250,1727316000
2024-09-27,1295.0300293,1300.31005859,1287.20996094,1290.92004395,950804402,1727402400
2024-09-30,1290.92004395,1292.0300293,1283.92004395,1287.93994141,748397879,1727661600
2024-10-01,1287.93994141,1302.2199707,1287.93994141,1292.19995117,982218319,1727748000
2024-10-02,1292.19995117,1293.68994141,1285.14001465,1287.83996582,771123993,1727834400
2024-10-03,1287.83996582,1299.35998535,1276.51000977,1278.09997559,1043697915,1727920800
2024-10-04,1278.90002441,1279.32995605,1270.59997559,1270.59997559,610071050,1728007200
2024-10-07,1270.59997559,1278.60998535,1264.65002441,1269.93005371,542585281,1728266400
2024-10-08,1269.93005371,1275.81994629,1266.93994141,1271.97998047,678704686,1728352800
2024-10-09,1273.95996094,1283.01000977,1273.04003906,1281.84997559,676888068,1728439200
2024-10-10,1281.84997559,1294.32995605,1281.84997559,1286.35998535,720089936,1728525600
2024-10-11,1286.35998535,1289.36999512,1283.56005859,1288.39001465,531739469,1728612000
2024-10-14,1288.39001465,1297.67004395,1286.13000488,1286.33996582,795706807,1728871200
2024-10-15,1287.81005859,1294.05004883,1279.81005859,1281.07995605,712090690,1728957600
2024-10-16,1279.85998535,1283.32995605,1276.40002441,1279.47998047,536463680,1729044000
2024-10-17,1279.47998047,1286.52001953,1271.81994629,1286.52001953,685239360,1729130400
2024-10-18,1291.16003418,1294.09997559,1285.45996094,1285.45996094,689070733,1729216800
2024-10-21,1284.17004395,1287.70996094,1279.77001953,1279.77001953,622809008,1729476000
2024-10-22,1280.20996094,1280.20996094,1265.43994141,1269.89001465,793916700,1729562400
2024-10-23,1270.57995605,1273.20996094,1263.26000977,1270.90002441,589858241,1729648800
2024-10-24,1271.17004395,1274.10998535,1257.41003418,1257.41003418,673137040,1729735200
2024-10-25,1257.41003418,1261.7199707,1251.75,1252.7199707,569100886,1729821600
2024-10-28,1252.7199707,1255.18005371,1250.93994141,1254.77001953,482689840,1730080800
2024-10-29,1258.0300293,1262.38000488,1257.43005371,1261.7800293,875048711,1730167200
2024-10-30,1261.7800293,1264.83996582,1255.06994629,1258.63000488,536846200,1730253600
2024-10-31,1258.63000488,1267.88000488,1255.55004883,1264.47998047,614271168,1730340000
2024-11-01,1264.47998047,1264.67004395,1254.32995605,1254.89001465,580509631,1730426400
2024-11-04,1254.89001465,1256.95996094,1242.35998535,1244.70996094,709673109,1730685600
2024-11-05,1244.70996094,1248.9699707,1243.55004883,1245.76000977,416244646,1730772000
2024-11-06,1251.2199707,1262.43994141,1250.56994629,1261.2800293,566907624,1730858400
2024-11-07,1261.2800293,1267.08996582,1259.75,1259.75,499262878,1730944800
2024-11-08,1259.75,1264.08996582,1250.77001953,1252.56005859,555502136,1731031200
2024-11-11,1253.81005859,1253.86999512,1241.29003906,1250.31994629,796476224,1731290400
2024-11-12,1250.31994629,1257.02001953,1242.91003418,1244.81994629,600650740,1731376800
2024-11-13,1244.81994629,1247.04003906,1234.61999512,1246.04003906,660546839,1731463200
2024-11-14,1246.04003906,1247.06994629,1231.68994141,1231.89001465,692587426,1731549600
2024-11-15,1229.35998535,1229.58996582,1217.0300293,1218.56994629,750565598,1731636000
2024-11-18,1218.56994629,1225.38000488,1204.59997559,1217.11999512,646131167,1731895200
2024-11-19,1217.11999512,1221.40002441,1205.15002441,1205.15002441,511886835,1731981600
2024-11-20,1205.15002441,1222.72998047,1197.98999023,1216.54003906,767460892,1732068000
2024-11-21,1216.54003906,1228.55004883,1214.06005859,1228.32995605,482145184,1732154400
2024-11-22,1228.32995605,1233.42004395,1226.32995605,1228.09997559,534437655,1732240800
2024-11-25,1228.09997559,1236.56994629,1228.09997559,1234.69995117,497810131,1732500000
2024-11-26,1234.69995117,1246.82995605,1234.69995117,1242.13000488,575094638,1732586400
2024-11-27,1242.13000488,1245.33996582,1239.22998047,1241.9699707,428809652,1732672800
2024-11-28,1246.36999512,1250.45996094,1240.91003418,1242.10998535,477493690,1732759200
2024-11-29,1242.51000977,1250.92004395,1241.0,1250.45996094,502807656,1732845600
2024-12-02,1250.45996094,1258.05004883,1247.73999023,1251.20996094,497420196,1733104800
2024-12-03,1251.20996094,1253.82995605,1244.91003418,1249.82995605,673402920,1733191200
2024-12-04,1249.82995605,1249.82995605,1239.81994629,1240.41003418,575023618,1733277600
2024-12-05,1241.81005859,1269.18005371,1238.48999023,1267.5300293,908386288,1733364000
2024-12-06,1270.95996094,1276.09997559,1268.57995605,1270.14001465,694787773,1733450400
2024-12-09,1270.14001465,1277.68994141,1268.68994141,1273.83996582,760998426,1733709600
2024-12-10,1273.83996582,1277.31994629,1270.31994629,1272.06994629,631447613,1733796000
2024-12-11,1273.22998047,1276.67004395,1264.15002441,1268.85998535,627532824,1733882400
2024-12-12,1268.85998535,1275.64001465,1265.98999023,1267.34997559,554063189,1733968800
2024-12-13,1267.34997559,1267.34997559,1260.47998047,1262.56994629,478786146,1734055200
2024-12-16,1262.56994629,1267.09997559,1258.65002441,1263.79003906,538924657,1734314400
2024-12-17,1263.79003906,1265.44995117,1260.59997559,1261.7199707,502251132,1734400800
2024-12-18,1261.7199707,1266.5300293,1261.48999023,1266.0,531459813,1734487200
2024-12-19,1256.90002441,1259.76000977,1249.39001465,1254.67004395,779407811,1734573600
2024-12-20,1254.67004395,1259.0,1253.90002441,1257.5,568921102,1734660000
2024-12-23,1257.5,1265.19995117,1257.5,1262.76000977,494701647,1734919200
2024-12-24,1262.76000977,1263.17004395,1253.7800293,1260.35998535,643161962,1735005600
2024-12-25,1260.81005859,1283.08996582,1260.81005859,1274.04003906,810461231,1735092000
2024-12-26,1275.68005371,1277.17004395,1271.98999023,1272.86999512,595218520,1735178400
2024-12-27,1272.86999512,1277.89001465,1272.22998047,1275.14001465,670323778,1735264800
2024-12-30,1275.14001465,1275.14001465,1268.77001953,1272.02001953,527662697,1735524000
2024-12-31,1272.25,1272.45996094,1266.7800293,1266.7800293,480536340,1735610400
2025-01-02,1266.7800293,1271.13000488,1263.25,1269.70996094,428135718,1735783200
2025-01-03,1268.73999023,1269.01000977,1254.58996582,1254.58996582,560468400,1735869600
2025-01-06,1254.58996582,1260.36999512,1244.86999512,1246.34997559,565150232,1736128800
2025-01-07,1249.18994141,1254.08996582,1243.06005859,1246.94995117,560054884,1736215200
2025-01-08,1246.94995117,1251.02001953,1239.67004395,1251.02001953,445750575,1736301600
2025-01-09,1251.02001953,1253.26000977,1242.90002441,1245.77001953,336332868,1736388000
2025-01-10,1245.77001953,1247.80004883,1230.47998047,1230.47998047,499266400,1736474400
2025-01-13,1230.47998047,1235.65002441,1220.86999512,1235.65002441,519699252,1736733600
2025-01-14,1235.65002441,1235.65002441,1226.69995117,1229.06994629,374576392,1736820000
2025-01-15,1229.06994629,1237.45996094,1229.06994629,1236.18005371,466696448,1736906400
2025-01-16,1236.18005371,1245.40002441,1235.56005859,1242.35998535,499935827,1736992800
2025-01-17,1242.35998535,1249.10998535,1239.63000488,1249.10998535,432980446,1737079200
2025-01-20,1249.10998535,1253.02001953,1247.5,1249.55004883,440950915,1737338400
2025-01-21,1249.55004883,1254.17004395,1243.07995605,1246.08996582,495626989,1737424800
2025-01-22,1246.08996582,1249.14001465,1242.5300293,1242.5300293,508856937,1737511200
2025-01-23,1245.58996582,1263.58996582,1244.77001953,1259.63000488,542464580,1737597600
2025-01-24,1259.26000977,1265.38000488,1258.45996094,1265.05004883,536199693,1737684000
2025-02-03,1265.05004883,1265.05004883,1249.7800293,1253.0300293,547002900,1738548000
2025-02-04,1256.91003418,1264.68005371,1255.43994141,1264.68005371,660339392,1738634400
2025-02-05,1264.68005371,1271.80004883,1264.68005371,1269.60998535,587218702,1738720800
2025-02-06,1269.60998535,1275.4699707,1268.2800293,1271.47998047,568691544,1738807200
2025-02-07,1271.47998047,1279.34997559,1269.10998535,1275.19995117,619048495,1738893600
2025-02-10,1275.19995117,1275.19995117,1263.26000977,1263.26000977,794937560,1739152800
2025-02-11,1263.26000977,1268.44995117,1263.10998535,1268.44995117,628718950,1739239200
2025-02-12,1268.44995117,1272.85998535,1266.58996582,1266.91003418,506158689,1739325600
2025-02-13,1266.91003418,1270.67004395,1263.84997559,1270.34997559,512022462,1739412000
2025-02-14,1270.34997559,1280.59997559,1270.34997559,1276.07995605,650490757,1739498400
2025-02-17,1276.07995605,1278.48999023,1272.7199707,1272.7199707,852785091,1739757600
2025-02-18,1272.7199707,1283.33996582,1272.18994141,1278.14001465,706786311,1739844000
2025-02-19,1278.14001465,1288.56005859,1278.14001465,1288.56005859,814560000,1739930400
2025-02-20,1288.56005859,1295.81994629,1288.56005859,1292.97998047,770753400,1740016800
2025-02-21,1292.97998047,1296.75,1290.97998047,1296.75,740533654,1740103200
2025-02-24,1296.75,1304.56005859,1294.68994141,1304.56005859,892357206,1740362400
2025-02-25,1306.85998535,1309.9699707,1298.54003906,1303.16003418,885781326,1740448800
2025-02-26,1303.16003418,1306.48999023,1301.19995117,1302.95996094,758267415,1740535200
2025-02-27,1307.31005859,1307.86999512,1296.43005371,1307.80004883,892978700,1740621600
2025-02-28,1307.80004883,1308.77001953,1300.66003418,1305.35998535,814810599,1740708000
2025-03-03,1305.35998535,1309.77001953,1304.30004883,1309.36999512,976076811,1740967200
2025-03-04,1309.36999512,1313.20996094,1298.2800293,1311.91003418,1059732318,1741053600
2025-03-05,1311.91003418,1319.52001953,1304.70996094,1304.70996094,979928986,1741140000
2025-03-06,1304.70996094,1318.2199707,1304.70996094,1318.2199707,1064495152,1741226400
2025-03-07,1318.2199707,1327.06994629,1318.2199707,1326.05004883,957522914,1741312800
2025-03-10,1326.05004883,1335.86999512,1326.05004883,1330.2800293,1022531601,1741572000
2025-03-11,1330.2800293,1332.54003906,1315.92004395,1332.54003906,933335588,1741658400
2025-03-12,1332.54003906,1342.91003418,1331.75,1334.41003418,942052737,1741744800
2025-03-13,1334.41003418,1340.91003418,1324.86999512,1326.27001953,1068722034,1741831200
2025-03-14,1326.27001953,1333.31994629,1324.30004883,1326.15002441,1023002500,1741917600
2025-03-17,1330.61999512,1336.26000977,1329.05004883,1336.26000977,971316343,1742176800
2025-03-18,1336.26000977,1341.65002441,1330.9699707,1330.9699707,903370731,1742263200
2025-03-19,1330.9699707,1330.9699707,1320.84997559,1324.63000488,949333600,1742349600
2025-03-20,1324.63000488,1332.41003418,1316.10998535,1323.93005371,918932978,1742436000
2025-03-21,1323.93005371,1325.2199707,1320.67004395,1321.88000488,805377519,1742522400
2025-03-24,1322.90002441,1330.31994629,1316.72998047,1330.31994629,926622180,1742781600
2025-03-25,1330.31994629,1337.59997559,1329.81005859,1331.92004395,1017924219,1742868000
2025-03-26,1331.92004395,1338.55004883,1323.68994141,1326.08996582,834631560,1742954400
2025-03-27,1326.08996582,1328.81994629,1323.01000977,1323.81005859,672325049,1743040800
2025-03-28,1324.42004395,1325.33996582,1315.7199707,1317.45996094,739652036,1743127200
2025-03-31,1317.45996094,1317.45996094,1304.09997559,1306.85998535,867812434,1743386400
2025-04-01,1313.0300293,1317.45996094,1308.06005859,1317.32995605,620033587,1743472800
2025-04-02,1317.32995605,1324.45996094,1317.32995605,1317.82995605,849307834,1743559200
2025-04-03,1272.86999512,1277.90002441,1229.41003418,1229.83996582,1763077400,1743645600
2025-04-04,1229.83996582,1229.83996582,1158.17004395,1210.67004395,1985022240,1743732000
2025-04-08,1210.67004395,1210.67004395,1130.97998047,1132.79003906,1164342848,1744077600
2025-04-09,1132.79003906,1141.34997559,1073.60998535,1094.30004883,1602499376,1744164000
2025-04-10,1094.30004883,1168.40002441,1094.30004883,1168.33996582,369956058,1744250400
2025-04-11,1168.33996582,1222.45996094,1168.33996582,1222.45996094,1734906206,1744336800
2025-04-14,1235.01000977,1242.93994141,1226.06005859,1241.43994141,1040796710,1744596000
2025-04-15,1241.43994141,1246.20996094,1221.75,1227.79003906,1069972592,1744682400
2025-04-16,1227.79003906,1233.83996582,1205.93005371,1210.30004883,818931324,1744768800
2025-04-17,1210.30004883,1217.25,1197.5,1217.25,807718847,1744855200
2025-04-18,1228.36999512,1234.67004395,1219.11999512,1219.11999512,1067201281,1744941600
2025-04-21,1219.11999512,1222.77001953,1201.63000488,1207.06994629,880862750,1745200800
2025-04-22,1207.06994629,1207.06994629,1136.97998047,1197.13000488,1702203585,1745287200
2025-04-23,1197.13000488,1216.2800293,1197.13000488,1211.0,855208125,1745373600
2025-04-24,1214.7800293,1224.66003418,1210.36999512,1223.34997559,798639130,1745460000
2025-04-25,1223.34997559,1230.7199707,1220.67004395,1229.22998047,863018704,1745546400
2025-04-28,1234.30004883,1234.30004883,1222.56005859,1226.80004883,679789132,1745805600
2025-04-29,1226.80004883,1229.09997559,1222.30004883,1226.30004883,675957746,1745892000
2025-05-05,1226.30004883,1241.51000977,1226.30004883,1240.05004883,605745032,1746410400
2025-05-06,1240.05004883,1251.02001953,1240.05004883,1241.94995117,780470840,1746496800
2025-05-07,1241.94995117,1250.79003906,1240.19995117,1250.36999512,761913980,1746583200
2025-05-08,1250.36999512,1271.43994141,1250.36999512,1269.80004883,806212625,1746669600
2025-05-09,1269.80004883,1279.60998535,1264.86999512,1267.30004883,755734575,1746756000
2025-05-12,1267.30004883,1283.85998535,1267.30004883,1283.26000977,902868015,1747015200
2025-05-13,1283.26000977,1293.69995117,1283.26000977,1293.43005371,952540153,1747101600
2025-05-14,1293.43005371,1310.56994629,1292.33996582,1309.72998047,1072937152,1747188000
2025-05-15,1309.72998047,1316.16003418,1301.60998535,1313.19995117,1116330449,1747274400
2025-05-16,1313.19995117,1318.0300293,1299.55004883,1301.39001465,905699978,1747360800
2025-05-19,1301.39001465,1306.19995117,1291.66003418,1296.29003906,908542374,1747620000
2025-05-20,1296.29003906,1316.67004395,1296.29003906,1315.15002441,952598877,1747706400
2025-05-21,1315.15002441,1331.59997559,1313.13000488,1323.05004883,1065425610,1747792800
2025-05-22,1323.05004883,1331.93005371,1312.80004883,1313.83996582,1157120154,1747879200
2025-05-23,1313.83996582,1320.06994629,1308.61999512,1314.45996094,717704039,1747965600
2025-05-26,1314.45996094,1332.51000977,1288.85998535,1332.51000977,1028135655,1748224800
2025-05-27,1332.51000977,1339.81005859,1329.59997559,1339.81005859,1120862031,1748311200
2025-05-28,1339.81005859,1348.05004883,1337.18005371,1341.86999512,964462230,1748397600
2025-05-29,1341.86999512,1348.31005859,1335.61999512,1341.85998535,926465288,1748484000
2025-05-30,1341.85998535,1345.7800293,1328.68994141,1332.59997559,984637069,1748570400
2025-06-02,1332.59997559,1336.32995605,1322.94995117,1336.30004883,963230642,1748829600
2025-06-03,1336.30004883,1350.89001465,1336.30004883,1347.25,1156455183,1748916000
2025-06-04,1347.25,1351.14001465,1341.5300293,1345.73999023,1044891033,1749002400
2025-06-05,1345.73999023,1347.48999023,1336.10998535,1342.08996582,819032665,1749088800
2025-06-06,1342.08996582,1344.92004395,1325.44995117,1329.89001465,1004950643,1749175200
2025-06-09,1329.89001465,1331.56005859,1309.05004883,1310.56994629,792635525,1749434400
2025-06-10,1310.56994629,1323.60998535,1299.93994141,1316.22998047,784364904,1749520800
2025-06-11,1316.22998047,1322.06994629,1306.25,1315.19995117,606581422,1749607200
2025-06-12,1315.19995117,1326.0300293,1308.63000488,1322.98999023,861623995,1749693600
2025-06-13,1322.98999023,1326.61999512,1304.11999512,1315.48999023,1209000926,1749780000
2025-06-16,1315.48999023,1338.66003418,1307.36999512,1338.10998535,852095519,1750039200
2025-06-17,1338.10998535,1353.01000977,1338.10998535,1347.68994141,863906046,1750125600
2025-06-18,1347.68994141,1353.98999023,1341.64001465,1346.82995605,850026973,1750212000
2025-06-19,1346.82995605,1353.95996094,1342.07995605,1352.04003906,792964094,1750298400
2025-06-20,1352.04003906,1356.7800293,1342.31005859,1349.34997559,852707930,1750384800
2025-06-23,1349.34997559,1358.26000977,1338.48999023,1358.18005371,854256586,1750644000
2025-06-24,1358.18005371,1371.23999023,1355.5300293,1366.77001953,971296357,1750730400
2025-06-25,1366.77001953,1371.56994629,1364.08996582,1366.75,846134326,1750816800
2025-06-26,1366.75,1372.73999023,1360.7800293,1365.67004395,764791194,1750903200
2025-06-27,1365.67004395,1373.2800293,1362.08996582,1371.43994141,722409416,1750989600
2025-06-30,1371.43994141,1377.30004883,1371.43994141,1376.06994629,692605911,1751248800
2025-07-01,1376.06994629,1382.16003418,1369.73999023,1377.83996582,815320356,1751335200
2025-07-02,1377.83996582,1384.7199707,1372.27001953,1384.58996582,934750366,1751421600
2025-07-03,1384.58996582,1392.39001465,1377.06005859,1381.95996094,1407953054,1751508000
2025-07-04,1381.95996094,1388.04003906,1379.40002441,1386.9699707,875891313,1751594400
2025-07-07,1386.9699707,1402.31994629,1386.9699707,1402.06005859,1299239698,1751853600
2025-07-08,1402.06005859,1415.65002441,1400.79003906,1415.45996094,1220152771,1751940000
2025-07-09,1415.45996094,1432.29003906,1415.45996094,1431.31994629,1498198458,1752026400
2025-07-10,1431.31994629,1446.16003418,1431.31994629,1445.64001465,1129811003,1752112800
2025-07-11,1445.64001465,1463.91003418,1445.64001465,1457.76000977,1272552920,1752199200
2025-07-14,1457.76000977,1473.93005371,1447.7199707,1470.42004395,1349108498,1752458400
2025-07-15,1470.42004395,1476.31994629,1460.16003418,1460.65002441,1412050772,1752544800
2025-07-16,1460.65002441,1475.4699707,1457.04003906,1475.4699707,1354530837,1752631200
2025-07-17,1475.4699707,1494.45996094,1475.4699707,1490.01000977,1449083258,1752717600
2025-07-18,1490.01000977,1501.19995117,1484.29003906,1497.2800293,1492861391,1752804000
2025-07-21,1497.2800293,1511.95996094,1481.36999512,1485.05004883,1470955158,1753063200
2025-07-22,1485.05004883,1509.54003906,1476.60998535,1509.54003906,1289620334,1753149600
2025-07-23,1509.54003906,1523.36999512,1507.14001465,1512.31005859,1501534257,1753236000
2025-07-24,1512.31005859,1525.31994629,1502.81994629,1521.02001953,1474360221,1753322400
2025-07-25,1521.02001953,1534.51000977,1519.79003906,1531.13000488,1454824673,1753408800
2025-07-28,1531.13000488,1558.11999512,1531.13000488,1557.42004395,1853327028,1753668000
2025-07-29,1557.42004395,1566.73999023,1490.23999023,1493.41003418,2791813391,1753754400
2025-07-30,1493.41003418,1512.15002441,1482.44995117,1507.63000488,1672266261,1753840800
2025-07-31,1507.63000488,1528.66003418,1488.30004883,1502.52001953,1696746080,1753927200
2025-08-01,1502.52001953,1509.2199707,1479.97998047,1495.20996094,1447689904,1754013600
2025-08-04,1495.20996094,1528.20996094,1491.10998535,1528.18994141,1375118857,1754272800
2025-08-05,1528.18994141,1584.97998047,1519.07995605,1547.15002441,2804802252,1754359200
2025-08-06,1547.15002441,1574.33996582,1547.15002441,1573.70996094,1367983355,1754445600
2025-08-07,1573.70996094,1588.38000488,1567.7199707,1581.81005859,1697279267,1754532000
2025-08-08,1581.81005859,1592.52001953,1565.44995117,1584.94995117,1861356190,1754618400
2025-08-11,1584.94995117,1601.79003906,1584.94995117,1596.85998535,1628743541,1754877600
2025-08-12,1596.86,1608.34,1591.18,1608.22,1682825173,1754964000
2025-08-13,1608.22,1618.31,1585.54,1611.6,1980962734,1755050400
2025-08-14,1611.6,1641.28,1611.6,1640.69,1794979843,1755136800
2025-08-15,1640.69,1666.54,1615.26,1630.0,2098151686,1755223200
2025-08-18,1630.0,1642.71,1625.61,1636.37,1614827520,1755482400
2025-08-19,1636.37,1665.48,1636.37,1654.2,1944228483,1755568800
2025-08-20,1654.2,1672.7,1614.6,1664.36,2423790291,1755655200
2025-08-21,1664.36,1693.68,1664.36,1688.0,1724976454,1755741600
2025-08-22,1688.0,1691.71,1629.49,1645.47,2309574581,1755828000
2025-08-25,1645.47,1661.47,1608.53,1614.03,1535867585,1756087200
2025-08-26,1614.03,1667.96,1601.65,1667.63,1455877455,1756173600
2025-08-27,1667.63,1696.6,1667.23,1672.78,1571269167,1756260000
2025-08-28,1672.78,1684.16,1659.68,1680.86,1201741907,1756346400
2025-08-29,1680.86,1694.42,1677.82,1682.21,1527500177,1756432800
2025-09-03,1682.21,1692.69,1670.39,1681.3,1313787873,1756864800
2025-09-04,1681.3,1696.29,1675.95,1696.29,1389400761,1756951200
2025-09-05,1696.29,1711.49,1665.45,1666.97,1691106435,1757037600
2025-09-08,1666.97,1667.36,1623.32,1624.53,1903759128,1757296800
2025-09-09,1624.53,1637.32,1613.01,1637.32,1115931459,1757383200
2025-09-10,1637.32,1652.68,1629.29,1643.26,1009968837,1757469600
2025-09-11,1643.26,1659.19,1605.76,1657.75,1272697892,1757556000
2025-09-12,1657.75,1675.38,1653.79,1667.26,1125278910,1757642400
2025-09-15,1667.26,1684.9,1665.61,1684.9,1246892584,1757901600
2025-09-16,1684.9,1697.26,1675.87,1680.9,1331053265,1757988000
2025-09-17,1680.9,1684.62,1662.63,1670.97,1071075641,1758074400
2025-09-18,1670.97,1679.63,1645.58,1665.18,915097383,1758160800
2025-09-19,1665.18,1671.94,1638.44,1658.62,928130981,1758247200
2025-09-22,1658.62,1666.43,1616.02,1634.45,1212578040,1758506400
2025-09-23,1634.45,1643.59,1624.08,1635.26,797298590,1758592800
2025-09-24,1635.26,1657.48,1619.09,1657.46,997699633,1758679200
2025-09-25,1657.46,1668.21,1654.47,1666.09,995616178,1758765600
2025-09-26,1666.09,1671.43,1652.65,1660.7,963920947,1758852000
2025-09-29,1660.7,1674.84,1639.2,1666.48,934115529,1759111200
2025-09-30,1666.48,1676.8,1645.97,1661.7,1144254042,1759197600
2025-10-01,1661.7,1671.07,1655.85,1665.05,721205319,1759284000
2025-10-02,1665.05,1679.73,1646.77,1652.71,780240613,1759370400
2025-10-03,1652.71,1656.58,1637.95,1645.82,860614979,1759456800
2025-10-06,1645.82,1695.5,1643.23,1695.5,1087229901,1759716000
2025-10-07,1695.5,1713.15,1675.4,1685.3,879952862,1759802400
2025-10-08,1685.3,1735.29,1680.87,1697.83,1067573888,1759888800
2025-10-09,1697.83,1717.65,1697.83,1716.47,1100211388,1759975200
2025-10-10,1716.47,1747.57,1716.47,1747.55,1073018812,1760061600
2025-10-13,1747.55,1766.77,1704.63,1765.12,1336018336,1760320800
2025-10-14,1765.12,1794.58,1753.25,1761.06,1561242583,1760407200
2025-10-15,1761.06,1778.49,1747.51,1757.95,1185723720,1760493600
2025-10-16,1757.95,1768.45,1753.5,1766.85,1182838151,1760580000
2025-10-17,1766.85,1777.35,1725.12,1731.19,1272667165,1760666400
2025-10-20,1731.19,1731.19,1635.08,1636.43,1706752529,1760925600
2025-10-21,1636.43,1677.11,1609.7,1663.43,1583225086,1761012000
2025-10-22,1663.43,1697.58,1628.37,1678.5,995952239,1761098400
2025-10-23,1678.5,1698.01,1668.57,1687.06,753330835,1761184800
2025-10-24,1687.06,1691.69,1660.32,1683.18,952237664,1761271200
2025-10-27,1683.18,1697.16,1652.11,1652.54,969567494,1761530400
2025-10-28,1652.54,1680.77,1621.52,1680.5,933868291,1761616800
2025-10-29,1680.5,1702.23,1675.68,1685.83,898793311,1761703200
2025-10-30,1685.83,1692.13,1661.38,1669.57,796975929,1761789600
2025-10-31,1669.57,1675.07,1626.79,1639.65,840551402,1761876000
2025-11-03,1639.65,1652.48,1614.65,1617.0,1012509317,1762135200
2025-11-04,1617.0,1658.93,1600.56,1651.98,1198941501,1762221600
2025-11-05,1651.98,1662.96,1640.51,1654.89,662264216,1762308000
2025-11-06,1654.89,1659.81,1638.12,1642.64,583918505,1762394400
2025-11-07,1642.64,1644.43,1595.34,1599.1,846874587,1762480800
2025-11-10,1599.1,1609.49,1580.54,1580.54,734540553,1762740000
2025-11-11,1580.54,1597.08,1578.42,1593.61,664965441,1762826400
2025-11-12,1593.61,1631.86,1593.61,1631.86,757593285,1762912800
2025-11-13,1631.86,1638.98,1618.77,1631.44,699079110,1762999200
2025-11-14,1631.44,1638.35,1623.03,1635.46,703761189,1763085600
2025-11-17,1635.46,1654.42,1635.14,1654.42,766684729,1763344800
2025-11-18,1654.42,1660.41,1639.2,1659.92,773780984,1763431200
2025-11-19,1659.92,1661.7,1643.04,1649.0,850211130,1763517600
2025-11-20,1649.0,1660.55,1647.79,1655.99,681297713,1763604000
2025-11-21,1655.99,1658.77,1635.1,1654.93,730536457,1763690400
2025-11-24,1654.93,1674.29,1654.93,1667.98,576338821,1763949600
2025-11-25,1667.98,1684.74,1655.83,1660.36,912467789,1764036000
2025-11-26,1660.36,1682.17,1660.36,1680.36,794535452,1764122400
2025-11-27,1680.36,1695.34,1679.76,1684.32,714132281,1764208800
2025-11-28,1684.32,1696.14,1679.12,1690.99,723199058,1764295200
2025-12-01,1690.99,1713.77,1690.99,1701.67,633584277,1764554400
2025-12-02,1701.67,1719.03,1690.36,1717.06,693931626,1764640800
2025-12-03,1717.06,1741.65,1714.9,1731.77,822614005,1764727200
2025-12-04,1731.77,1741.71,1725.23,1737.24,902452640,1764813600
2025-12-05,1737.24,1758.44,1736.62,1741.32,658094888,1764900000
2025-12-08,1741.32,1762.25,1741.32,1753.74,740943301,1765159200
2025-12-09,1753.74,1772.21,1724.66,1747.17,973849485,1765245600
2025-12-10,1747.17,1749.91,1713.0,1718.98,646716761,1765332000
2025-12-11,1718.98,1718.98,1690.4,1698.9,599773370,1765418400
